id,sub_type,price,size,room_count,floor_no,total_floor_count,address,original_currency,Причины,Решение,Исходная цена
392157,Daire,2000000000.0,,+,,,Mersin/Toroslar/Mithat Toroğlu,TRY,"Цена > 50 млн TRY, Комнаты не разобраны",исключить,2000000000.0
113167,Daire,950.0,134.0,3+1,10,,Ankara/Etimesgut/30 Ağustos,TRY,Цена < 1 000 TRY,исключить,950.0
273932,Daire,950.0,130.0,3+1,2,4,Amasya/Merkez/Şeyhcui,TRY,Цена < 1 000 TRY,исключить,950.0
312087,Daire,950.0,95.0,1+1,4,10,İstanbul/Sancaktepe/Osmangazi,TRY,Цена < 1 000 TRY,исключить,950.0
312229,Daire,950.0,95.0,1+1,4,10,İstanbul/Sancaktepe/Osmangazi,TRY,Цена < 1 000 TRY,исключить,950.0
380714,Daire,950.0,,3+1,,3,Kocaeli/Gölcük/Piyalepaşa,TRY,Цена < 1 000 TRY,исключить,950.0
99384,Daire,900.0,,1+1,Bahçe katı,3,İstanbul/Küçükçekmece/Gültepe,TRY,Цена < 1 000 TRY,исключить,900.0
147210,Daire,900.0,80.0,2+1,Yüksek Giriş,3,İzmir/Menderes/Kemalpaşa,TRY,Цена < 1 000 TRY,исключить,900.0
158439,Daire,900.0,,3+1,1,3,Aksaray/Merkez/Çerdiğin,TRY,Цена < 1 000 TRY,исключить,900.0
230468,Daire,900.0,85.0,2+1,4,5,İstanbul/Esenyurt/Güzelyurt,TRY,Цена < 1 000 TRY,исключить,900.0
271531,Daire,900.0,,2+1,2,4,Kocaeli/Çayırova/Atatürk,TRY,Цена < 1 000 TRY,исключить,900.0
276595,Daire,900.0,,2+1,2,4,Kocaeli/Çayırova/Atatürk,TRY,Цена < 1 000 TRY,исключить,900.0
286599,Daire,900.0,95.0,2+1,2,5,İstanbul/Çekmeköy/Aydınlar,TRY,Цена < 1 000 TRY,исключить,900.0
290305,Daire,900.0,,3+1,2,6,Ankara/Yenimahalle/Demetlale,TRY,Цена < 1 000 TRY,исключить,900.0
336330,Daire,900.0,,2+1,2,5,Bursa/Mudanya/Ömerbey,TRY,Цена < 1 000 TRY,исключить,900.0
396866,Villa,900.0,,2+1,,,Aydın/Kuşadası/Hacıfeyzullah,TRY,Цена < 1 000 TRY,исключить,900.0
397556,Villa,900.0,,2+1,,,Aydın/Kuşadası/Hacıfeyzullah,TRY,Цена < 1 000 TRY,исключить,900.0
398881,Daire,900.0,,1+1,,,İstanbul/Küçükçekmece/Kanarya,TRY,Цена < 1 000 TRY,исключить,900.0
138084,Daire,890.0,,1+1,Giriş Katı,5,Samsun/Atakum/Körfez,TRY,Цена < 1 000 TRY,исключить,890.0
14881,Daire,850.0,120.0,3+1,7,8,Rize/Merkez/Tophane,TRY,Цена < 1 000 TRY,исключить,850.0
51153,Daire,850.0,,2+1,2,4,Antalya/Muratpaşa/Gebizli,TRY,Цена < 1 000 TRY,исключить,850.0
223566,Daire,850.0,110.0,3+1,4,5,İstanbul/Pendik/Güzelyalı,TRY,Цена < 1 000 TRY,исключить,850.0
269833,Daire,850.0,,3+1,2,3,Ankara/Altındağ/Ziraat,TRY,Цена < 1 000 TRY,исключить,850.0
6596,Villa,831.2624999999999,75.0,2+1,,2,Aydın/Didim/Akbük,EUR,Цена < 1 000 TRY,исключить,135.0
14304,Daire,800.0,105.0,3+1,Yüksek Giriş,3,Bursa/Gemlik/Hamidiye,TRY,Цена < 1 000 TRY,исключить,800.0
50558,Daire,800.0,,3+1,3,4,Adana/Yüreğir/Kışla,TRY,Цена < 1 000 TRY,исключить,800.0
61261,Daire,800.0,100.0,2+1,Kot 2,5,Muğla/Ortaca/Terzialiler,TRY,Цена < 1 000 TRY,исключить,800.0
61326,Daire,800.0,100.0,2+1,Kot 2,5,Muğla/Ortaca/Terzialiler,TRY,Цена < 1 000 TRY,исключить,800.0
105391,Komple Bina,800.0,65.0,1+1,,4,Balıkesir/Bandırma/600 Evler,TRY,Цена < 1 000 TRY,исключить,800.0
109361,Komple Bina,800.0,65.0,1+1,,4,Balıkesir/Bandırma/600 Evler,TRY,Цена < 1 000 TRY,исключить,800.0
135368,Daire,800.0,80.0,2+1,Giriş Katı,2,Ankara/Çankaya/Murat,TRY,Цена < 1 000 TRY,исключить,800.0
138717,Daire,800.0,,3+1,Giriş Katı,5,Bursa/Mudanya/Altıntaş,TRY,Цена < 1 000 TRY,исключить,800.0
174421,Daire,800.0,,2+1,1,5,Malatya/Battalgazi/Hacı Abdi,TRY,Цена < 1 000 TRY,исключить,800.0
175451,Daire,800.0,90.0,3+1,1,2,Ankara/Altındağ/Aydınlıkevler,TRY,Цена < 1 000 TRY,исключить,800.0
235609,Daire,800.0,,2+1,4,4,İstanbul/Pendik/Ahmet Yesevi,TRY,Цена < 1 000 TRY,исключить,800.0
248872,Daire,800.0,80.0,2+1,5,6,Kocaeli/Karamürsel/4 Temmuz,TRY,Цена < 1 000 TRY,исключить,800.0
266387,Daire,800.0,120.0,3+1,2,3,Ankara/Altındağ/Yıldıztepe,TRY,Цена < 1 000 TRY,исключить,800.0
303996,Daire,800.0,55.0,1+1,Kot 3,5,Aydın/Söke/Yenikent,TRY,Цена < 1 000 TRY,исключить,800.0
333801,Daire,800.0,156.0,3+1,2,5,Denizli/Merkezefendi/Şemikler,TRY,Цена < 1 000 TRY,исключить,800.0
389351,Villa,800.0,,3+1,,3,İzmir/Urla/Kalabak,TRY,Цена < 1 000 TRY,исключить,800.0
18818,Villa,750.0,,3+1,Kot 3,1,İzmir/Urla/İskele,TRY,Цена < 1 000 TRY,исключить,750.0
101827,Daire,750.0,165.0,3+1,,,Adıyaman/Merkez/Turgut Reis,TRY,Цена < 1 000 TRY,исключить,750.0
120662,Daire,750.0,,3+1,Kot 2,4,Isparta/Merkez/Ayazmana,TRY,Цена < 1 000 TRY,исключить,750.0
121693,Daire,750.0,100.0,3+1,Kot 2,3,Kocaeli/İzmit/Tepeköy,TRY,Цена < 1 000 TRY,исключить,750.0
158763,Daire,750.0,,1+1,1,3,Denizli/Pamukkale/15 Mayıs,TRY,Цена < 1 000 TRY,исключить,750.0
170300,Daire,750.0,,2+1,1,5,Ankara/Etimesgut/İstasyon,TRY,Цена < 1 000 TRY,исключить,750.0
172608,Daire,750.0,,2+1,1,5,Ankara/Etimesgut/İstasyon,TRY,Цена < 1 000 TRY,исключить,750.0
193479,Daire,750.0,150.0,3+1,3,8,Kahramanmaraş/Onikişubat/Hürriyet,TRY,Цена < 1 000 TRY,исключить,750.0
194330,Daire,750.0,117.0,3+1,3,5,Ankara/Etimesgut/Güzelkent,TRY,Цена < 1 000 TRY,исключить,750.0
218639,Daire,750.0,117.0,3+1,3,5,Ankara/Etimesgut/Güzelkent,TRY,Цена < 1 000 TRY,исключить,750.0
230735,Daire,750.0,,3+1,4,4,Manisa/Turgutlu/Bozkurt,TRY,Цена < 1 000 TRY,исключить,750.0
353404,Daire,750.0,,2+1,2,2,İzmir/Buca/Yıldız,TRY,Цена < 1 000 TRY,исключить,750.0
374544,Müstakil Ev,750.0,95.0,2+1,1,1,Balıkesir/Edremit/Tuzcumurat,TRY,Цена < 1 000 TRY,исключить,750.0
397277,Daire,750.0,,1+1,,,Osmaniye/Merkez/Yıldırım Beyazıt,TRY,Цена < 1 000 TRY,исключить,750.0
230065,Daire,720.0,130.0,3+1,4,4,Malatya/Battalgazi/Hacı Abdi,TRY,Цена < 1 000 TRY,исключить,720.0
137112,Daire,700.0,,1+1,Giriş Katı,4,Çanakkale/Biga/Sakarya,TRY,Цена < 1 000 TRY,исключить,700.0
73376,Daire,650.0,,2+1,3,3,Mersin/Toroslar/Sağlık,TRY,Цена < 1 000 TRY,исключить,650.0
281326,Daire,650.0,,3+1,2,5,Kütahya/Merkez/Akkent,TRY,Цена < 1 000 TRY,исключить,650.0
281482,Daire,650.0,,3+1,2,5,Kütahya/Merkez/Akkent,TRY,Цена < 1 000 TRY,исключить,650.0
281549,Daire,650.0,,3+1,2,5,Kütahya/Merkez/Akkent,TRY,Цена < 1 000 TRY,исключить,650.0
300177,Daire,650.0,160.0,3+1,9,10-20 arası,Kayseri/Talas/Mevlana,TRY,Цена < 1 000 TRY,исключить,650.0
376002,Villa,650.0,,3+2,Komple,2,Bursa/Kestel/Kale,TRY,Цена < 1 000 TRY,исключить,650.0
70625,Daire,600.0,105.0,2+1,Yüksek Giriş,4,Antalya/Manavgat/Sarılar,TRY,Цена < 1 000 TRY,исключить,600.0
135909,Daire,600.0,125.0,2+1,Giriş Katı,4,Malatya/Battalgazi/Hacı Abdi,TRY,Цена < 1 000 TRY,исключить,600.0
178671,Daire,600.0,141.0,+,1,3,Ankara/Pursaklar/Saray Cumhuriyet,TRY,"Цена < 1 000 TRY, Комнаты не разобраны",исключить,600.0
208365,Daire,600.0,,3+1,3,3,Ankara/Mamak/Tuzluçayır,TRY,Цена < 1 000 TRY,исключить,600.0
236361,Daire,600.0,145.0,3+1,4,4,Malatya/Battalgazi/Hacı Abdi,TRY,Цена < 1 000 TRY,исключить,600.0
248069,Daire,600.0,,3+1,5,6,Sivas/Merkez/Ece,TRY,Цена < 1 000 TRY,исключить,600.0
356521,Daire,600.0,,3+1,Kot 3,5,Aydın/Söke/Çeltikçi,TRY,Цена < 1 000 TRY,исключить,600.0
374916,Daire,600.0,,3+1,2,7,Diyarbakır/Ergani/Sanayi,TRY,Цена < 1 000 TRY,исключить,600.0
385836,Daire,600.0,,+,,,Antalya/Alanya/Mahmutlar,TRY,"Цена < 1 000 TRY, Комнаты не разобраны",исключить,600.0
399330,Rezidans,600.0,,3+1,,,Edirne/Uzunköprü/Halise Hatun,TRY,Цена < 1 000 TRY,исключить,600.0
206625,Daire,550.0,,2+1,3,3,Kütahya/Merkez/Yunusemre,TRY,Цена < 1 000 TRY,исключить,550.0
251901,Daire,550.0,,3+1,5,5,Ankara/Keçiören/Kafkas,TRY,Цена < 1 000 TRY,исключить,550.0
348963,Daire,500.0,,2+1,En Üst Kat,5,Trabzon/Ortahisar/1 Nolu Erdoğdu,TRY,Цена < 1 000 TRY,исключить,500.0
377764,Villa,500.0,,2+2,,2,Yalova/Çiftlikköy/Taşköprü Bld. (Taşköprü Yeni),TRY,Цена < 1 000 TRY,исключить,500.0
384654,Komple Bina,500.0,,+,,6,İstanbul/Bakırköy/Kartaltepe,TRY,"Цена < 1 000 TRY, Комнаты не разобраны",исключить,500.0
392008,Daire,500.0,130.0,3+1,,,İstanbul/Şişli/Mecidiyeköy,TRY,Цена < 1 000 TRY,исключить,500.0
232739,Daire,485.0,,5+1,4,4,Gaziantep/Şahinbey/23 Nisan,TRY,Цена < 1 000 TRY,исключить,485.0
51543,Daire,475.0,140.0,4+1,Bahçe katı,3,İzmir/Dikili/Gazipaşa,TRY,Цена < 1 000 TRY,исключить,475.0
123219,Daire,470.0,90.0,2+1,Kot 3,5,İstanbul/Üsküdar/Cumhuriyet,TRY,Цена < 1 000 TRY,исключить,470.0
102815,Daire,450.0,299.0,6+2,En Üst Kat,5,Zonguldak/Ereğli/Müftü,TRY,Цена < 1 000 TRY,исключить,450.0
247751,Daire,450.0,300.0,6+2,5,6,Zonguldak/Ereğli/Müftü,TRY,Цена < 1 000 TRY,исключить,450.0
310272,Daire,450.0,95.0,2+1,1,10,İstanbul/Pendik/Güllü Bağlar,TRY,Цена < 1 000 TRY,исключить,450.0
342707,Daire,420.0,,3+1,13,10-20 arası,İstanbul/Esenyurt/Zafer,TRY,Цена < 1 000 TRY,исключить,420.0
253745,Daire,415.0,155.0,4+1,6,10-20 arası,Ankara/Altındağ/Yıldıztepe,TRY,Цена < 1 000 TRY,исключить,415.0
257244,Daire,415.0,155.0,4+1,6,10-20 arası,Ankara/Altındağ/Yıldıztepe,TRY,Цена < 1 000 TRY,исключить,415.0
226192,Daire,400.0,,4+1,4,4,Kocaeli/Karamürsel/4 Temmuz,TRY,Цена < 1 000 TRY,исключить,400.0
239128,Daire,400.0,,4+1,4,4,Kocaeli/Karamürsel/4 Temmuz,TRY,Цена < 1 000 TRY,исключить,400.0
193980,Daire,385.0,115.0,2+1,3,5,İstanbul/Beylikdüzü/Adnan Kahveci,TRY,Цена < 1 000 TRY,исключить,385.0
366048,Daire,380.0,,6+1,5,5,Ankara/Mamak/Durali Alıç,TRY,Цена < 1 000 TRY,исключить,380.0
4984,Daire,370.0,200.0,4+1,Zemin Kat,5,İzmir/Karşıyaka/Dedebaşı,TRY,Цена < 1 000 TRY,исключить,370.0
225211,Daire,370.0,370.0,3+1,4,4,İstanbul/Esenler/Kemer,TRY,Цена < 1 000 TRY,исключить,370.0
381241,Villa,350.0,180.0,4+1,Müstakil,,Diyarbakır/Bağlar/Bağcılar,TRY,Цена < 1 000 TRY,исключить,350.0
344687,Daire,320.0,,2+1,2,10-20 arası,İstanbul/Esenyurt/Zafer,TRY,Цена < 1 000 TRY,исключить,320.0
125427,Daire,310.0,175.0,4+1,Kot 4,7,Şanlıurfa/Haliliye/Veysel Karani,TRY,Цена < 1 000 TRY,исключить,310.0
349641,Müstakil Ev,300.0,2000.0,3+1,,1,Kayseri/İncesu/Örenşehir,TRY,Цена < 1 000 TRY,исключить,300.0
387164,Daire,300.0,,+,,,Antalya/Alanya/Mahmutlar,TRY,"Цена < 1 000 TRY, Комнаты не разобраны",исключить,300.0
123991,Daire,285.0,,4+1,Kot 3,3,Aksaray/Merkez/Hasas,TRY,Цена < 1 000 TRY,исключить,285.0
124333,Daire,285.0,,4+1,Kot 3,3,Aksaray/Merkez/Hasas,TRY,Цена < 1 000 TRY,исключить,285.0
330625,Daire,285.0,,4+1,1,8,Erzurum/Yakutiye/Rabia Ana,TRY,Цена < 1 000 TRY,исключить,285.0
344074,Daire,285.0,,4+1,1,8,Erzurum/Yakutiye/Rabia Ana,TRY,Цена < 1 000 TRY,исключить,285.0
12650,Daire,275.0,,2+1,Giriş Katı,4,İstanbul/Fatih/Silivrikapı,TRY,Цена < 1 000 TRY,исключить,275.0
14444,Daire,275.0,,2+1,Giriş Katı,4,İstanbul/Fatih/Silivrikapı,TRY,Цена < 1 000 TRY,исключить,275.0
342306,Daire,275.0,100.0,2+1,Kot 4,4,Balıkesir/Edremit/İbrahimce,TRY,Цена < 1 000 TRY,исключить,275.0
245040,Daire,270.0,135.0,4+2,5,5,İstanbul/Esenyurt/Akçaburgaz,TRY,Цена < 1 000 TRY,исключить,270.0
340337,Daire,270.0,,3+1,4,5,Niğde/Merkez/Aşağı Kayabaşı,TRY,Цена < 1 000 TRY,исключить,270.0
17961,Daire,265.0,140.0,3+1,1,4,Antalya/Muratpaşa/Soğuksu,TRY,Цена < 1 000 TRY,исключить,265.0
160682,Daire,265.0,155.0,4+1,1,1,Ankara/Keçiören/Uyanış,TRY,Цена < 1 000 TRY,исключить,265.0
397636,Daire,265.0,,4+1,,,Balıkesir/Burhaniye/Bahçelievler,TRY,Цена < 1 000 TRY,исключить,265.0
6977,Daire,250.0,120.0,2+1,3,5,Gaziantep/Şehitkamil/Sarıgüllük,TRY,Цена < 1 000 TRY,исключить,250.0
102307,Daire,250.0,,4+1,En Üst Kat,4,Ankara/Mamak/Mutlu,TRY,Цена < 1 000 TRY,исключить,250.0
121838,Daire,250.0,,3+1,Kot 2,3,Aksaray/Merkez/Küçük Bölcek,TRY,Цена < 1 000 TRY,исключить,250.0
122075,Daire,250.0,,3+1,Kot 2,3,Aksaray/Merkez/Küçük Bölcek,TRY,Цена < 1 000 TRY,исключить,250.0
376392,Daire,250.0,,3+1,,,Denizli/Merkezefendi/Karahasanlı,TRY,Цена < 1 000 TRY,исключить,250.0
392943,Daire,250.0,,+,,,Antalya/Alanya/Mahmutlar,TRY,"Цена < 1 000 TRY, Комнаты не разобраны",исключить,250.0
15627,Daire,235.0,95.0,2+1,4,4,İzmir/Torbalı/Fevzi Çakmak,TRY,Цена < 1 000 TRY,исключить,235.0
394319,Daire,235.0,,3+1,,,Aydın/Kuşadası/İkiçeşmelik,TRY,Цена < 1 000 TRY,исключить,235.0
348306,Müstakil Ev,230.0,200.0,2+1,Müstakil,4,Kütahya/Merkez/Maltepe,TRY,Цена < 1 000 TRY,исключить,230.0
398586,Daire,222.0,,+,,,Sinop/Merkez/Meydankapı,TRY,"Цена < 1 000 TRY, Комнаты не разобраны",исключить,222.0
18473,Daire,220.0,100.0,3+1,3,3,Erzurum/Aziziye/Ilıca,TRY,Цена < 1 000 TRY,исключить,220.0
134018,Daire,220.0,130.0,3+1,Giriş Katı,4,İstanbul/Sancaktepe/Safa,TRY,Цена < 1 000 TRY,исключить,220.0
329122,Daire,210.0,,+,,7,Niğde/Merkez/Efendibey,TRY,"Цена < 1 000 TRY, Комнаты не разобраны",исключить,210.0
75673,Daire,200.0,,2+1,Yüksek Giriş,3,Aydın/Didim/Hisar,TRY,Цена < 1 000 TRY,исключить,200.0
110412,Daire,200.0,100.0,2+1,Bahçe katı,5,İstanbul/Sultangazi/Cebeci,TRY,Цена < 1 000 TRY,исключить,200.0
224722,Daire,200.0,,3+1,4,5,Kocaeli/İzmit/Kadıköy,TRY,Цена < 1 000 TRY,исключить,200.0
224908,Daire,200.0,,3+1,4,5,Kocaeli/İzmit/Kadıköy,TRY,Цена < 1 000 TRY,исключить,200.0
276699,Daire,200.0,110.0,3+1,2,4,Ankara/Mamak/Cengizhan,TRY,Цена < 1 000 TRY,исключить,200.0
389700,Daire,200.0,,+,,,Antalya/Alanya/Mahmutlar,TRY,"Цена < 1 000 TRY, Комнаты не разобраны",исключить,200.0
325968,Komple Bina,198.0,,+,,8,Kayseri/Melikgazi/Gesi Fatih,TRY,"Цена < 1 000 TRY, Комнаты не разобраны",исключить,198.0
397600,Daire,195.0,,3+1,,,Kayseri/Melikgazi/Esentepe,TRY,Цена < 1 000 TRY,исключить,195.0
222838,Daire,175.0,85.0,2+1,4,5,İstanbul/Esenler/Tuna,TRY,Цена < 1 000 TRY,исключить,175.0
263425,Daire,175.0,120.0,3+1,2,3,Ankara/Sincan/Mareşal Çakmak,TRY,Цена < 1 000 TRY,исключить,175.0
401540,Daire,175.0,,+,,,Antalya/Alanya/Mahmutlar,TRY,"Цена < 1 000 TRY, Комнаты не разобраны",исключить,175.0
137839,Daire,172.0,,2+1,Giriş Katı,4,Manisa/Turgutlu/Altay,TRY,Цена < 1 000 TRY,исключить,172.0
173559,Daire,170.0,120.0,3+1,1,4,Ankara/Mamak/Durali Alıç,TRY,Цена < 1 000 TRY,исключить,170.0
382111,Daire,170.0,110.0,3+1,2,5,Ankara/Keçiören/Ufuktepe,TRY,Цена < 1 000 TRY,исключить,170.0
276586,Daire,169.0,,3+1,2,4,Manisa/Turgutlu/Yiğitler,TRY,Цена < 1 000 TRY,исключить,169.0
397594,Daire,158.0,,2+1,,,Eskişehir/Tepebaşı/Esentepe,TRY,Цена < 1 000 TRY,исключить,158.0
378298,Daire,150.0,,+,,,Antalya/Alanya/Mahmutlar,TRY,"Цена < 1 000 TRY, Комнаты не разобраны",исключить,150.0
397480,Daire,150.0,,3+1,,,Tekirdağ/Saray/Ayaspaşa,TRY,Цена < 1 000 TRY,исключить,150.0
378591,Daire,149.0,,3+1,Kot 2,5,Giresun/Bulancak/Şemsettin,TRY,Цена < 1 000 TRY,исключить,149.0
385761,Daire,149.0,,3+1,Kot 2,5,Giresun/Bulancak/Şemsettin,TRY,Цена < 1 000 TRY,исключить,149.0
329128,Daire,147.0,,3+1,11,4,Kayseri/Melikgazi/Cumhuriyet,TRY,"Цена < 1 000 TRY, Этаж выше этажности",исключить,147.0
137059,Daire,145.0,,1+1,Giriş Katı,4,İzmir/Buca/Kuruçeşme,TRY,Цена < 1 000 TRY,исключить,145.0
236560,Daire,131.0,,2+1,4,4,Manisa/Turgutlu/Turan,TRY,Цена < 1 000 TRY,исключить,131.0
338714,Daire,130.0,,3+1,5,7,Trabzon/Ortahisar/Kaymaklı,TRY,Цена < 1 000 TRY,исключить,130.0
126310,Daire,127.0,130.0,2+1,Müstakil,4,İstanbul/Sancaktepe/Mevlana,TRY,Цена < 1 000 TRY,исключить,127.0
237299,Daire,125.0,,2+1,4,4,Manisa/Turgutlu/Acarlar,TRY,Цена < 1 000 TRY,исключить,125.0
344617,Daire,125.0,110.0,3+1,Kot 4,4,Balıkesir/Edremit/Tuzcumurat,TRY,Цена < 1 000 TRY,исключить,125.0
143311,Daire,103.0,,3+1,Yüksek Giriş,4,Malatya/Yeşilyurt/Koyunoğlu,TRY,Цена < 1 000 TRY,исключить,103.0
132776,Daire,95.0,90.0,3+1,Giriş Katı,,Elazığ/Merkez/Yeni,TRY,Цена < 1 000 TRY,исключить,95.0
402392,Müstakil Ev,82.0,,4+2,,,Osmaniye/Merkez/Mareşal Fevzi Çakmak,TRY,Цена < 1 000 TRY,исключить,82.0
342563,Daire,60.0,90.0,2+1,2,5,Sinop/Merkez/Ada,TRY,Цена < 1 000 TRY,исключить,60.0
386404,Prefabrik Ev,55.0,,+,,,İstanbul/Pendik/Kaynarca,TRY,"Цена < 1 000 TRY, Комнаты не разобраны",исключить,55.0
350325,Prefabrik Ev,34.0,,3+1,,1,Manisa/Turgutlu/Selvilitepe,TRY,Цена < 1 000 TRY,исключить,34.0
370082,Daire,30.381999999999998,497.0,5+1,16,10-20 arası,Ankara/Elmadağ/Hasanoğlan Havuzbaşı,EUR,Цена < 1 000 TRY,исключить,5.0
373948,Daire,30.381999999999998,497.0,5+1,16,10-20 arası,Ankara/Elmadağ/Hasanoğlan Havuzbaşı,EUR,Цена < 1 000 TRY,исключить,5.0
397992,Daire,5.0,,2+1,,,İstanbul/Kağıthane/Sultan Selim,TRY,Цена < 1 000 TRY,исключить,5.0
400777,Daire,5.0,,2+1,,,İstanbul/Kağıthane/Sultan Selim,TRY,Цена < 1 000 TRY,исключить,5.0
400781,Daire,5.0,,2+1,,,İstanbul/Kağıthane/Sultan Selim,TRY,Цена < 1 000 TRY,исключить,5.0
126062,Müstakil Ev,1.0,200.0,4+1,Müstakil,2,Kocaeli/Gölcük/Körfez,TRY,Цена < 1 000 TRY,исключить,1.0
233699,Daire,1.0,,3+1,4,4,Afyonkarahisar/Merkez/Dumlupınar,TRY,Цена < 1 000 TRY,исключить,1.0
388204,Daire,1.0,,+,,,Aydın/Didim/Altınkum,TRY,"Цена < 1 000 TRY, Комнаты не разобраны",исключить,1.0
7436,Köşk / Konak / Yalı,1650000000.0,426.0,10+0,,6,İstanbul/Beşiktaş/Bebek,TRY,Цена > 50 млн TRY,оставить,1650000000.0
369885,Köşk / Konak / Yalı,310000000.0,,10+0,,4,İstanbul/Üsküdar/Kandilli,TRY,Цена > 50 млн TRY,оставить,310000000.0
371171,Köşk / Konak / Yalı,310000000.0,,10+0,,4,İstanbul/Üsküdar/Kandilli,TRY,Цена > 50 млн TRY,оставить,310000000.0
13210,Daire,300000000.0,130.0,3+1,2,5,İstanbul/Bağcılar/Merkez,TRY,Цена > 50 млн TRY,оставить,300000000.0
328480,Komple Bina,260000000.0,28323.0,+,,9,İstanbul/Şişli/Mecidiyeköy,TRY,"Цена > 50 млн TRY, Площадь > 3 000 м², Комнаты не разобраны",оставить,260000000.0
103705,Komple Bina,250000000.0,,+,,10-20 arası,Adana/Yumurtalık/Akyuva,TRY,"Цена > 50 млн TRY, Комнаты не разобраны",оставить,250000000.0
1320,Komple Bina,200000000.0,140.0,+,,5,İstanbul/Fatih/Rüstem Paşa,TRY,"Цена > 50 млн TRY, Комнаты не разобраны",оставить,200000000.0
99413,Köşk / Konak / Yalı,190000000.0,,5+2,,3,İstanbul/Sarıyer/Yeniköy,TRY,Цена > 50 млн TRY,оставить,190000000.0
112631,Köşk / Konak / Yalı,190000000.0,,5+2,,3,İstanbul/Sarıyer/Yeniköy,TRY,Цена > 50 млн TRY,оставить,190000000.0
112005,Köşk / Konak / Yalı,185000000.0,,10+0,,3,İstanbul/Beşiktaş/Etiler,TRY,Цена > 50 млн TRY,оставить,185000000.0
112773,Köşk / Konak / Yalı,185000000.0,,10+0,,3,İstanbul/Beşiktaş/Etiler,TRY,Цена > 50 млн TRY,оставить,185000000.0
370949,Köşk / Konak / Yalı,171243800.0,,10+2,,4,İstanbul/Üsküdar/Kandilli,USD,Цена > 50 млн TRY,оставить,26000000.0
365913,Daire,156000000.0,120.0,2+1,Kot 3,5,Mersin/Toroslar/Mevlana,TRY,Цена > 50 млн TRY,оставить,156000000.0
90973,Köşk / Konak / Yalı,150000000.0,1628.0,8+4,,5,İstanbul/Üsküdar/Kandilli,TRY,Цена > 50 млн TRY,оставить,150000000.0
88059,Villa,145000000.0,250.0,4+1,Müstakil,3,Aydın/Didim/Altınkum,TRY,Цена > 50 млн TRY,оставить,145000000.0
224,Rezidans,132500000.0,1.0,9+2,20 ve üzeri,20 ve üzeri,İstanbul/Beşiktaş/Vişnezade,TRY,"Цена > 50 млн TRY, Площадь < 15 м²",оставить,132500000.0
171082,Daire,125000000.0,,2+1,1,5,Kayseri/Melikgazi/Aydınlıkevler,TRY,Цена > 50 млн TRY,оставить,125000000.0
172889,Daire,125000000.0,,2+1,1,5,Kayseri/Melikgazi/Aydınlıkevler,TRY,Цена > 50 млн TRY,оставить,125000000.0
99559,Rezidans,118084000.0,,1+0,20 ve üzeri,20 ve üzeri,Artvin/Kemalpaşa/Uzunyalı,USD,Цена > 50 млн TRY,оставить,20000000.0
112331,Komple Bina,118000000.0,4000.0,+,,1,İstanbul/Kadıköy/Caferağa,TRY,"Цена > 50 млн TRY, Площадь > 3 000 м², Комнаты не разобраны",оставить,118000000.0
113625,Komple Bina,118000000.0,4000.0,+,,1,İstanbul/Kadıköy/Caferağa,TRY,"Цена > 50 млн TRY, Площадь > 3 000 м², Комнаты не разобраны",оставить,118000000.0
7126,Köşk / Konak / Yalı,111111111.0,620.0,5+1,,4,Antalya/Alanya/Küçükhasbahçe,TRY,Цена > 50 млн TRY,оставить,111111111.0
97849,Komple Bina,111111111.0,,1+1,,,Ankara/Yenimahalle/Ostim,TRY,Цена > 50 млн TRY,оставить,111111111.0
326988,Daire,110000000.0,85.0,2+1,20 ve üzeri,20 ve üzeri,İstanbul/Sarıyer/Maslak,TRY,Цена > 50 млн TRY,оставить,110000000.0
296215,Rezidans,106000000.0,800.0,7+2,20 ve üzeri,20 ve üzeri,İstanbul/Beşiktaş/Vişnezade,TRY,Цена > 50 млн TRY,оставить,106000000.0
303473,Rezidans,106000000.0,800.0,7+2,20 ve üzeri,20 ve üzeri,İstanbul/Beşiktaş/Vişnezade,TRY,Цена > 50 млн TRY,оставить,106000000.0
325548,Köşk / Konak / Yalı,106000000.0,,10+0,,3,İstanbul/Sarıyer/Emirgan,TRY,Цена > 50 млн TRY,оставить,106000000.0
99457,Köşk / Konak / Yalı,100000000.0,800.0,10+0,,4,İstanbul/Üsküdar/Sultantepe,TRY,Цена > 50 млн TRY,оставить,100000000.0
111155,Köşk / Konak / Yalı,100000000.0,800.0,10+0,,4,İstanbul/Üsküdar/Sultantepe,TRY,Цена > 50 млн TRY,оставить,100000000.0
32700,Villa,92000000.0,,6+2,,4,İstanbul/Beşiktaş/Bebek,TRY,Цена > 50 млн TRY,оставить,92000000.0
33000,Villa,92000000.0,,6+2,,4,İstanbul/Beşiktaş/Bebek,TRY,Цена > 50 млн TRY,оставить,92000000.0
99447,Köşk / Konak / Yalı,85000000.0,,6+2,,3,İstanbul/Beykoz/Gümüşsuyu,TRY,Цена > 50 млн TRY,оставить,85000000.0
398432,Köşk / Konak / Yalı,85000000.0,,10+0,,,İstanbul/Sarıyer/Cumhuriyet,TRY,Цена > 50 млн TRY,оставить,85000000.0
111145,Köşk / Konak / Yalı,82000000.0,,10+3,,4,İstanbul/Sarıyer/Emirgan,TRY,Цена > 50 млн TRY,оставить,82000000.0
115449,Köşk / Konak / Yalı,82000000.0,,10+3,,4,İstanbul/Sarıyer/Emirgan,TRY,Цена > 50 млн TRY,оставить,82000000.0
385374,Rezidans,80880342.2259,111.0,2+1,,,Antalya/Elmalı/Bayralar,GBP,Цена > 50 млн TRY,оставить,11532423.0
349385,Villa,80127000.0,600.0,9+2,,3,İzmir/Çeşme/Alaçatı,USD,Цена > 50 млн TRY,оставить,15000000.0
378842,Köşk / Konak / Yalı,79389000.0,1250.0,8+2,,2,İstanbul/Beykoz/Anadolufeneri,USD,Цена > 50 млн TRY,оставить,15000000.0
325784,Komple Bina,78000000.0,14092.0,+,,9,İstanbul/Şişli/Kaptan Paşa,TRY,"Цена > 50 млн TRY, Площадь > 3 000 м², Комнаты не разобраны",оставить,78000000.0
326646,Komple Bina,78000000.0,14092.0,+,,9,İstanbul/Şişli/Kaptan Paşa,TRY,"Цена > 50 млн TRY, Площадь > 3 000 м², Комнаты не разобраны",оставить,78000000.0
327244,Komple Bina,78000000.0,14092.0,+,,9,İstanbul/Şişli/Kaptan Paşa,TRY,"Цена > 50 млн TRY, Площадь > 3 000 м², Комнаты не разобраны",оставить,78000000.0
297931,Komple Bina,76000000.0,8600.0,+,,10-20 arası,İstanbul/Ataşehir/Küçükbakkalköy,TRY,"Цена > 50 млн TRY, Площадь > 3 000 м², Комнаты не разобраны",оставить,76000000.0
299637,Komple Bina,76000000.0,8600.0,+,,10-20 arası,İstanbul/Ataşehir/Küçükbakkalköy,TRY,"Цена > 50 млн TRY, Площадь > 3 000 м², Комнаты не разобраны",оставить,76000000.0
105,Rezidans,75000000.0,,6+1,12,10-20 arası,İstanbul/Beşiktaş/Vişnezade,TRY,Цена > 50 млн TRY,оставить,75000000.0
357,Rezidans,75000000.0,,6+1,12,10-20 arası,İstanbul/Beşiktaş/Vişnezade,TRY,Цена > 50 млн TRY,оставить,75000000.0
106991,Komple Bina,75000000.0,,+,,4,İstanbul/Sarıyer/Rumeli Hisarı,TRY,"Цена > 50 млн TRY, Комнаты не разобраны",оставить,75000000.0
391174,Yalı Dairesi,73312400.0,,10+0,,,İstanbul/Üsküdar/Salacak,USD,Цена > 50 млн TRY,оставить,14000000.0
391382,Yalı Dairesi,73312400.0,,10+0,,,İstanbul/Üsküdar/Salacak,USD,Цена > 50 млн TRY,оставить,14000000.0
378758,Daire,71201000.0,,2+1,,,İstanbul/Bakırköy/Osmaniye,USD,Цена > 50 млн TRY,оставить,13000000.0
7757,Daire,71098443.92920001,,8+1,Bodrum Kat,8,İstanbul/Avcılar/Cihangir,GBP,Цена > 50 млн TRY,оставить,8342342.0
96283,Müstakil Ev,65000000.0,850.0,6+3,,,İstanbul/Sarıyer/Emirgan,TRY,Цена > 50 млн TRY,оставить,65000000.0
104101,Çiftlik Evi,60000000.0,850.0,6+2,,3,İstanbul/Pendik/Emirli,TRY,Цена > 50 млн TRY,оставить,60000000.0
105219,Çiftlik Evi,60000000.0,850.0,6+2,,3,İstanbul/Pendik/Emirli,TRY,Цена > 50 млн TRY,оставить,60000000.0
115213,Villa,60000000.0,810.0,8+2,,4,İstanbul/Beşiktaş/Ulus,TRY,Цена > 50 млн TRY,оставить,60000000.0
126376,Villa,58238345.0,,5+1,Müstakil,2,İstanbul/Beykoz/Riva,USD,Цена > 50 млн TRY,оставить,9350000.0
24866,Komple Bina,57000000.0,2550.0,+,,5,Kocaeli/İzmit/Ömerağa,TRY,"Цена > 50 млн TRY, Комнаты не разобраны",оставить,57000000.0
92737,Çiftlik Evi,55000000.0,,6+2,,3,İstanbul/Pendik/Emirli,TRY,Цена > 50 млн TRY,оставить,55000000.0
99521,Komple Bina,55000000.0,525.0,10+0,,3,İstanbul/Sarıyer/Emirgan,TRY,Цена > 50 млн TRY,оставить,55000000.0
110319,Köşk / Konak / Yalı,55000000.0,,10+1,,5,İstanbul/Beşiktaş/Bebek,TRY,Цена > 50 млн TRY,оставить,55000000.0
327309,Villa,55000000.0,,6+2,Müstakil,4,İstanbul/Beşiktaş/Bebek,TRY,Цена > 50 млн TRY,оставить,55000000.0
390570,Villa,55000000.0,1400.0,9+2,,,İstanbul/Sarıyer/Yeniköy,TRY,Цена > 50 млн TRY,оставить,55000000.0
107219,Köşk / Konak / Yalı,53000000.0,,6+2,,4,İstanbul/Beykoz/Paşabahçe,TRY,Цена > 50 млн TRY,оставить,53000000.0
110693,Köşk / Konak / Yalı,53000000.0,,6+2,,4,İstanbul/Beykoz/Paşabahçe,TRY,Цена > 50 млн TRY,оставить,53000000.0
378754,Köşk / Konak / Yalı,53000000.0,602.0,6+2,,2,Muğla/Bodrum/Orak Adası,TRY,Цена > 50 млн TRY,оставить,53000000.0
6894,Çiftlik Evi,50509600.0,10000.0,5+3,,3,İstanbul/Beykoz/Polonezköy,USD,"Цена > 50 млн TRY, Площадь > 3 000 м²",оставить,9500000.0
325928,Komple Bina,50000000.0,,+,,2,İstanbul/Başakşehir/Başakşehir,TRY,Комнаты не разобраны,оставить,50000000.0
367572,Daire,42023955.443,902221.0,4+1,1,10-20 arası,Ankara/Altındağ/Altınpark,USD,"Площадь > 3 000 м², Площадь > 100 000 м²",оставить,7824233.0
367825,Daire,42023955.443,902221.0,4+1,1,10-20 arası,Ankara/Altındağ/Altınpark,USD,"Площадь > 3 000 м², Площадь > 100 000 м²",оставить,7824233.0
368030,Daire,42023955.443,902221.0,4+1,1,10-20 arası,Ankara/Altındağ/Altınpark,USD,"Площадь > 3 000 м², Площадь > 100 000 м²",оставить,7824233.0
98911,Komple Bina,40000000.0,1500.0,+,,4,İstanbul/Üsküdar/Çengelköy,TRY,Комнаты не разобраны,оставить,40000000.0
110421,Komple Bina,34450000.0,1100.0,+,,4,İstanbul/Şişli/Esentepe,TRY,Комнаты не разобраны,оставить,34450000.0
329328,Komple Bina,31500000.0,9850.0,+,,5,Kayseri/Talas/Harman,TRY,"Площадь > 3 000 м², Комнаты не разобраны",оставить,31500000.0
33226,Villa,31000000.0,1.0,8+2,,4,İstanbul/Sarıyer/Büyükdere,TRY,Площадь < 15 м²,оставить,31000000.0
373155,Villa,30500000.0,26000.0,6+2,Müstakil,3,Muğla/Bodrum/Yalıkavak,TRY,Площадь > 3 000 м²,оставить,30500000.0
7548,Komple Bina,30000000.0,,+,,8,İstanbul/Kartal/Atalar,TRY,Комнаты не разобраны,оставить,30000000.0
105201,Komple Bina,30000000.0,950.0,+,,8,İstanbul/Fatih/Mimar Kemalettin,TRY,Комнаты не разобраны,оставить,30000000.0
113177,Komple Bina,30000000.0,1800.0,+,,8,İstanbul/Şişli/Cumhuriyet,TRY,Комнаты не разобраны,оставить,30000000.0
329402,Villa,27500000.0,4.0,10+2,,3,İstanbul/Ümraniye/Madenler,TRY,Площадь < 15 м²,оставить,27500000.0
99527,Komple Bina,26000000.0,,+,,4,İstanbul/Esenler/Mimar Sinan,TRY,Комнаты не разобраны,оставить,26000000.0
374287,Villa,26000000.0,7000.0,4+1,1,2,Balıkesir/Burhaniye/Pelitköy,TRY,Площадь > 3 000 м²,оставить,26000000.0
91693,Komple Bina,25000000.0,8500.0,+,,9,İstanbul/Büyükçekmece/Mimaroba,TRY,"Площадь > 3 000 м², Комнаты не разобраны",оставить,25000000.0
92149,Komple Bina,25000000.0,1600.0,+,,7,İstanbul/Fatih/Akşemsettin,TRY,Комнаты не разобраны,оставить,25000000.0
105999,Komple Bina,25000000.0,7500.0,+,,6,Sakarya/Hendek/Yeni,TRY,"Площадь > 3 000 м², Комнаты не разобраны",оставить,25000000.0
95081,Komple Bina,24974100.0,,+,,10-20 arası,İstanbul/Kağıthane/Çağlayan,USD,Комнаты не разобраны,оставить,4500000.0
95259,Komple Bina,24974100.0,,+,,10-20 arası,İstanbul/Kağıthane/Çağlayan,USD,Комнаты не разобраны,оставить,4500000.0
257975,Rezidans,24974100.0,7000.0,3+1,7,10-20 arası,İstanbul/Kağıthane/Çağlayan,USD,Площадь > 3 000 м²,оставить,4500000.0
260398,Rezidans,24974100.0,7000.0,3+1,7,10-20 arası,İstanbul/Kağıthane/Çağlayan,USD,Площадь > 3 000 м²,оставить,4500000.0
111653,Komple Bina,24750000.0,1380.0,+,,4,İstanbul/Şişli/Meşrutiyet,TRY,Комнаты не разобраны,оставить,24750000.0
300761,Komple Bina,24500000.0,900.0,+,,4,İstanbul/Beşiktaş/Bebek,TRY,Комнаты не разобраны,оставить,24500000.0
370733,Çiftlik Evi,24000000.0,300000.0,10+0,,3,İstanbul/Silivri/Ortaköy,TRY,"Площадь > 3 000 м², Площадь > 100 000 м²",оставить,24000000.0
105677,Komple Bina,23750000.0,1700.0,+,,7,İstanbul/Kağıthane/Sultan Selim,TRY,Комнаты не разобраны,оставить,23750000.0
109979,Çiftlik Evi,23560000.0,30000.0,10+2,,3,İstanbul/Silivri/Ortaköy,TRY,Площадь > 3 000 м²,оставить,23560000.0
90935,Komple Bina,20000000.0,,+,,7,İstanbul/Kağıthane/Sultan Selim,TRY,Комнаты не разобраны,оставить,20000000.0
325984,Komple Bina,20000000.0,849.0,+,,7,İstanbul/Fatih/Mesih Paşa,TRY,Комнаты не разобраны,оставить,20000000.0
328074,Komple Bina,20000000.0,4500.0,+,,8,İstanbul/Küçükçekmece/Atakent,TRY,"Площадь > 3 000 м², Комнаты не разобраны",оставить,20000000.0
328188,Komple Bina,20000000.0,1200.0,+,,6,İstanbul/Şişli/Esentepe,TRY,Комнаты не разобраны,оставить,20000000.0
329450,Komple Bina,20000000.0,849.0,+,,7,İstanbul/Fatih/Mesih Paşa,TRY,Комнаты не разобраны,оставить,20000000.0
389841,Komple Bina,20000000.0,137.0,+,,7,İstanbul/Fatih/Hoca Paşa,TRY,Комнаты не разобраны,оставить,20000000.0
389849,Komple Bina,20000000.0,137.0,+,,8,İstanbul/Fatih/Hoca Paşa,TRY,Комнаты не разобраны,оставить,20000000.0
17690,Daire,19230893.8416,583.0,5+1,9,8,Ankara/Elmadağ/Hasanoğlan Havuzbaşı,USD,Этаж выше этажности,оставить,3576776.0
248634,Daire,18480637.1232,48.0,7+1,5,2,İstanbul/Avcılar/Cihangir,GBP,Этаж выше этажности,оставить,2653434.0
248709,Daire,18480637.1232,48.0,7+1,5,2,İstanbul/Avcılar/Cihangir,GBP,Этаж выше этажности,оставить,2653434.0
249254,Daire,18480637.1232,48.0,7+1,5,2,İstanbul/Avcılar/Cihangir,GBP,Этаж выше этажности,оставить,2653434.0
249564,Daire,18480637.1232,48.0,7+1,5,2,İstanbul/Avcılar/Cihangir,GBP,Этаж выше этажности,оставить,2653434.0
756,Komple Bina,18000000.0,7000.0,+,,4,Antalya/Kepez/Sütçüler,TRY,"Площадь > 3 000 м², Комнаты не разобраны",оставить,18000000.0
1806,Komple Bina,18000000.0,7000.0,+,,4,Antalya/Kepez/Sütçüler,TRY,"Площадь > 3 000 м², Комнаты не разобраны",оставить,18000000.0
93843,Komple Bina,18000000.0,,+,,4,İstanbul/Güngören/Mehmet Nesih Özmen,TRY,Комнаты не разобраны,оставить,18000000.0
108265,Villa,18000000.0,3720.0,10+2,,3,Bursa/Nilüfer/Demirci,TRY,Площадь > 3 000 м²,оставить,18000000.0
214264,Villa,18000000.0,3600.0,10+2,3,3,Bursa/Nilüfer/Demirci,TRY,Площадь > 3 000 м²,оставить,18000000.0
327058,Komple Bina,17900000.0,,+,,8,Malatya/Battalgazi/Sarıcıoğlu,TRY,Комнаты не разобраны,оставить,17900000.0
327558,Komple Bina,17124380.0,,+,,6,İstanbul/Şişli/19 Mayıs,USD,Комнаты не разобраны,оставить,2600000.0
113661,Komple Bina,16553250.0,,+,,8,Manisa/Turgutlu/Selvilitepe,USD,Комнаты не разобраны,оставить,2500000.0
1338,Komple Bina,16200000.0,,+,,5,İstanbul/Esenyurt/Zafer,TRY,Комнаты не разобраны,оставить,16200000.0
1390,Komple Bina,16200000.0,,+,,5,İstanbul/Esenyurt/Zafer,TRY,Комнаты не разобраны,оставить,16200000.0
6732,Komple Bina,16000000.0,1030.0,+,,4,İstanbul/Üsküdar/Salacak,TRY,Комнаты не разобраны,оставить,16000000.0
28596,Komple Bina,16000000.0,450.0,+,,5,İstanbul/Esenyurt/Turgut Özal,TRY,Комнаты не разобраны,оставить,16000000.0
370825,Komple Bina,16000000.0,,+,,9,İstanbul/Kadıköy/Osmanağa,TRY,Комнаты не разобраны,оставить,16000000.0
378802,Komple Bina,14100000.0,210.0,+,,5,İstanbul/Zeytinburnu/Telsiz,TRY,Комнаты не разобраны,оставить,14100000.0
381830,Komple Bina,14100000.0,210.0,+,,5,İstanbul/Zeytinburnu/Telsiz,TRY,Комнаты не разобраны,оставить,14100000.0
383052,Komple Bina,14100000.0,210.0,+,,5,İstanbul/Zeytinburnu/Telsiz,TRY,Комнаты не разобраны,оставить,14100000.0
385570,Komple Bina,14100000.0,210.0,+,,5,İstanbul/Zeytinburnu/Telsiz,TRY,Комнаты не разобраны,оставить,14100000.0
386442,Komple Bina,14100000.0,210.0,+,,5,İstanbul/Zeytinburnu/Telsiz,TRY,Комнаты не разобраны,оставить,14100000.0
393729,Komple Bina,14100000.0,210.0,+,,5,İstanbul/Zeytinburnu/Telsiz,TRY,Комнаты не разобраны,оставить,14100000.0
339716,Daire,14000000.0,,4+1,7,6,İstanbul/Şişli/Harbiye,TRY,Этаж выше этажности,оставить,14000000.0
237552,Yalı Dairesi,13750000.0,270.0,4+2,4,3,İstanbul/Beykoz/Göztepe,TRY,Этаж выше этажности,оставить,13750000.0
33130,Villa,13500000.0,4.0,5+3,,3,İstanbul/Çatalca/Kaleiçi,TRY,Площадь < 15 м²,оставить,13500000.0
103999,Komple Bina,13500000.0,2000.0,+,,6,İstanbul/Kadıköy/Sahrayı Cedit,TRY,Комнаты не разобраны,оставить,13500000.0
104353,Komple Bina,13500000.0,2000.0,+,,6,İstanbul/Kadıköy/Sahrayı Cedit,TRY,Комнаты не разобраны,оставить,13500000.0
104539,Komple Bina,13500000.0,,+,,6,İstanbul/Şişli/Kaptan Paşa,TRY,Комнаты не разобраны,оставить,13500000.0
386512,Komple Bina,13257250.0,450.0,+,,,İstanbul/Beşiktaş/Bebek,USD,Комнаты не разобраны,оставить,2500000.0
399466,Komple Bina,13257250.0,450.0,+,,,İstanbul/Beşiktaş/Bebek,USD,Комнаты не разобраны,оставить,2500000.0
327926,Komple Bina,13250000.0,,+,,6,İstanbul/Güngören/Mehmet Nesih Özmen,TRY,Комнаты не разобраны,оставить,13250000.0
25956,Komple Bina,13000000.0,,+,,4,Antalya/Muratpaşa/Selçuk,TRY,Комнаты не разобраны,оставить,13000000.0
29266,Komple Bina,13000000.0,260.0,+,,4,Antalya/Muratpaşa/Selçuk,TRY,Комнаты не разобраны,оставить,13000000.0
106195,Komple Bina,13000000.0,750.0,+,,2,Gaziantep/Şehitkamil/Güvenevler,TRY,Комнаты не разобраны,оставить,13000000.0
108181,Komple Bina,13000000.0,300.0,+,,4,İstanbul/Bakırköy/Yeşilköy,TRY,Комнаты не разобраны,оставить,13000000.0
108595,Komple Bina,13000000.0,300.0,+,,4,İstanbul/Bakırköy/Yeşilköy,TRY,Комнаты не разобраны,оставить,13000000.0
111957,Komple Bina,13000000.0,300.0,+,,4,İstanbul/Bakırköy/Yeşilköy,TRY,Комнаты не разобраны,оставить,13000000.0
358463,Komple Bina,13000000.0,900.0,+,,5,İstanbul/Eyüpsultan/Mimar Sinan,TRY,Комнаты не разобраны,оставить,13000000.0
25696,Villa,12917630.0,,+,,3,İstanbul/Üsküdar/Çengelköy,USD,Комнаты не разобраны,оставить,2150000.0
107171,Komple Bina,12750000.0,,+,,6,İstanbul/Kadıköy/Sahrayı Cedit,TRY,Комнаты не разобраны,оставить,12750000.0
33180,Komple Bina,12500000.0,600.0,+,,5,İzmir/Karşıyaka/Yalı,TRY,Комнаты не разобраны,оставить,12500000.0
90941,Komple Bina,12500000.0,900.0,+,,7,İstanbul/Kağıthane/Sultan Selim,TRY,Комнаты не разобраны,оставить,12500000.0
115455,Komple Bina,12500000.0,1044.0,+,,7,İstanbul/Kağıthane/Sultan Selim,TRY,Комнаты не разобраны,оставить,12500000.0
95047,Komple Bina,12000000.0,,+,,3,İstanbul/Sultangazi/Uğur Mumcu,TRY,Комнаты не разобраны,оставить,12000000.0
96693,Komple Bina,12000000.0,,+,,4,İstanbul/Bakırköy/Cevizlik,TRY,Комнаты не разобраны,оставить,12000000.0
98975,Komple Bina,12000000.0,550.0,+,,4,İstanbul/Bakırköy/Cevizlik,TRY,Комнаты не разобраны,оставить,12000000.0
108611,Komple Bina,12000000.0,500.0,+,,4,İstanbul/Bakırköy/Cevizlik,TRY,Комнаты не разобраны,оставить,12000000.0
109075,Komple Bina,12000000.0,500.0,+,,4,İstanbul/Bakırköy/Cevizlik,TRY,Комнаты не разобраны,оставить,12000000.0
110113,Komple Bina,12000000.0,,+,,5,İstanbul/Maltepe/Girne,TRY,Комнаты не разобраны,оставить,12000000.0
113369,Komple Bina,12000000.0,500.0,+,,4,İstanbul/Bakırköy/Cevizlik,TRY,Комнаты не разобраны,оставить,12000000.0
115393,Komple Bina,12000000.0,,+,,3,İstanbul/Sultangazi/Uğur Mumcu,TRY,Комнаты не разобраны,оставить,12000000.0
343784,Daire,12000000.0,550.0,6+2,4,3,İstanbul/Sarıyer/Büyükdere,TRY,Этаж выше этажности,оставить,12000000.0
389910,Köşk / Konak / Yalı,12000000.0,,+,,,İstanbul/Kadıköy/Göztepe,TRY,Комнаты не разобраны,оставить,12000000.0
98793,Komple Bina,11500000.0,650.0,+,,4,İstanbul/Fatih/Küçük Ayasofya,TRY,Комнаты не разобраны,оставить,11500000.0
110713,Komple Bina,11500000.0,,+,,5,İstanbul/Ataşehir/İnönü,TRY,Комнаты не разобраны,оставить,11500000.0
7626,Komple Bina,11400000.0,508.0,+,,3,İstanbul/Bakırköy/Şenlikköy,TRY,Комнаты не разобраны,оставить,11400000.0
391030,Çiftlik Evi,11226800.0,,+,,,İstanbul/Şile/Yeniköy,USD,Комнаты не разобраны,оставить,2000000.0
106051,Komple Bina,11150000.0,570.0,+,,3,İstanbul/Bağcılar/Çınar,TRY,Комнаты не разобраны,оставить,11150000.0
42082,Villa,11000000.0,29000.0,5+1,Müstakil,2,İstanbul/Silivri/Alipaşa,TRY,Площадь > 3 000 м²,оставить,11000000.0
110697,Komple Bina,11000000.0,250.0,+,,4,İstanbul/Pendik/Güzelyalı,TRY,Комнаты не разобраны,оставить,11000000.0
103995,Köşk / Konak / Yalı,10659652.006000001,336684.0,4+2,,20 ve üzeri,Ankara/Elmadağ/Hasanoğlan Havuzbaşı,EUR,"Площадь > 3 000 м², Площадь > 100 000 м²",оставить,1750066.0
1834,Komple Bina,10500000.0,1190.0,+,,4,İstanbul/Beşiktaş/Mecidiye,TRY,Комнаты не разобраны,оставить,10500000.0
94761,Komple Bina,10500000.0,650.0,+,,6,İstanbul/Üsküdar/Burhaniye,TRY,Комнаты не разобраны,оставить,10500000.0
97771,Komple Bina,10500000.0,390.0,+,,5,Samsun/Çarşamba/Sarıcalı,TRY,Комнаты не разобраны,оставить,10500000.0
92653,Komple Bina,10000000.0,1400.0,+,,4,İstanbul/Güngören/Tozkoparan,TRY,Комнаты не разобраны,оставить,10000000.0
92803,Komple Bina,10000000.0,3086.0,+,,6,Ankara/Çankaya/Huzur,TRY,"Площадь > 3 000 м², Комнаты не разобраны",оставить,10000000.0
93909,Komple Bina,10000000.0,,+,,4,İstanbul/Güngören/Tozkoparan,TRY,Комнаты не разобраны,оставить,10000000.0
94549,Komple Bina,10000000.0,,+,,4,İstanbul/Güngören/Tozkoparan,TRY,Комнаты не разобраны,оставить,10000000.0
97695,Komple Bina,10000000.0,544.0,+,,3,İstanbul/Beykoz/Kanlıca,TRY,Комнаты не разобраны,оставить,10000000.0
98185,Komple Bina,10000000.0,1400.0,+,,4,İstanbul/Güngören/Tozkoparan,TRY,Комнаты не разобраны,оставить,10000000.0
98489,Komple Bina,10000000.0,200.0,+,,4,İstanbul/Beyoğlu/Pürtelaş Hasan Efendi,TRY,Комнаты не разобраны,оставить,10000000.0
99111,Komple Bina,10000000.0,200.0,+,,4,İstanbul/Beyoğlu/Pürtelaş Hasan Efendi,TRY,Комнаты не разобраны,оставить,10000000.0
101247,Müstakil Ev,10000000.0,3388.0,10+0,Komple,3,İstanbul/Adalar/Maden,TRY,Площадь > 3 000 м²,оставить,10000000.0
101947,Müstakil Ev,10000000.0,3388.0,10+0,Komple,3,İstanbul/Adalar/Maden,TRY,Площадь > 3 000 м²,оставить,10000000.0
103803,Komple Bina,10000000.0,,+,,4,İstanbul/Güngören/Tozkoparan,TRY,Комнаты не разобраны,оставить,10000000.0
104641,Komple Bina,10000000.0,,+,,4,İstanbul/Güngören/Tozkoparan,TRY,Комнаты не разобраны,оставить,10000000.0
107527,Komple Bina,10000000.0,1400.0,+,,4,İstanbul/Güngören/Tozkoparan,TRY,Комнаты не разобраны,оставить,10000000.0
109969,Komple Bina,10000000.0,460.0,+,,3,İstanbul/Üsküdar/Beylerbeyi,TRY,Комнаты не разобраны,оставить,10000000.0
112181,Komple Bina,10000000.0,1400.0,+,,4,İstanbul/Güngören/Tozkoparan,TRY,Комнаты не разобраны,оставить,10000000.0
129775,Villa,10000000.0,1.0,3+1,Müstakil,2,İstanbul/Tuzla/Postane,TRY,Площадь < 15 м²,оставить,10000000.0
32336,Komple Bina,9990000.0,1350.0,+,,5,Antalya/Kepez/Ulus,TRY,Комнаты не разобраны,оставить,9990000.0
326122,Komple Bina,9950000.0,2600.0,+,,5,İstanbul/Beylikdüzü/Gürpınar,TRY,Комнаты не разобраны,оставить,9950000.0
91269,Komple Bina,9700000.0,2700.0,+,,8,İstanbul/Beylikdüzü/Yakuplu,TRY,Комнаты не разобраны,оставить,9700000.0
27062,Komple Bina,9600000.0,,+,,6,İstanbul/Güngören/Mehmet Nesih Özmen,TRY,Комнаты не разобраны,оставить,9600000.0
109195,Villa,9600000.0,,+,,4,İstanbul/Kartal/Orhantepe,TRY,Комнаты не разобраны,оставить,9600000.0
93949,Komple Bina,9500000.0,200.0,+,,7,Trabzon/Ortahisar/Soğuksu,TRY,Комнаты не разобраны,оставить,9500000.0
1092,Komple Bina,9000000.0,16900.0,+,,2,Denizli/Pamukkale/Cankurtaran,TRY,"Площадь > 3 000 м², Комнаты не разобраны",оставить,9000000.0
128421,Villa,9000000.0,3.0,6+1,Müstakil,2,İstanbul/Büyükçekmece/Alkent 2000,TRY,Площадь < 15 м²,оставить,9000000.0
26473,Villa,8750000.0,2.0,6+2,Müstakil,2,İstanbul/Büyükçekmece/Celaliye,TRY,Площадь < 15 м²,оставить,8750000.0
93681,Komple Bina,8700000.0,550.0,+,,6,İstanbul/Avcılar/Merkez,TRY,Комнаты не разобраны,оставить,8700000.0
380630,Komple Bina,8518560.0,,+,,4,Antalya/Alanya/Oba,EUR,Комнаты не разобраны,оставить,1200000.0
27338,Komple Bina,8500000.0,1320.0,+,,5,Mersin/Erdemli/Tömük,TRY,Комнаты не разобраны,оставить,8500000.0
31474,Komple Bina,8250000.0,,+,,3,Bursa/Osmangazi/Akpınar,TRY,Комнаты не разобраны,оставить,8250000.0
34050,Komple Bina,8250000.0,,+,,3,Bursa/Osmangazi/Akpınar,TRY,Комнаты не разобраны,оставить,8250000.0
368395,Villa,8250000.0,4177.0,4+2,Müstakil,2,Muğla/Bodrum/Geriş,TRY,Площадь > 3 000 м²,оставить,8250000.0
98839,Komple Bina,8200000.0,,+,,6,İstanbul/Kağıthane/Gürsel,TRY,Комнаты не разобраны,оставить,8200000.0
7182,Komple Bina,8000000.0,250.0,+,,4,İstanbul/Üsküdar/Kuzguncuk,TRY,Комнаты не разобраны,оставить,8000000.0
7362,Komple Bina,8000000.0,250.0,+,,4,İstanbul/Üsküdar/Kuzguncuk,TRY,Комнаты не разобраны,оставить,8000000.0
7428,Komple Bina,8000000.0,245.0,+,,4,İstanbul/Üsküdar/Kuzguncuk,TRY,Комнаты не разобраны,оставить,8000000.0
7716,Komple Bina,8000000.0,245.0,+,,4,İstanbul/Üsküdar/Kuzguncuk,TRY,Комнаты не разобраны,оставить,8000000.0
30030,Çiftlik Evi,8000000.0,19999.0,7+1,,,İstanbul/Silivri/Gazitepe,TRY,Площадь > 3 000 м²,оставить,8000000.0
93755,Komple Bina,8000000.0,,+,,3,İstanbul/Fatih/Küçük Ayasofya,TRY,Комнаты не разобраны,оставить,8000000.0
114515,Komple Bina,8000000.0,,+,,3,İstanbul/Fatih/Küçük Ayasofya,TRY,Комнаты не разобраны,оставить,8000000.0
326466,Komple Bina,8000000.0,2350.0,+,,6,İstanbul/Güngören/Mehmet Nesih Özmen,TRY,Комнаты не разобраны,оставить,8000000.0
327002,Komple Bina,8000000.0,2350.0,+,,6,İstanbul/Güngören/Mehmet Nesih Özmen,TRY,Комнаты не разобраны,оставить,8000000.0
328336,Komple Bina,8000000.0,2350.0,+,,6,İstanbul/Güngören/Mehmet Nesih Özmen,TRY,Комнаты не разобраны,оставить,8000000.0
328954,Komple Bina,8000000.0,2350.0,+,,6,İstanbul/Güngören/Mehmet Nesih Özmen,TRY,Комнаты не разобраны,оставить,8000000.0
329392,Komple Bina,8000000.0,2350.0,+,,6,İstanbul/Güngören/Mehmet Nesih Özmen,TRY,Комнаты не разобраны,оставить,8000000.0
28054,Çiftlik Evi,7950000.0,10.0,7+3,,3,İstanbul/Büyükçekmece/Kamiloba,TRY,Площадь < 15 м²,оставить,7950000.0
6764,Komple Bina,7840000.0,,+,,6,İstanbul/Beyoğlu/Hacımimi,TRY,Комнаты не разобраны,оставить,7840000.0
91607,Komple Bina,7700000.0,1700.0,+,,7,İstanbul/Silivri/Piri Mehmet Paşa,TRY,Комнаты не разобраны,оставить,7700000.0
390548,Komple Bina,7600000.0,,+,,,Muğla/Bodrum/Gümüşlük,TRY,Комнаты не разобраны,оставить,7600000.0
728,Komple Bina,7500000.0,1144.0,+,,3,İzmir/Dikili/Çandarlı,TRY,Комнаты не разобраны,оставить,7500000.0
28344,Komple Bina,7500000.0,5900.0,+,,1,Aydın/Kuşadası/Bayraklıdede,TRY,"Площадь > 3 000 м², Комнаты не разобраны",оставить,7500000.0
97003,Komple Bina,7500000.0,380.0,+,,4,İstanbul/Ataşehir/Küçükbakkalköy,TRY,Комнаты не разобраны,оставить,7500000.0
104597,Komple Bina,7500000.0,1338.0,+,,6,İstanbul/Ümraniye/Armağanevler,TRY,Комнаты не разобраны,оставить,7500000.0
105189,Komple Bina,7500000.0,1000.0,+,,5,İstanbul/Ataşehir/Kayışdağı,TRY,Комнаты не разобраны,оставить,7500000.0
106275,Komple Bina,7500000.0,,+,,7,Trabzon/Ortahisar/Gülbaharhatun,TRY,Комнаты не разобраны,оставить,7500000.0
108081,Komple Bina,7500000.0,,+,,4,İstanbul/Üsküdar/Burhaniye,TRY,Комнаты не разобраны,оставить,7500000.0
110131,Komple Bina,7500000.0,,+,,5,Düzce/Merkez/Yörük Köyü,TRY,Комнаты не разобраны,оставить,7500000.0
113957,Komple Bina,7500000.0,1000.0,+,,5,İstanbul/Kadıköy/Erenköy,TRY,Комнаты не разобраны,оставить,7500000.0
114365,Komple Bina,7500000.0,,+,,7,Trabzon/Ortahisar/Gülbaharhatun,TRY,Комнаты не разобраны,оставить,7500000.0
365188,Daire,7090737.600000001,,4+1,14,7,İstanbul/Avcılar/Cihangir,GBP,Этаж выше этажности,оставить,976000.0
365434,Daire,7090737.600000001,,4+1,14,7,İstanbul/Avcılar/Cihangir,GBP,Этаж выше этажности,оставить,976000.0
366015,Daire,7090737.600000001,,4+1,14,7,İstanbul/Avcılar/Cihangir,GBP,Этаж выше этажности,оставить,976000.0
5535,Daire,7026511.6,,9+4,5,1,İstanbul/Avcılar/Cihangir,GBP,Этаж выше этажности,оставить,886000.0
25916,Komple Bina,7000000.0,,+,,2,Antalya/Muratpaşa/Güzeloba,TRY,Комнаты не разобраны,оставить,7000000.0
27520,Komple Bina,7000000.0,395.0,+,,6,İstanbul/Fatih/Hoca Paşa,TRY,Комнаты не разобраны,оставить,7000000.0
29036,Komple Bina,7000000.0,395.0,+,,6,İstanbul/Fatih/Hoca Paşa,TRY,Комнаты не разобраны,оставить,7000000.0
92601,Komple Bina,7000000.0,1000.0,+,,6,İstanbul/Bahçelievler/Şirinevler,TRY,Комнаты не разобраны,оставить,7000000.0
104029,Komple Bina,7000000.0,650.0,+,,6,İstanbul/Şişli/Fulya,TRY,Комнаты не разобраны,оставить,7000000.0
327488,Komple Bina,7000000.0,435.0,+,,9,Trabzon/Ortahisar/Yalıncak,TRY,Комнаты не разобраны,оставить,7000000.0
112235,Komple Bina,6850000.0,,+,,5,İstanbul/Ümraniye/Atakent,TRY,Комнаты не разобраны,оставить,6850000.0
114179,Komple Bina,6850000.0,,+,,5,İstanbul/Şişli/İnönü,TRY,Комнаты не разобраны,оставить,6850000.0
95829,Komple Bina,6750000.0,640.0,+,,4,İstanbul/Şişli/İnönü,TRY,Комнаты не разобраны,оставить,6750000.0
98935,Komple Bina,6750000.0,380.0,+,,4,İstanbul/Sultanbeyli/Abdurrahmangazi,TRY,Комнаты не разобраны,оставить,6750000.0
105933,Komple Bina,6750000.0,1500.0,+,,3,Antalya/Konyaaltı/Molla Yusuf,TRY,Комнаты не разобраны,оставить,6750000.0
114157,Komple Bina,6750000.0,,+,,5,İstanbul/Kartal/Cevizli,TRY,Комнаты не разобраны,оставить,6750000.0
17720,Villa,6621000.0,9000.0,4+2,Komple,2,Çanakkale/Ayvacık/Kozlu Köyü,TRY,Площадь > 3 000 м²,оставить,6621000.0
125937,Villa,6600000.0,1.0,7+2,Müstakil,2,İstanbul/Büyükçekmece/Alkent 2000,TRY,Площадь < 15 м²,оставить,6600000.0
326410,Komple Bina,6600000.0,2100.0,+,,7,Trabzon/Ortahisar/2 Nolu Beşirli,TRY,Комнаты не разобраны,оставить,6600000.0
93061,Komple Bina,6500000.0,2250.0,+,,6,Bursa/Nilüfer/Beşevler,TRY,Комнаты не разобраны,оставить,6500000.0
112295,Komple Bina,6500000.0,,+,,5,Samsun/Atakum/Yenimahalle,TRY,Комнаты не разобраны,оставить,6500000.0
349311,Komple Bina,6500000.0,,+,,3,Adıyaman/Merkez/Turgut Reis,TRY,Комнаты не разобраны,оставить,6500000.0
349607,Çiftlik Evi,6500000.0,18000.0,3+1,,2,Çanakkale/Bayramiç/Kutluoba Köyü,TRY,Площадь > 3 000 м²,оставить,6500000.0
396916,Komple Bina,6500000.0,,+,,,Muğla/Menteşe/Kötekli,TRY,Комнаты не разобраны,оставить,6500000.0
7232,Komple Bina,6350000.0,161.0,+,,4,İstanbul/Fatih/Akşemsettin,TRY,Комнаты не разобраны,оставить,6350000.0
421,Daire,6332902.7762,81191.0,10+0,Giriş Katı,5,İstanbul/Sarıyer/Zekeriyaköy,GBP,Площадь > 3 000 м²,оставить,937222.0
358141,Komple Bina,6300000.0,4900.0,+,,5,Trabzon/Ortahisar/Konaklar,TRY,"Площадь > 3 000 м², Комнаты не разобраны",оставить,6300000.0
358167,Komple Bina,6300000.0,4900.0,+,,5,Trabzon/Ortahisar/Konaklar,TRY,"Площадь > 3 000 м², Комнаты не разобраны",оставить,6300000.0
399432,Daire,6264404.5542,94797.0,1+1,,,Düzce/Çilimli/Arabacı,GBP,Площадь > 3 000 м²,оставить,927222.0
112733,Komple Bina,6200000.0,,+,,5,İstanbul/Kartal/Atalar,TRY,Комнаты не разобраны,оставить,6200000.0
372222,Daire,6190261.0,161912.0,10+0,Kot 4,8,İstanbul/Avcılar/Cihangir,EUR,"Площадь > 3 000 м², Площадь > 100 000 м²",оставить,935000.0
372277,Daire,6190261.0,161912.0,10+0,Kot 4,8,İstanbul/Avcılar/Cihangir,EUR,"Площадь > 3 000 м², Площадь > 100 000 м²",оставить,935000.0
372446,Daire,6190261.0,161912.0,10+0,Kot 4,8,İstanbul/Avcılar/Cihangir,EUR,"Площадь > 3 000 м², Площадь > 100 000 м²",оставить,935000.0
372452,Daire,6190261.0,161912.0,10+0,Kot 4,8,İstanbul/Avcılar/Cihangir,EUR,"Площадь > 3 000 м², Площадь > 100 000 м²",оставить,935000.0
31293,Daire,6125320.4196,207309.0,7+1,Bahçe katı,10,Ankara/Elmadağ/Hasanoğlan Havuzbaşı,GBP,"Площадь > 3 000 м², Площадь > 100 000 м²",оставить,899222.0
1060,Çiftlik Evi,6000000.0,9980.0,10+0,,2,Tekirdağ/Saray/Güngörmez,TRY,Площадь > 3 000 м²,оставить,6000000.0
33418,Çiftlik Evi,6000000.0,19999.0,4+1,,10-20 arası,İstanbul/Silivri/Alibey,TRY,Площадь > 3 000 м²,оставить,6000000.0
91547,Komple Bina,6000000.0,,+,,8,İstanbul/Fatih/Cerrahpaşa,TRY,Комнаты не разобраны,оставить,6000000.0
109751,Komple Bina,6000000.0,170.0,+,,4,Mersin/Mezitli/Viranşehir,TRY,Комнаты не разобраны,оставить,6000000.0
110405,Komple Bina,6000000.0,175.0,+,,4,Mersin/Mezitli/Viranşehir,TRY,Комнаты не разобраны,оставить,6000000.0
112793,Komple Bina,6000000.0,,+,,8,İstanbul/Fatih/Cerrahpaşa,TRY,Комнаты не разобраны,оставить,6000000.0
113665,Komple Bina,6000000.0,,+,,8,İstanbul/Fatih/Cerrahpaşa,TRY,Комнаты не разобраны,оставить,6000000.0
115203,Komple Bina,6000000.0,,+,,8,İstanbul/Fatih/Cerrahpaşa,TRY,Комнаты не разобраны,оставить,6000000.0
115341,Komple Bina,6000000.0,,+,,8,İstanbul/Fatih/Cerrahpaşa,TRY,Комнаты не разобраны,оставить,6000000.0
327314,Komple Bina,6000000.0,,+,,5,Trabzon/Ortahisar/Kalkınma,TRY,Комнаты не разобраны,оставить,6000000.0
328638,Komple Bina,6000000.0,,+,,5,Trabzon/Ortahisar/Kalkınma,TRY,Комнаты не разобраны,оставить,6000000.0
370553,Komple Bina,6000000.0,297.0,+,,4,Trabzon/Ortahisar/Gazipaşa,TRY,Комнаты не разобраны,оставить,6000000.0
389589,Komple Bina,6000000.0,8450.0,+,,1,Eskişehir/Odunpazarı/75. Yıl OSB,TRY,"Площадь > 3 000 м², Комнаты не разобраны",оставить,6000000.0
326672,Komple Bina,5900000.0,,+,,5,Ankara/Çankaya/Aziziye,TRY,Комнаты не разобраны,оставить,5900000.0
327940,Komple Bina,5900000.0,,+,,5,Ankara/Çankaya/Aziziye,TRY,Комнаты не разобраны,оставить,5900000.0
328302,Komple Bina,5900000.0,,+,,5,Ankara/Çankaya/Aziziye,TRY,Комнаты не разобраны,оставить,5900000.0
329404,Komple Bina,5900000.0,,+,,5,Ankara/Çankaya/Aziziye,TRY,Комнаты не разобраны,оставить,5900000.0
311124,Villa,5899999.0,1.0,10+1,Müstakil,3,İstanbul/Büyükçekmece/Alkent 2000,TRY,Площадь < 15 м²,оставить,5899999.0
318087,Villa,5899999.0,1.0,10+1,Müstakil,3,İstanbul/Büyükçekmece/Alkent 2000,TRY,Площадь < 15 м²,оставить,5899999.0
391489,Komple Bina,5804810.0,85.0,+,,5,İstanbul/Beyoğlu/Tomtom,USD,Комнаты не разобраны,оставить,1100000.0
302480,Rezidans,5800000.0,,4+1,5,2,İstanbul/Beşiktaş/Levazım,TRY,Этаж выше этажности,оставить,5800000.0
95008,Daire,5621247.2195999995,633.0,9+2,14,4,Ankara/Elmadağ/Hasanoğlan Havuzbaşı,GBP,Этаж выше этажности,оставить,825222.0
297488,Daire,5616625.0,,9+1,15,8,İstanbul/Avcılar/Cihangir,GBP,Этаж выше этажности,оставить,686000.0
298060,Daire,5616625.0,,9+1,15,8,İstanbul/Avcılar/Cihangir,GBP,Этаж выше этажности,оставить,686000.0
298120,Daire,5616625.0,,9+1,15,8,İstanbul/Avcılar/Cihangir,GBP,Этаж выше этажности,оставить,686000.0
369285,Rezidans,5608107.603999999,34.0,9+3,18,4,İstanbul/Fatih/Sarıdemir,EUR,Этаж выше этажности,оставить,930343.0
6936,Daire,5592145.3788,42262.0,9+2,11,2,Elazığ/Merkez/Değirmenönü Köyü,GBP,"Площадь > 3 000 м², Этаж выше этажности",оставить,835222.0
29602,Komple Bina,5500000.0,,+,,3,Muğla/Bodrum/Torba,TRY,Комнаты не разобраны,оставить,5500000.0
31462,Komple Bina,5500000.0,1400.0,+,,4,Antalya/Konyaaltı/Toros,TRY,Комнаты не разобраны,оставить,5500000.0
87397,Villa,5500000.0,10000.0,6+1,Müstakil,2,İstanbul/Silivri/Akören,TRY,Площадь > 3 000 м²,оставить,5500000.0
106307,Komple Bina,5500000.0,270.0,+,,6,İstanbul/Beyoğlu/Gümüşsuyu,TRY,Комнаты не разобраны,оставить,5500000.0
350339,Komple Bina,5500000.0,575.0,+,,3,Trabzon/Ortahisar/Pazarkapı,TRY,Комнаты не разобраны,оставить,5500000.0
366351,Komple Bina,5500000.0,1100.0,+,,5,Antalya/Muratpaşa/Çağlayan,TRY,Комнаты не разобраны,оставить,5500000.0
377083,Villa,5500000.0,4212.0,3+1,Müstakil,1,Muğla/Bodrum/Yalıkavak,TRY,Площадь > 3 000 м²,оставить,5500000.0
386063,Villa,5500000.0,4212.0,3+1,Müstakil,1,Muğla/Bodrum/Yalıkavak,TRY,Площадь > 3 000 м²,оставить,5500000.0
374995,Daire,5448154.1585,84987.0,6+1,2,7,Ankara/Elmadağ/Hasanoğlan Havuzbaşı,EUR,Площадь > 3 000 м²,оставить,904333.0
93409,Komple Bina,5300000.0,,+,,6,Trabzon/Ortahisar/Pelitli,TRY,Комнаты не разобраны,оставить,5300000.0
106807,Komple Bina,5300000.0,,+,,6,Trabzon/Ortahisar/Pelitli,TRY,Комнаты не разобраны,оставить,5300000.0
127591,Villa,5300000.0,1.0,5+2,Müstakil,3,İstanbul/Beykoz/Çiftlik,TRY,Площадь < 15 м²,оставить,5300000.0
326203,Villa,5300000.0,4565.0,5+1,2,2,Muğla/Dalaman/Atakent,TRY,Площадь > 3 000 м²,оставить,5300000.0
347709,Villa,5300000.0,4565.0,5+1,2,2,Muğla/Dalaman/Atakent,TRY,Площадь > 3 000 м²,оставить,5300000.0
347935,Villa,5300000.0,4565.0,5+1,2,2,Muğla/Dalaman/Atakent,TRY,Площадь > 3 000 м²,оставить,5300000.0
400164,Villa,5278100.0,,+,,,İzmir/Çeşme/Musalla,USD,Комнаты не разобраны,оставить,1000000.0
395176,Komple Bina,5263800.0,1950.0,+,,,İstanbul/Beykoz/Elmalı,USD,Комнаты не разобраны,оставить,1000000.0
108,Komple Bina,5257323.8982,225.0,+,,6,Ankara/Elmadağ/Hasanoğlan Havuzbaşı,GBP,Комнаты не разобраны,оставить,757878.0
260,Komple Bina,5257323.8982,225.0,+,,6,Ankara/Elmadağ/Hasanoğlan Havuzbaşı,GBP,Комнаты не разобраны,оставить,757878.0
96231,Komple Bina,5250000.0,165.0,+,,6,Trabzon/Ortahisar/Pelitli,TRY,Комнаты не разобраны,оставить,5250000.0
386290,Komple Bina,5250000.0,1461.0,+,,5,İzmir/Buca/İnkılap,TRY,Комнаты не разобраны,оставить,5250000.0
50386,Rezidans,5211119.0052,2461.0,6+1,14,4,Ankara/Elmadağ/Hasanoğlan Havuzbaşı,USD,Этаж выше этажности,оставить,969222.0
111351,Komple Bina,5200000.0,,+,,2,İstanbul/Maltepe/Çınar,TRY,Комнаты не разобраны,оставить,5200000.0
19399,Komple Bina,5198000.0,,+,,4,Antalya/Kepez/Ahatlı,TRY,Комнаты не разобраны,оставить,5198000.0
30146,Daire,5196944.4,785474.0,3+2,10,10-20 arası,Ankara/Elmadağ/Hasanoğlan Havuzbaşı,EUR,"Площадь > 3 000 м², Площадь > 100 000 м²",оставить,852000.0
98723,Komple Bina,5164900.0,149.0,+,,10,Mersin/Mezitli/Yeni,USD,Комнаты не разобраны,оставить,1000000.0
19433,Daire,5152110.7396,107319.0,4+1,9,5,Ankara/Elmadağ/Hasanoğlan Havuzbaşı,GBP,"Площадь > 3 000 м², Площадь > 100 000 м², Этаж выше этажности",оставить,772222.0
7600,Komple Bina,5000000.0,,+,,5,İstanbul/Beyoğlu/Hacımimi,TRY,Комнаты не разобраны,оставить,5000000.0
25518,Komple Bina,5000000.0,,+,,3,Antalya/Muratpaşa/Fener,TRY,Комнаты не разобраны,оставить,5000000.0
25888,Komple Bina,5000000.0,1650.0,+,,8,Antalya/Muratpaşa/Kışla,TRY,Комнаты не разобраны,оставить,5000000.0
28548,Komple Bina,5000000.0,,+,,3,Çanakkale/Ayvacık/Ahmetçe Köyü,TRY,Комнаты не разобраны,оставить,5000000.0
30364,Komple Bina,5000000.0,400.0,+,,2,Muğla/Bodrum/Gümüşlük,TRY,Комнаты не разобраны,оставить,5000000.0
108791,Komple Bina,5000000.0,900.0,+,,3,Sakarya/Sapanca/Kırkpınar Hasanpaşa,TRY,Комнаты не разобраны,оставить,5000000.0
109763,Komple Bina,5000000.0,,+,,2,Sakarya/Sapanca/Kırkpınar Hasanpaşa,TRY,Комнаты не разобраны,оставить,5000000.0
363755,Çiftlik Evi,5000000.0,200000.0,4+3,,2,İstanbul/Çatalca/Ovayenice,TRY,"Площадь > 3 000 м², Площадь > 100 000 м²",оставить,5000000.0
94289,Komple Bina,4950000.0,450.0,+,,6,İstanbul/Esenyurt/Güzelyurt,TRY,Комнаты не разобраны,оставить,4950000.0
108261,Komple Bina,4950000.0,564.0,+,,5,İstanbul/Fatih/Atikali,TRY,Комнаты не разобраны,оставить,4950000.0
113733,Komple Bina,4900000.0,,+,,1,İstanbul/Zeytinburnu/Maltepe,TRY,Комнаты не разобраны,оставить,4900000.0
94275,Komple Bina,4800000.0,380.0,+,,6,İstanbul/Beylikdüzü/Cumhuriyet,TRY,Комнаты не разобраны,оставить,4800000.0
106737,Komple Bina,4800000.0,115.0,+,,6,İstanbul/Beylikdüzü/Yakuplu,TRY,Комнаты не разобраны,оставить,4800000.0
327972,Daire,4786191.399999999,,9+5,9,7,İstanbul/Avcılar/Cihangir,GBP,Этаж выше этажности,оставить,614000.0
83773,Villa,4750000.0,1.0,10+0,Müstakil,4,Kayseri/Melikgazi/Becen,TRY,Площадь < 15 м²,оставить,4750000.0
348303,Çiftlik Evi,4750000.0,11000.0,10+0,,3,İstanbul/Çatalca/Subaşı,TRY,Площадь > 3 000 м²,оставить,4750000.0
357333,Daire,4682670.3,101824.0,9+5,Asma Kat,2,İstanbul/Beylikdüzü/Yakuplu,GBP,"Площадь > 3 000 м², Площадь > 100 000 м²",оставить,693000.0
74802,Villa,4675000.0,1.0,7+2,Bahçe katı,2,Sakarya/Serdivan/Kuruçeşme,TRY,Площадь < 15 м²,оставить,4675000.0
32714,Komple Bina,4671525.0,,+,,6,İstanbul/Fatih/Aksaray,USD,Комнаты не разобраны,оставить,750000.0
33604,Komple Bina,4671525.0,,+,,6,İstanbul/Fatih/Aksaray,USD,Комнаты не разобраны,оставить,750000.0
108579,Komple Bina,4650000.0,,+,,4,Malatya/Yeşilyurt/Özalper,TRY,Комнаты не разобраны,оставить,4650000.0
390,Daire,4629283.788799999,608860.0,8+3,7,4,İstanbul/Beylikdüzü/Yakuplu,USD,"Площадь > 3 000 м², Площадь > 100 000 м², Этаж выше этажности",оставить,865222.0
97747,Komple Bina,4600000.0,395.0,+,,6,İstanbul/Fatih/Mimar Hayrettin,TRY,Комнаты не разобраны,оставить,4600000.0
367279,Daire,4558606.4196,1.0,7+3,Kot 3,4,Ankara/Elmadağ/Hasanoğlan Havuzbaşı,GBP,Площадь < 15 м²,оставить,669222.0
92165,Komple Bina,4500000.0,,+,,4,Kocaeli/Kartepe/Dumlupınar,TRY,Комнаты не разобраны,оставить,4500000.0
92675,Komple Bina,4500000.0,,+,,4,Yalova/Çınarcık/Taşliman,TRY,Комнаты не разобраны,оставить,4500000.0
97389,Komple Bina,4500000.0,,+,,4,İstanbul/Sancaktepe/Kemal Türkler,TRY,Комнаты не разобраны,оставить,4500000.0
107141,Komple Bina,4500000.0,350.0,+,,4,İstanbul/Kadıköy/Rasimpaşa,TRY,Комнаты не разобраны,оставить,4500000.0
114213,Komple Bina,4500000.0,,+,,5,İzmir/Bornova/Evka 3,TRY,Комнаты не разобраны,оставить,4500000.0
329064,Komple Bina,4500000.0,1736.0,+,,7,Eskişehir/Tepebaşı/Yenibağlar,TRY,Комнаты не разобраны,оставить,4500000.0
370995,Çiftlik Evi,4500000.0,6495.0,6+1,,2,İstanbul/Silivri/Ortaköy,TRY,Площадь > 3 000 м²,оставить,4500000.0
388118,Komple Bina,4500000.0,170.0,+,,,İstanbul/Beşiktaş/Arnavutköy,TRY,Комнаты не разобраны,оставить,4500000.0
397044,Komple Bina,4500000.0,420.0,+,,,İstanbul/Üsküdar/Çengelköy,TRY,Комнаты не разобраны,оставить,4500000.0
107483,Komple Bina,4495000.0,,+,,4,Sakarya/Adapazarı/Yenigün,TRY,Комнаты не разобраны,оставить,4495000.0
107973,Komple Bina,4495000.0,,+,,4,Sakarya/Adapazarı/Yenigün,TRY,Комнаты не разобраны,оставить,4495000.0
109185,Komple Bina,4495000.0,,+,,4,Sakarya/Adapazarı/Yenigün,TRY,Комнаты не разобраны,оставить,4495000.0
363988,Daire,4410055.0006,83224.0,8+3,13,5,İstanbul/Güngören/Sanayi,USD,"Площадь > 3 000 м², Этаж выше этажности",оставить,802222.0
391580,Daire,4343333.0,1.0,2+2,,,Ankara/Elmadağ/Hasanoğlan Havuzbaşı,TRY,Площадь < 15 м²,оставить,4343333.0
29382,Komple Bina,4300000.0,300.0,+,,7,İstanbul/Fatih/İskenderpaşa,TRY,Комнаты не разобраны,оставить,4300000.0
98753,Komple Bina,4300000.0,1650.0,+,,4,İstanbul/Silivri/Selimpaşa,TRY,Комнаты не разобраны,оставить,4300000.0
8924,Daire,4296322.8,31207.0,8+3,12,5,İstanbul/Avcılar/Cihangir,EUR,"Площадь > 3 000 м², Этаж выше этажности",оставить,693000.0
12519,Daire,4296322.8,31207.0,8+3,12,5,İstanbul/Avcılar/Cihangir,EUR,"Площадь > 3 000 м², Этаж выше этажности",оставить,693000.0
16686,Daire,4296322.8,31207.0,8+3,12,5,İstanbul/Avcılar/Cihangir,EUR,"Площадь > 3 000 м², Этаж выше этажности",оставить,693000.0
97323,Komple Bina,4288880.0,100.0,+,,,İstanbul/Fatih/Şehremini,USD,Комнаты не разобраны,оставить,800000.0
1544,Komple Bina,4250000.0,143.0,+,,4,İstanbul/Fatih/Süleymaniye,TRY,Комнаты не разобраны,оставить,4250000.0
29728,Komple Bina,4250000.0,555.0,+,,4,Antalya/Muratpaşa/Fener,TRY,Комнаты не разобраны,оставить,4250000.0
31938,Komple Bina,4250000.0,,+,,2,İstanbul/Fatih/Hobyar,TRY,Комнаты не разобраны,оставить,4250000.0
94029,Komple Bina,4250000.0,1500.0,+,,4,Ankara/Etimesgut/Bağlıca,TRY,Комнаты не разобраны,оставить,4250000.0
98923,Komple Bina,4250000.0,599.0,+,,3,İstanbul/Üsküdar/Kısıklı,TRY,Комнаты не разобраны,оставить,4250000.0
98953,Komple Bina,4250000.0,1050.0,+,,3,Bursa/Osmangazi/Demirtaş Dumlupınar,TRY,Комнаты не разобраны,оставить,4250000.0
328380,Komple Bina,4250000.0,,+,,6,Denizli/Pamukkale/Topraklık,TRY,Комнаты не разобраны,оставить,4250000.0
17600,Komple Bina,4200000.0,1500.0,+,,4,Isparta/Merkez/İskender,TRY,Комнаты не разобраны,оставить,4200000.0
109789,Komple Bina,4200000.0,,+,,3,Sakarya/Pamukova/Yenice,TRY,Комнаты не разобраны,оставить,4200000.0
390203,Komple Bina,4200000.0,950.0,+,,,İstanbul/Bahçelievler/Soğanlı,TRY,Комнаты не разобраны,оставить,4200000.0
95461,Komple Bina,4184924.0,,+,,6,İstanbul/Beyoğlu/Cihangir,USD,Комнаты не разобраны,оставить,680000.0
381008,Daire,4108113.8545999997,76169.0,2+1,,,Giresun/Çanakçı/Orta,GBP,Площадь > 3 000 м²,оставить,608222.0
401729,Daire,4108113.8545999997,76169.0,2+1,,,Giresun/Çanakçı/Orta,GBP,Площадь > 3 000 м²,оставить,608222.0
105855,Komple Bina,4100000.0,55.0,+,,5,Bolu/Merkez/Borazanlar,TRY,Комнаты не разобраны,оставить,4100000.0
128374,Villa,4100000.0,6090.0,7+2,Müstakil,3,İstanbul/Çatalca/Ovayenice,TRY,Площадь > 3 000 м²,оставить,4100000.0
128774,Villa,4100000.0,6090.0,7+2,Müstakil,3,İstanbul/Çatalca/Ovayenice,TRY,Площадь > 3 000 м²,оставить,4100000.0
128777,Villa,4100000.0,6090.0,7+2,Müstakil,3,İstanbul/Çatalca/Ovayenice,TRY,Площадь > 3 000 м²,оставить,4100000.0
129036,Villa,4100000.0,6090.0,7+2,Müstakil,3,İstanbul/Çatalca/Ovayenice,TRY,Площадь > 3 000 м²,оставить,4100000.0
129053,Villa,4100000.0,6090.0,7+2,Müstakil,3,İstanbul/Çatalca/Ovayenice,TRY,Площадь > 3 000 м²,оставить,4100000.0
28158,Komple Bina,4000000.0,,+,,6,İstanbul/Fatih/Balabanağa,TRY,Комнаты не разобраны,оставить,4000000.0
28266,Komple Bina,4000000.0,265.0,+,,2,İzmir/Çeşme/Alaçatı,TRY,Комнаты не разобраны,оставить,4000000.0
29188,Çiftlik Evi,4000000.0,5500.0,6+2,,2,İstanbul/Çatalca/Çanakça,TRY,Площадь > 3 000 м²,оставить,4000000.0
29408,Komple Bina,4000000.0,,+,,6,İstanbul/Fatih/Balabanağa,TRY,Комнаты не разобраны,оставить,4000000.0
30652,Çiftlik Evi,4000000.0,5500.0,6+2,,2,İstanbul/Çatalca/Çanakça,TRY,Площадь > 3 000 м²,оставить,4000000.0
30768,Komple Bina,4000000.0,,+,,6,İstanbul/Fatih/Balabanağa,TRY,Комнаты не разобраны,оставить,4000000.0
32002,Komple Bina,4000000.0,,+,,6,İstanbul/Fatih/Balabanağa,TRY,Комнаты не разобраны,оставить,4000000.0
34038,Komple Bina,4000000.0,,+,,6,İstanbul/Fatih/Balabanağa,TRY,Комнаты не разобраны,оставить,4000000.0
34802,Çiftlik Evi,4000000.0,5500.0,6+2,,2,İstanbul/Çatalca/Çanakça,TRY,Площадь > 3 000 м²,оставить,4000000.0
98799,Komple Bina,4000000.0,,+,,5,İstanbul/Sultanbeyli/Necip Fazıl,TRY,Комнаты не разобраны,оставить,4000000.0
327706,Komple Bina,4000000.0,1450.0,+,,4,İstanbul/Beylikdüzü/Yakuplu,TRY,Комнаты не разобраны,оставить,4000000.0
329364,Komple Bina,4000000.0,3100.0,+,,6,Balıkesir/Karesi/Aygören,TRY,"Площадь > 3 000 м², Комнаты не разобраны",оставить,4000000.0
349677,Komple Bina,4000000.0,450.0,+,,3,Kocaeli/Karamürsel/Dereköy,TRY,Комнаты не разобраны,оставить,4000000.0
386856,Komple Bina,4000000.0,135.0,+,,5,Mersin/Mezitli/Seymenli,TRY,Комнаты не разобраны,оставить,4000000.0
370347,Komple Bina,3999999.0,,+,,4,Trabzon/Ortahisar/Akyazı,TRY,Комнаты не разобраны,оставить,3999999.0
27166,Komple Bina,3983525.0,520.0,+,,4,Antalya/Muratpaşa/Bayındır,EUR,Комнаты не разобраны,оставить,650000.0
491,Daire,3980544.4601999996,8602.0,6+2,15,1,İstanbul/Güngören/Sanayi,EUR,"Площадь > 3 000 м², Этаж выше этажности",оставить,660222.0
368461,Komple Bina,3904524.4905,200.0,+,,8,Ankara/Elmadağ/Hasanoğlan Havuzbaşı,USD,Комнаты не разобраны,оставить,722565.0
1056,Komple Bina,3901544.0,80.0,+,,4,KKTC/Gazimağusa/Karakol Mh.,GBP,Комнаты не разобраны,оставить,580000.0
28514,Komple Bina,3900000.0,,+,,3,Muğla/Bodrum/Akyarlar,TRY,Комнаты не разобраны,оставить,3900000.0
29026,Komple Bina,3900000.0,748.0,+,,3,Antalya/Muratpaşa/Şirinyalı,TRY,Комнаты не разобраны,оставить,3900000.0
155598,Rezidans,3817864.3788,514783.0,2+1,1,10-20 arası,İstanbul/Sarıyer/Maslak,GBP,"Площадь > 3 000 м², Площадь > 100 000 м²",оставить,570222.0
24506,Komple Bina,3800000.0,999.0,+,,5,Trabzon/Ortahisar/Konaklar,TRY,Комнаты не разобраны,оставить,3800000.0
24554,Komple Bina,3800000.0,999.0,+,,5,Trabzon/Ortahisar/Konaklar,TRY,Комнаты не разобраны,оставить,3800000.0
33474,Komple Bina,3800000.0,999.0,+,,5,Trabzon/Ortahisar/Konaklar,TRY,Комнаты не разобраны,оставить,3800000.0
34232,Komple Bina,3800000.0,999.0,+,,5,Trabzon/Ortahisar/Konaklar,TRY,Комнаты не разобраны,оставить,3800000.0
35188,Komple Bina,3800000.0,999.0,+,,5,Trabzon/Ortahisar/Konaklar,TRY,Комнаты не разобраны,оставить,3800000.0
26476,Komple Bina,3750000.0,,+,,4,Antalya/Muratpaşa/Konuksever,TRY,Комнаты не разобраны,оставить,3750000.0
28780,Komple Bina,3750000.0,,+,,4,Mersin/Mezitli/Çankaya,TRY,Комнаты не разобраны,оставить,3750000.0
108371,Komple Bina,3750000.0,300.0,+,,5,İstanbul/Beşiktaş/Türkali,TRY,Комнаты не разобраны,оставить,3750000.0
108681,Komple Bina,3750000.0,300.0,+,,5,İstanbul/Beşiktaş/Türkali,TRY,Комнаты не разобраны,оставить,3750000.0
112461,Komple Bina,3750000.0,300.0,+,,5,İstanbul/Beşiktaş/Türkali,TRY,Комнаты не разобраны,оставить,3750000.0
114129,Komple Bina,3750000.0,300.0,+,,5,İstanbul/Beşiktaş/Türkali,TRY,Комнаты не разобраны,оставить,3750000.0
382259,Villa,3750000.0,3550.0,8+2,Müstakil,,İstanbul/Arnavutköy/Haraççı,TRY,Площадь > 3 000 м²,оставить,3750000.0
384026,Komple Bina,3750000.0,,+,,5,Adıyaman/Merkez/Cumhuriyet,TRY,Комнаты не разобраны,оставить,3750000.0
6774,Komple Bina,3700000.0,1000.0,+,,4,Bursa/Osmangazi/Demirtaş Barbaros,TRY,Комнаты не разобраны,оставить,3700000.0
18428,Daire,3621415.0,146117.0,7+3,Kot 4,9,İstanbul/Avcılar/Cihangir,GBP,"Площадь > 3 000 м², Площадь > 100 000 м²",оставить,535000.0
18477,Daire,3621415.0,146117.0,7+3,Kot 4,9,İstanbul/Avcılar/Cihangir,GBP,"Площадь > 3 000 м², Площадь > 100 000 м²",оставить,535000.0
26930,Komple Bina,3600000.0,,+,,4,Antalya/Muratpaşa/Çaybaşı,TRY,Комнаты не разобраны,оставить,3600000.0
28808,Komple Bina,3600000.0,,+,,4,Antalya/Muratpaşa/Çaybaşı,TRY,Комнаты не разобраны,оставить,3600000.0
28992,Komple Bina,3600000.0,,+,,4,Antalya/Muratpaşa/Çaybaşı,TRY,Комнаты не разобраны,оставить,3600000.0
109913,Komple Bina,3600000.0,223.0,+,,1,İstanbul/Ataşehir/Barbaros,TRY,Комнаты не разобраны,оставить,3600000.0
378075,Villa,3600000.0,199300.0,4+2,Müstakil,,İstanbul/Şile/Alacalı,TRY,"Площадь > 3 000 м², Площадь > 100 000 м²",оставить,3600000.0
380916,Komple Bina,3600000.0,848.0,+,,,Aydın/Kuşadası/Davutlar,TRY,Комнаты не разобраны,оставить,3600000.0
16154,Daire,3587917.2918,111472.0,8+4,2,3,Ankara/Elmadağ/Hasanoğlan Havuzbaşı,GBP,"Площадь > 3 000 м², Площадь > 100 000 м²",оставить,517222.0
391386,Komple Bina,3520170.0,,+,,4,KKTC/Gazimağusa/Karakol Mh.,GBP,Комнаты не разобраны,оставить,450000.0
1176,Komple Bina,3500000.0,400.0,+,,2,Kayseri/Melikgazi/Nurihas,TRY,Комнаты не разобраны,оставить,3500000.0
97787,Komple Bina,3500000.0,,+,,4,Kayseri/Melikgazi/Kıranardı Cumhuriyet,TRY,Комнаты не разобраны,оставить,3500000.0
98523,Komple Bina,3500000.0,,+,,5,İstanbul/Sancaktepe/Abdurrahmangazi,TRY,Комнаты не разобраны,оставить,3500000.0
99053,Komple Bina,3500000.0,,+,,7,Kayseri/Kocasinan/Gevhernesibe,TRY,Комнаты не разобраны,оставить,3500000.0
105443,Komple Bina,3500000.0,,+,,4,Kayseri/Melikgazi/Kıranardı Cumhuriyet,TRY,Комнаты не разобраны,оставить,3500000.0
105759,Komple Bina,3500000.0,300.0,+,,6,İstanbul/Kadıköy/Rasimpaşa,TRY,Комнаты не разобраны,оставить,3500000.0
107791,Komple Bina,3500000.0,,+,,5,İstanbul/Sancaktepe/Abdurrahmangazi,TRY,Комнаты не разобраны,оставить,3500000.0
111443,Komple Bina,3500000.0,,+,,4,Kayseri/Melikgazi/Kıranardı Cumhuriyet,TRY,Комнаты не разобраны,оставить,3500000.0
327368,Komple Bina,3500000.0,350.0,+,,7,Trabzon/Ortahisar/Yalıncak,TRY,Комнаты не разобраны,оставить,3500000.0
329114,Komple Bina,3500000.0,1295.0,+,,3,Sakarya/Serdivan/Kemalpaşa,TRY,Комнаты не разобраны,оставить,3500000.0
376174,Komple Bina,3500000.0,250.0,+,,3,İstanbul/Beşiktaş/Bebek,TRY,Комнаты не разобраны,оставить,3500000.0
377654,Komple Bina,3500000.0,,+,,5,Antalya/Muratpaşa/Şirinyalı,TRY,Комнаты не разобраны,оставить,3500000.0
392963,Komple Bina,3500000.0,105.0,+,,,İzmir/Karşıyaka/Donanmacı,TRY,Комнаты не разобраны,оставить,3500000.0
21098,Villa,3455920.0,3850.0,5+2,Giriş Katı,3,Bursa/Mudanya/Aydınpınar,USD,Площадь > 3 000 м²,оставить,650000.0
91241,Komple Bina,3450000.0,850.0,+,,2,Denizli/Merkezefendi/Gültepe,TRY,Комнаты не разобраны,оставить,3450000.0
91913,Komple Bina,3450000.0,850.0,+,,2,Denizli/Merkezefendi/Gültepe,TRY,Комнаты не разобраны,оставить,3450000.0
96899,Komple Bina,3450000.0,850.0,+,,2,Denizli/Merkezefendi/Gültepe,TRY,Комнаты не разобраны,оставить,3450000.0
109251,Komple Bina,3450000.0,850.0,+,,2,Denizli/Merkezefendi/Gültepe,TRY,Комнаты не разобраны,оставить,3450000.0
398093,Komple Bina,3400000.0,2400.0,+,,,Ağrı/Patnos/Alpaslan,TRY,Комнаты не разобраны,оставить,3400000.0
356940,Daire,3289878.3354,1695.0,7+3,12,8,İstanbul/Avcılar/Cihangir,GBP,Этаж выше этажности,оставить,458111.0
363485,Daire,3289878.3354,1695.0,7+3,12,8,İstanbul/Avcılar/Cihangir,GBP,Этаж выше этажности,оставить,458111.0
25200,Daire,3265585.3,547903.0,6+3,Komple,1,İstanbul/Avcılar/Cihangir,GBP,"Площадь > 3 000 м², Площадь > 100 000 м²",оставить,463000.0
6908,Komple Bina,3250000.0,950.0,+,,6,Trabzon/Ortahisar/Konaklar,TRY,Комнаты не разобраны,оставить,3250000.0
96679,Komple Bina,3250000.0,740.0,+,,4,İstanbul/Esenyurt/İstiklal,TRY,Комнаты не разобраны,оставить,3250000.0
98971,Komple Bina,3250000.0,,+,,5,İstanbul/Ataşehir/Ferhatpaşa,TRY,Комнаты не разобраны,оставить,3250000.0
104501,Komple Bina,3250000.0,175.0,+,,6,Trabzon/Ortahisar/Konaklar,TRY,Комнаты не разобраны,оставить,3250000.0
91489,Komple Bina,3200000.0,,+,,8,Ankara/Etimesgut/Bağlıca,TRY,Комнаты не разобраны,оставить,3200000.0
96073,Komple Bina,3200000.0,,+,,8,Ankara/Etimesgut/Bağlıca,TRY,Комнаты не разобраны,оставить,3200000.0
327694,Komple Bina,3200000.0,280.0,+,,5,İstanbul/Beyoğlu/Kocatepe,TRY,Комнаты не разобраны,оставить,3200000.0
370275,Villa,3200000.0,4999.0,4+1,,3,Sakarya/Sapanca/Yanık,TRY,Площадь > 3 000 м²,оставить,3200000.0
370497,Villa,3200000.0,4999.0,4+1,,3,Sakarya/Sapanca/Yanık,TRY,Площадь > 3 000 м²,оставить,3200000.0
370585,Villa,3200000.0,4999.0,4+1,,3,Sakarya/Sapanca/Yanık,TRY,Площадь > 3 000 м²,оставить,3200000.0
370787,Villa,3200000.0,4999.0,4+1,,3,Sakarya/Sapanca/Yanık,TRY,Площадь > 3 000 м²,оставить,3200000.0
370897,Villa,3200000.0,4999.0,4+1,,3,Sakarya/Sapanca/Yanık,TRY,Площадь > 3 000 м²,оставить,3200000.0
24260,Komple Bina,3150000.0,600.0,+,,4,İzmir/Güzelbahçe/Kahramandere,TRY,Комнаты не разобраны,оставить,3150000.0
26732,Komple Bina,3150000.0,990.0,+,,4,Antalya/Kepez/Şafak,TRY,Комнаты не разобраны,оставить,3150000.0
27534,Komple Bina,3150000.0,600.0,+,,4,İzmir/Güzelbahçe/Kahramandere,TRY,Комнаты не разобраны,оставить,3150000.0
28584,Komple Bina,3150000.0,990.0,+,,4,Antalya/Kepez/Şafak,TRY,Комнаты не разобраны,оставить,3150000.0
32488,Komple Bina,3150000.0,600.0,+,,4,İzmir/Güzelbahçe/Kahramandere,TRY,Комнаты не разобраны,оставить,3150000.0
33016,Komple Bina,3150000.0,600.0,+,,4,İzmir/Güzelbahçe/Kahramandere,TRY,Комнаты не разобраны,оставить,3150000.0
110711,Komple Bina,3150000.0,290.0,+,,5,İstanbul/Beykoz/Kavacık,TRY,Комнаты не разобраны,оставить,3150000.0
113361,Komple Bina,3150000.0,290.0,+,,5,İstanbul/Beykoz/Kavacık,TRY,Комнаты не разобраны,оставить,3150000.0
357297,Komple Bina,3150000.0,450.0,+,,6,İstanbul/Fatih/Yavuz Sultan Selim,TRY,Комнаты не разобраны,оставить,3150000.0
83831,Daire,3126062.8,,3+2,12,4,İstanbul/Avcılar/Cihangir,EUR,Этаж выше этажности,оставить,457000.0
348477,Komple Bina,3100000.0,,+,,2,Kayseri/Melikgazi/Osman Kavuncu,TRY,Комнаты не разобраны,оставить,3100000.0
349569,Komple Bina,3100000.0,800.0,+,,2,Kayseri/Melikgazi/Osman Kavuncu,TRY,Комнаты не разобраны,оставить,3100000.0
369220,Daire,3093868.8,930259.0,2+1,Giriş Katı,5,Ankara/Elmadağ/Hasanoğlan Havuzbaşı,GBP,"Площадь > 3 000 м², Площадь > 100 000 м²",оставить,456000.0
102113,Daire,3082710.3018,3277.0,1+0,Asma Kat,10,İstanbul/Pendik/Ahmet Yesevi,EUR,Площадь > 3 000 м²,оставить,510222.0
25742,Komple Bina,3000000.0,615.0,+,,4,Antalya/Konyaaltı/Liman,TRY,Комнаты не разобраны,оставить,3000000.0
26178,Komple Bina,3000000.0,615.0,+,,4,Antalya/Konyaaltı/Liman,TRY,Комнаты не разобраны,оставить,3000000.0
32816,Komple Bina,3000000.0,1122.0,+,,3,Antalya/Manavgat/Side,TRY,Комнаты не разобраны,оставить,3000000.0
34172,Komple Bina,3000000.0,,+,,4,Antalya/Kepez/Gülveren,TRY,Комнаты не разобраны,оставить,3000000.0
34672,Komple Bina,3000000.0,,+,,4,Antalya/Kepez/Gülveren,TRY,Комнаты не разобраны,оставить,3000000.0
90857,Komple Bina,3000000.0,435.0,+,,7,İstanbul/Fatih/Yavuz Sultan Selim,TRY,Комнаты не разобраны,оставить,3000000.0
92933,Komple Bina,3000000.0,750.0,+,,5,İstanbul/Küçükçekmece/Mehmet Akif,TRY,Комнаты не разобраны,оставить,3000000.0
95161,Komple Bina,3000000.0,1300.0,+,,4,İstanbul/Pendik/Kurtköy,TRY,Комнаты не разобраны,оставить,3000000.0
98879,Komple Bina,3000000.0,435.0,+,,7,İstanbul/Fatih/Yavuz Sultan Selim,TRY,Комнаты не разобраны,оставить,3000000.0
99199,Komple Bina,3000000.0,800.0,+,,4,Diyarbakır/Kayapınar/Mezopotamya,TRY,Комнаты не разобраны,оставить,3000000.0
111921,Komple Bina,3000000.0,70.0,+,,5,İstanbul/Şişli/Ergenekon,TRY,Комнаты не разобраны,оставить,3000000.0
113303,Komple Bina,3000000.0,,+,,4,İstanbul/Ataşehir/Ferhatpaşa,TRY,Комнаты не разобраны,оставить,3000000.0
114769,Komple Bina,3000000.0,435.0,+,,7,İstanbul/Fatih/Yavuz Sultan Selim,TRY,Комнаты не разобраны,оставить,3000000.0
114775,Komple Bina,3000000.0,435.0,+,,7,İstanbul/Fatih/Yavuz Sultan Selim,TRY,Комнаты не разобраны,оставить,3000000.0
328816,Komple Bina,3000000.0,65.0,+,,7,İstanbul/Beyoğlu/Çukur,TRY,Комнаты не разобраны,оставить,3000000.0
363749,Çiftlik Evi,3000000.0,500000.0,9+3,,2,Sivas/Hafik/Tavşanlı Köyü,TRY,"Площадь > 3 000 м², Площадь > 100 000 м²",оставить,3000000.0
363959,Çiftlik Evi,3000000.0,500000.0,9+3,,2,Sivas/Hafik/Tavşanlı Köyü,TRY,"Площадь > 3 000 м², Площадь > 100 000 м²",оставить,3000000.0
369955,Komple Bina,3000000.0,,+,,2,Sakarya/Söğütlü/Akarca,TRY,Комнаты не разобраны,оставить,3000000.0
370263,Komple Bina,3000000.0,,+,,2,Sakarya/Söğütlü/Akarca,TRY,Комнаты не разобраны,оставить,3000000.0
384058,Komple Bina,3000000.0,50.0,+,,4,İstanbul/Fatih/Ali Kuşçu,TRY,Комнаты не разобраны,оставить,3000000.0
384090,Komple Bina,3000000.0,705.0,+,,3,İzmir/Menderes/Orta,TRY,Комнаты не разобраны,оставить,3000000.0
389838,Komple Bina,3000000.0,360.0,+,,3,Ankara/Mamak/Demirlibahçe,TRY,Комнаты не разобраны,оставить,3000000.0
391455,Komple Bina,3000000.0,1380.0,+,,6,Kocaeli/İzmit/Bekirdere,TRY,Комнаты не разобраны,оставить,3000000.0
394859,Komple Bina,3000000.0,50.0,+,,4,İstanbul/Fatih/Ali Kuşçu,TRY,Комнаты не разобраны,оставить,3000000.0
368142,Daire,2979428.0,414211.0,9+5,Kot 1,10-20 arası,İstanbul/Avcılar/Cihangir,GBP,"Площадь > 3 000 м², Площадь > 100 000 м²",оставить,398000.0
91003,Komple Bina,2950000.0,175.0,+,,8,Mersin/Yenişehir/Menteş,TRY,Комнаты не разобраны,оставить,2950000.0
92287,Komple Bina,2950000.0,,+,,4,İstanbul/Zeytinburnu/Telsiz,TRY,Комнаты не разобраны,оставить,2950000.0
99293,Komple Bina,2950000.0,200.0,+,,2,İstanbul/Beşiktaş/Arnavutköy,TRY,Комнаты не разобраны,оставить,2950000.0
326446,Komple Bina,2950000.0,,+,,3,Gaziantep/Şahinbey/Güneykent,TRY,Комнаты не разобраны,оставить,2950000.0
401423,Daire,2908513.218,394369.0,1+1,,,Artvin/Merkez/Bağcılar Köyü,EUR,"Площадь > 3 000 м², Площадь > 100 000 м²",оставить,483222.0
94187,Komple Bina,2900000.0,800.0,+,,4,Diyarbakır/Kayapınar/Barış,TRY,Комнаты не разобраны,оставить,2900000.0
94851,Komple Bina,2900000.0,,+,,3,Sakarya/Serdivan/Arabacıalanı,TRY,Комнаты не разобраны,оставить,2900000.0
98703,Komple Bina,2900000.0,360.0,+,,4,İstanbul/Fatih/Ali Kuşçu,TRY,Комнаты не разобраны,оставить,2900000.0
301932,Daire,2900000.0,3170.0,3+1,4,5,İstanbul/Beşiktaş/Ulus,TRY,Площадь > 3 000 м²,оставить,2900000.0
361312,Daire,2871412.8695,19981.0,2+2,Müstakil,2,Ankara/Elmadağ/Hasanoğlan Havuzbaşı,GBP,Площадь > 3 000 м²,оставить,424445.0
14235,Daire,2857132.5694000004,94433.0,2+1,7,3,İstanbul/Güngören/Sanayi,GBP,"Площадь > 3 000 м², Этаж выше этажности",оставить,427222.0
25910,Komple Bina,2850000.0,,+,,5,İstanbul/Beyoğlu/Kocatepe,TRY,Комнаты не разобраны,оставить,2850000.0
30038,Komple Bina,2850000.0,,+,,5,İstanbul/Beyoğlu/Kocatepe,TRY,Комнаты не разобраны,оставить,2850000.0
93189,Komple Bina,2850000.0,55.0,+,,4,Denizli/Pamukkale/Bağbaşı,TRY,Комнаты не разобраны,оставить,2850000.0
104721,Komple Bina,2850000.0,110.0,+,,5,İstanbul/Pendik/Bahçelievler,TRY,Комнаты не разобраны,оставить,2850000.0
382000,Komple Bina,2850000.0,,+,,5,İstanbul/Beyoğlu/Kocatepe,TRY,Комнаты не разобраны,оставить,2850000.0
385702,Komple Bina,2850000.0,,+,,5,İstanbul/Beyoğlu/Kocatepe,TRY,Комнаты не разобраны,оставить,2850000.0
370519,Komple Bina,2840000.0,670.0,+,,3,İzmir/Urla/Çamlıçay,TRY,Комнаты не разобраны,оставить,2840000.0
29304,Komple Bina,2800000.0,,+,,3,Muğla/Fethiye/Foça,TRY,Комнаты не разобраны,оставить,2800000.0
31896,Komple Bina,2800000.0,,+,,3,Muğla/Fethiye/Foça,TRY,Комнаты не разобраны,оставить,2800000.0
32890,Komple Bina,2800000.0,,+,,3,Muğla/Fethiye/Foça,TRY,Комнаты не разобраны,оставить,2800000.0
34870,Komple Bina,2800000.0,,+,,3,Muğla/Fethiye/Foça,TRY,Комнаты не разобраны,оставить,2800000.0
90927,Komple Bina,2800000.0,,+,,3,Samsun/Atakum/Mimarsinan,TRY,Комнаты не разобраны,оставить,2800000.0
91191,Komple Bina,2800000.0,,+,,3,Samsun/Atakum/Mimarsinan,TRY,Комнаты не разобраны,оставить,2800000.0
91611,Komple Bina,2800000.0,,+,,5,İstanbul/Büyükçekmece/Kamiloba,TRY,Комнаты не разобраны,оставить,2800000.0
93725,Komple Bina,2800000.0,,+,,3,Samsun/Atakum/Mimarsinan,TRY,Комнаты не разобраны,оставить,2800000.0
95771,Komple Bina,2800000.0,,+,,5,İstanbul/Büyükçekmece/Kamiloba,TRY,Комнаты не разобраны,оставить,2800000.0
96093,Komple Bina,2800000.0,,+,,3,Samsun/Atakum/Mimarsinan,TRY,Комнаты не разобраны,оставить,2800000.0
97791,Komple Bina,2800000.0,,+,,5,İstanbul/Büyükçekmece/Kamiloba,TRY,Комнаты не разобраны,оставить,2800000.0
104121,Komple Bina,2800000.0,,+,,3,Samsun/Atakum/Mimarsinan,TRY,Комнаты не разобраны,оставить,2800000.0
106939,Komple Bina,2800000.0,,+,,5,İstanbul/Büyükçekmece/Kamiloba,TRY,Комнаты не разобраны,оставить,2800000.0
108567,Komple Bina,2800000.0,,+,,3,Samsun/Atakum/Mimarsinan,TRY,Комнаты не разобраны,оставить,2800000.0
111001,Komple Bina,2800000.0,,+,,5,İstanbul/Büyükçekmece/Kamiloba,TRY,Комнаты не разобраны,оставить,2800000.0
112179,Komple Bina,2800000.0,345.0,+,,5,Trabzon/Ortahisar/Üniversite,TRY,Комнаты не разобраны,оставить,2800000.0
112457,Komple Bina,2800000.0,,+,,3,Samsun/Atakum/Mimarsinan,TRY,Комнаты не разобраны,оставить,2800000.0
113035,Komple Bina,2800000.0,,+,,3,Samsun/Atakum/Mimarsinan,TRY,Комнаты не разобраны,оставить,2800000.0
357189,Komple Bina,2800000.0,,+,,3,Isparta/Merkez/Mehmet Tönge,TRY,Комнаты не разобраны,оставить,2800000.0
377464,Komple Bina,2800000.0,189.0,+,,,Ordu/Altınordu/Yeni,TRY,Комнаты не разобраны,оставить,2800000.0
866,Komple Bina,2750000.0,,+,,2,Çanakkale/Merkez/Kemalpaşa,TRY,Комнаты не разобраны,оставить,2750000.0
91429,Komple Bina,2750000.0,,+,,5,İstanbul/Kadıköy/Osmanağa,TRY,Комнаты не разобраны,оставить,2750000.0
93961,Komple Bina,2750000.0,120.0,+,,5,İstanbul/Fatih/Akşemsettin,TRY,Комнаты не разобраны,оставить,2750000.0
97897,Komple Bina,2750000.0,675.0,+,,5,İstanbul/Kartal/Karlıktepe,TRY,Комнаты не разобраны,оставить,2750000.0
98149,Komple Bina,2750000.0,675.0,+,,5,İstanbul/Kartal/Karlıktepe,TRY,Комнаты не разобраны,оставить,2750000.0
99217,Komple Bina,2750000.0,660.0,+,,6,Yalova/Çınarcık/Koru Bld. (Cumhuriyet),TRY,Комнаты не разобраны,оставить,2750000.0
99321,Komple Bina,2750000.0,390.0,+,,3,İstanbul/Büyükçekmece/Kamiloba,TRY,Комнаты не разобраны,оставить,2750000.0
104747,Komple Bina,2750000.0,,+,,5,İstanbul/Bakırköy/Cevizlik,TRY,Комнаты не разобраны,оставить,2750000.0
105571,Komple Bina,2750000.0,120.0,+,,5,İstanbul/Fatih/Akşemsettin,TRY,Комнаты не разобраны,оставить,2750000.0
106489,Komple Bina,2750000.0,675.0,+,,5,İstanbul/Kartal/Karlıktepe,TRY,Комнаты не разобраны,оставить,2750000.0
107911,Komple Bina,2750000.0,,+,,5,İstanbul/Bakırköy/Cevizlik,TRY,Комнаты не разобраны,оставить,2750000.0
108255,Komple Bina,2750000.0,675.0,+,,5,İstanbul/Kartal/Karlıktepe,TRY,Комнаты не разобраны,оставить,2750000.0
112221,Komple Bina,2750000.0,675.0,+,,5,İstanbul/Kartal/Karlıktepe,TRY,Комнаты не разобраны,оставить,2750000.0
112269,Komple Bina,2750000.0,,+,,5,İstanbul/Bakırköy/Cevizlik,TRY,Комнаты не разобраны,оставить,2750000.0
350379,Komple Bina,2750000.0,,+,,4,Kocaeli/Kandıra/Kefken,TRY,Комнаты не разобраны,оставить,2750000.0
391243,Komple Bina,2750000.0,,+,,3,Kahramanmaraş/Dulkadiroğlu/Yeni Şehir,TRY,Комнаты не разобраны,оставить,2750000.0
368131,Komple Bina,2737755.0,919.0,+,,2,Aydın/Didim/Yalıköy,EUR,Комнаты не разобраны,оставить,450000.0
29020,Villa,2700000.0,1.0,4+2,,2,Gaziantep/Şehitkamil/Karadede,TRY,Площадь < 15 м²,оставить,2700000.0
97093,Komple Bina,2700000.0,100.0,+,,5,İstanbul/Fatih/Akşemsettin,TRY,Комнаты не разобраны,оставить,2700000.0
112653,Komple Bina,2700000.0,,+,,8,Tekirdağ/Çerkezköy/İstasyon,TRY,Комнаты не разобраны,оставить,2700000.0
106205,Komple Bina,2650000.0,100.0,+,,4,Balıkesir/Karesi/Mirzabey,TRY,Комнаты не разобраны,оставить,2650000.0
108047,Komple Bina,2650000.0,200.0,+,,4,Balıkesir/Karesi/Mirzabey,TRY,Комнаты не разобраны,оставить,2650000.0
1674,Komple Bina,2600000.0,310.0,+,,4,İstanbul/Kadıköy/Rasimpaşa,TRY,Комнаты не разобраны,оставить,2600000.0
8176,Komple Bina,2600000.0,400.0,+,,2,İstanbul/Büyükçekmece/Güzelce,TRY,Комнаты не разобраны,оставить,2600000.0
93143,Komple Bina,2600000.0,90.0,+,,4,İstanbul/Fatih/Atikali,TRY,Комнаты не разобраны,оставить,2600000.0
96029,Komple Bina,2600000.0,495.0,+,,3,Sakarya/Sapanca/Rüstempaşa,TRY,Комнаты не разобраны,оставить,2600000.0
97037,Komple Bina,2600000.0,360.0,+,,4,İstanbul/Sarıyer/Reşitpaşa,TRY,Комнаты не разобраны,оставить,2600000.0
106975,Komple Bina,2600000.0,90.0,+,,4,İstanbul/Fatih/Atikali,TRY,Комнаты не разобраны,оставить,2600000.0
113841,Komple Bina,2600000.0,400.0,+,,5,İstanbul/Fatih/Akşemsettin,TRY,Комнаты не разобраны,оставить,2600000.0
183722,Daire,2600000.0,1.0,8+1,2,2,Mersin/Mezitli/Merkez,TRY,Площадь < 15 м²,оставить,2600000.0
109457,Komple Bina,2590000.0,550.0,+,,5,İstanbul/Ataşehir/İnönü,TRY,Комнаты не разобраны,оставить,2590000.0
111207,Komple Bina,2587171.0,,+,,3,Denizli/Merkezefendi/Gümüşçay,USD,Комнаты не разобраны,оставить,395000.0
357535,Daire,2584242.9,858484.0,7+3,Teras Kat,2,İstanbul/Avcılar/Cihangir,USD,"Площадь > 3 000 м², Площадь > 100 000 м²",оставить,477000.0
357617,Daire,2584242.9,858484.0,7+3,Teras Kat,2,İstanbul/Avcılar/Cihangir,USD,"Площадь > 3 000 м², Площадь > 100 000 м²",оставить,477000.0
357709,Daire,2584242.9,858484.0,7+3,Teras Kat,2,İstanbul/Avcılar/Cihangir,USD,"Площадь > 3 000 м², Площадь > 100 000 м²",оставить,477000.0
107831,Komple Bina,2580000.0,220.0,+,,5,İstanbul/Beykoz/Çubuklu,TRY,Комнаты не разобраны,оставить,2580000.0
113703,Komple Bina,2580000.0,220.0,+,,5,İstanbul/Beykoz/Çubuklu,TRY,Комнаты не разобраны,оставить,2580000.0
33688,Komple Bina,2550000.0,694.0,+,,,Antalya/Muratpaşa/Topçular,TRY,Комнаты не разобраны,оставить,2550000.0
92853,Komple Bina,2550000.0,,+,,3,İstanbul/Beşiktaş/Kuruçeşme,TRY,Комнаты не разобраны,оставить,2550000.0
97017,Komple Bina,2550000.0,,+,,3,İstanbul/Beşiktaş/Kuruçeşme,TRY,Комнаты не разобраны,оставить,2550000.0
104263,Komple Bina,2550000.0,,+,,3,İstanbul/Beşiktaş/Kuruçeşme,TRY,Комнаты не разобраны,оставить,2550000.0
114645,Komple Bina,2550000.0,800.0,+,,5,İstanbul/Fatih/Koca Mustafapaşa,TRY,Комнаты не разобраны,оставить,2550000.0
386662,Daire,2512965.2694,870752.0,1+0,,,Manisa/Demirci/Akıncılar,EUR,"Площадь > 3 000 м², Площадь > 100 000 м²",оставить,423222.0
399427,Daire,2512965.2694,870752.0,1+0,,,Manisa/Demirci/Akıncılar,EUR,"Площадь > 3 000 м², Площадь > 100 000 м²",оставить,423222.0
1234,Komple Bina,2500000.0,400.0,+,,2,Balıkesir/Burhaniye/Yunus,TRY,Комнаты не разобраны,оставить,2500000.0
6698,Komple Bina,2500000.0,480.0,+,,3,Bursa/Nilüfer/Karaman,TRY,Комнаты не разобраны,оставить,2500000.0
7260,Komple Bina,2500000.0,760.0,+,,2,Antalya/Muratpaşa/Güzeloba,TRY,Комнаты не разобраны,оставить,2500000.0
22592,Komple Bina,2500000.0,2800.0,+,,6,Adana/Kozan/Cumhuriyet,TRY,Комнаты не разобраны,оставить,2500000.0
28862,Komple Bina,2500000.0,240.0,+,,3,Muğla/Bodrum/Bitez,TRY,Комнаты не разобраны,оставить,2500000.0
65483,Müstakil Ev,2500000.0,5840.0,5+1,Kot 2,2,İzmir/Foça/Yeniköy,TRY,Площадь > 3 000 м²,оставить,2500000.0
96149,Komple Bina,2500000.0,130.0,+,,4,İstanbul/Beykoz/Yavuz Selim,TRY,Комнаты не разобраны,оставить,2500000.0
97177,Komple Bina,2500000.0,,+,,3,Sakarya/Adapazarı/Cumhuriyet,TRY,Комнаты не разобраны,оставить,2500000.0
98805,Komple Bina,2500000.0,600.0,+,,4,İstanbul/Beşiktaş/Vişnezade,TRY,Комнаты не разобраны,оставить,2500000.0
99009,Komple Bina,2500000.0,,+,,3,Ankara/Altındağ/Ali Ersoy,TRY,Комнаты не разобраны,оставить,2500000.0
103889,Komple Bina,2500000.0,,+,,5,İstanbul/Beyoğlu/Keçeci Piri,TRY,Комнаты не разобраны,оставить,2500000.0
104191,Komple Bina,2500000.0,,+,,5,İstanbul/Beykoz/Çubuklu,TRY,Комнаты не разобраны,оставить,2500000.0
104961,Komple Bina,2500000.0,105.0,+,,4,Ordu/Altınordu/Şarkiye,TRY,Комнаты не разобраны,оставить,2500000.0
105285,Komple Bina,2500000.0,,+,,3,Sakarya/Adapazarı/Cumhuriyet,TRY,Комнаты не разобраны,оставить,2500000.0
106487,Komple Bina,2500000.0,150.0,+,,3,İstanbul/Sarıyer/Reşitpaşa,TRY,Комнаты не разобраны,оставить,2500000.0
107279,Komple Bina,2500000.0,130.0,+,,4,İstanbul/Beykoz/Yavuz Selim,TRY,Комнаты не разобраны,оставить,2500000.0
107921,Komple Bina,2500000.0,,+,,3,Sakarya/Adapazarı/Cumhuriyet,TRY,Комнаты не разобраны,оставить,2500000.0
112557,Komple Bina,2500000.0,450.0,+,,7,İstanbul/Fatih/Haseki Sultan,TRY,Комнаты не разобраны,оставить,2500000.0
112997,Komple Bina,2500000.0,,+,,3,Ankara/Altındağ/Ali Ersoy,TRY,Комнаты не разобраны,оставить,2500000.0
113667,Komple Bina,2500000.0,550.0,+,,5,İstanbul/Esenyurt/Güzelyurt,TRY,Комнаты не разобраны,оставить,2500000.0
114289,Komple Bina,2500000.0,220.0,+,,5,İstanbul/Beykoz/Çubuklu,TRY,Комнаты не разобраны,оставить,2500000.0
327020,Komple Bina,2500000.0,1400.0,+,,4,Ankara/Çankaya/Maltepe,TRY,Комнаты не разобраны,оставить,2500000.0
359799,Yazlık,2500000.0,1.0,7+2,Müstakil,3,İstanbul/Beykoz/Poyrazköy,TRY,Площадь < 15 м²,оставить,2500000.0
359965,Yazlık,2500000.0,1.0,7+2,Müstakil,3,İstanbul/Beykoz/Poyrazköy,TRY,Площадь < 15 м²,оставить,2500000.0
371161,Komple Bina,2500000.0,,+,,4,Trabzon/Akçaabat/Darıca,TRY,Комнаты не разобраны,оставить,2500000.0
378106,Komple Bina,2500000.0,,+,,,Antalya/Manavgat/Side,TRY,Комнаты не разобраны,оставить,2500000.0
390137,Komple Bina,2500000.0,,+,,,Muğla/Menteşe/Kötekli,TRY,Комнаты не разобраны,оставить,2500000.0
390512,Komple Bina,2500000.0,,+,,,Antalya/Manavgat/Side,TRY,Комнаты не разобраны,оставить,2500000.0
397786,Komple Bina,2500000.0,,+,,,Antalya/Manavgat/Side,TRY,Комнаты не разобраны,оставить,2500000.0
401331,Komple Bina,2500000.0,,+,,,Antalya/Manavgat/Side,TRY,Комнаты не разобраны,оставить,2500000.0
1516,Müstakil Ev,2450000.0,1.0,4+3,,3,Kastamonu/İnebolu/Cünürye,TRY,Площадь < 15 м²,оставить,2450000.0
7674,Komple Bina,2450000.0,,+,,5,Malatya/Battalgazi/İstiklal,TRY,Комнаты не разобраны,оставить,2450000.0
107437,Komple Bina,2450000.0,,+,,4,İzmir/Gaziemir/Menderes,TRY,Комнаты не разобраны,оставить,2450000.0
108533,Komple Bina,2450000.0,650.0,+,,5,İstanbul/Bayrampaşa/Kocatepe,TRY,Комнаты не разобраны,оставить,2450000.0
193199,Daire,2450000.0,150.0,3+1,3,1,İstanbul/Kadıköy/Caddebostan,TRY,Этаж выше этажности,оставить,2450000.0
196182,Daire,2450000.0,150.0,3+1,3,1,İstanbul/Kadıköy/Caddebostan,TRY,Этаж выше этажности,оставить,2450000.0
372455,Daire,2430560.0,14251.0,3+2,Çatı Katı,6,Ankara/Elmadağ/Hasanoğlan Havuzbaşı,EUR,Площадь > 3 000 м²,оставить,400000.0
372519,Daire,2430560.0,14251.0,3+2,Çatı Katı,6,Ankara/Elmadağ/Hasanoğlan Havuzbaşı,EUR,Площадь > 3 000 м²,оставить,400000.0
372643,Daire,2430560.0,14251.0,3+2,Çatı Katı,6,Ankara/Elmadağ/Hasanoğlan Havuzbaşı,EUR,Площадь > 3 000 м²,оставить,400000.0
92207,Komple Bina,2400000.0,306.0,+,,2,Bursa/Yıldırım/Vatan,TRY,Комнаты не разобраны,оставить,2400000.0
106957,Komple Bina,2350000.0,130.0,+,,6,İstanbul/Beyoğlu/Yahya Kahya,TRY,Комнаты не разобраны,оставить,2350000.0
114651,Komple Bina,2350000.0,1200.0,+,,3,Ankara/Altındağ/Önder,TRY,Комнаты не разобраны,оставить,2350000.0
386652,Daire,2312268.9207,30164.0,2+1,,,Konya/Bozkır/Aydınkışla,EUR,Площадь > 3 000 м²,оставить,383213.0
386656,Daire,2312268.9207,30164.0,2+1,,,Konya/Bozkır/Aydınkışla,EUR,Площадь > 3 000 м²,оставить,383213.0
401011,Daire,2312268.9207,30164.0,2+1,,,Konya/Bozkır/Aydınkışla,EUR,Площадь > 3 000 м²,оставить,383213.0
7838,Komple Bina,2300000.0,660.0,+,,4,İzmir/Bornova/Evka 4,TRY,Комнаты не разобраны,оставить,2300000.0
95117,Komple Bina,2300000.0,350.0,+,,6,İstanbul/Üsküdar/Sultantepe,TRY,Комнаты не разобраны,оставить,2300000.0
98139,Komple Bina,2300000.0,350.0,+,,6,İstanbul/Beşiktaş/Türkali,TRY,Комнаты не разобраны,оставить,2300000.0
104609,Komple Bina,2300000.0,470.0,+,,5,Bursa/Yıldırım/Kurtoğlu,TRY,Комнаты не разобраны,оставить,2300000.0
109639,Komple Bina,2300000.0,1180.0,+,,4,İstanbul/Pendik/Kurtköy,TRY,Комнаты не разобраны,оставить,2300000.0
110919,Komple Bina,2300000.0,99.0,+,,6,İstanbul/Beşiktaş/Türkali,TRY,Комнаты не разобраны,оставить,2300000.0
112605,Komple Bina,2300000.0,780.0,+,,5,İstanbul/Maltepe/Zümrütevler,TRY,Комнаты не разобраны,оставить,2300000.0
302389,Daire,2300000.0,145.0,4+1,11,10,İstanbul/Kadıköy/Fenerbahçe,TRY,Этаж выше этажности,оставить,2300000.0
370575,Komple Bina,2300000.0,,+,,2,Muğla/Marmaris/Hisarönü,TRY,Комнаты не разобраны,оставить,2300000.0
370881,Komple Bina,2300000.0,,+,,2,Muğla/Marmaris/Hisarönü,TRY,Комнаты не разобраны,оставить,2300000.0
371217,Komple Bina,2300000.0,,+,,2,Muğla/Marmaris/Hisarönü,TRY,Комнаты не разобраны,оставить,2300000.0
1754,Komple Bina,2295000.0,985.0,+,,5,Kocaeli/İzmit/Bekirdere,TRY,Комнаты не разобраны,оставить,2295000.0
114747,Komple Bina,2275000.0,160.0,+,,8,Denizli/Merkezefendi/Karaman,TRY,Комнаты не разобраны,оставить,2275000.0
24906,Komple Bina,2250000.0,1100.0,+,,3,Muğla/Marmaris/İçmeler,TRY,Комнаты не разобраны,оставить,2250000.0
31244,Komple Bina,2250000.0,135.0,+,,5,Mersin/Mezitli/Seymenli,TRY,Комнаты не разобраны,оставить,2250000.0
91255,Komple Bina,2250000.0,840.0,+,,7,İstanbul/Bahçelievler/Kocasinan Merkez,TRY,Комнаты не разобраны,оставить,2250000.0
95229,Komple Bina,2250000.0,550.0,+,,4,İstanbul/Kağıthane/Merkez,TRY,Комнаты не разобраны,оставить,2250000.0
99377,Komple Bina,2250000.0,930.0,+,,7,İstanbul/Bahçelievler/Kocasinan Merkez,TRY,Комнаты не разобраны,оставить,2250000.0
99503,Komple Bina,2250000.0,980.0,+,,4,İstanbul/Tuzla/Yayla,TRY,Комнаты не разобраны,оставить,2250000.0
108571,Komple Bina,2250000.0,700.0,+,,5,Bursa/Osmangazi/Emek Adnan Menderes,TRY,Комнаты не разобраны,оставить,2250000.0
110161,Komple Bina,2250000.0,670.0,+,,3,Yalova/Merkez/Adnan Menderes,TRY,Комнаты не разобраны,оставить,2250000.0
113353,Komple Bina,2250000.0,840.0,+,,7,İstanbul/Bahçelievler/Kocasinan Merkez,TRY,Комнаты не разобраны,оставить,2250000.0
325586,Komple Bina,2250000.0,,+,,3,Düzce/Merkez/Çay,TRY,Комнаты не разобраны,оставить,2250000.0
348739,Komple Bina,2250000.0,240.0,+,,5,Trabzon/Akçaabat/Ortaalan,TRY,Комнаты не разобраны,оставить,2250000.0
349167,Komple Bina,2250000.0,450.0,+,,3,Balıkesir/Ayvalık/Zekibey,TRY,Комнаты не разобраны,оставить,2250000.0
401472,Komple Bina,2250000.0,,+,,,İstanbul/Küçükçekmece/Mehmet Akif,TRY,Комнаты не разобраны,оставить,2250000.0
17672,Komple Bina,2200000.0,,+,,5,Trabzon/Ortahisar/Akyazı,TRY,Комнаты не разобраны,оставить,2200000.0
91873,Komple Bina,2200000.0,127.0,+,,3,İstanbul/Kadıköy/Acıbadem,TRY,Комнаты не разобраны,оставить,2200000.0
98855,Komple Bina,2200000.0,,+,,3,İstanbul/Bayrampaşa/Kartaltepe,TRY,Комнаты не разобраны,оставить,2200000.0
106355,Komple Bina,2200000.0,90.0,+,,6,İstanbul/Pendik/Esenler,TRY,Комнаты не разобраны,оставить,2200000.0
111071,Komple Bina,2200000.0,140.0,+,,4,Denizli/Pamukkale/Fatih,TRY,Комнаты не разобраны,оставить,2200000.0
111697,Komple Bina,2200000.0,,+,,5,Trabzon/Ortahisar/Konaklar,TRY,Комнаты не разобраны,оставить,2200000.0
114755,Komple Bina,2200000.0,127.0,+,,3,İstanbul/Kadıköy/Acıbadem,TRY,Комнаты не разобраны,оставить,2200000.0
328016,Komple Bina,2200000.0,,+,,7,Trabzon/Akçaabat/Yaylacık,TRY,Комнаты не разобраны,оставить,2200000.0
430,Daire,2176425.3018,195148.0,8+4,Zemin Kat,10-20 arası,İstanbul/Güngören/Sanayi,EUR,"Площадь > 3 000 м², Площадь > 100 000 м²",оставить,360222.0
6628,Komple Bina,2150000.0,200.0,+,,6,Tekirdağ/Çerkezköy/Kızılpınar,TRY,Комнаты не разобраны,оставить,2150000.0
7124,Komple Bina,2150000.0,200.0,+,,6,Tekirdağ/Çerkezköy/Kızılpınar,TRY,Комнаты не разобраны,оставить,2150000.0
7532,Komple Bina,2150000.0,200.0,+,,6,Tekirdağ/Çerkezköy/Kızılpınar,TRY,Комнаты не разобраны,оставить,2150000.0
7850,Komple Bina,2150000.0,200.0,+,,6,Tekirdağ/Çerkezköy/Kızılpınar,TRY,Комнаты не разобраны,оставить,2150000.0
17562,Komple Bina,2150000.0,,+,,7,Trabzon/Akçaabat/Yaylacık,TRY,Комнаты не разобраны,оставить,2150000.0
93179,Komple Bina,2150000.0,,+,,3,Erzincan/Merkez/İnönü,TRY,Комнаты не разобраны,оставить,2150000.0
111963,Komple Bina,2150000.0,90.0,+,,4,Mersin/Yenişehir/Batıkent,TRY,Комнаты не разобраны,оставить,2150000.0
113051,Komple Bina,2150000.0,85.0,+,,4,Mersin/Yenişehir/Batıkent,TRY,Комнаты не разобраны,оставить,2150000.0
369977,Komple Bina,2150000.0,,+,,5,Trabzon/Maçka/Merkez,TRY,Комнаты не разобраны,оставить,2150000.0
367111,Daire,2144969.1999999997,751657.0,4+3,Giriş Katı,1,Ankara/Elmadağ/Hasanoğlan Havuzbaşı,EUR,"Площадь > 3 000 м², Площадь > 100 000 м²",оставить,353000.0
367306,Daire,2144969.1999999997,751657.0,4+3,Giriş Katı,1,Ankara/Elmadağ/Hasanoğlan Havuzbaşı,EUR,"Площадь > 3 000 м², Площадь > 100 000 м²",оставить,353000.0
367618,Daire,2144969.1999999997,751657.0,4+3,Giriş Katı,1,Ankara/Elmadağ/Hasanoğlan Havuzbaşı,EUR,"Площадь > 3 000 м², Площадь > 100 000 м²",оставить,353000.0
367840,Daire,2144969.1999999997,751657.0,4+3,Giriş Katı,1,Ankara/Elmadağ/Hasanoğlan Havuzbaşı,EUR,"Площадь > 3 000 м², Площадь > 100 000 м²",оставить,353000.0
398954,Komple Bina,2125000.0,200.0,+,,,Ordu/Ünye/Orta Yılmazlar,TRY,Комнаты не разобраны,оставить,2125000.0
698,Komple Bina,2100000.0,420.0,+,,5,İstanbul/Kadıköy/Rasimpaşa,TRY,Комнаты не разобраны,оставить,2100000.0
31664,Komple Bina,2100000.0,1046.0,+,,5,Trabzon/Ortahisar/Ortahisar,TRY,Комнаты не разобраны,оставить,2100000.0
109889,Komple Bina,2100000.0,450.0,+,,4,İstanbul/Fatih/Zeyrek,TRY,Комнаты не разобраны,оставить,2100000.0
111437,Komple Bina,2100000.0,250.0,+,,4,Kırklareli/Merkez/İstasyon,TRY,Комнаты не разобраны,оставить,2100000.0
111439,Komple Bina,2100000.0,250.0,+,,4,Kırklareli/Merkez/İstasyon,TRY,Комнаты не разобраны,оставить,2100000.0
112881,Komple Bina,2100000.0,850.0,+,,5,Kırklareli/Lüleburgaz/İnönü,TRY,Комнаты не разобраны,оставить,2100000.0
113105,Komple Bina,2100000.0,130.0,+,,5,İzmir/Gaziemir/Irmak,TRY,Комнаты не разобраны,оставить,2100000.0
113209,Daire,2100000.0,,4+1,10,2,İstanbul/Kadıköy/Erenköy,TRY,Этаж выше этажности,оставить,2100000.0
113391,Daire,2100000.0,,4+1,10,2,İstanbul/Kadıköy/Erenköy,TRY,Этаж выше этажности,оставить,2100000.0
113651,Daire,2100000.0,,4+1,10,2,İstanbul/Kadıköy/Erenköy,TRY,Этаж выше этажности,оставить,2100000.0
114893,Daire,2100000.0,,4+1,10,2,İstanbul/Kadıköy/Erenköy,TRY,Этаж выше этажности,оставить,2100000.0
114927,Komple Bina,2100000.0,450.0,+,,4,İstanbul/Fatih/Zeyrek,TRY,Комнаты не разобраны,оставить,2100000.0
115207,Daire,2100000.0,294.0,+,,4,İstanbul/Beykoz/Çubuklu,TRY,Комнаты не разобраны,оставить,2100000.0
115301,Daire,2100000.0,,4+1,10,2,İstanbul/Kadıköy/Erenköy,TRY,Этаж выше этажности,оставить,2100000.0
327658,Komple Bina,2100000.0,160.0,+,,4,Kahramanmaraş/Türkoğlu/Gaziler,TRY,Комнаты не разобраны,оставить,2100000.0
393674,Komple Bina,2100000.0,,+,,,Yalova/Çınarcık/Koru Bld. (Hürriyet),TRY,Комнаты не разобраны,оставить,2100000.0
402508,Komple Bina,2100000.0,,+,,,Yalova/Çınarcık/Koru Bld. (Hürriyet),TRY,Комнаты не разобраны,оставить,2100000.0
7576,Komple Bina,2050000.0,95.0,+,,4,İstanbul/Kartal/Atalar,TRY,Комнаты не разобраны,оставить,2050000.0
357760,Villa,2050000.0,5500.0,5+2,Müstakil,2,İzmir/Torbalı/Demirci,TRY,Площадь > 3 000 м²,оставить,2050000.0
1170,Komple Bina,2000000.0,200.0,+,,2,İzmir/Güzelbahçe/Siteler,TRY,Комнаты не разобраны,оставить,2000000.0
6972,Komple Bina,2000000.0,,+,,5,İstanbul/Kartal/Yunus,TRY,Комнаты не разобраны,оставить,2000000.0
19361,Komple Bina,2000000.0,,+,,3,Muğla/Bodrum/Torba,TRY,Комнаты не разобраны,оставить,2000000.0
31368,Komple Bina,2000000.0,110.0,+,,5,Antalya/Alanya/Oba,TRY,Комнаты не разобраны,оставить,2000000.0
91405,Komple Bina,2000000.0,700.0,+,,4,İstanbul/Büyükçekmece/Fatih,TRY,Комнаты не разобраны,оставить,2000000.0
92099,Komple Bina,2000000.0,,+,,2,Eskişehir/Odunpazarı/Büyükdere,TRY,Комнаты не разобраны,оставить,2000000.0
93855,Komple Bina,2000000.0,500.0,+,,3,Balıkesir/Bandırma/100. Yıl,TRY,Комнаты не разобраны,оставить,2000000.0
97467,Komple Bina,2000000.0,500.0,+,,3,Balıkesir/Bandırma/100. Yıl,TRY,Комнаты не разобраны,оставить,2000000.0
97919,Komple Bina,2000000.0,53.0,+,,2,Balıkesir/Bandırma/Ayyıldız,TRY,Комнаты не разобраны,оставить,2000000.0
98453,Komple Bina,2000000.0,500.0,+,,5,Mersin/Mezitli/Akdeniz,TRY,Комнаты не разобраны,оставить,2000000.0
98623,Komple Bina,2000000.0,445.0,+,,3,Bursa/Osmangazi/Güneştepe,TRY,Комнаты не разобраны,оставить,2000000.0
98905,Komple Bina,2000000.0,,+,,3,Kocaeli/Başiskele/Fatih,TRY,Комнаты не разобраны,оставить,2000000.0
104699,Komple Bina,2000000.0,50.0,+,,3,Balıkesir/Bandırma/100. Yıl,TRY,Комнаты не разобраны,оставить,2000000.0
105025,Komple Bina,2000000.0,400.0,+,,2,İstanbul/Beykoz/Anadolu Kavağı,TRY,Комнаты не разобраны,оставить,2000000.0
105365,Komple Bina,2000000.0,65.0,+,,3,İstanbul/Beyoğlu/Şahkulu,TRY,Комнаты не разобраны,оставить,2000000.0
105513,Komple Bina,2000000.0,,+,,5,Isparta/Merkez/Pirimehmet,TRY,Комнаты не разобраны,оставить,2000000.0
108037,Komple Bina,2000000.0,400.0,+,,2,İstanbul/Beykoz/Anadolu Kavağı,TRY,Комнаты не разобраны,оставить,2000000.0
108607,Komple Bina,2000000.0,340.0,+,,3,Balıkesir/Bandırma/100. Yıl,TRY,Комнаты не разобраны,оставить,2000000.0
109211,Komple Bina,2000000.0,,+,,5,Isparta/Merkez/Pirimehmet,TRY,Комнаты не разобраны,оставить,2000000.0
110371,Komple Bina,2000000.0,,+,,5,Bursa/Yıldırım/Arabayatağı,TRY,Комнаты не разобраны,оставить,2000000.0
110941,Komple Bina,2000000.0,129.0,+,,3,İzmir/Bornova/Yeşilova,TRY,Комнаты не разобраны,оставить,2000000.0
111837,Komple Bina,2000000.0,500.0,+,,5,Mersin/Mezitli/Akdeniz,TRY,Комнаты не разобраны,оставить,2000000.0
112283,Komple Bina,2000000.0,53.0,+,,2,Balıkesir/Bandırma/Ayyıldız,TRY,Комнаты не разобраны,оставить,2000000.0
112759,Komple Bina,2000000.0,500.0,+,,5,Mersin/Mezitli/Akdeniz,TRY,Комнаты не разобраны,оставить,2000000.0
113215,Komple Bina,2000000.0,94.0,+,,5,İstanbul/Gaziosmanpaşa/Şemsipaşa,TRY,Комнаты не разобраны,оставить,2000000.0
113719,Komple Bina,2000000.0,290.0,+,,2,Balıkesir/Bandırma/Ayyıldız,TRY,Комнаты не разобраны,оставить,2000000.0
114913,Komple Bina,2000000.0,,+,,5,Isparta/Merkez/Pirimehmet,TRY,Комнаты не разобраны,оставить,2000000.0
115297,Komple Bina,2000000.0,50.0,+,,3,Balıkesir/Bandırma/100. Yıl,TRY,Комнаты не разобраны,оставить,2000000.0
327924,Komple Bina,2000000.0,,+,,2,Balıkesir/Burhaniye/Öğretmenler,TRY,Комнаты не разобраны,оставить,2000000.0
350557,Komple Bina,2000000.0,75.0,+,,3,İstanbul/Şişli/Bozkurt,TRY,Комнаты не разобраны,оставить,2000000.0
368563,Komple Bina,2000000.0,350.0,+,,3,İzmir/Balçova/Korutürk,TRY,Комнаты не разобраны,оставить,2000000.0
371037,Komple Bina,2000000.0,650.0,+,,4,Trabzon/Ortahisar/Akyazı,TRY,Комнаты не разобраны,оставить,2000000.0
378606,Komple Bina,2000000.0,,+,,5,Afyonkarahisar/Sandıklı/Çakır,TRY,Комнаты не разобраны,оставить,2000000.0
399703,Çiftlik Evi,2000000.0,27140.0,3+1,,,Sakarya/Adapazarı/Aşırlar,TRY,Площадь > 3 000 м²,оставить,2000000.0
104359,Komple Bina,1999999.0,1300.0,+,,3,Kayseri/Kocasinan/Örnekevler,TRY,Комнаты не разобраны,оставить,1999999.0
370963,Komple Bina,1999999.0,,+,,5,Afyonkarahisar/Sandıklı/Ece,TRY,Комнаты не разобраны,оставить,1999999.0
370967,Komple Bina,1999999.0,,+,,5,Afyonkarahisar/Sandıklı/Ece,TRY,Комнаты не разобраны,оставить,1999999.0
114705,Komple Bina,1990000.0,1408.0,+,,8,Kayseri/Kocasinan/Sanayi,TRY,Комнаты не разобраны,оставить,1990000.0
393647,Komple Bina,1990000.0,340.0,+,,3,Giresun/Görele/Kaba,TRY,Комнаты не разобраны,оставить,1990000.0
370342,Villa,1980000.0,,+,Müstakil,3,İzmir/Urla/Zeytinalanı,TRY,Комнаты не разобраны,оставить,1980000.0
35076,Komple Bina,1950000.0,600.0,+,,3,Aydın/Didim/Çamlık,TRY,Комнаты не разобраны,оставить,1950000.0
94169,Komple Bina,1950000.0,,+,,3,Isparta/Merkez/Pirimehmet,TRY,Комнаты не разобраны,оставить,1950000.0
104411,Komple Bina,1950000.0,1.0,+,,,Sakarya/Erenler/Yeşiltepe,TRY,"Площадь < 15 м², Комнаты не разобраны",оставить,1950000.0
110341,Komple Bina,1950000.0,,+,,3,Isparta/Merkez/Pirimehmet,TRY,Комнаты не разобраны,оставить,1950000.0
113095,Komple Bina,1950000.0,1.0,+,,,Sakarya/Erenler/Yeşiltepe,TRY,"Площадь < 15 м², Комнаты не разобраны",оставить,1950000.0
738,Komple Bina,1900000.0,,+,,2,Antalya/Muratpaşa/Güzeloba,TRY,Комнаты не разобраны,оставить,1900000.0
6594,Komple Bina,1900000.0,,+,,5,İstanbul/Beylikdüzü/Yakuplu,TRY,Комнаты не разобраны,оставить,1900000.0
7842,Komple Bina,1900000.0,,+,,,İstanbul/Beylikdüzü/Yakuplu,TRY,Комнаты не разобраны,оставить,1900000.0
26050,Komple Bina,1900000.0,300.0,+,,4,Adana/Çukurova/Beyazevler,TRY,Комнаты не разобраны,оставить,1900000.0
91029,Komple Bina,1900000.0,,+,,7,Mersin/Yenişehir/Menteş,TRY,Комнаты не разобраны,оставить,1900000.0
108487,Komple Bina,1900000.0,440.0,+,,2,Yalova/Merkez/Samanlı Köyü,TRY,Комнаты не разобраны,оставить,1900000.0
113263,Komple Bina,1900000.0,160.0,+,,3,Denizli/Pamukkale/Zeytinköy,TRY,Комнаты не разобраны,оставить,1900000.0
114255,Komple Bina,1900000.0,140.0,+,,4,İstanbul/Fatih/Koca Mustafapaşa,TRY,Комнаты не разобраны,оставить,1900000.0
111395,Komple Bina,1880000.0,185.0,+,,4,İstanbul/Sancaktepe/Osmangazi,TRY,Комнаты не разобраны,оставить,1880000.0
384004,Rezidans,1853693.2362,68476.0,1+1,,,Antalya/Demre/Çağman,EUR,Площадь > 3 000 м²,оставить,312222.0
1712,Çiftlik Evi,1850000.0,8497.0,4+1,,2,İzmir/Torbalı/Demirci,TRY,Площадь > 3 000 м²,оставить,1850000.0
1778,Komple Bina,1850000.0,300.0,+,,3,Aydın/Didim/Altınkum,TRY,Комнаты не разобраны,оставить,1850000.0
94729,Komple Bina,1850000.0,,+,,3,Kocaeli/Başiskele/Yeşilyurt,TRY,Комнаты не разобраны,оставить,1850000.0
94737,Komple Bina,1850000.0,,+,,3,Kocaeli/Başiskele/Yeşilyurt,TRY,Комнаты не разобраны,оставить,1850000.0
107741,Komple Bina,1850000.0,,+,,4,İstanbul/Tuzla/Postane,TRY,Комнаты не разобраны,оставить,1850000.0
108667,Komple Bina,1850000.0,199.0,+,,4,İstanbul/Tuzla/Postane,TRY,Комнаты не разобраны,оставить,1850000.0
326600,Komple Bina,1850000.0,1650.0,+,,7,Trabzon/Sürmene/Yemişli,TRY,Комнаты не разобраны,оставить,1850000.0
1158,Komple Bina,1800000.0,350.0,+,,5,İstanbul/Kadıköy/Osmanağa,TRY,Комнаты не разобраны,оставить,1800000.0
27960,Komple Bina,1800000.0,350.0,+,,3,Balıkesir/Burhaniye/Öğretmenler,TRY,Комнаты не разобраны,оставить,1800000.0
90835,Komple Bina,1800000.0,,+,,3,Kayseri/Melikgazi/Mimarsinanfatih,TRY,Комнаты не разобраны,оставить,1800000.0
106133,Komple Bina,1800000.0,114.0,+,,2,İstanbul/Beykoz/Anadolu Kavağı,TRY,Комнаты не разобраны,оставить,1800000.0
107435,Komple Bina,1800000.0,,+,,6,İstanbul/Şişli/Bozkurt,TRY,Комнаты не разобраны,оставить,1800000.0
107951,Komple Bina,1800000.0,,+,,4,İstanbul/Ümraniye/Altınşehir,TRY,Комнаты не разобраны,оставить,1800000.0
349269,Komple Bina,1800000.0,,+,,2,Çanakkale/Ayvacık/Büyükhusun Köyü,TRY,Комнаты не разобраны,оставить,1800000.0
382344,Komple Bina,1800000.0,135.0,+,,2,Isparta/Merkez/Fatih,TRY,Комнаты не разобраны,оставить,1800000.0
28628,Komple Bina,1750000.0,300.0,+,,2,Osmaniye/Merkez/Adnan Menderes,TRY,Комнаты не разобраны,оставить,1750000.0
32198,Komple Bina,1750000.0,300.0,+,,2,Osmaniye/Merkez/Adnan Menderes,TRY,Комнаты не разобраны,оставить,1750000.0
59696,Daire,1750000.0,341.0,4+1,16,1,Mersin/Yenişehir/Akkent,TRY,Этаж выше этажности,оставить,1750000.0
91411,Komple Bina,1750000.0,730.0,+,,4,İstanbul/Esenyurt/İncirtepe,TRY,Комнаты не разобраны,оставить,1750000.0
94361,Komple Bina,1750000.0,200.0,+,,3,İstanbul/Bahçelievler/Kocasinan Merkez,TRY,Комнаты не разобраны,оставить,1750000.0
95341,Komple Bina,1750000.0,730.0,+,,4,İstanbul/Esenyurt/İncirtepe,TRY,Комнаты не разобраны,оставить,1750000.0
96497,Komple Bina,1750000.0,95.0,+,,4,İzmir/Buca/Hürriyet,TRY,Комнаты не разобраны,оставить,1750000.0
97417,Komple Bina,1750000.0,105.0,+,,4,Bursa/Osmangazi/Bahar,TRY,Комнаты не разобраны,оставить,1750000.0
99039,Komple Bina,1750000.0,350.0,+,,5,İstanbul/Kadıköy/Acıbadem,TRY,Комнаты не разобраны,оставить,1750000.0
100839,Müstakil Ev,1750000.0,7391.0,5+1,Komple,3,Kocaeli/Karamürsel/Tepeköy,TRY,Площадь > 3 000 м²,оставить,1750000.0
104437,Komple Bina,1750000.0,110.0,+,,5,İstanbul/Arnavutköy/Arnavutköy Merkez,TRY,Комнаты не разобраны,оставить,1750000.0
105593,Komple Bina,1750000.0,95.0,+,,4,İzmir/Buca/Hürriyet,TRY,Комнаты не разобраны,оставить,1750000.0
107997,Komple Bina,1750000.0,730.0,+,,4,İstanbul/Esenyurt/İncirtepe,TRY,Комнаты не разобраны,оставить,1750000.0
111729,Komple Bina,1750000.0,580.0,+,,4,İstanbul/Ümraniye/Ihlamurkuyu,TRY,Комнаты не разобраны,оставить,1750000.0
325458,Komple Bina,1750000.0,1200.0,+,,6,Ankara/Etimesgut/Kazım Karabekir,TRY,Комнаты не разобраны,оставить,1750000.0
325494,Komple Bina,1750000.0,1200.0,+,,6,Ankara/Etimesgut/Kazım Karabekir,TRY,Комнаты не разобраны,оставить,1750000.0
325536,Komple Bina,1750000.0,1200.0,+,,6,Ankara/Etimesgut/Kazım Karabekir,TRY,Комнаты не разобраны,оставить,1750000.0
325690,Komple Bina,1750000.0,1200.0,+,,6,Ankara/Etimesgut/Kazım Karabekir,TRY,Комнаты не разобраны,оставить,1750000.0
325858,Komple Bina,1750000.0,1200.0,+,,6,Ankara/Etimesgut/Kazım Karabekir,TRY,Комнаты не разобраны,оставить,1750000.0
325868,Komple Bina,1750000.0,1200.0,+,,6,Ankara/Etimesgut/Kazım Karabekir,TRY,Комнаты не разобраны,оставить,1750000.0
325980,Komple Bina,1750000.0,1200.0,+,,6,Ankara/Etimesgut/Kazım Karabekir,TRY,Комнаты не разобраны,оставить,1750000.0
325982,Komple Bina,1750000.0,1200.0,+,,6,Ankara/Etimesgut/Kazım Karabekir,TRY,Комнаты не разобраны,оставить,1750000.0
325990,Komple Bina,1750000.0,1200.0,+,,6,Ankara/Etimesgut/Kazım Karabekir,TRY,Комнаты не разобраны,оставить,1750000.0
326026,Komple Bina,1750000.0,1200.0,+,,6,Ankara/Etimesgut/Kazım Karabekir,TRY,Комнаты не разобраны,оставить,1750000.0
326084,Komple Bina,1750000.0,1200.0,+,,6,Ankara/Etimesgut/Kazım Karabekir,TRY,Комнаты не разобраны,оставить,1750000.0
326366,Komple Bina,1750000.0,1200.0,+,,6,Ankara/Etimesgut/Kazım Karabekir,TRY,Комнаты не разобраны,оставить,1750000.0
326390,Komple Bina,1750000.0,1200.0,+,,6,Ankara/Etimesgut/Kazım Karabekir,TRY,Комнаты не разобраны,оставить,1750000.0
326550,Komple Bina,1750000.0,1200.0,+,,6,Ankara/Etimesgut/Kazım Karabekir,TRY,Комнаты не разобраны,оставить,1750000.0
326578,Komple Bina,1750000.0,1200.0,+,,6,Ankara/Etimesgut/Kazım Karabekir,TRY,Комнаты не разобраны,оставить,1750000.0
326828,Komple Bina,1750000.0,1200.0,+,,6,Ankara/Etimesgut/Kazım Karabekir,TRY,Комнаты не разобраны,оставить,1750000.0
326850,Komple Bina,1750000.0,1200.0,+,,6,Ankara/Etimesgut/Kazım Karabekir,TRY,Комнаты не разобраны,оставить,1750000.0
326908,Komple Bina,1750000.0,1200.0,+,,6,Ankara/Etimesgut/Kazım Karabekir,TRY,Комнаты не разобраны,оставить,1750000.0
327264,Komple Bina,1750000.0,1200.0,+,,6,Ankara/Etimesgut/Kazım Karabekir,TRY,Комнаты не разобраны,оставить,1750000.0
327350,Komple Bina,1750000.0,1200.0,+,,6,Ankara/Etimesgut/Kazım Karabekir,TRY,Комнаты не разобраны,оставить,1750000.0
327356,Komple Bina,1750000.0,1200.0,+,,6,Ankara/Etimesgut/Kazım Karabekir,TRY,Комнаты не разобраны,оставить,1750000.0
327360,Komple Bina,1750000.0,1200.0,+,,6,Ankara/Etimesgut/Kazım Karabekir,TRY,Комнаты не разобраны,оставить,1750000.0
327412,Komple Bina,1750000.0,1200.0,+,,6,Ankara/Etimesgut/Kazım Karabekir,TRY,Комнаты не разобраны,оставить,1750000.0
327454,Komple Bina,1750000.0,1200.0,+,,6,Ankara/Etimesgut/Kazım Karabekir,TRY,Комнаты не разобраны,оставить,1750000.0
327704,Komple Bina,1750000.0,1200.0,+,,6,Ankara/Etimesgut/Kazım Karabekir,TRY,Комнаты не разобраны,оставить,1750000.0
327860,Komple Bina,1750000.0,1200.0,+,,6,Ankara/Etimesgut/Kazım Karabekir,TRY,Комнаты не разобраны,оставить,1750000.0
327918,Komple Bina,1750000.0,1200.0,+,,6,Ankara/Etimesgut/Kazım Karabekir,TRY,Комнаты не разобраны,оставить,1750000.0
327988,Komple Bina,1750000.0,1200.0,+,,6,Ankara/Etimesgut/Kazım Karabekir,TRY,Комнаты не разобраны,оставить,1750000.0
328062,Komple Bina,1750000.0,1200.0,+,,6,Ankara/Etimesgut/Kazım Karabekir,TRY,Комнаты не разобраны,оставить,1750000.0
328198,Komple Bina,1750000.0,1200.0,+,,6,Ankara/Etimesgut/Kazım Karabekir,TRY,Комнаты не разобраны,оставить,1750000.0
328262,Komple Bina,1750000.0,1200.0,+,,6,Ankara/Etimesgut/Kazım Karabekir,TRY,Комнаты не разобраны,оставить,1750000.0
328264,Komple Bina,1750000.0,1200.0,+,,6,Ankara/Etimesgut/Kazım Karabekir,TRY,Комнаты не разобраны,оставить,1750000.0
328580,Komple Bina,1750000.0,1200.0,+,,6,Ankara/Etimesgut/Kazım Karabekir,TRY,Комнаты не разобраны,оставить,1750000.0
328892,Komple Bina,1750000.0,1200.0,+,,6,Ankara/Etimesgut/Kazım Karabekir,TRY,Комнаты не разобраны,оставить,1750000.0
329116,Komple Bina,1750000.0,1200.0,+,,6,Ankara/Etimesgut/Kazım Karabekir,TRY,Комнаты не разобраны,оставить,1750000.0
329134,Komple Bina,1750000.0,1200.0,+,,6,Ankara/Etimesgut/Kazım Karabekir,TRY,Комнаты не разобраны,оставить,1750000.0
329210,Komple Bina,1750000.0,1200.0,+,,6,Ankara/Etimesgut/Kazım Karabekir,TRY,Комнаты не разобраны,оставить,1750000.0
329360,Komple Bina,1750000.0,1200.0,+,,6,Ankara/Etimesgut/Kazım Karabekir,TRY,Комнаты не разобраны,оставить,1750000.0
329378,Komple Bina,1750000.0,1200.0,+,,6,Ankara/Etimesgut/Kazım Karabekir,TRY,Комнаты не разобраны,оставить,1750000.0
368475,Komple Bina,1750000.0,340.0,+,,4,İzmir/Narlıdere/Ilıca,TRY,Комнаты не разобраны,оставить,1750000.0
370023,Komple Bina,1750000.0,,+,,2,Kayseri/Yeşilhisar/Yavuz Selim,TRY,Комнаты не разобраны,оставить,1750000.0
371069,Komple Bina,1750000.0,18500.0,+,,2,Kayseri/Yeşilhisar/Yavuz Selim,TRY,"Площадь > 3 000 м², Комнаты не разобраны",оставить,1750000.0
382520,Komple Bina,1750000.0,,+,,,İstanbul/Fatih/Balat,TRY,Комнаты не разобраны,оставить,1750000.0
386406,Komple Bina,1750000.0,,+,,,İstanbul/Fatih/Balat,TRY,Комнаты не разобраны,оставить,1750000.0
402348,Komple Bina,1750000.0,,+,,,İstanbul/Fatih/Balat,TRY,Комнаты не разобраны,оставить,1750000.0
108689,Komple Bina,1740000.0,45.0,+,,2,Denizli/Pamukkale/Siteler,TRY,Комнаты не разобраны,оставить,1740000.0
19439,Komple Bina,1725000.0,230.0,+,,3,Trabzon/Sürmene/Petekli,TRY,Комнаты не разобраны,оставить,1725000.0
25912,Komple Bina,1700000.0,300.0,+,,3,Antalya/Muratpaşa/Dutlubahçe,TRY,Комнаты не разобраны,оставить,1700000.0
98215,Komple Bina,1700000.0,135.0,+,,4,Denizli/Merkezefendi/Bahçelievler,TRY,Комнаты не разобраны,оставить,1700000.0
98533,Komple Bina,1700000.0,980.0,+,,4,Kocaeli/Derince/Sırrıpaşa,TRY,Комнаты не разобраны,оставить,1700000.0
98761,Komple Bina,1700000.0,595.0,+,,4,İstanbul/Ümraniye/Çakmak,TRY,Комнаты не разобраны,оставить,1700000.0
348971,Komple Bina,1700000.0,,+,,3,Tekirdağ/Çorlu/Şeyh Sinan,TRY,Комнаты не разобраны,оставить,1700000.0
402578,Rezidans,1700000.0,,+,,,İstanbul/Sarıyer/Maslak,TRY,Комнаты не разобраны,оставить,1700000.0
111713,Komple Bina,1699000.0,,+,,5,İstanbul/Esenler/Oruçreis,TRY,Комнаты не разобраны,оставить,1699000.0
112033,Komple Bina,1699000.0,,+,,5,İstanbul/Esenler/Oruçreis,TRY,Комнаты не разобраны,оставить,1699000.0
113583,Komple Bina,1699000.0,,+,,5,İstanbul/Esenler/Oruçreis,TRY,Комнаты не разобраны,оставить,1699000.0
356226,Rezidans,1675712.0,737990.0,8+3,Bahçe katı,1,İstanbul/Avcılar/Cihangir,USD,"Площадь > 3 000 м², Площадь > 100 000 м²",оставить,320000.0
126479,Daire,1668398.8976,948235.0,9+5,Müstakil,3,Ankara/Elmadağ/Hasanoğlan Havuzbaşı,USD,"Площадь > 3 000 м², Площадь > 100 000 м²",оставить,311222.0
500,Komple Bina,1650000.0,200.0,+,,4,Kocaeli/Gebze/Gaziler,TRY,Комнаты не разобраны,оставить,1650000.0
7623,Yazlık,1650000.0,3950.0,6+2,Bahçe katı,1,Gaziantep/Şehitkamil/Yeşilce,TRY,Площадь > 3 000 м²,оставить,1650000.0
27710,Komple Bina,1650000.0,145.0,+,,3,Muğla/Ortaca/Atatürk,TRY,Комнаты не разобраны,оставить,1650000.0
29356,Komple Bina,1650000.0,400.0,+,,4,Aydın/Kuşadası/Kadınlar Denizi,TRY,Комнаты не разобраны,оставить,1650000.0
30088,Komple Bina,1650000.0,145.0,+,,3,Muğla/Ortaca/Atatürk,TRY,Комнаты не разобраны,оставить,1650000.0
91423,Komple Bina,1650000.0,,+,,5,İstanbul/Büyükçekmece/Ekinoba,TRY,Комнаты не разобраны,оставить,1650000.0
91521,Komple Bina,1650000.0,,+,,5,Kocaeli/İzmit/Kadıköy,TRY,Комнаты не разобраны,оставить,1650000.0
93729,Komple Bina,1650000.0,200.0,+,,2,Sakarya/Erenler/Yeni,TRY,Комнаты не разобраны,оставить,1650000.0
98831,Komple Bina,1650000.0,400.0,+,,4,Aydın/Kuşadası/Kadınlar Denizi,TRY,Комнаты не разобраны,оставить,1650000.0
111313,Komple Bina,1650000.0,,+,,5,İstanbul/Fatih/Şehremini,TRY,Комнаты не разобраны,оставить,1650000.0
111553,Komple Bina,1650000.0,400.0,+,,4,Aydın/Kuşadası/Kadınlar Denizi,TRY,Комнаты не разобраны,оставить,1650000.0
349401,Villa,1650000.0,3200.0,4+1,,2,İzmir/Kemalpaşa/75. Yıl Cumhuriyet,TRY,Площадь > 3 000 м²,оставить,1650000.0
366515,Komple Bina,1650000.0,800.0,+,,4,Adana/Çukurova/Karslılar,TRY,Комнаты не разобраны,оставить,1650000.0
366647,Komple Bina,1650000.0,800.0,+,,4,Adana/Çukurova/Karslılar,TRY,Комнаты не разобраны,оставить,1650000.0
366667,Komple Bina,1650000.0,800.0,+,,4,Adana/Çukurova/Karslılar,TRY,Комнаты не разобраны,оставить,1650000.0
371105,Komple Bina,1650000.0,,+,,5,Gaziantep/Şahinbey/Alleben,TRY,Комнаты не разобраны,оставить,1650000.0
371145,Komple Bina,1650000.0,,+,,5,Gaziantep/Şahinbey/Alleben,TRY,Комнаты не разобраны,оставить,1650000.0
389529,Komple Bina,1650000.0,155.0,+,,,Denizli/Pamukkale/Kınıklı,TRY,Комнаты не разобраны,оставить,1650000.0
113233,Komple Bina,1625000.0,460.0,+,,8,İstanbul/Zeytinburnu/Gökalp,TRY,Комнаты не разобраны,оставить,1625000.0
31096,Komple Bina,1600000.0,,+,,3,Antalya/Aksu/Barbaros,TRY,Комнаты не разобраны,оставить,1600000.0
31440,Komple Bina,1600000.0,220.0,+,,4,Muğla/Marmaris/Kemeraltı,TRY,Комнаты не разобраны,оставить,1600000.0
93165,Komple Bina,1600000.0,,+,,6,İstanbul/Şişli/Bozkurt,TRY,Комнаты не разобраны,оставить,1600000.0
93541,Komple Bina,1600000.0,,+,,6,İstanbul/Şişli/Bozkurt,TRY,Комнаты не разобраны,оставить,1600000.0
93705,Komple Bina,1600000.0,,+,,6,İstanbul/Şişli/Bozkurt,TRY,Комнаты не разобраны,оставить,1600000.0
93787,Komple Bina,1600000.0,,+,,6,İstanbul/Şişli/Bozkurt,TRY,Комнаты не разобраны,оставить,1600000.0
94195,Komple Bina,1600000.0,,+,,6,İstanbul/Şişli/Bozkurt,TRY,Комнаты не разобраны,оставить,1600000.0
94197,Komple Bina,1600000.0,,+,,2,İstanbul/Kadıköy/Koşuyolu,TRY,Комнаты не разобраны,оставить,1600000.0
95399,Komple Bina,1600000.0,,+,,6,İstanbul/Şişli/Bozkurt,TRY,Комнаты не разобраны,оставить,1600000.0
96517,Komple Bina,1600000.0,250.0,+,,4,İzmir/Menemen/Uğur Mumcu,TRY,Комнаты не разобраны,оставить,1600000.0
96737,Komple Bina,1600000.0,,+,,6,İstanbul/Kartal/Orta,TRY,Комнаты не разобраны,оставить,1600000.0
96897,Komple Bina,1600000.0,,+,,6,İstanbul/Şişli/Bozkurt,TRY,Комнаты не разобраны,оставить,1600000.0
97103,Komple Bina,1600000.0,,+,,6,İstanbul/Şişli/Bozkurt,TRY,Комнаты не разобраны,оставить,1600000.0
98187,Komple Bina,1600000.0,810.0,+,,5,İstanbul/Arnavutköy/Anadolu,TRY,Комнаты не разобраны,оставить,1600000.0
98801,Komple Bina,1600000.0,300.0,+,,5,Trabzon/Ortahisar/Pelitli,TRY,Комнаты не разобраны,оставить,1600000.0
104433,Komple Bina,1600000.0,350.0,+,,5,Samsun/İlkadım/19 Mayıs,TRY,Комнаты не разобраны,оставить,1600000.0
108129,Komple Bina,1600000.0,,+,,6,İstanbul/Şişli/Bozkurt,TRY,Комнаты не разобраны,оставить,1600000.0
109207,Komple Bina,1600000.0,,+,,3,Sakarya/Serdivan/Arabacıalanı,TRY,Комнаты не разобраны,оставить,1600000.0
110501,Komple Bina,1600000.0,105.0,+,,5,İstanbul/Bahçelievler/Kocasinan Merkez,TRY,Комнаты не разобраны,оставить,1600000.0
114323,Komple Bina,1600000.0,,+,,5,İstanbul/Avcılar/Merkez,TRY,Комнаты не разобраны,оставить,1600000.0
115219,Komple Bina,1600000.0,375.0,+,,4,İstanbul/Zeytinburnu/Telsiz,TRY,Комнаты не разобраны,оставить,1600000.0
326184,Komple Bina,1600000.0,180.0,+,,5,Gaziantep/Şahinbey/Deniz,TRY,Комнаты не разобраны,оставить,1600000.0
370487,Komple Bina,1600000.0,405.0,+,,3,İzmir/Güzelbahçe/Yalı,TRY,Комнаты не разобраны,оставить,1600000.0
382038,Villa,1600000.0,,+,,,Gaziantep/Şehitkamil/Yığınlı,TRY,Комнаты не разобраны,оставить,1600000.0
385798,Müstakil Ev,1600000.0,6250.0,+,,,Muğla/Bodrum/Dereköy,TRY,"Площадь > 3 000 м², Комнаты не разобраны",оставить,1600000.0
370407,Komple Bina,1590000.0,200.0,+,,5,İstanbul/Fatih/Balat,TRY,Комнаты не разобраны,оставить,1590000.0
6802,Komple Bina,1587780.0,55.0,+,,4,İstanbul/Fatih/Derviş Ali,USD,Комнаты не разобраны,оставить,300000.0
7158,Komple Bina,1587780.0,55.0,+,,4,İstanbul/Fatih/Derviş Ali,USD,Комнаты не разобраны,оставить,300000.0
26652,Komple Bina,1550000.0,334.0,+,,3,İzmir/Buca/Güven,TRY,Комнаты не разобраны,оставить,1550000.0
92805,Komple Bina,1550000.0,,+,,3,İstanbul/Ataşehir/Ferhatpaşa,TRY,Комнаты не разобраны,оставить,1550000.0
93735,Komple Bina,1550000.0,,+,,6,İstanbul/Esenyurt/Turgut Özal,TRY,Комнаты не разобраны,оставить,1550000.0
96363,Komple Bina,1550000.0,,+,,6,İstanbul/Esenyurt/Turgut Özal,TRY,Комнаты не разобраны,оставить,1550000.0
96909,Komple Bina,1550000.0,,+,,6,İstanbul/Esenyurt/Turgut Özal,TRY,Комнаты не разобраны,оставить,1550000.0
98049,Komple Bina,1550000.0,320.0,+,,4,İstanbul/Kadıköy/Suadiye,TRY,Комнаты не разобраны,оставить,1550000.0
98655,Komple Bina,1550000.0,,+,,6,İstanbul/Esenyurt/Turgut Özal,TRY,Комнаты не разобраны,оставить,1550000.0
98725,Komple Bina,1550000.0,300.0,+,,4,İstanbul/Kadıköy/Suadiye,TRY,Комнаты не разобраны,оставить,1550000.0
107175,Komple Bina,1550000.0,,+,,6,İstanbul/Esenyurt/Turgut Özal,TRY,Комнаты не разобраны,оставить,1550000.0
107561,Komple Bina,1550000.0,330.0,+,,4,İstanbul/Eyüpsultan/Çırçır,TRY,Комнаты не разобраны,оставить,1550000.0
107713,Komple Bina,1550000.0,,+,,5,İstanbul/Beylikdüzü/Yakuplu,TRY,Комнаты не разобраны,оставить,1550000.0
108313,Komple Bina,1550000.0,,+,,6,İstanbul/Esenyurt/Turgut Özal,TRY,Комнаты не разобраны,оставить,1550000.0
108603,Komple Bina,1550000.0,,+,,4,İstanbul/Kadıköy/Suadiye,TRY,Комнаты не разобраны,оставить,1550000.0
109531,Komple Bina,1550000.0,,+,,6,İstanbul/Esenyurt/Turgut Özal,TRY,Комнаты не разобраны,оставить,1550000.0
109557,Komple Bina,1550000.0,500.0,+,,4,Sakarya/Serdivan/İstiklal,TRY,Комнаты не разобраны,оставить,1550000.0
109737,Komple Bina,1550000.0,,+,,6,İstanbul/Esenyurt/Turgut Özal,TRY,Комнаты не разобраны,оставить,1550000.0
109895,Komple Bina,1550000.0,,+,,6,İstanbul/Esenyurt/Turgut Özal,TRY,Комнаты не разобраны,оставить,1550000.0
112275,Komple Bina,1550000.0,350.0,+,,4,İstanbul/Sancaktepe/Merve,TRY,Комнаты не разобраны,оставить,1550000.0
326352,Komple Bina,1550000.0,,+,,5,Konya/Selçuklu/İhsaniye,TRY,Комнаты не разобраны,оставить,1550000.0
326436,Komple Bina,1550000.0,,+,,5,Konya/Selçuklu/İhsaniye,TRY,Комнаты не разобраны,оставить,1550000.0
348429,Komple Bina,1550000.0,140.0,+,,5,Adıyaman/Merkez/Bahçelievler,TRY,Комнаты не разобраны,оставить,1550000.0
389813,Komple Bina,1550000.0,130.0,+,,3,Denizli/Pamukkale/Fatih,TRY,Комнаты не разобраны,оставить,1550000.0
21807,Daire,1546042.8984,204835.0,1+0,3,20 ve üzeri,Ankara/Elmadağ/Hasanoğlan Havuzbaşı,GBP,"Площадь > 3 000 м², Площадь > 100 000 м²",оставить,222222.0
30404,Komple Bina,1540000.0,80.0,+,,4,KKTC/Lefkoşa/Gönyeli Köyü,TRY,Комнаты не разобраны,оставить,1540000.0
399533,Çiftlik Evi,1530000.0,,+,,,Malatya/Yazıhan/Durucasu,TRY,Комнаты не разобраны,оставить,1530000.0
948,Komple Bina,1500000.0,,+,,4,İzmir/Bornova/Zafer,TRY,Комнаты не разобраны,оставить,1500000.0
1514,Komple Bina,1500000.0,,+,,4,İzmir/Bornova/Zafer,TRY,Комнаты не разобраны,оставить,1500000.0
1794,Komple Bina,1500000.0,,+,,4,İzmir/Bornova/Zafer,TRY,Комнаты не разобраны,оставить,1500000.0
17742,Komple Bina,1500000.0,330.0,+,,3,Balıkesir/Ayvalık/Küçükköy,TRY,Комнаты не разобраны,оставить,1500000.0
17758,Komple Bina,1500000.0,330.0,+,,3,Balıkesir/Ayvalık/Küçükköy,TRY,Комнаты не разобраны,оставить,1500000.0
28524,Komple Bina,1500000.0,400.0,+,,7,Mersin/Akdeniz/Çankaya,TRY,Комнаты не разобраны,оставить,1500000.0
30758,Komple Bina,1500000.0,700.0,+,,4,Antalya/Kepez/Mehmet Akif Ersoy,TRY,Комнаты не разобраны,оставить,1500000.0
33760,Komple Bina,1500000.0,700.0,+,,4,Antalya/Kepez/Mehmet Akif Ersoy,TRY,Комнаты не разобраны,оставить,1500000.0
92229,Komple Bina,1500000.0,,+,,4,Mersin/Toroslar/Zeki Ayan,TRY,Комнаты не разобраны,оставить,1500000.0
92413,Komple Bina,1500000.0,,+,,3,İstanbul/Beykoz/Rüzgarlıbahçe,TRY,Комнаты не разобраны,оставить,1500000.0
92431,Komple Bina,1500000.0,,+,,3,İstanbul/Beykoz/Rüzgarlıbahçe,TRY,Комнаты не разобраны,оставить,1500000.0
92755,Komple Bina,1500000.0,,+,,3,Aksaray/Merkez/Nakkaş,TRY,Комнаты не разобраны,оставить,1500000.0
93129,Komple Bina,1500000.0,,+,,4,İstanbul/Esenler/Havaalanı,TRY,Комнаты не разобраны,оставить,1500000.0
93333,Komple Bina,1500000.0,,+,,3,Gaziantep/Şahinbey/Binevler,TRY,Комнаты не разобраны,оставить,1500000.0
93627,Komple Bina,1500000.0,400.0,+,,4,İstanbul/Tuzla/Cami,TRY,Комнаты не разобраны,оставить,1500000.0
94525,Komple Bina,1500000.0,,+,,3,İstanbul/Tuzla/Aydıntepe,TRY,Комнаты не разобраны,оставить,1500000.0
95717,Komple Bina,1500000.0,,+,,3,Gaziantep/Şahinbey/Binevler,TRY,Комнаты не разобраны,оставить,1500000.0
98157,Komple Bina,1500000.0,,+,,3,İstanbul/Tuzla/Aydıntepe,TRY,Комнаты не разобраны,оставить,1500000.0
103843,Komple Bina,1500000.0,800.0,+,,5,Aydın/Efeler/Meşrutiyet,TRY,Комнаты не разобраны,оставить,1500000.0
105451,Komple Bina,1500000.0,,+,,3,Gaziantep/Şahinbey/Binevler,TRY,Комнаты не разобраны,оставить,1500000.0
105697,Komple Bina,1500000.0,,+,,4,Denizli/Merkezefendi/Karaman,TRY,Комнаты не разобраны,оставить,1500000.0
106255,Komple Bina,1500000.0,650.0,+,,4,Trabzon/Ortahisar/Fatih,TRY,Комнаты не разобраны,оставить,1500000.0
108005,Komple Bina,1500000.0,,+,,4,Düzce/Merkez/Cedidiye,TRY,Комнаты не разобраны,оставить,1500000.0
109819,Komple Bina,1500000.0,450.0,+,,5,Trabzon/Ortahisar/Konaklar,TRY,Комнаты не разобраны,оставить,1500000.0
110061,Komple Bina,1500000.0,100.0,+,,6,İstanbul/Gaziosmanpaşa/Yıldıztabya,TRY,Комнаты не разобраны,оставить,1500000.0
110907,Komple Bina,1500000.0,800.0,+,,5,Aydın/Efeler/Meşrutiyet,TRY,Комнаты не разобраны,оставить,1500000.0
111691,Komple Bina,1500000.0,,+,,3,İstanbul/Tuzla/Aydıntepe,TRY,Комнаты не разобраны,оставить,1500000.0
111733,Komple Bina,1500000.0,,+,,4,İstanbul/Esenler/Havaalanı,TRY,Комнаты не разобраны,оставить,1500000.0
111851,Komple Bina,1500000.0,410.0,+,,3,Ordu/Altınordu/Bahçelievler,TRY,Комнаты не разобраны,оставить,1500000.0
112525,Komple Bina,1500000.0,,+,,3,İstanbul/Tuzla/Aydıntepe,TRY,Комнаты не разобраны,оставить,1500000.0
112737,Komple Bina,1500000.0,,+,,3,Gaziantep/Şahinbey/Binevler,TRY,Комнаты не разобраны,оставить,1500000.0
349321,Komple Bina,1500000.0,,+,,3,Antalya/Manavgat/Aşağı Hisar,TRY,Комнаты не разобраны,оставить,1500000.0
370581,Villa,1500000.0,17000.0,5+2,,3,Elazığ/Merkez/Cipköy Köyü,TRY,Площадь > 3 000 м²,оставить,1500000.0
370988,Yazlık,1500000.0,1.0,2+1,Müstakil,2,Çanakkale/Ezine/Tavaklı Köyü,TRY,Площадь < 15 м²,оставить,1500000.0
371235,Villa,1500000.0,17000.0,5+2,,3,Elazığ/Merkez/Cipköy Köyü,TRY,Площадь > 3 000 м²,оставить,1500000.0
381526,Komple Bina,1500000.0,,+,,,Tekirdağ/Kapaklı/Atatürk,TRY,Комнаты не разобраны,оставить,1500000.0
382050,Komple Bina,1500000.0,650.0,+,,5,İstanbul/Esenyurt/Turgut Özal,TRY,Комнаты не разобраны,оставить,1500000.0
391104,Komple Bina,1500000.0,,+,,3,İstanbul/Beyoğlu/Katip Mustafa Çelebi,TRY,Комнаты не разобраны,оставить,1500000.0
104019,Komple Bina,1499000.0,,+,,4,Kocaeli/Çayırova/Çayırova,TRY,Комнаты не разобраны,оставить,1499000.0
329162,Komple Bina,1490000.0,,+,,4,Ankara/Çankaya/Yaşamkent,TRY,Комнаты не разобраны,оставить,1490000.0
357141,Komple Bina,1490000.0,300.0,+,,4,Denizli/Pamukkale/Zeytinköy,TRY,Комнаты не разобраны,оставить,1490000.0
25980,Komple Bina,1485000.0,400.0,+,,4,Antalya/Muratpaşa/Güzeloba,TRY,Комнаты не разобраны,оставить,1485000.0
108349,Komple Bina,1475000.0,,+,,4,Gaziantep/Şahinbey/Yeşilevler,TRY,Комнаты не разобраны,оставить,1475000.0
327366,Komple Bina,1475000.0,430.0,+,,4,Ankara/Çankaya/Yaşamkent,TRY,Комнаты не разобраны,оставить,1475000.0
329316,Komple Bina,1475000.0,,+,,4,Ankara/Çankaya/Yaşamkent,TRY,Комнаты не разобраны,оставить,1475000.0
24360,Daire,1450000.0,120.0,3+1,9,6,İstanbul/Kadıköy/Caddebostan,TRY,Этаж выше этажности,оставить,1450000.0
37841,Villa,1450000.0,1.0,4+1,Müstakil,3,Aydın/Didim/Altınkum,TRY,Площадь < 15 м²,оставить,1450000.0
91189,Komple Bina,1450000.0,,+,,1,İstanbul/Sultangazi/Cebeci,TRY,Комнаты не разобраны,оставить,1450000.0
92107,Komple Bina,1450000.0,,+,,1,İstanbul/Sultangazi/Cebeci,TRY,Комнаты не разобраны,оставить,1450000.0
107745,Komple Bina,1450000.0,172.0,+,,4,İstanbul/Bağcılar/Demirkapı,TRY,Комнаты не разобраны,оставить,1450000.0
113785,Komple Bina,1450000.0,,+,,1,İstanbul/Sultangazi/Cebeci,TRY,Комнаты не разобраны,оставить,1450000.0
114577,Komple Bina,1450000.0,,+,,1,İstanbul/Sultangazi/Cebeci,TRY,Комнаты не разобраны,оставить,1450000.0
327338,Komple Bina,1450000.0,,+,,5,Eskişehir/Tepebaşı/Ömerağa,TRY,Комнаты не разобраны,оставить,1450000.0
350425,Komple Bina,1450000.0,,+,,4,Trabzon/Çarşıbaşı/Büyükdere,TRY,Комнаты не разобраны,оставить,1450000.0
352508,Daire,1434006.0,231280.0,8+3,15,20 ve üzeri,İstanbul/Avcılar/Cihangir,GBP,"Площадь > 3 000 м², Площадь > 100 000 м²",оставить,210000.0
6660,Komple Bina,1400000.0,,+,,4,İstanbul/Beyoğlu/Şehit Muhtar,TRY,Комнаты не разобраны,оставить,1400000.0
93093,Komple Bina,1400000.0,230.0,+,,6,İstanbul/Beyoğlu/Çukur,TRY,Комнаты не разобраны,оставить,1400000.0
97379,Komple Bina,1400000.0,401.0,+,,3,Denizli/Pamukkale/Kınıklı,TRY,Комнаты не разобраны,оставить,1400000.0
109857,Komple Bina,1400000.0,90.0,+,,4,İstanbul/Esenler/Kemer,TRY,Комнаты не разобраны,оставить,1400000.0
110311,Komple Bina,1400000.0,230.0,+,,6,İstanbul/Beyoğlu/Çukur,TRY,Комнаты не разобраны,оставить,1400000.0
110637,Komple Bina,1400000.0,,+,,5,Bursa/Gemlik/Kumla,TRY,Комнаты не разобраны,оставить,1400000.0
113409,Komple Bina,1400000.0,90.0,+,,4,İstanbul/Esenler/Kemer,TRY,Комнаты не разобраны,оставить,1400000.0
327478,Rezidans,1400000.0,10000.0,2+1,En Üst Kat,2,Muğla/Bodrum/Koyunbaba,TRY,Площадь > 3 000 м²,оставить,1400000.0
402431,Komple Bina,1400000.0,120.0,+,,,İstanbul/Bağcılar/Güneşli,TRY,Комнаты не разобраны,оставить,1400000.0
24850,Komple Bina,1390000.0,120.0,+,,3,Antalya/Kepez/Altınova Orta,TRY,Комнаты не разобраны,оставить,1390000.0
32056,Komple Bina,1390000.0,120.0,+,,3,Antalya/Kepez/Altınova Orta,TRY,Комнаты не разобраны,оставить,1390000.0
34634,Komple Bina,1390000.0,120.0,+,,3,Antalya/Kepez/Altınova Orta,TRY,Комнаты не разобраны,оставить,1390000.0
93011,Komple Bina,1390000.0,,+,,3,Kocaeli/Başiskele/Barbaros,TRY,Комнаты не разобраны,оставить,1390000.0
7986,Komple Bina,1375000.0,450.0,+,,4,Sakarya/Sapanca/Gazipaşa,TRY,Комнаты не разобраны,оставить,1375000.0
98555,Komple Bina,1375000.0,90.0,+,,3,Denizli/Merkezefendi/Gümüşçay,TRY,Комнаты не разобраны,оставить,1375000.0
114489,Komple Bina,1375000.0,90.0,+,,3,Denizli/Merkezefendi/Gümüşçay,TRY,Комнаты не разобраны,оставить,1375000.0
394810,Komple Bina,1375000.0,280.0,+,,,İstanbul/Kartal/Cevizli,TRY,Комнаты не разобраны,оставить,1375000.0
109119,Komple Bina,1370000.0,,+,,5,İstanbul/Esenyurt/İstiklal,TRY,Комнаты не разобраны,оставить,1370000.0
31966,Komple Bina,1360000.0,,+,,3,Muğla/Bodrum/Peksimet,TRY,Комнаты не разобраны,оставить,1360000.0
1296,Komple Bina,1350000.0,75.0,+,,3,İzmir/Çiğli/Ataşehir,TRY,Комнаты не разобраны,оставить,1350000.0
1530,Komple Bina,1350000.0,235.0,+,,3,İzmir/Menderes/Gölcükler,TRY,Комнаты не разобраны,оставить,1350000.0
6668,Komple Bina,1350000.0,,+,,3,İstanbul/Sarıyer/Tarabya,TRY,Комнаты не разобраны,оставить,1350000.0
31552,Komple Bina,1350000.0,440.0,+,,4,Trabzon/Yomra/Sancak,TRY,Комнаты не разобраны,оставить,1350000.0
33072,Komple Bina,1350000.0,440.0,+,,4,Trabzon/Yomra/Sancak,TRY,Комнаты не разобраны,оставить,1350000.0
34745,Villa,1350000.0,1.0,3+1,Müstakil,1,Çanakkale/Bozcaada/Alaybey,TRY,Площадь < 15 м²,оставить,1350000.0
35180,Komple Bina,1350000.0,440.0,+,,4,Trabzon/Yomra/Sancak,TRY,Комнаты не разобраны,оставить,1350000.0
61241,Daire,1350000.0,,2+1,2,1,Muğla/Bodrum/Gündoğan,TRY,Этаж выше этажности,оставить,1350000.0
91737,Komple Bina,1350000.0,,+,,2,Kocaeli/Darıca/Kazım Karabekir,TRY,Комнаты не разобраны,оставить,1350000.0
92617,Komple Bina,1350000.0,,+,,3,Mersin/Yenişehir/Dumlupınar,TRY,Комнаты не разобраны,оставить,1350000.0
93487,Komple Bina,1350000.0,,+,,3,İstanbul/Silivri/Piri Mehmet Paşa,TRY,Комнаты не разобраны,оставить,1350000.0
93697,Komple Bina,1350000.0,,+,,3,Mersin/Yenişehir/Dumlupınar,TRY,Комнаты не разобраны,оставить,1350000.0
93751,Komple Bina,1350000.0,,+,,3,Mersin/Yenişehir/Dumlupınar,TRY,Комнаты не разобраны,оставить,1350000.0
94687,Komple Bina,1350000.0,,+,,3,Mersin/Yenişehir/Dumlupınar,TRY,Комнаты не разобраны,оставить,1350000.0
104033,Komple Bina,1350000.0,480.0,+,,4,İstanbul/Avcılar/Firuzköy,TRY,Комнаты не разобраны,оставить,1350000.0
105805,Komple Bina,1350000.0,,+,,4,Denizli/Merkezefendi/Gültepe,TRY,Комнаты не разобраны,оставить,1350000.0
107059,Komple Bina,1350000.0,,+,,4,Yalova/Çınarcık/Koru Bld. (Cumhuriyet),TRY,Комнаты не разобраны,оставить,1350000.0
108917,Komple Bina,1350000.0,,+,,3,Mersin/Yenişehir/Dumlupınar,TRY,Комнаты не разобраны,оставить,1350000.0
111413,Komple Bina,1350000.0,380.0,+,,5,Trabzon/Ortahisar/Kalkınma,TRY,Комнаты не разобраны,оставить,1350000.0
111949,Komple Bina,1350000.0,275.0,+,,3,İzmir/Bornova/Atatürk,TRY,Комнаты не разобраны,оставить,1350000.0
114817,Komple Bina,1350000.0,,+,,3,İstanbul/Silivri/Piri Mehmet Paşa,TRY,Комнаты не разобраны,оставить,1350000.0
115491,Komple Bina,1350000.0,165.0,+,,4,Kocaeli/Çayırova/Özgürlük,TRY,Комнаты не разобраны,оставить,1350000.0
326250,Komple Bina,1350000.0,140.0,+,,5,Çanakkale/Gelibolu/Alaeddin,TRY,Комнаты не разобраны,оставить,1350000.0
326584,Komple Bina,1350000.0,140.0,+,,5,Çanakkale/Gelibolu/Alaeddin,TRY,Комнаты не разобраны,оставить,1350000.0
348307,Komple Bina,1350000.0,630.0,+,,3,Antalya/Manavgat/Hatipler,TRY,Комнаты не разобраны,оставить,1350000.0
348557,Komple Bina,1350000.0,345.0,+,,4,Isparta/Merkez/Bağlar,TRY,Комнаты не разобраны,оставить,1350000.0
387663,Villa,1350000.0,3.0,4+2,Müstakil,2,Çanakkale/Bozcaada/Cumhuriyet,TRY,Площадь < 15 м²,оставить,1350000.0
395048,Komple Bina,1350000.0,,+,,,İstanbul/Sultanbeyli/Battalgazi,TRY,Комнаты не разобраны,оставить,1350000.0
93045,Komple Bina,1330000.0,,+,,3,İzmir/Bornova/Atatürk,TRY,Комнаты не разобраны,оставить,1330000.0
104541,Komple Bina,1330000.0,,+,,3,İzmir/Bornova/Atatürk,TRY,Комнаты не разобраны,оставить,1330000.0
1510,Komple Bina,1325000.0,,+,,1,Antalya/Muratpaşa/Yenigöl,TRY,Комнаты не разобраны,оставить,1325000.0
17606,Komple Bina,1325000.0,685.0,+,,5,Trabzon/Ortahisar/Pelitli,TRY,Комнаты не разобраны,оставить,1325000.0
356771,Komple Bina,1325000.0,,+,,3,Eskişehir/Tepebaşı/Ertuğrulgazi,TRY,Комнаты не разобраны,оставить,1325000.0
516,Komple Bina,1300000.0,,+,,4,İzmir/Bayraklı/Fuat Edip Baksı,TRY,Комнаты не разобраны,оставить,1300000.0
524,Komple Bina,1300000.0,,+,,4,İzmir/Bayraklı/Fuat Edip Baksı,TRY,Комнаты не разобраны,оставить,1300000.0
962,Komple Bina,1300000.0,,+,,4,İzmir/Bayraklı/Fuat Edip Baksı,TRY,Комнаты не разобраны,оставить,1300000.0
994,Komple Bina,1300000.0,210.0,+,,2,İstanbul/Beykoz/Gümüşsuyu,TRY,Комнаты не разобраны,оставить,1300000.0
1062,Komple Bina,1300000.0,,+,,4,İzmir/Bayraklı/Fuat Edip Baksı,TRY,Комнаты не разобраны,оставить,1300000.0
6716,Komple Bina,1300000.0,90.0,+,,4,İstanbul/Bağcılar/Kirazlı,TRY,Комнаты не разобраны,оставить,1300000.0
7062,Komple Bina,1300000.0,75.0,+,,4,İstanbul/Fatih/Silivrikapı,TRY,Комнаты не разобраны,оставить,1300000.0
8194,Komple Bina,1300000.0,425.0,+,,5,Denizli/Merkezefendi/Adalet,TRY,Комнаты не разобраны,оставить,1300000.0
17522,Komple Bina,1300000.0,,+,,3,Balıkesir/Burhaniye/Öğretmenler,TRY,Комнаты не разобраны,оставить,1300000.0
25078,Komple Bina,1300000.0,65.0,+,,4,Antalya/Muratpaşa/Sinan,TRY,Комнаты не разобраны,оставить,1300000.0
32702,Komple Bina,1300000.0,800.0,+,,2,Antalya/Kemer/Beldibi,TRY,Комнаты не разобраны,оставить,1300000.0
94627,Komple Bina,1300000.0,50.0,+,,4,Edirne/Merkez/Abdurrahman,TRY,Комнаты не разобраны,оставить,1300000.0
94805,Komple Bina,1300000.0,800.0,+,,2,Kocaeli/İzmit/Tüysüzler,TRY,Комнаты не разобраны,оставить,1300000.0
97411,Komple Bina,1300000.0,100.0,+,,3,İstanbul/Fatih/Derviş Ali,TRY,Комнаты не разобраны,оставить,1300000.0
97427,Komple Bina,1300000.0,,+,,4,Sakarya/Serdivan/Beşköprü,TRY,Комнаты не разобраны,оставить,1300000.0
98307,Komple Bina,1300000.0,350.0,+,,3,İstanbul/Avcılar/Cihangir,TRY,Комнаты не разобраны,оставить,1300000.0
110147,Komple Bina,1300000.0,45.0,+,,3,Edirne/Merkez/Meydan,TRY,Комнаты не разобраны,оставить,1300000.0
110671,Komple Bina,1300000.0,125.0,+,,4,İstanbul/Sultanbeyli/Battalgazi,TRY,Комнаты не разобраны,оставить,1300000.0
111913,Komple Bina,1300000.0,580.0,+,,4,Adıyaman/Merkez/Yavuz Selim,TRY,Комнаты не разобраны,оставить,1300000.0
112113,Komple Bina,1300000.0,580.0,+,,4,Adıyaman/Merkez/Yavuz Selim,TRY,Комнаты не разобраны,оставить,1300000.0
112163,Komple Bina,1300000.0,,+,,3,İstanbul/Pendik/Fevzi Çakmak,TRY,Комнаты не разобраны,оставить,1300000.0
112597,Komple Bina,1300000.0,500.0,+,,5,Trabzon/Ortahisar/Yalıncak,TRY,Комнаты не разобраны,оставить,1300000.0
325626,Komple Bina,1300000.0,180.0,+,,5,Trabzon/Ortahisar/Yalıncak,TRY,Комнаты не разобраны,оставить,1300000.0
355969,Villa,1300000.0,2.0,6+3,Kot 3,3,Trabzon/Ortahisar/Sayvan,TRY,Площадь < 15 м²,оставить,1300000.0
373002,Daire,1284600.1548,64837.0,7+2,16,4,İstanbul/Güngören/Sanayi,USD,"Площадь > 3 000 м², Этаж выше этажности",оставить,242222.0
389823,Komple Bina,1280000.0,,+,,,Denizli/Pamukkale/Fesleğen,TRY,Комнаты не разобраны,оставить,1280000.0
401581,Komple Bina,1280000.0,,+,,,Denizli/Pamukkale/Fesleğen,TRY,Комнаты не разобраны,оставить,1280000.0
23958,Komple Bina,1275000.0,350.0,+,,3,Balıkesir/Erdek/Şahinburgaz,TRY,Комнаты не разобраны,оставить,1275000.0
26796,Komple Bina,1275000.0,350.0,+,,3,Balıkesir/Erdek/Şahinburgaz,TRY,Комнаты не разобраны,оставить,1275000.0
28900,Komple Bina,1275000.0,350.0,+,,3,Balıkesir/Erdek/Şahinburgaz,TRY,Комнаты не разобраны,оставить,1275000.0
32072,Komple Bina,1275000.0,350.0,+,,3,Balıkesir/Erdek/Şahinburgaz,TRY,Комнаты не разобраны,оставить,1275000.0
363867,Çiftlik Evi,1275000.0,8.0,5+2,,2,Bursa/Orhangazi/Muradiye,TRY,Площадь < 15 м²,оставить,1275000.0
319687,Daire,1270000.0,160.0,3+1,4,1,İstanbul/Ataşehir/Atatürk,TRY,Этаж выше этажности,оставить,1270000.0
7108,Komple Bina,1250000.0,70.0,+,,3,Denizli/Pamukkale/Yunusemre,TRY,Комнаты не разобраны,оставить,1250000.0
7432,Komple Bina,1250000.0,,+,,4,Kocaeli/İzmit/Topçular,TRY,Комнаты не разобраны,оставить,1250000.0
8018,Komple Bina,1250000.0,,+,,4,Kocaeli/İzmit/Topçular,TRY,Комнаты не разобраны,оставить,1250000.0
17620,Komple Bina,1250000.0,81.0,+,,4,İstanbul/Beyoğlu/Yenişehir,TRY,Комнаты не разобраны,оставить,1250000.0
22516,Komple Bina,1250000.0,161.0,+,,4,Antalya/Muratpaşa/Sinan,TRY,Комнаты не разобраны,оставить,1250000.0
22988,Komple Bina,1250000.0,240.0,+,,,Muğla/Bodrum/Göltürkbükü,TRY,Комнаты не разобраны,оставить,1250000.0
28864,Villa,1250000.0,4650.0,6+1,,3,İzmir/Kemalpaşa/Aşağıkızılca,TRY,Площадь > 3 000 м²,оставить,1250000.0
40660,Müstakil Ev,1250000.0,1.0,3+1,Müstakil,1,Antalya/Konyaaltı/Çakırlar,TRY,Площадь < 15 м²,оставить,1250000.0
92867,Komple Bina,1250000.0,65.0,+,,4,Sakarya/Serdivan/Otuziki Evler,TRY,Комнаты не разобраны,оставить,1250000.0
92921,Komple Bina,1250000.0,85.0,+,,3,İstanbul/Fatih/Hırka-i Şerif,TRY,Комнаты не разобраны,оставить,1250000.0
92937,Komple Bina,1250000.0,135.0,+,,5,Samsun/Atakum/Yeşildere,TRY,Комнаты не разобраны,оставить,1250000.0
95288,Daire,1250000.0,165.0,3+1,14,7,İstanbul/Zeytinburnu/Seyitnizam,TRY,Этаж выше этажности,оставить,1250000.0
97191,Komple Bina,1250000.0,104.0,+,,4,Kocaeli/Darıca/Bağlarbaşı,TRY,Комнаты не разобраны,оставить,1250000.0
97629,Komple Bina,1250000.0,90.0,+,,4,İstanbul/Fatih/Topkapı,TRY,Комнаты не разобраны,оставить,1250000.0
98561,Komple Bina,1250000.0,60.0,+,,3,Uşak/Merkez/Kurtuluş,TRY,Комнаты не разобраны,оставить,1250000.0
98987,Komple Bina,1250000.0,135.0,+,,5,Samsun/Atakum/Yeşildere,TRY,Комнаты не разобраны,оставить,1250000.0
99117,Komple Bina,1250000.0,434.0,+,,5,Trabzon/Ortahisar/1 Nolu Erdoğdu,TRY,Комнаты не разобраны,оставить,1250000.0
99467,Komple Bina,1250000.0,90.0,+,,4,İstanbul/Fatih/Topkapı,TRY,Комнаты не разобраны,оставить,1250000.0
103935,Komple Bina,1250000.0,,+,,4,Yalova/Merkez/Süleyman Bey,TRY,Комнаты не разобраны,оставить,1250000.0
104063,Komple Bina,1250000.0,300.0,+,,5,İstanbul/Fatih/Haseki Sultan,TRY,Комнаты не разобраны,оставить,1250000.0
105017,Komple Bina,1250000.0,300.0,+,,3,Trabzon/Ortahisar/Üniversite,TRY,Комнаты не разобраны,оставить,1250000.0
107675,Komple Bina,1250000.0,120.0,+,,5,İstanbul/Bağcılar/15 Temmuz,TRY,Комнаты не разобраны,оставить,1250000.0
107873,Komple Bina,1250000.0,235.0,+,,5,İstanbul/Sultangazi/Sultançiftliği,TRY,Комнаты не разобраны,оставить,1250000.0
109023,Komple Bina,1250000.0,60.0,+,,4,İstanbul/Üsküdar/İcadiye,TRY,Комнаты не разобраны,оставить,1250000.0
110081,Komple Bina,1250000.0,100.0,+,,6,İstanbul/Bağcılar/Yenimahalle,TRY,Комнаты не разобраны,оставить,1250000.0
111401,Komple Bina,1250000.0,200.0,+,,2,İstanbul/Beykoz/Zerzavatçı,TRY,Комнаты не разобраны,оставить,1250000.0
112185,Komple Bina,1250000.0,85.0,+,,3,İstanbul/Fatih/Hırka-i Şerif,TRY,Комнаты не разобраны,оставить,1250000.0
112917,Komple Bina,1250000.0,60.0,+,,3,Uşak/Merkez/Kurtuluş,TRY,Комнаты не разобраны,оставить,1250000.0
113393,Komple Bina,1250000.0,120.0,+,,4,Ordu/Altınordu/Şarkiye,TRY,Комнаты не разобраны,оставить,1250000.0
113609,Komple Bina,1250000.0,800.0,+,,5,Trabzon/Ortahisar/Konaklar,TRY,Комнаты не разобраны,оставить,1250000.0
115173,Komple Bina,1250000.0,150.0,+,,5,Trabzon/Ortahisar/Konaklar,TRY,Комнаты не разобраны,оставить,1250000.0
349369,Komple Bina,1250000.0,,+,,2,Çanakkale/Ayvacık/Ahmetçe Köyü,TRY,Комнаты не разобраны,оставить,1250000.0
349967,Komple Bina,1250000.0,305.0,+,,3,Balıkesir/Edremit/Güre,TRY,Комнаты не разобраны,оставить,1250000.0
350163,Komple Bina,1250000.0,305.0,+,,3,Balıkesir/Edremit/Güre,TRY,Комнаты не разобраны,оставить,1250000.0
382930,Komple Bina,1250000.0,,+,,,İstanbul/Silivri/Piri Mehmet Paşa,TRY,Комнаты не разобраны,оставить,1250000.0
393162,Daire,1250000.0,,+,,,Gaziantep/Şehitkamil/Atatürk,TRY,Комнаты не разобраны,оставить,1250000.0
401266,Komple Bina,1250000.0,,+,,,İstanbul/Silivri/Piri Mehmet Paşa,TRY,Комнаты не разобраны,оставить,1250000.0
108959,Komple Bina,1220000.0,509.0,+,,4,Bursa/Nilüfer/Fethiye,TRY,Комнаты не разобраны,оставить,1220000.0
370749,Çiftlik Evi,1220000.0,4000.0,4+2,,2,Kırklareli/Merkez/Pınar,TRY,Площадь > 3 000 м²,оставить,1220000.0
371009,Çiftlik Evi,1220000.0,4000.0,4+2,,2,Kırklareli/Merkez/Pınar,TRY,Площадь > 3 000 м²,оставить,1220000.0
371151,Çiftlik Evi,1220000.0,4000.0,4+2,,2,Kırklareli/Merkez/Pınar,TRY,Площадь > 3 000 м²,оставить,1220000.0
522,Komple Bina,1200000.0,232.0,+,,2,Samsun/İlkadım/İstasyon,TRY,Комнаты не разобраны,оставить,1200000.0
548,Komple Bina,1200000.0,,+,,4,İstanbul/Sultangazi/Uğur Mumcu,TRY,Комнаты не разобраны,оставить,1200000.0
686,Komple Bina,1200000.0,232.0,+,,2,Samsun/İlkadım/İstasyon,TRY,Комнаты не разобраны,оставить,1200000.0
1242,Komple Bina,1200000.0,232.0,+,,2,Samsun/İlkadım/İstasyon,TRY,Комнаты не разобраны,оставить,1200000.0
1780,Komple Bina,1200000.0,,+,,4,İstanbul/Sultangazi/Uğur Mumcu,TRY,Комнаты не разобраны,оставить,1200000.0
25498,Komple Bina,1200000.0,250.0,+,,,Aydın/Didim/Efeler,TRY,Комнаты не разобраны,оставить,1200000.0
29368,Komple Bina,1200000.0,250.0,+,,,Aydın/Didim/Efeler,TRY,Комнаты не разобраны,оставить,1200000.0
32382,Komple Bina,1200000.0,250.0,+,,,Aydın/Didim/Efeler,TRY,Комнаты не разобраны,оставить,1200000.0
34814,Komple Bina,1200000.0,250.0,+,,,Aydın/Didim/Efeler,TRY,Комнаты не разобраны,оставить,1200000.0
92073,Komple Bina,1200000.0,160.0,+,,3,Denizli/Merkezefendi/Şemikler,TRY,Комнаты не разобраны,оставить,1200000.0
92117,Komple Bina,1200000.0,59.0,+,,4,İstanbul/Kağıthane/Gültepe,TRY,Комнаты не разобраны,оставить,1200000.0
93907,Komple Bina,1200000.0,,+,,5,İstanbul/Ümraniye/Esenkent,TRY,Комнаты не разобраны,оставить,1200000.0
95021,Komple Bina,1200000.0,105.0,+,,4,Gaziantep/Şahinbey/Deniz,TRY,Комнаты не разобраны,оставить,1200000.0
95295,Komple Bina,1200000.0,400.0,+,,4,İstanbul/Beykoz/Paşabahçe,TRY,Комнаты не разобраны,оставить,1200000.0
98305,Komple Bina,1200000.0,,+,,3,Bursa/Osmangazi/Nalbantoğlu,TRY,Комнаты не разобраны,оставить,1200000.0
99289,Komple Bina,1200000.0,,+,,3,Bursa/Osmangazi/Nalbantoğlu,TRY,Комнаты не разобраны,оставить,1200000.0
103961,Komple Bina,1200000.0,550.0,+,,4,Trabzon/Ortahisar/Kalkınma,TRY,Комнаты не разобраны,оставить,1200000.0
104405,Komple Bina,1200000.0,,+,,5,İstanbul/Ümraniye/Esenkent,TRY,Комнаты не разобраны,оставить,1200000.0
104635,Komple Bina,1200000.0,,+,,3,Bursa/Osmangazi/Nalbantoğlu,TRY,Комнаты не разобраны,оставить,1200000.0
106361,Komple Bina,1200000.0,59.0,+,,4,İstanbul/Kağıthane/Gültepe,TRY,Комнаты не разобраны,оставить,1200000.0
106485,Komple Bina,1200000.0,,+,,4,İstanbul/Sancaktepe/İnönü,TRY,Комнаты не разобраны,оставить,1200000.0
106885,Komple Bina,1200000.0,500.0,+,,5,İstanbul/Kağıthane/Çeliktepe,TRY,Комнаты не разобраны,оставить,1200000.0
107379,Komple Bina,1200000.0,,+,,5,İstanbul/Ümraniye/Esenkent,TRY,Комнаты не разобраны,оставить,1200000.0
107401,Komple Bina,1200000.0,,+,,2,Balıkesir/Karesi/1. Sakarya,TRY,Комнаты не разобраны,оставить,1200000.0
107641,Komple Bina,1200000.0,380.0,+,,4,İstanbul/Esenler/Tuna,TRY,Комнаты не разобраны,оставить,1200000.0
108251,Komple Bina,1200000.0,900.0,+,,4,Bursa/Yıldırım/Erikli,TRY,Комнаты не разобраны,оставить,1200000.0
108797,Komple Bina,1200000.0,270.0,+,,4,Eskişehir/Odunpazarı/Emek,TRY,Комнаты не разобраны,оставить,1200000.0
109303,Komple Bina,1200000.0,,+,,3,Bursa/Osmangazi/Nalbantoğlu,TRY,Комнаты не разобраны,оставить,1200000.0
109685,Komple Bina,1200000.0,,+,,4,Rize/Merkez/Çarşı,TRY,Комнаты не разобраны,оставить,1200000.0
110033,Komple Bina,1200000.0,,+,,4,Bursa/Yıldırım/Esenevler,TRY,Комнаты не разобраны,оставить,1200000.0
114709,Komple Bina,1200000.0,270.0,+,,3,Eskişehir/Odunpazarı/Sümer,TRY,Комнаты не разобраны,оставить,1200000.0
114871,Komple Bina,1200000.0,400.0,+,,4,İstanbul/Beykoz/Paşabahçe,TRY,Комнаты не разобраны,оставить,1200000.0
349553,Komple Bina,1200000.0,61.0,+,,3,İstanbul/Fatih/Koca Mustafapaşa,TRY,Комнаты не разобраны,оставить,1200000.0
349745,Komple Bina,1200000.0,61.0,+,,3,İstanbul/Fatih/Koca Mustafapaşa,TRY,Комнаты не разобраны,оставить,1200000.0
350099,Komple Bina,1200000.0,61.0,+,,3,İstanbul/Fatih/Koca Mustafapaşa,TRY,Комнаты не разобраны,оставить,1200000.0
364067,Çiftlik Evi,1200000.0,10599.0,2+1,,,Aydın/Kuşadası/Yeniköy,TRY,Площадь > 3 000 м²,оставить,1200000.0
376638,Komple Bina,1200000.0,,+,,4,İstanbul/Şile/Hacı Kasım,TRY,Комнаты не разобраны,оставить,1200000.0
376750,Komple Bina,1200000.0,,+,,3,Trabzon/Ortahisar/Kalkınma,TRY,Комнаты не разобраны,оставить,1200000.0
378528,Komple Bina,1200000.0,200.0,+,,5,Mersin/Yenişehir/Çiftlikköy,TRY,Комнаты не разобраны,оставить,1200000.0
389833,Komple Bina,1200000.0,,+,,,Denizli/Pamukkale/İncilipınar,TRY,Комнаты не разобраны,оставить,1200000.0
390384,Komple Bina,1200000.0,,+,,3,Trabzon/Ortahisar/Kalkınma,TRY,Комнаты не разобраны,оставить,1200000.0
391036,Komple Bina,1200000.0,,+,,3,Trabzon/Ortahisar/Kalkınma,TRY,Комнаты не разобраны,оставить,1200000.0
391234,Komple Bina,1200000.0,135.0,+,,,Sakarya/Sapanca/Çayiçi,TRY,Комнаты не разобраны,оставить,1200000.0
391381,Komple Bina,1200000.0,,+,,3,Trabzon/Ortahisar/Kalkınma,TRY,Комнаты не разобраны,оставить,1200000.0
392297,Komple Bina,1200000.0,,+,,3,Trabzon/Ortahisar/Kalkınma,TRY,Комнаты не разобраны,оставить,1200000.0
396511,Komple Bina,1200000.0,,+,,,İstanbul/Şişli/İnönü,TRY,Комнаты не разобраны,оставить,1200000.0
402219,Komple Bina,1198000.0,,+,,,Eskişehir/Odunpazarı/Emek,TRY,Комнаты не разобраны,оставить,1198000.0
95227,Komple Bina,1190000.0,,+,,4,Kocaeli/Darıca/Cami,TRY,Комнаты не разобраны,оставить,1190000.0
370173,Komple Bina,1185000.0,120.0,+,,3,İzmir/Bornova/Kızılay,TRY,Комнаты не разобраны,оставить,1185000.0
396035,Komple Bina,1185000.0,,+,,,İzmir/Bornova/Kızılay,TRY,Комнаты не разобраны,оставить,1185000.0
98461,Komple Bina,1180000.0,,+,,2,Bursa/Nilüfer/Fethiye,TRY,Комнаты не разобраны,оставить,1180000.0
34468,Komple Bina,1169420.0,,+,,2,Muğla/Marmaris/Tepe,USD,Комнаты не разобраны,оставить,175000.0
382976,Rezidans,1159204.5636,33059.0,2+1,,,KKTC/İskele/Ardahan Köyü,USD,Площадь > 3 000 м²,оставить,220222.0
403376,Komple Bina,1150061.0,70.0,+,,,Trabzon/Ortahisar/Konaklar,TRY,Комнаты не разобраны,оставить,1150061.0
96809,Villa,1150000.0,1.0,5+1,,3,İstanbul/Büyükçekmece/Türkoba,TRY,Площадь < 15 м²,оставить,1150000.0
97863,Komple Bina,1150000.0,300.0,+,,3,Balıkesir/Altıeylül/Dinkçiler,TRY,Комнаты не разобраны,оставить,1150000.0
98803,Komple Bina,1150000.0,400.0,+,,3,Balıkesir/Altıeylül/Dinkçiler,TRY,Комнаты не разобраны,оставить,1150000.0
99271,Komple Bina,1150000.0,350.0,+,,4,İstanbul/Bahçelievler/Fevzi Çakmak,TRY,Комнаты не разобраны,оставить,1150000.0
103965,Komple Bina,1150000.0,280.0,+,,3,Balıkesir/Altıeylül/Dinkçiler,TRY,Комнаты не разобраны,оставить,1150000.0
112105,Komple Bina,1150000.0,,+,,2,İstanbul/Tuzla/Yayla,TRY,Комнаты не разобраны,оставить,1150000.0
113201,Komple Bina,1150000.0,300.0,+,,5,Bursa/Kestel/Vanimehmet,TRY,Комнаты не разобраны,оставить,1150000.0
348781,Komple Bina,1150000.0,136.0,+,,4,İstanbul/Büyükçekmece/Kumburgaz,TRY,Комнаты не разобраны,оставить,1150000.0
389798,Komple Bina,1150000.0,,+,,,Denizli/Pamukkale/Fesleğen,TRY,Комнаты не разобраны,оставить,1150000.0
398207,Komple Bina,1150000.0,,+,,,Denizli/Pamukkale/Fesleğen,TRY,Комнаты не разобраны,оставить,1150000.0
348825,Komple Bina,1140000.0,200.0,+,,5,Bursa/Yıldırım/Yediselviler,TRY,Комнаты не разобраны,оставить,1140000.0
99395,Villa,1125000.0,1.0,4+1,,2,Gaziantep/Şahinbey/Küçükkızılhisar,TRY,Площадь < 15 м²,оставить,1125000.0
326738,Daire,1125000.0,,3+1,10,1,İstanbul/Zeytinburnu/Merkezefendi,TRY,Этаж выше этажности,оставить,1125000.0
26032,Komple Bina,1120000.0,43.0,+,,4,Aydın/Efeler/Zafer,TRY,Комнаты не разобраны,оставить,1120000.0
325914,Komple Bina,1111111.0,260000.0,+,,9,İstanbul/Şişli/Mecidiyeköy,TRY,"Площадь > 3 000 м², Площадь > 100 000 м², Комнаты не разобраны",оставить,1111111.0
8084,Komple Bina,1100000.0,135.0,+,,5,Bursa/Osmangazi/Bağlarbaşı,TRY,Комнаты не разобраны,оставить,1100000.0
17556,Komple Bina,1100000.0,406.0,+,,3,Isparta/Merkez/İskender,TRY,Комнаты не разобраны,оставить,1100000.0
26842,Komple Bina,1100000.0,175.0,+,,2,Antalya/Manavgat/Side,TRY,Комнаты не разобраны,оставить,1100000.0
28748,Komple Bina,1100000.0,175.0,+,,2,Antalya/Manavgat/Side,TRY,Комнаты не разобраны,оставить,1100000.0
30668,Komple Bina,1100000.0,150.0,+,,3,Balıkesir/Ayvalık/Fevzipaşa-Vehbibey,TRY,Комнаты не разобраны,оставить,1100000.0
32530,Komple Bina,1100000.0,540.0,+,,4,Antalya/Kepez/Düdenbaşı,TRY,Комнаты не разобраны,оставить,1100000.0
33696,Komple Bina,1100000.0,540.0,+,,4,Antalya/Kepez/Düdenbaşı,TRY,Комнаты не разобраны,оставить,1100000.0
50925,Villa,1100000.0,140.0,4+1,4,3,Aydın/Didim/Altınkum,TRY,Этаж выше этажности,оставить,1100000.0
92781,Komple Bina,1100000.0,341.0,+,,4,İstanbul/Kartal/Hürriyet,TRY,Комнаты не разобраны,оставить,1100000.0
94973,Komple Bina,1100000.0,,+,,3,Tekirdağ/Kapaklı/Bahçelievler,TRY,Комнаты не разобраны,оставить,1100000.0
95819,Komple Bina,1100000.0,250.0,+,,3,İstanbul/Tuzla/Yayla,TRY,Комнаты не разобраны,оставить,1100000.0
98675,Komple Bina,1100000.0,500.0,+,,5,İstanbul/Arnavutköy/Anadolu,TRY,Комнаты не разобраны,оставить,1100000.0
99157,Komple Bina,1100000.0,330.0,+,,4,İstanbul/Kartal/Hürriyet,TRY,Комнаты не разобраны,оставить,1100000.0
104759,Komple Bina,1100000.0,430.0,+,,4,İstanbul/Kartal/Gümüşpınar,TRY,Комнаты не разобраны,оставить,1100000.0
105335,Komple Bina,1100000.0,157.0,+,,2,Denizli/Merkezefendi/Sırakapılar,TRY,Комнаты не разобраны,оставить,1100000.0
108823,Komple Bina,1100000.0,500.0,+,,5,İstanbul/Arnavutköy/Anadolu,TRY,Комнаты не разобраны,оставить,1100000.0
111267,Komple Bina,1100000.0,,+,,3,Çanakkale/Merkez/Kepez Bld. (Cumhuriyet),TRY,Комнаты не разобраны,оставить,1100000.0
111841,Komple Bina,1100000.0,500.0,+,,5,İstanbul/Arnavutköy/Anadolu,TRY,Комнаты не разобраны,оставить,1100000.0
113329,Komple Bina,1100000.0,570.0,+,,4,Sakarya/Ferizli/İnönü,TRY,Комнаты не разобраны,оставить,1100000.0
113879,Daire,1100000.0,220.0,4+1,10,9,İstanbul/Kadıköy/Bostancı,TRY,Этаж выше этажности,оставить,1100000.0
298100,Daire,1100000.0,150.0,3+1,7,5,İstanbul/Başakşehir/Kayabaşı,TRY,Этаж выше этажности,оставить,1100000.0
348567,Komple Bina,1100000.0,,+,,1,Muğla/Köyceğiz/Toparlar,TRY,Комнаты не разобраны,оставить,1100000.0
348849,Komple Bina,1100000.0,,+,,1,Muğla/Köyceğiz/Toparlar,TRY,Комнаты не разобраны,оставить,1100000.0
348977,Komple Bina,1100000.0,160.0,+,,4,İstanbul/Küçükçekmece/İstasyon,TRY,Комнаты не разобраны,оставить,1100000.0
349409,Köşk / Konak / Yalı,1100000.0,46600.0,10+0,,3,İzmir/Ödemiş/Hacıhasan,TRY,Площадь > 3 000 м²,оставить,1100000.0
349691,Komple Bina,1100000.0,,+,,1,Muğla/Köyceğiz/Toparlar,TRY,Комнаты не разобраны,оставить,1100000.0
349953,Komple Bina,1100000.0,,+,,1,Muğla/Köyceğiz/Toparlar,TRY,Комнаты не разобраны,оставить,1100000.0
350191,Komple Bina,1100000.0,160.0,+,,4,İstanbul/Küçükçekmece/İstasyon,TRY,Комнаты не разобраны,оставить,1100000.0
363679,Komple Bina,1100000.0,,+,,,İstanbul/Pendik/Kaynarca,TRY,Комнаты не разобраны,оставить,1100000.0
397068,Komple Bina,1100000.0,,+,,,Sakarya/Akyazı/Kuzuluk,TRY,Комнаты не разобраны,оставить,1100000.0
399277,Daire,1100000.0,,+,,,Samsun/Atakum/Körfez,TRY,Комнаты не разобраны,оставить,1100000.0
27080,Komple Bina,1080000.0,38.0,+,,5,Aydın/Efeler/Zafer,TRY,Комнаты не разобраны,оставить,1080000.0
109333,Komple Bina,1055000.0,50.0,+,,3,Kocaeli/İzmit/Tepecik,TRY,Комнаты не разобраны,оставить,1055000.0
31928,Komple Bina,1050000.0,140.0,+,,4,Antalya/Kepez/Yeşilyurt,TRY,Комнаты не разобраны,оставить,1050000.0
93597,Komple Bina,1050000.0,,+,,3,Eskişehir/Tepebaşı/Çamlıca,TRY,Комнаты не разобраны,оставить,1050000.0
94875,Komple Bina,1050000.0,,+,,3,Sakarya/Adapazarı/Tığcılar,TRY,Комнаты не разобраны,оставить,1050000.0
95279,Daire,1050000.0,230.0,3+2,11,10,İstanbul/Başakşehir/Başak,TRY,Этаж выше этажности,оставить,1050000.0
99137,Komple Bina,1050000.0,390.0,+,,4,Eskişehir/Odunpazarı/İstiklal,TRY,Комнаты не разобраны,оставить,1050000.0
104385,Komple Bina,1050000.0,50.0,+,,4,Eskişehir/Tepebaşı/Tunalı,TRY,Комнаты не разобраны,оставить,1050000.0
108283,Komple Bina,1050000.0,,+,,5,İstanbul/Gaziosmanpaşa/Sarıgöl,TRY,Комнаты не разобраны,оставить,1050000.0
110897,Komple Bina,1050000.0,380.0,+,,3,Sakarya/Sapanca/Çayiçi,TRY,Комнаты не разобраны,оставить,1050000.0
219329,Daire,1050000.0,173.0,2+2,4,3,İstanbul/Maltepe/Altıntepe,TRY,Этаж выше этажности,оставить,1050000.0
245652,Daire,1050000.0,100.0,2+1,5,4,İstanbul/Eyüpsultan/Göktürk Merkez,TRY,Этаж выше этажности,оставить,1050000.0
261607,Daire,1050000.0,125.0,2+1,8,6,İstanbul/Beykoz/Kavacık,TRY,Этаж выше этажности,оставить,1050000.0
316527,Daire,1050000.0,1.0,4+1,2,10-20 arası,İstanbul/Ataşehir/Atatürk,TRY,Площадь < 15 м²,оставить,1050000.0
342871,Rezidans,1050000.0,135.0,3+1,2,1,Aydın/Kuşadası/Kadınlar Denizi,TRY,Этаж выше этажности,оставить,1050000.0
350511,Komple Bina,1050000.0,700.0,+,,7,İstanbul/Esenler/Fatih,TRY,Комнаты не разобраны,оставить,1050000.0
357299,Komple Bina,1050000.0,,+,,3,Kocaeli/Derince/İbnisina,TRY,Комнаты не разобраны,оставить,1050000.0
94387,Komple Bina,1025000.0,,+,,3,İstanbul/Ataşehir/İçerenköy,TRY,Комнаты не разобраны,оставить,1025000.0
113445,Villa,1025000.0,1.0,4+1,,1,Kayseri/Melikgazi/Becen,TRY,Площадь < 15 м²,оставить,1025000.0
1784,Komple Bina,1000000.0,,+,,2,İstanbul/Çekmeköy/Çatalmeşe,TRY,Комнаты не разобраны,оставить,1000000.0
30716,Komple Bina,1000000.0,250.0,+,,2,Aydın/Didim/Cumhuriyet,TRY,Комнаты не разобраны,оставить,1000000.0
33668,Komple Bina,1000000.0,520.0,+,,3,İzmir/Bornova/Mevlana,TRY,Комнаты не разобраны,оставить,1000000.0
90865,Komple Bina,1000000.0,,+,,4,Kocaeli/Çayırova/Emek,TRY,Комнаты не разобраны,оставить,1000000.0
91125,Komple Bina,1000000.0,600.0,+,,5,İstanbul/Gaziosmanpaşa/Karayolları,TRY,Комнаты не разобраны,оставить,1000000.0
91447,Daire,1000000.0,220.0,4+1,10,1,Mersin/Yenişehir/Eğriçam,TRY,Этаж выше этажности,оставить,1000000.0
91671,Komple Bina,1000000.0,111111.0,+,,9,İstanbul/Kadıköy/Osmanağa,TRY,"Площадь > 3 000 м², Площадь > 100 000 м², Комнаты не разобраны",оставить,1000000.0
91923,Komple Bina,1000000.0,,+,,2,Konya/Selçuklu/Selçuk,TRY,Комнаты не разобраны,оставить,1000000.0
93461,Komple Bina,1000000.0,,+,,4,İstanbul/Bağcılar/Kirazlı,TRY,Комнаты не разобраны,оставить,1000000.0
99249,Komple Bina,1000000.0,360.0,+,,4,Bursa/Nilüfer/Üçevler,TRY,Комнаты не разобраны,оставить,1000000.0
99335,Komple Bina,1000000.0,,+,,5,İstanbul/Bağcılar/15 Temmuz,TRY,Комнаты не разобраны,оставить,1000000.0
106545,Komple Bina,1000000.0,500.0,+,,5,Trabzon/Ortahisar/Konaklar,TRY,Комнаты не разобраны,оставить,1000000.0
108467,Komple Bina,1000000.0,,+,,4,İstanbul/Bağcılar/Kirazlı,TRY,Комнаты не разобраны,оставить,1000000.0
110325,Komple Bina,1000000.0,,+,,5,Erzurum/Yakutiye/Lalapaşa,TRY,Комнаты не разобраны,оставить,1000000.0
110609,Komple Bina,1000000.0,360.0,+,,4,Bursa/Nilüfer/Üçevler,TRY,Комнаты не разобраны,оставить,1000000.0
110657,Komple Bina,1000000.0,111111.0,+,,9,İstanbul/Kadıköy/Osmanağa,TRY,"Площадь > 3 000 м², Площадь > 100 000 м², Комнаты не разобраны",оставить,1000000.0
111013,Komple Bina,1000000.0,,+,,5,İstanbul/Bağcılar/15 Temmuz,TRY,Комнаты не разобраны,оставить,1000000.0
112935,Komple Bina,1000000.0,,+,,5,Erzurum/Yakutiye/Lalapaşa,TRY,Комнаты не разобраны,оставить,1000000.0
364271,Komple Bina,1000000.0,650.0,+,,3,Mersin/Toroslar/Arpaçsakarlar,TRY,Комнаты не разобраны,оставить,1000000.0
366561,Komple Bina,1000000.0,250.0,+,,3,Muğla/Milas/Kıyıkışlacık,TRY,Комнаты не разобраны,оставить,1000000.0
370015,Komple Bina,1000000.0,,+,,1,Kırklareli/Lüleburgaz/Sakızköy Köyü,TRY,Комнаты не разобраны,оставить,1000000.0
370043,Komple Bina,1000000.0,,+,,1,Kırklareli/Lüleburgaz/Sakızköy Köyü,TRY,Комнаты не разобраны,оставить,1000000.0
370587,Komple Bina,1000000.0,,+,,1,Kırklareli/Lüleburgaz/Sakızköy Köyü,TRY,Комнаты не разобраны,оставить,1000000.0
370753,Komple Bina,1000000.0,,+,,1,Kırklareli/Lüleburgaz/Sakızköy Köyü,TRY,Комнаты не разобраны,оставить,1000000.0
371179,Komple Bina,1000000.0,,+,,1,Kırklareli/Lüleburgaz/Sakızköy Köyü,TRY,Комнаты не разобраны,оставить,1000000.0
376460,Komple Bina,1000000.0,,+,,,İstanbul/Büyükçekmece/Mimar Sinan Merkez,TRY,Комнаты не разобраны,оставить,1000000.0
384964,Komple Bina,1000000.0,,+,,1,Burdur/Merkez/Konak,TRY,Комнаты не разобраны,оставить,1000000.0
393781,Komple Bina,1000000.0,,+,,4,Tekirdağ/Kapaklı/Cumhuriyet,TRY,Комнаты не разобраны,оставить,1000000.0
348793,Komple Bina,999000.0,600.0,+,,4,Antalya/Kepez/Kuzeyyaka,TRY,Комнаты не разобраны,оставить,999000.0
358521,Komple Bina,999000.0,,+,,4,Denizli/Pamukkale/İncilipınar,TRY,Комнаты не разобраны,оставить,999000.0
28346,Komple Bina,995000.0,300.0,+,,3,Antalya/Kemer/Beldibi,TRY,Комнаты не разобраны,оставить,995000.0
29426,Komple Bina,995000.0,300.0,+,,3,Antalya/Kemer/Beldibi,TRY,Комнаты не разобраны,оставить,995000.0
349741,Komple Bina,995000.0,,+,,4,Trabzon/Ortahisar/Gazipaşa,TRY,Комнаты не разобраны,оставить,995000.0
349923,Komple Bina,995000.0,,+,,4,Trabzon/Ortahisar/Gazipaşa,TRY,Комнаты не разобраны,оставить,995000.0
90,Daire,994177.527,22699.0,6+3,9,20 ve üzeri,Ankara/Elmadağ/Hasanoğlan Havuzbaşı,EUR,Площадь > 3 000 м²,оставить,162222.0
21772,Rezidans,992222.0,27053.0,7+2,12,1,Ankara/Ayaş/Akkaya,TRY,"Площадь > 3 000 м², Этаж выше этажности",оставить,992222.0
43594,Villa,990000.0,1.0,5+1,Müstakil,2,Antalya/Manavgat/Seydiler,TRY,Площадь < 15 м²,оставить,990000.0
112643,Komple Bina,990000.0,,+,,5,İstanbul/Eyüpsultan/Silahtarağa,TRY,Комнаты не разобраны,оставить,990000.0
6860,Çiftlik Evi,985000.0,,+,,5,Kayseri/İncesu/Bahçelievler,TRY,Комнаты не разобраны,оставить,985000.0
1868,Komple Bina,980000.0,370.0,+,,4,İzmir/Selçuk/14 Mayıs,TRY,Комнаты не разобраны,оставить,980000.0
6962,Komple Bina,980000.0,450.0,+,,3,İstanbul/Üsküdar/Yavuztürk,TRY,Комнаты не разобраны,оставить,980000.0
7662,Komple Bina,980000.0,450.0,+,,3,İstanbul/Üsküdar/Yavuztürk,TRY,Комнаты не разобраны,оставить,980000.0
113653,Komple Bina,980000.0,80.0,+,,5,Kırklareli/Demirköy/İğneada Bld. (Deniz),TRY,Комнаты не разобраны,оставить,980000.0
349287,Çiftlik Evi,980000.0,13000.0,3+1,,2,Aksaray/Merkez/Yenikent Bld. (Gazi),TRY,Площадь > 3 000 м²,оставить,980000.0
386886,Villa,980000.0,,+,,,Muğla/Datça/Yaka,TRY,Комнаты не разобраны,оставить,980000.0
33286,Komple Bina,975000.0,,+,,3,Antalya/Kepez/Güneş,TRY,Комнаты не разобраны,оставить,975000.0
33306,Komple Bina,975000.0,,+,,3,Antalya/Kepez/Güneş,TRY,Комнаты не разобраны,оставить,975000.0
35949,Müstakil Ev,975000.0,5600.0,2+1,Müstakil,1,İzmir/Torbalı/Yeniköy,TRY,Площадь > 3 000 м²,оставить,975000.0
86896,Müstakil Ev,975000.0,5600.0,2+1,Müstakil,1,İzmir/Torbalı/Yeniköy,TRY,Площадь > 3 000 м²,оставить,975000.0
110139,Komple Bina,975000.0,,+,,2,İstanbul/Beykoz/Çubuklu,TRY,Комнаты не разобраны,оставить,975000.0
114787,Komple Bina,975000.0,600.0,+,,3,Adıyaman/Merkez/Yeni Sanayi,TRY,Комнаты не разобраны,оставить,975000.0
370049,Komple Bina,975000.0,280.0,+,,4,Kocaeli/Gebze/Barış,TRY,Комнаты не разобраны,оставить,975000.0
370265,Komple Bina,975000.0,280.0,+,,4,Kocaeli/Gebze/Barış,TRY,Комнаты не разобраны,оставить,975000.0
370669,Komple Bina,975000.0,280.0,+,,4,Kocaeli/Gebze/Barış,TRY,Комнаты не разобраны,оставить,975000.0
371111,Komple Bina,975000.0,280.0,+,,4,Kocaeli/Gebze/Barış,TRY,Комнаты не разобраны,оставить,975000.0
301209,Daire,970000.0,160.0,5+1,11,10,İstanbul/Başakşehir/Başakşehir,TRY,Этаж выше этажности,оставить,970000.0
349137,Komple Bina,970000.0,120.0,+,,5,Ordu/Ünye/Saraçlı,TRY,Комнаты не разобраны,оставить,970000.0
384010,Villa,970000.0,1.0,4+1,,2,İstanbul/Çatalca/Çakıl,TRY,Площадь < 15 м²,оставить,970000.0
105111,Komple Bina,960000.0,150.0,+,,4,Trabzon/Ortahisar/2 Nolu Bostancı,TRY,Комнаты не разобраны,оставить,960000.0
107775,Komple Bina,955000.0,350.0,+,,3,Sakarya/Adapazarı/Tuzla,TRY,Комнаты не разобраны,оставить,955000.0
108385,Komple Bina,955000.0,350.0,+,,3,Sakarya/Adapazarı/Tuzla,TRY,Комнаты не разобраны,оставить,955000.0
6630,Komple Bina,950000.0,,+,,4,Kocaeli/İzmit/Tüysüzler,TRY,Комнаты не разобраны,оставить,950000.0
7204,Komple Bina,950000.0,300.0,+,,3,İstanbul/Ataşehir/İçerenköy,TRY,Комнаты не разобраны,оставить,950000.0
39296,Villa,950000.0,1.0,3+1,Müstakil,2,İzmir/Çeşme/Alaçatı,TRY,Площадь < 15 м²,оставить,950000.0
40542,Villa,950000.0,1.0,3+1,Müstakil,2,İzmir/Çeşme/Alaçatı,TRY,Площадь < 15 м²,оставить,950000.0
94091,Komple Bina,950000.0,700.0,+,,3,Denizli/Pamukkale/Kınıklı,TRY,Комнаты не разобраны,оставить,950000.0
94413,Komple Bina,950000.0,,+,,3,Sakarya/Sapanca/Rüstempaşa,TRY,Комнаты не разобраны,оставить,950000.0
97067,Komple Bina,950000.0,116.0,+,,3,İzmir/Menderes/Cüneytbey,TRY,Комнаты не разобраны,оставить,950000.0
98117,Komple Bina,950000.0,360.0,+,,3,İstanbul/Beykoz/Fatih,TRY,Комнаты не разобраны,оставить,950000.0
104711,Komple Bina,950000.0,85.0,+,,3,Balıkesir/Bandırma/17 Eylül,TRY,Комнаты не разобраны,оставить,950000.0
105349,Komple Bina,950000.0,510.0,+,,3,Adıyaman/Merkez/Cumhuriyet,TRY,Комнаты не разобраны,оставить,950000.0
106443,Komple Bina,950000.0,,+,,5,İstanbul/Sultangazi/Esentepe,TRY,Комнаты не разобраны,оставить,950000.0
106773,Komple Bina,950000.0,,+,,6,İstanbul/Gaziosmanpaşa/Karayolları,TRY,Комнаты не разобраны,оставить,950000.0
107127,Komple Bina,950000.0,,+,,6,İstanbul/Gaziosmanpaşa/Karayolları,TRY,Комнаты не разобраны,оставить,950000.0
107431,Komple Bina,950000.0,,+,,5,İstanbul/Sultangazi/Esentepe,TRY,Комнаты не разобраны,оставить,950000.0
108489,Komple Bina,950000.0,,+,,6,İstanbul/Gaziosmanpaşa/Karayolları,TRY,Комнаты не разобраны,оставить,950000.0
111423,Komple Bina,950000.0,85.0,+,,3,Balıkesir/Bandırma/17 Eylül,TRY,Комнаты не разобраны,оставить,950000.0
112849,Komple Bina,950000.0,242.0,+,,3,İstanbul/Avcılar/Firuzköy,TRY,Комнаты не разобраны,оставить,950000.0
113061,Komple Bina,950000.0,230.0,+,,3,Sakarya/Sapanca/Rüstempaşa,TRY,Комнаты не разобраны,оставить,950000.0
115469,Komple Bina,950000.0,360.0,+,,3,İstanbul/Beykoz/Fatih,TRY,Комнаты не разобраны,оставить,950000.0
245542,Daire,950000.0,2.0,6+2,5,5,İstanbul/Sultangazi/Uğur Mumcu,TRY,Площадь < 15 м²,оставить,950000.0
257955,Rezidans,950000.0,340.0,4+1,7,2,Mersin/Yenişehir/Fuatmorel,TRY,Этаж выше этажности,оставить,950000.0
328334,Komple Bina,950000.0,1000.0,+,,4,Elazığ/Merkez/Abdullah Paşa,TRY,Комнаты не разобраны,оставить,950000.0
103043,Rezidans,943213.0,909039.0,7+1,En Üst Kat,5,İstanbul/Güngören/Tozkoparan,TRY,"Площадь > 3 000 м², Площадь > 100 000 м²",оставить,943213.0
379066,Komple Bina,940065.0,,+,,2,Muğla/Ortaca/Kemaliye,USD,Комнаты не разобраны,оставить,150000.0
379972,Komple Bina,940065.0,,+,,2,Muğla/Ortaca/Kemaliye,USD,Комнаты не разобраны,оставить,150000.0
392209,Komple Bina,940065.0,,+,,2,Muğla/Ortaca/Kemaliye,USD,Комнаты не разобраны,оставить,150000.0
91695,Komple Bina,940000.0,,+,,2,Ordu/Altınordu/Cumhuriyet,TRY,Комнаты не разобраны,оставить,940000.0
92111,Komple Bina,940000.0,,+,,2,Ordu/Altınordu/Cumhuriyet,TRY,Комнаты не разобраны,оставить,940000.0
92881,Komple Bina,940000.0,,+,,2,Ordu/Altınordu/Cumhuriyet,TRY,Комнаты не разобраны,оставить,940000.0
93637,Komple Bina,940000.0,,+,,2,Ordu/Altınordu/Cumhuriyet,TRY,Комнаты не разобраны,оставить,940000.0
96157,Komple Bina,940000.0,,+,,2,Ordu/Altınordu/Cumhuriyet,TRY,Комнаты не разобраны,оставить,940000.0
98041,Komple Bina,940000.0,,+,,2,Ordu/Altınordu/Cumhuriyet,TRY,Комнаты не разобраны,оставить,940000.0
107723,Komple Bina,940000.0,,+,,2,Ordu/Altınordu/Cumhuriyet,TRY,Комнаты не разобраны,оставить,940000.0
108091,Komple Bina,940000.0,,+,,2,Ordu/Altınordu/Cumhuriyet,TRY,Комнаты не разобраны,оставить,940000.0
368309,Daire,936222.0,676535.0,6+2,Bahçe katı,8,İstanbul/Güngören/Tozkoparan,TRY,"Площадь > 3 000 м², Площадь > 100 000 м²",оставить,936222.0
92443,Komple Bina,933000.0,400.0,+,,3,Kocaeli/İzmit/Akçakoca,TRY,Комнаты не разобраны,оставить,933000.0
103827,Komple Bina,933000.0,400.0,+,,3,Kocaeli/İzmit/Akçakoca,TRY,Комнаты не разобраны,оставить,933000.0
104209,Komple Bina,933000.0,400.0,+,,3,Kocaeli/İzmit/Akçakoca,TRY,Комнаты не разобраны,оставить,933000.0
109739,Komple Bina,933000.0,400.0,+,,3,Kocaeli/İzmit/Akçakoca,TRY,Комнаты не разобраны,оставить,933000.0
7286,Komple Bina,930000.0,122.0,+,,2,Bursa/Nilüfer/Üçevler,TRY,Комнаты не разобраны,оставить,930000.0
104781,Komple Bina,930000.0,135.0,+,,3,Denizli/Pamukkale/İncilipınar,TRY,Комнаты не разобраны,оставить,930000.0
361491,Daire,923220.2224,501994.0,7+3,18,20 ve üzeri,İstanbul/Avcılar/Cihangir,GBP,"Площадь > 3 000 м², Площадь > 100 000 м²",оставить,130544.0
349431,Komple Bina,920000.0,,+,,3,Sakarya/Akyazı/Alaağaç,TRY,Комнаты не разобраны,оставить,920000.0
350073,Komple Bina,920000.0,,+,,3,Sakarya/Akyazı/Alaağaç,TRY,Комнаты не разобраны,оставить,920000.0
350119,Komple Bina,920000.0,,+,,3,Sakarya/Akyazı/Alaağaç,TRY,Комнаты не разобраны,оставить,920000.0
92465,Komple Bina,910000.0,980.0,+,,4,Denizli/Merkezefendi/Karahasanlı,TRY,Комнаты не разобраны,оставить,910000.0
1286,Komple Bina,900000.0,210.0,+,,3,Bursa/Gemlik/Dr. Ziya Kaya,TRY,Комнаты не разобраны,оставить,900000.0
1760,Komple Bina,900000.0,369.0,+,,4,İzmir/Selçuk/14 Mayıs,TRY,Комнаты не разобраны,оставить,900000.0
1894,Komple Bina,900000.0,348.0,+,,2,İzmir/Karaburun/Merkez,TRY,Комнаты не разобраны,оставить,900000.0
7692,Komple Bina,900000.0,92.0,+,,5,İstanbul/Arnavutköy/Anadolu,TRY,Комнаты не разобраны,оставить,900000.0
7778,Komple Bina,900000.0,200.0,+,,4,İstanbul/Sancaktepe/Abdurrahmangazi,TRY,Комнаты не разобраны,оставить,900000.0
49483,Daire,900000.0,,4+1,7,6,İstanbul/Pendik/Bahçelievler,TRY,Этаж выше этажности,оставить,900000.0
90983,Komple Bina,900000.0,440.0,+,,4,İstanbul/Silivri/Fevzipaşa,TRY,Комнаты не разобраны,оставить,900000.0
91239,Komple Bina,900000.0,85.0,+,,3,İstanbul/Ümraniye/Kazım Karabekir,TRY,Комнаты не разобраны,оставить,900000.0
94135,Komple Bina,900000.0,450.0,+,,3,Eskişehir/Tepebaşı/Şirintepe,TRY,Комнаты не разобраны,оставить,900000.0
95559,Komple Bina,900000.0,150.0,+,,3,İstanbul/Fatih/Derviş Ali,TRY,Комнаты не разобраны,оставить,900000.0
98611,Komple Bina,900000.0,,+,,3,Sakarya/Adapazarı/Akıncılar,TRY,Комнаты не разобраны,оставить,900000.0
99389,Komple Bina,900000.0,500.0,+,,4,Bursa/Osmangazi/Kavaklı,TRY,Комнаты не разобраны,оставить,900000.0
105209,Komple Bina,900000.0,470.0,+,,5,İstanbul/Sultangazi/Cebeci,TRY,Комнаты не разобраны,оставить,900000.0
105559,Komple Bina,900000.0,,+,,5,İstanbul/Kartal/Yakacık Yeni,TRY,Комнаты не разобраны,оставить,900000.0
106211,Komple Bina,900000.0,,+,,3,İzmir/Torbalı/Atatürk,TRY,Комнаты не разобраны,оставить,900000.0
109455,Komple Bina,900000.0,599.0,+,,4,Denizli/Pamukkale/Bağbaşı,TRY,Комнаты не разобраны,оставить,900000.0
110285,Komple Bina,900000.0,470.0,+,,5,İstanbul/Sultangazi/Cebeci,TRY,Комнаты не разобраны,оставить,900000.0
297041,Komple Bina,900000.0,,+,,4,Denizli/Pamukkale/İncilipınar,TRY,Комнаты не разобраны,оставить,900000.0
357443,Komple Bina,900000.0,450.0,+,,2,Denizli/Merkezefendi/Gültepe,TRY,Комнаты не разобраны,оставить,900000.0
357665,Komple Bina,900000.0,,+,,3,Sakarya/Serdivan/Vatan,TRY,Комнаты не разобраны,оставить,900000.0
358531,Komple Bina,900000.0,9500.0,4+1,,2,Eskişehir/Tepebaşı/Emirceoğlu,TRY,Площадь > 3 000 м²,оставить,900000.0
382312,Komple Bina,900000.0,,+,,4,Antalya/Kepez/Gülveren,TRY,Комнаты не разобраны,оставить,900000.0
322582,Daire,899000.0,,2+1,8,7,İstanbul/Küçükçekmece/Atakent,TRY,Этаж выше этажности,оставить,899000.0
348443,Komple Bina,890000.0,220.0,+,,4,İstanbul/Üsküdar/Salacak,TRY,Комнаты не разобраны,оставить,890000.0
105663,Komple Bina,885000.0,120.0,+,,5,İstanbul/Sultanbeyli/Mehmet Akif,TRY,Комнаты не разобраны,оставить,885000.0
108769,Komple Bina,880000.0,425.0,+,,4,İstanbul/Şile/İmrenli,TRY,Комнаты не разобраны,оставить,880000.0
6806,Komple Bina,875000.0,,+,,3,Sakarya/Akyazı/Ömercikler,TRY,Комнаты не разобраны,оставить,875000.0
7382,Komple Bina,875000.0,90.0,+,,4,İstanbul/Esenler/Davutpaşa,TRY,Комнаты не разобраны,оставить,875000.0
93587,Komple Bina,875000.0,55.0,+,,2,İstanbul/Fatih/Ayvansaray,TRY,Комнаты не разобраны,оставить,875000.0
97709,Komple Bina,875000.0,450.0,+,,4,Kocaeli/Çayırova/Atatürk,TRY,Комнаты не разобраны,оставить,875000.0
104823,Komple Bina,875000.0,80.0,+,,2,İstanbul/Fatih/Ayvansaray,TRY,Комнаты не разобраны,оставить,875000.0
366575,Komple Bina,875000.0,400.0,+,,3,Tekirdağ/Marmaraereğlisi/Dereağzı,TRY,Комнаты не разобраны,оставить,875000.0
391385,Daire,870000.0,,+,,,İzmir/Bornova/Kazımdirik,TRY,Комнаты не разобраны,оставить,870000.0
94909,Komple Bina,860000.0,450.0,+,,4,Kocaeli/İzmit/Erenler,TRY,Комнаты не разобраны,оставить,860000.0
363699,Komple Bina,855555.0,220.0,+,,3,Mersin/Toroslar/Çavuşlu,TRY,Комнаты не разобраны,оставить,855555.0
92983,Komple Bina,855000.0,216.0,+,,3,Burdur/Merkez/Atatürk,TRY,Комнаты не разобраны,оставить,855000.0
6686,Komple Bina,850000.0,270.0,+,,3,İstanbul/Beykoz/Soğuksu,TRY,Комнаты не разобраны,оставить,850000.0
17574,Komple Bina,850000.0,310.0,+,,3,Trabzon/Akçaabat/Kirazlık,TRY,Комнаты не разобраны,оставить,850000.0
19906,Villa,850000.0,180.0,3+1,6,2,Aydın/Kuşadası/Karaova,TRY,Этаж выше этажности,оставить,850000.0
25186,Villa,850000.0,1.0,6+2,,3,Antalya/Aksu/Karaçallı,TRY,Площадь < 15 м²,оставить,850000.0
27332,Villa,850000.0,1.0,6+2,,3,Antalya/Aksu/Karaçallı,TRY,Площадь < 15 м²,оставить,850000.0
29032,Komple Bina,850000.0,145.0,+,,3,İzmir/Karabağlar/Ali Fuat Erden,TRY,Комнаты не разобраны,оставить,850000.0
32766,Çiftlik Evi,850000.0,3200.0,2+1,,2,Gaziantep/Oğuzeli/Körkün,TRY,Площадь > 3 000 м²,оставить,850000.0
33974,Villa,850000.0,1.0,6+2,,3,Antalya/Aksu/Karaçallı,TRY,Площадь < 15 м²,оставить,850000.0
91165,Komple Bina,850000.0,250.0,+,,1,Konya/Meram/Kozağaç,TRY,Комнаты не разобраны,оставить,850000.0
91803,Komple Bina,850000.0,,+,,4,Kilis/Merkez/Osman Gazi,TRY,Комнаты не разобраны,оставить,850000.0
92373,Komple Bina,850000.0,,+,,4,Kilis/Merkez/Osman Gazi,TRY,Комнаты не разобраны,оставить,850000.0
92383,Komple Bina,850000.0,,+,,4,Kilis/Merkez/Osman Gazi,TRY,Комнаты не разобраны,оставить,850000.0
92923,Komple Bina,850000.0,525.0,+,,3,Sakarya/Adapazarı/Tuzla,TRY,Комнаты не разобраны,оставить,850000.0
92991,Komple Bina,850000.0,525.0,+,,3,Sakarya/Adapazarı/Tuzla,TRY,Комнаты не разобраны,оставить,850000.0
93215,Komple Bina,850000.0,525.0,+,,3,Sakarya/Adapazarı/Tuzla,TRY,Комнаты не разобраны,оставить,850000.0
93929,Komple Bina,850000.0,525.0,+,,3,Sakarya/Adapazarı/Tuzla,TRY,Комнаты не разобраны,оставить,850000.0
98387,Komple Bina,850000.0,,+,,3,Denizli/Merkezefendi/Değirmenönü,TRY,Комнаты не разобраны,оставить,850000.0
99077,Komple Bina,850000.0,165.0,+,,3,Bursa/Gemlik/Umurbey,TRY,Комнаты не разобраны,оставить,850000.0
105297,Komple Bina,850000.0,122.0,+,,5,İstanbul/Arnavutköy/İmrahor,TRY,Комнаты не разобраны,оставить,850000.0
105975,Komple Bina,850000.0,,+,,4,Malatya/Battalgazi/Tandoğan,TRY,Комнаты не разобраны,оставить,850000.0
106208,Villa,850000.0,5.0,4+1,Bahçe katı,2,Gaziantep/Şehitkamil/Yığınlı,TRY,Площадь < 15 м²,оставить,850000.0
106349,Komple Bina,850000.0,199.0,+,,5,Samsun/İlkadım/Kılıçdede,TRY,Комнаты не разобраны,оставить,850000.0
107915,Komple Bina,850000.0,525.0,+,,3,Sakarya/Adapazarı/Tuzla,TRY,Комнаты не разобраны,оставить,850000.0
110331,Komple Bina,850000.0,,+,,4,İstanbul/Ümraniye/Atatürk,TRY,Комнаты не разобраны,оставить,850000.0
252543,Daire,850000.0,4.0,4+1,5,5,İstanbul/Maltepe/Feyzullah,TRY,Площадь < 15 м²,оставить,850000.0
328968,Komple Bina,850000.0,,+,,3,Aydın/Köşk/Çarşı,TRY,Комнаты не разобраны,оставить,850000.0
349107,Çiftlik Evi,850000.0,4700.0,5+2,,3,Balıkesir/Erdek/Ocaklar,TRY,Площадь > 3 000 м²,оставить,850000.0
349235,Çiftlik Evi,850000.0,4700.0,5+2,,3,Balıkesir/Erdek/Ocaklar,TRY,Площадь > 3 000 м²,оставить,850000.0
349695,Villa,850000.0,5.0,3+1,,2,Malatya/Yeşilyurt/Gündüzbey,TRY,Площадь < 15 м²,оставить,850000.0
350285,Çiftlik Evi,850000.0,4700.0,5+2,,3,Balıkesir/Erdek/Ocaklar,TRY,Площадь > 3 000 м²,оставить,850000.0
371419,Müstakil Ev,850000.0,170.0,3+1,6,2,Muğla/Bodrum/Gümüşlük,TRY,Этаж выше этажности,оставить,850000.0
380226,Komple Bina,850000.0,80.0,+,,4,Samsun/Atakum/Denizevleri,TRY,Комнаты не разобраны,оставить,850000.0
389447,Komple Bina,850000.0,131.0,+,,1,Antalya/Muratpaşa/Kılınçarslan,TRY,Комнаты не разобраны,оставить,850000.0
390175,Komple Bina,850000.0,,+,,3,İstanbul/Ataşehir/Aşıkveysel,TRY,Комнаты не разобраны,оставить,850000.0
391079,Komple Bina,850000.0,,+,,,Tekirdağ/Çorlu/Havuzlar,TRY,Комнаты не разобраны,оставить,850000.0
395881,Komple Bina,850000.0,,+,,,Tekirdağ/Çorlu/Havuzlar,TRY,Комнаты не разобраны,оставить,850000.0
398624,Komple Bina,850000.0,,+,,,Tekirdağ/Çorlu/Havuzlar,TRY,Комнаты не разобраны,оставить,850000.0
399331,Komple Bina,850000.0,500.0,+,,,Ankara/Keçiören/Gümüşdere,TRY,Комнаты не разобраны,оставить,850000.0
401089,Komple Bina,850000.0,,+,,,Tekirdağ/Çorlu/Havuzlar,TRY,Комнаты не разобраны,оставить,850000.0
356553,Daire,849540.3094,168360.0,9+2,8,3,Ankara/Elmadağ/Hasanoğlan Havuzbaşı,GBP,"Площадь > 3 000 м², Площадь > 100 000 м², Этаж выше этажности",оставить,127333.0
33,Rezidans,847000.0,618173.0,6+3,Zemin Kat,7,İstanbul/Avcılar/Yeşilkent,TRY,"Площадь > 3 000 м², Площадь > 100 000 м²",оставить,847000.0
3666,Daire,844436.3844,10.0,1+1,Kot 1,20 ve üzeri,Ankara/Elmadağ/Hasanoğlan Havuzbaşı,GBP,Площадь < 15 м²,оставить,123333.0
7898,Komple Bina,840000.0,,+,,4,Denizli/Pamukkale/Bağbaşı,TRY,Комнаты не разобраны,оставить,840000.0
386686,Daire,836334.3984000001,33172.0,2+1,,,Karaman/Ermenek/Ardıçkaya Köyü,EUR,Площадь > 3 000 м²,оставить,139222.0
389862,Daire,836334.3984000001,33172.0,2+1,,,Karaman/Ermenek/Ardıçkaya Köyü,EUR,Площадь > 3 000 м²,оставить,139222.0
397899,Daire,836334.3984000001,33172.0,2+1,,,Karaman/Ermenek/Ardıçkaya Köyü,EUR,Площадь > 3 000 м²,оставить,139222.0
397920,Daire,836334.3984000001,33172.0,2+1,,,Karaman/Ermenek/Ardıçkaya Köyü,EUR,Площадь > 3 000 м²,оставить,139222.0
107721,Komple Bina,830000.0,110.0,+,,4,İstanbul/Bağcılar/Demirkapı,TRY,Комнаты не разобраны,оставить,830000.0
112131,Komple Bina,830000.0,,+,,3,Kayseri/Kocasinan/Oymaağaç,TRY,Комнаты не разобраны,оставить,830000.0
113481,Komple Bina,830000.0,110.0,+,,4,İstanbul/Bağcılar/Demirkapı,TRY,Комнаты не разобраны,оставить,830000.0
113859,Komple Bina,830000.0,110.0,+,,4,İstanbul/Bağcılar/Demirkapı,TRY,Комнаты не разобраны,оставить,830000.0
371259,Komple Bina,830000.0,110.0,+,,4,Aydın/Efeler/Meşrutiyet,TRY,Комнаты не разобраны,оставить,830000.0
26088,Komple Bina,825000.0,,+,,5,İzmir/Bayraklı/Körfez,TRY,Комнаты не разобраны,оставить,825000.0
28972,Komple Bina,825000.0,150.0,+,,3,Mersin/Yenişehir/Cumhuriyet,TRY,Комнаты не разобраны,оставить,825000.0
31292,Komple Bina,825000.0,,+,,5,İzmir/Bayraklı/Körfez,TRY,Комнаты не разобраны,оставить,825000.0
97857,Komple Bina,825000.0,,+,,3,Bursa/Osmangazi/Güneştepe,TRY,Комнаты не разобраны,оставить,825000.0
348301,Komple Bina,825000.0,210.0,+,,3,Osmaniye/Merkez/Yıldırım Beyazıt,TRY,Комнаты не разобраны,оставить,825000.0
348571,Komple Bina,825000.0,210.0,+,,3,Osmaniye/Merkez/Yıldırım Beyazıt,TRY,Комнаты не разобраны,оставить,825000.0
349197,Komple Bina,825000.0,,+,,5,İzmir/Bayraklı/Onur,TRY,Комнаты не разобраны,оставить,825000.0
349837,Komple Bina,825000.0,210.0,+,,3,Osmaniye/Merkez/Yıldırım Beyazıt,TRY,Комнаты не разобраны,оставить,825000.0
114017,Komple Bina,820000.0,120.0,+,,5,İstanbul/Sancaktepe/Osmangazi,TRY,Комнаты не разобраны,оставить,820000.0
348331,Komple Bina,820000.0,,+,,4,Antalya/Kepez/Kuzeyyaka,TRY,Комнаты не разобраны,оставить,820000.0
348727,Komple Bina,820000.0,,+,,4,Antalya/Kepez/Kuzeyyaka,TRY,Комнаты не разобраны,оставить,820000.0
349397,Komple Bina,820000.0,,+,,4,Antalya/Kepez/Kuzeyyaka,TRY,Комнаты не разобраны,оставить,820000.0
396784,Komple Bina,820000.0,,+,,,Sakarya/Adapazarı/Yenidoğan,TRY,Комнаты не разобраны,оставить,820000.0
366434,Villa,817222.0,497833.0,6+1,Bahçe katı,2,Ankara/Şereflikoçhisar/Çavuşköy,TRY,"Площадь > 3 000 м², Площадь > 100 000 м²",оставить,817222.0
395696,Çiftlik Evi,810000.0,,+,,,Malatya/Yazıhan/Durucasu,TRY,Комнаты не разобраны,оставить,810000.0
149,Daire,808222.0,367331.0,9+4,Kot 4,5,İstanbul/Güngören/Gençosman,TRY,"Площадь > 3 000 м², Площадь > 100 000 м²",оставить,808222.0
6644,Komple Bina,800000.0,473.0,+,,2,Çanakkale/Yenice/Kurtuluş,TRY,Комнаты не разобраны,оставить,800000.0
7438,Komple Bina,800000.0,150.0,+,,5,Samsun/İlkadım/Kazım Karabekir,TRY,Комнаты не разобраны,оставить,800000.0
26030,Çiftlik Evi,800000.0,6000.0,1+1,,2,Aydın/Didim/Ak-Yeniköy,TRY,Площадь > 3 000 м²,оставить,800000.0
28420,Daire,800000.0,,3+1,11,4,İstanbul/Kadıköy/Suadiye,TRY,Этаж выше этажности,оставить,800000.0
29626,Komple Bina,800000.0,450.0,+,,3,İzmir/Konak/19 Mayıs,TRY,Комнаты не разобраны,оставить,800000.0
30206,Çiftlik Evi,800000.0,6000.0,1+1,,2,Aydın/Didim/Ak-Yeniköy,TRY,Площадь > 3 000 м²,оставить,800000.0
30598,Komple Bina,800000.0,,+,,5,Trabzon/Ortahisar/Gazipaşa,TRY,Комнаты не разобраны,оставить,800000.0
31794,Komple Bina,800000.0,,+,,6,Aydın/Çine/Şevketiye,TRY,Комнаты не разобраны,оставить,800000.0
32348,Komple Bina,800000.0,135.0,+,,2,Muğla/Ortaca/Dalyan,TRY,Комнаты не разобраны,оставить,800000.0
34570,Çiftlik Evi,800000.0,6000.0,1+1,,2,Aydın/Didim/Ak-Yeniköy,TRY,Площадь > 3 000 м²,оставить,800000.0
92593,Komple Bina,800000.0,500.0,+,,3,Denizli/Pamukkale/Deliktaş,TRY,Комнаты не разобраны,оставить,800000.0
96891,Müstakil Ev,800000.0,1.0,3+1,,2,Sakarya/Serdivan/Reşadiye,TRY,Площадь < 15 м²,оставить,800000.0
106745,Komple Bina,800000.0,650.0,+,,4,Konya/Selçuklu/İhsaniye,TRY,Комнаты не разобраны,оставить,800000.0
107637,Komple Bina,800000.0,244.0,+,,2,Mersin/Yenişehir/Akkent,TRY,Комнаты не разобраны,оставить,800000.0
108135,Villa,800000.0,10000.0,4+1,,3,Antalya/Konyaaltı/Hisarçandır,TRY,Площадь > 3 000 м²,оставить,800000.0
113275,Komple Bina,800000.0,300.0,+,,4,İzmir/Buca/Fırat,TRY,Комнаты не разобраны,оставить,800000.0
348374,Müstakil Ev,800000.0,4000.0,3+1,Kot 2,2,Adana/Sarıçam/Cihadiye,TRY,Площадь > 3 000 м²,оставить,800000.0
382036,Komple Bina,800000.0,70.0,+,,2,Çanakkale/Merkez/Namık Kemal,TRY,Комнаты не разобраны,оставить,800000.0
384096,Komple Bina,800000.0,450.0,+,,4,Trabzon/Ortahisar/Pelitli,TRY,Комнаты не разобраны,оставить,800000.0
395878,Villa,800000.0,,+,,,Tekirdağ/Çorlu/Hürriyet,TRY,Комнаты не разобраны,оставить,800000.0
94227,Komple Bina,790000.0,,+,,3,Afyonkarahisar/Merkez/Cumhuriyet,TRY,Комнаты не разобраны,оставить,790000.0
94301,Komple Bina,790000.0,,+,,3,Afyonkarahisar/Merkez/Cumhuriyet,TRY,Комнаты не разобраны,оставить,790000.0
99019,Komple Bina,790000.0,,+,,3,Afyonkarahisar/Merkez/Cumhuriyet,TRY,Комнаты не разобраны,оставить,790000.0
105889,Komple Bina,790000.0,,+,,3,Eskişehir/Tepebaşı/Çamlıca,TRY,Комнаты не разобраны,оставить,790000.0
114133,Komple Bina,790000.0,,+,,3,Afyonkarahisar/Merkez/Cumhuriyet,TRY,Комнаты не разобраны,оставить,790000.0
370433,Komple Bina,790000.0,,+,,2,Çanakkale/Ayvacık/Ahmetçe Köyü,TRY,Комнаты не разобраны,оставить,790000.0
387822,Komple Bina,790000.0,200.0,+,,2,İstanbul/Beykoz/Ortaçeşme,TRY,Комнаты не разобраны,оставить,790000.0
63891,Daire,789000.0,125000.0,3+1,2,2,Aydın/Didim/Altınkum,TRY,"Площадь > 3 000 м², Площадь > 100 000 м²",оставить,789000.0
526,Komple Bina,785000.0,550.0,+,,3,İstanbul/Bağcılar/Göztepe,TRY,Комнаты не разобраны,оставить,785000.0
303912,Daire,780000.0,145.0,3+1,5,3,Çanakkale/Merkez/Cevat Paşa,TRY,Этаж выше этажности,оставить,780000.0
369929,Komple Bina,780000.0,660.0,+,,2,Manisa/Salihli/Atatürk,TRY,Комнаты не разобраны,оставить,780000.0
1334,Villa,775000.0,,+,,3,Çanakkale/Merkez/Güzelyalı Köyü,TRY,Комнаты не разобраны,оставить,775000.0
29524,Villa,775000.0,1.0,3+1,,3,İzmir/Menderes/Çukuraltı,TRY,Площадь < 15 м²,оставить,775000.0
30138,Villa,775000.0,1.0,3+1,,3,İzmir/Menderes/Çukuraltı,TRY,Площадь < 15 м²,оставить,775000.0
95561,Komple Bina,775000.0,,+,,2,İzmir/Buca/Çamlıkule,TRY,Комнаты не разобраны,оставить,775000.0
202443,Daire,775000.0,220.0,4+1,3,1,İzmir/Karşıyaka/Aksoy,TRY,Этаж выше этажности,оставить,775000.0
205367,Daire,775000.0,220.0,4+1,3,1,İzmir/Karşıyaka/Aksoy,TRY,Этаж выше этажности,оставить,775000.0
208035,Daire,775000.0,220.0,4+1,3,1,İzmir/Karşıyaka/Aksoy,TRY,Этаж выше этажности,оставить,775000.0
209410,Daire,775000.0,220.0,4+1,3,1,İzmir/Karşıyaka/Aksoy,TRY,Этаж выше этажности,оставить,775000.0
304888,Daire,775000.0,93.0,2+1,12,10,İstanbul/Başakşehir/Kayabaşı,TRY,Этаж выше этажности,оставить,775000.0
103979,Komple Bina,760000.0,110.0,+,,5,İstanbul/Sultangazi/Esentepe,TRY,Комнаты не разобраны,оставить,760000.0
107009,Komple Bina,760000.0,110.0,+,,4,İstanbul/Esenyurt/Selahaddin Eyyubi,TRY,Комнаты не разобраны,оставить,760000.0
112915,Komple Bina,760000.0,110.0,+,,5,İstanbul/Sultangazi/Esentepe,TRY,Комнаты не разобраны,оставить,760000.0
395784,Komple Bina,760000.0,115.0,+,,,Eskişehir/Odunpazarı/71 Evler,TRY,Комнаты не разобраны,оставить,760000.0
662,Komple Bina,750000.0,356.0,+,,4,İzmir/Bornova/Yıldırım Beyazıt,TRY,Комнаты не разобраны,оставить,750000.0
890,Komple Bina,750000.0,356.0,+,,4,İzmir/Bornova/Yıldırım Beyazıt,TRY,Комнаты не разобраны,оставить,750000.0
982,Komple Bina,750000.0,246.0,+,,3,İzmir/Karabağlar/Karabağlar,TRY,Комнаты не разобраны,оставить,750000.0
1016,Komple Bina,750000.0,356.0,+,,4,İzmir/Bornova/Yıldırım Beyazıt,TRY,Комнаты не разобраны,оставить,750000.0
6914,Komple Bina,750000.0,480.0,+,,2,Konya/Meram/Aşkan,TRY,Комнаты не разобраны,оставить,750000.0
8014,Komple Bina,750000.0,380.0,+,,3,Denizli/Pamukkale/Kayıhan,TRY,Комнаты не разобраны,оставить,750000.0
8148,Komple Bina,750000.0,480.0,+,,2,Konya/Meram/Aşkan,TRY,Комнаты не разобраны,оставить,750000.0
17650,Komple Bina,750000.0,145.0,+,,3,Sakarya/Hendek/Çamlıca,TRY,Комнаты не разобраны,оставить,750000.0
26260,Komple Bina,750000.0,,+,,5,Aydın/Didim/Efeler,TRY,Комнаты не разобраны,оставить,750000.0
33506,Komple Bina,750000.0,110.0,+,,5,İzmir/Bayraklı/Onur,TRY,Комнаты не разобраны,оставить,750000.0
51685,Daire,750000.0,125.0,3+1,8,5,İstanbul/Kadıköy/Kozyatağı,TRY,Этаж выше этажности,оставить,750000.0
62965,Daire,750000.0,1.0,3+1,2,2,Aydın/Didim/Altınkum,TRY,Площадь < 15 м²,оставить,750000.0
64607,Daire,750000.0,1.0,3+1,2,2,Aydın/Didim/Altınkum,TRY,Площадь < 15 м²,оставить,750000.0
86887,Daire,750000.0,1.0,3+1,Çatı Katı,3,Aydın/Didim/Mavişehir,TRY,Площадь < 15 м²,оставить,750000.0
90707,Komple Bina,750000.0,,+,,4,Kocaeli/Darıca/Abdi İpekçi,TRY,Комнаты не разобраны,оставить,750000.0
92723,Komple Bina,750000.0,,+,,3,Çanakkale/Merkez/Fevzipaşa,TRY,Комнаты не разобраны,оставить,750000.0
93223,Komple Bina,750000.0,275.0,+,,4,Trabzon/Ortahisar/Toklu,TRY,Комнаты не разобраны,оставить,750000.0
94765,Komple Bina,750000.0,410.0,+,,3,Konya/Selçuklu/Buhara,TRY,Комнаты не разобраны,оставить,750000.0
95623,Komple Bina,750000.0,200.0,+,,4,İzmir/Bornova/Mevlana,TRY,Комнаты не разобраны,оставить,750000.0
97843,Komple Bina,750000.0,,+,,4,Kocaeli/Darıca/Abdi İpekçi,TRY,Комнаты не разобраны,оставить,750000.0
97931,Komple Bina,750000.0,100.0,+,,3,Samsun/İlkadım/Ulugazi,TRY,Комнаты не разобраны,оставить,750000.0
98893,Komple Bina,750000.0,140.0,+,,4,İzmir/Buca/Yıldız,TRY,Комнаты не разобраны,оставить,750000.0
99547,Komple Bina,750000.0,,+,,4,Kocaeli/Darıca/Abdi İpekçi,TRY,Комнаты не разобраны,оставить,750000.0
106009,Komple Bina,750000.0,,+,,4,Zonguldak/Ereğli/Süleymanlar,TRY,Комнаты не разобраны,оставить,750000.0
106415,Komple Bina,750000.0,,+,,4,Kocaeli/Darıca/Abdi İpekçi,TRY,Комнаты не разобраны,оставить,750000.0
109307,Komple Bina,750000.0,,+,,5,Kocaeli/Kartepe/Emekevler,TRY,Комнаты не разобраны,оставить,750000.0
110157,Komple Bina,750000.0,,+,,4,Erzurum/Yakutiye/Lalapaşa,TRY,Комнаты не разобраны,оставить,750000.0
111025,Komple Bina,750000.0,600.0,+,,4,Ordu/Altınordu/Kumbaşı,TRY,Комнаты не разобраны,оставить,750000.0
111097,Komple Bina,750000.0,12.0,+,,4,Kocaeli/Derince/Sırrıpaşa,TRY,"Площадь < 15 м², Комнаты не разобраны",оставить,750000.0
111483,Komple Bina,750000.0,100.0,+,,4,Konya/Selçuklu/İhsaniye,TRY,Комнаты не разобраны,оставить,750000.0
113969,Komple Bina,750000.0,130.0,+,,5,Kocaeli/Kartepe/Emekevler,TRY,Комнаты не разобраны,оставить,750000.0
114685,Komple Bina,750000.0,12.0,+,,4,Kocaeli/Derince/Sırrıpaşa,TRY,"Площадь < 15 м², Комнаты не разобраны",оставить,750000.0
302088,Daire,750000.0,137.0,3+1,7,2,İzmir/Çiğli/Ataşehir,TRY,Этаж выше этажности,оставить,750000.0
310237,Daire,750000.0,137.0,3+1,7,2,İzmir/Çiğli/Ataşehir,TRY,Этаж выше этажности,оставить,750000.0
348341,Komple Bina,750000.0,,+,,4,Isparta/Merkez/Pirimehmet,TRY,Комнаты не разобраны,оставить,750000.0
348531,Komple Bina,750000.0,500.0,+,,4,Isparta/Merkez/Karaağaç,TRY,Комнаты не разобраны,оставить,750000.0
348645,Komple Bina,750000.0,530.0,+,,4,Trabzon/Akçaabat/Yaylacık,TRY,Комнаты не разобраны,оставить,750000.0
348911,Komple Bina,750000.0,440.0,+,,3,Trabzon/Ortahisar/Fatih,TRY,Комнаты не разобраны,оставить,750000.0
350355,Komple Bina,750000.0,200.0,+,,2,Aksaray/Merkez/Pınar,TRY,Комнаты не разобраны,оставить,750000.0
356791,Komple Bina,750000.0,110.0,+,,3,Sakarya/Serdivan/Köprübaşı,TRY,Комнаты не разобраны,оставить,750000.0
369951,Çiftlik Evi,750000.0,5600.0,2+1,,1,İzmir/Tire/Akkoyunlu,TRY,Площадь > 3 000 м²,оставить,750000.0
384204,Komple Bina,750000.0,150.0,+,,3,Osmaniye/Merkez/Raufbey,TRY,Комнаты не разобраны,оставить,750000.0
391197,Komple Bina,750000.0,150.0,+,,3,Osmaniye/Merkez/Raufbey,TRY,Комнаты не разобраны,оставить,750000.0
391201,Komple Bina,750000.0,150.0,+,,3,Osmaniye/Merkez/Raufbey,TRY,Комнаты не разобраны,оставить,750000.0
403198,Komple Bina,750000.0,,+,,,Sakarya/Erenler/Bağlar,TRY,Комнаты не разобраны,оставить,750000.0
35058,Komple Bina,749000.0,,+,,3,Mersin/Toroslar/Arpaçsakarlar,TRY,Комнаты не разобраны,оставить,749000.0
31154,Komple Bina,740000.0,,+,,4,Antalya/Kepez/Teomanpaşa,TRY,Комнаты не разобраны,оставить,740000.0
26096,Komple Bina,735000.0,,+,,2,İzmir/Bayraklı/Postacılar,TRY,Комнаты не разобраны,оставить,735000.0
31446,Komple Bina,735000.0,,+,,2,İzmir/Bayraklı/Postacılar,TRY,Комнаты не разобраны,оставить,735000.0
26758,Komple Bina,730000.0,289.0,+,,4,Mersin/Yenişehir/Hürriyet,TRY,Комнаты не разобраны,оставить,730000.0
27886,Komple Bina,730000.0,289.0,+,,4,Mersin/Yenişehir/Hürriyet,TRY,Комнаты не разобраны,оставить,730000.0
34378,Komple Bina,730000.0,289.0,+,,4,Mersin/Yenişehir/Hürriyet,TRY,Комнаты не разобраны,оставить,730000.0
244972,Daire,730000.0,100.0,3+1,5,2,İstanbul/Bakırköy/Kartaltepe,TRY,Этаж выше этажности,оставить,730000.0
383386,Daire,730000.0,,+,,,Konya/Selçuklu/İhsaniye,TRY,Комнаты не разобраны,оставить,730000.0
7240,Komple Bina,725000.0,100.0,+,,4,Trabzon/Ortahisar/Fatih,TRY,Комнаты не разобраны,оставить,725000.0
96867,Komple Bina,725000.0,,+,,3,Eskişehir/Odunpazarı/Emek,TRY,Комнаты не разобраны,оставить,725000.0
97371,Komple Bina,725000.0,205.0,+,,4,İstanbul/Beyoğlu/Bülbül,TRY,Комнаты не разобраны,оставить,725000.0
109197,Komple Bina,725000.0,110.0,+,,4,Tekirdağ/Kapaklı/Bahçelievler,TRY,Комнаты не разобраны,оставить,725000.0
111993,Komple Bina,725000.0,,+,,4,Sakarya/Adapazarı/Hızırtepe,TRY,Комнаты не разобраны,оставить,725000.0
112509,Komple Bina,725000.0,500.0,+,,4,Kocaeli/Gebze/Köşklü Çeşme,TRY,Комнаты не разобраны,оставить,725000.0
30742,Komple Bina,720000.0,,+,,5,Trabzon/Ortahisar/Konaklar,TRY,Комнаты не разобраны,оставить,720000.0
75187,Daire,720000.0,,2+1,5,4,İstanbul/Maltepe/Feyzullah,TRY,Этаж выше этажности,оставить,720000.0
96501,Komple Bina,720000.0,155.0,+,,4,Adıyaman/Merkez/Yeni,TRY,Комнаты не разобраны,оставить,720000.0
107469,Komple Bina,720000.0,120.0,+,,3,İstanbul/Beykoz/İncirköy,TRY,Комнаты не разобраны,оставить,720000.0
109903,Komple Bina,720000.0,420.0,+,,5,İstanbul/Tuzla/Şifa,TRY,Комнаты не разобраны,оставить,720000.0
110127,Komple Bina,720000.0,,+,,3,Sakarya/Serdivan/Arabacıalanı,TRY,Комнаты не разобраны,оставить,720000.0
113791,Komple Bina,720000.0,70.0,+,,3,Sakarya/Serdivan/Arabacıalanı,TRY,Комнаты не разобраны,оставить,720000.0
114953,Komple Bina,720000.0,120.0,+,,3,İstanbul/Beykoz/İncirköy,TRY,Комнаты не разобраны,оставить,720000.0
252134,Daire,720000.0,,2+1,5,4,İstanbul/Maltepe/Feyzullah,TRY,Этаж выше этажности,оставить,720000.0
381039,Daire,720000.0,230.0,4+1,4,3,Aydın/Kuşadası/Türkmen,TRY,Этаж выше этажности,оставить,720000.0
393525,Komple Bina,720000.0,,+,,,Sakarya/Erenler/Dilmen,TRY,Комнаты не разобраны,оставить,720000.0
322756,Daire,719000.0,160.0,3+1,13,10,İstanbul/Küçükçekmece/Atakent,TRY,Этаж выше этажности,оставить,719000.0
370915,Komple Bina,719000.0,1200.0,+,,5,Kütahya/Domaniç/Hasantepe,TRY,Комнаты не разобраны,оставить,719000.0
110051,Komple Bina,715000.0,105.0,+,,5,İstanbul/Sultangazi/Esentepe,TRY,Комнаты не разобраны,оставить,715000.0
112861,Komple Bina,715000.0,,+,,1,İzmir/Karşıyaka/Bostanlı,TRY,Комнаты не разобраны,оставить,715000.0
28572,Komple Bina,700000.0,90.0,+,,3,Antalya/Döşemealtı/Yeniköy,TRY,Комнаты не разобраны,оставить,700000.0
90905,Komple Bina,700000.0,,+,,3,Kayseri/Kocasinan/Yeni,TRY,Комнаты не разобраны,оставить,700000.0
91943,Komple Bina,700000.0,1417.0,+,,2,Konya/Meram/Hatıp,TRY,Комнаты не разобраны,оставить,700000.0
93739,Komple Bina,700000.0,320.0,+,,3,Bursa/Nilüfer/Kültür,TRY,Комнаты не разобраны,оставить,700000.0
99495,Komple Bina,700000.0,112.0,+,,5,İstanbul/Sultangazi/Esentepe,TRY,Комнаты не разобраны,оставить,700000.0
105739,Komple Bina,700000.0,250.0,+,,2,Afyonkarahisar/Merkez/Osman Gazi,TRY,Комнаты не разобраны,оставить,700000.0
107341,Komple Bina,700000.0,320.0,+,,3,Bursa/Nilüfer/Kültür,TRY,Комнаты не разобраны,оставить,700000.0
108709,Komple Bina,700000.0,98.0,+,,2,İzmir/Buca/Yenigün,TRY,Комнаты не разобраны,оставить,700000.0
109065,Komple Bina,700000.0,,+,,3,Afyonkarahisar/Merkez/Orhangazi,TRY,Комнаты не разобраны,оставить,700000.0
109925,Komple Bina,700000.0,95.0,+,,2,İzmir/Buca/Yenigün,TRY,Комнаты не разобраны,оставить,700000.0
112103,Komple Bina,700000.0,320.0,+,,3,Bursa/Nilüfer/Kültür,TRY,Комнаты не разобраны,оставить,700000.0
182075,Daire,700000.0,130.0,3+1,2,1,Ankara/Altındağ/Çamlık,TRY,Этаж выше этажности,оставить,700000.0
349889,Komple Bina,700000.0,749.0,+,,3,Eskişehir/Mahmudiye/Işıklar,TRY,Комнаты не разобраны,оставить,700000.0
376720,Komple Bina,700000.0,,+,,2,Muğla/Ortaca/Karaburun,TRY,Комнаты не разобраны,оставить,700000.0
378104,Komple Bina,700000.0,,+,,2,Muğla/Ortaca/Karaburun,TRY,Комнаты не разобраны,оставить,700000.0
388382,Yazlık,700000.0,7950.0,+,,,Bursa/Nilüfer/Görükle,TRY,"Площадь > 3 000 м², Комнаты не разобраны",оставить,700000.0
389825,Komple Bina,700000.0,85.0,+,,4,İzmir/Bayraklı/Manavkuyu,TRY,Комнаты не разобраны,оставить,700000.0
390597,Komple Bina,700000.0,,+,,2,Muğla/Ortaca/Karaburun,TRY,Комнаты не разобраны,оставить,700000.0
391538,Daire,700000.0,,+,,,Aydın/Nazilli/Altıntaş,TRY,Комнаты не разобраны,оставить,700000.0
392055,Komple Bina,700000.0,,+,,,İzmir/Menemen/Yeşil Pınar,TRY,Комнаты не разобраны,оставить,700000.0
402062,Komple Bina,700000.0,,+,,,İzmir/Menemen/Yeşil Pınar,TRY,Комнаты не разобраны,оставить,700000.0
24030,Komple Bina,699000.0,,+,,3,Aydın/Didim/Mavişehir,TRY,Комнаты не разобраны,оставить,699000.0
26364,Komple Bina,695000.0,255.0,+,,3,Adana/Seyhan/Kocavezir,TRY,Комнаты не разобраны,оставить,695000.0
28416,Komple Bina,695000.0,255.0,+,,3,Adana/Seyhan/Kocavezir,TRY,Комнаты не разобраны,оставить,695000.0
29800,Komple Bina,695000.0,255.0,+,,3,Adana/Seyhan/Kocavezir,TRY,Комнаты не разобраны,оставить,695000.0
30912,Komple Bina,695000.0,255.0,+,,3,Adana/Seyhan/Kocavezir,TRY,Комнаты не разобраны,оставить,695000.0
32740,Komple Bina,695000.0,255.0,+,,3,Adana/Seyhan/Kocavezir,TRY,Комнаты не разобраны,оставить,695000.0
34618,Komple Bina,695000.0,255.0,+,,3,Adana/Seyhan/Kocavezir,TRY,Комнаты не разобраны,оставить,695000.0
34632,Komple Bina,695000.0,255.0,+,,3,Adana/Seyhan/Kocavezir,TRY,Комнаты не разобраны,оставить,695000.0
6866,Komple Bina,690000.0,,+,,3,İstanbul/Beyoğlu/Bostan,TRY,Комнаты не разобраны,оставить,690000.0
99455,Komple Bina,690000.0,,+,,4,Denizli/Merkezefendi/Gültepe,TRY,Комнаты не разобраны,оставить,690000.0
349049,Komple Bina,690000.0,,+,,7,Kocaeli/İzmit/Serdar,TRY,Комнаты не разобраны,оставить,690000.0
402723,Villa,690000.0,,+,,,İzmir/Menemen/9 Eylül,TRY,Комнаты не разобраны,оставить,690000.0
99037,Komple Bina,685000.0,,+,,4,Tekirdağ/Kapaklı/Bahçelievler,TRY,Комнаты не разобраны,оставить,685000.0
111433,Komple Bina,685000.0,,+,,4,Tekirdağ/Kapaklı/Bahçelievler,TRY,Комнаты не разобраны,оставить,685000.0
91221,Komple Bina,680000.0,,+,,3,Denizli/Pamukkale/Kayıhan,TRY,Комнаты не разобраны,оставить,680000.0
93259,Komple Bina,680000.0,100.0,+,,2,Kocaeli/Körfez/Çamlıtepe,TRY,Комнаты не разобраны,оставить,680000.0
292246,Daire,680000.0,2.0,2+1,2,6,İstanbul/Şişli/19 Mayıs,TRY,Площадь < 15 м²,оставить,680000.0
363857,Çiftlik Evi,680000.0,4.0,3+1,,1,Kayseri/Kocasinan/Buğdaylı,TRY,Площадь < 15 м²,оставить,680000.0
363971,Çiftlik Evi,680000.0,4.0,3+1,,1,Kayseri/Kocasinan/Buğdaylı,TRY,Площадь < 15 м²,оставить,680000.0
370717,Komple Bina,680000.0,,+,,3,Nevşehir/Merkez/Mehmet Akif Ersoy,TRY,Комнаты не разобраны,оставить,680000.0
392275,Komple Bina,680000.0,,+,,4,Bursa/Yıldırım/Beyazıt,TRY,Комнаты не разобраны,оставить,680000.0
17652,Komple Bina,675000.0,,+,,4,Afyonkarahisar/Şuhut/Kurtuluş,TRY,Комнаты не разобраны,оставить,675000.0
91609,Komple Bina,675000.0,90.0,+,,1,İstanbul/Silivri/Sancaktepe,TRY,Комнаты не разобраны,оставить,675000.0
95245,Komple Bina,675000.0,180.0,+,,2,Eskişehir/Tepebaşı/Işıklar,TRY,Комнаты не разобраны,оставить,675000.0
111291,Komple Bina,675000.0,620.0,+,,5,İstanbul/Bahçelievler/Kocasinan Merkez,TRY,Комнаты не разобраны,оставить,675000.0
111477,Komple Bina,675000.0,265.0,+,,3,Samsun/Atakum/Mimarsinan,TRY,Комнаты не разобраны,оставить,675000.0
248982,Daire,675000.0,,4+1,5,2,Kocaeli/Gebze/Osman Yılmaz,TRY,Этаж выше этажности,оставить,675000.0
381388,Komple Bina,675000.0,,+,,,Sakarya/Adapazarı/Kurtuluş,TRY,Комнаты не разобраны,оставить,675000.0
27498,Daire,670000.0,,3+1,10,7,Manisa/Yunusemre/Güzelyurt,TRY,Этаж выше этажности,оставить,670000.0
96979,Komple Bina,670000.0,,+,,5,Bursa/Yıldırım/Baruthane,TRY,Комнаты не разобраны,оставить,670000.0
114285,Komple Bina,669000.0,300.0,+,,3,Sakarya/Adapazarı/Tuzla,TRY,Комнаты не разобраны,оставить,669000.0
342050,Daire,660451.0214,102265.0,10+0,Bahçe katı,7,Ankara/Elmadağ/Hasanoğlan Havuzbaşı,USD,"Площадь > 3 000 м², Площадь > 100 000 м²",оставить,122222.0
93815,Komple Bina,660000.0,,+,,3,Kocaeli/Başiskele/Vezirçiftliği,TRY,Комнаты не разобраны,оставить,660000.0
109073,Komple Bina,660000.0,115.0,+,,2,İzmir/Buca/Fırat,TRY,Комнаты не разобраны,оставить,660000.0
109545,Komple Bina,660000.0,115.0,+,,2,İzmir/Buca/Fırat,TRY,Комнаты не разобраны,оставить,660000.0
112423,Komple Bina,660000.0,400.0,+,,3,Nevşehir/Merkez/Bahçelievler,TRY,Комнаты не разобраны,оставить,660000.0
307014,Daire,660000.0,165.0,4+1,4,3,Aydın/Kuşadası/Ege,TRY,Этаж выше этажности,оставить,660000.0
352867,Müstakil Ev,660000.0,1.0,6+2,Müstakil,2,Muğla/Marmaris/Hisarönü,TRY,Площадь < 15 м²,оставить,660000.0
846,Komple Bina,650000.0,100.0,+,,3,Balıkesir/Ayvalık/İsmetpaşa,TRY,Комнаты не разобраны,оставить,650000.0
18084,Müstakil Ev,650000.0,3.0,3+1,Müstakil,2,Çanakkale/Ayvacık/Tuzla Köyü,TRY,Площадь < 15 м²,оставить,650000.0
18226,Müstakil Ev,650000.0,3.0,3+1,Müstakil,2,Çanakkale/Ayvacık/Tuzla Köyü,TRY,Площадь < 15 м²,оставить,650000.0
18558,Müstakil Ev,650000.0,3.0,3+1,Müstakil,2,Çanakkale/Ayvacık/Tuzla Köyü,TRY,Площадь < 15 м²,оставить,650000.0
25870,Komple Bina,650000.0,,+,,2,Antalya/Kepez/Ayanoğlu,TRY,Комнаты не разобраны,оставить,650000.0
28598,Çiftlik Evi,650000.0,3500.0,2+1,,1,Aydın/Didim/Akköy,TRY,Площадь > 3 000 м²,оставить,650000.0
29150,Çiftlik Evi,650000.0,3500.0,2+1,,1,Aydın/Didim/Akköy,TRY,Площадь > 3 000 м²,оставить,650000.0
30568,Çiftlik Evi,650000.0,4049.0,3+1,,1,Muğla/Menteşe/Orhaniye,TRY,Площадь > 3 000 м²,оставить,650000.0
31828,Çiftlik Evi,650000.0,3500.0,2+1,,1,Aydın/Didim/Akköy,TRY,Площадь > 3 000 м²,оставить,650000.0
39463,Villa,650000.0,1.0,3+1,Müstakil,2,Aydın/Didim/Efeler,TRY,Площадь < 15 м²,оставить,650000.0
40009,Villa,650000.0,1.0,3+1,Müstakil,2,Aydın/Didim/Efeler,TRY,Площадь < 15 м²,оставить,650000.0
42809,Villa,650000.0,1.0,3+1,Müstakil,2,Aydın/Didim/Efeler,TRY,Площадь < 15 м²,оставить,650000.0
51743,Daire,650000.0,90.0,2+1,3,2,İstanbul/Sarıyer/Maden,TRY,Этаж выше этажности,оставить,650000.0
92625,Komple Bina,650000.0,,+,,3,Balıkesir/Bandırma/Paşakonak,TRY,Комнаты не разобраны,оставить,650000.0
94055,Komple Bina,650000.0,,+,,3,Sakarya/Adapazarı/Ozanlar,TRY,Комнаты не разобраны,оставить,650000.0
94307,Komple Bina,650000.0,367.0,+,,3,Kocaeli/Derince/Mersincik,TRY,Комнаты не разобраны,оставить,650000.0
94353,Komple Bina,650000.0,,+,,3,İstanbul/Şişli/İnönü,TRY,Комнаты не разобраны,оставить,650000.0
94803,Komple Bina,650000.0,,+,,3,Burdur/Merkez/Zafer,TRY,Комнаты не разобраны,оставить,650000.0
97125,Komple Bina,650000.0,,+,,2,Tekirdağ/Ergene/Velimeşe,TRY,Комнаты не разобраны,оставить,650000.0
97165,Komple Bina,650000.0,,+,,4,Kocaeli/Gebze/Mimar Sinan,TRY,Комнаты не разобраны,оставить,650000.0
98551,Komple Bina,650000.0,,+,,4,Kocaeli/Gebze/Mimar Sinan,TRY,Комнаты не разобраны,оставить,650000.0
104623,Komple Bina,650000.0,,+,,4,Kocaeli/Gebze/Mimar Sinan,TRY,Комнаты не разобраны,оставить,650000.0
105379,Komple Bina,650000.0,,+,,2,Tekirdağ/Ergene/Velimeşe,TRY,Комнаты не разобраны,оставить,650000.0
105925,Komple Bina,650000.0,398.0,+,,4,Burdur/Merkez/Aydınlıkevler,TRY,Комнаты не разобраны,оставить,650000.0
106517,Komple Bina,650000.0,,+,,4,Kocaeli/Gebze/Mimar Sinan,TRY,Комнаты не разобраны,оставить,650000.0
107081,Komple Bina,650000.0,,+,,2,Tekirdağ/Ergene/Velimeşe,TRY,Комнаты не разобраны,оставить,650000.0
107861,Komple Bina,650000.0,,+,,5,Tekirdağ/Çorlu/Cemaliye,TRY,Комнаты не разобраны,оставить,650000.0
109219,Komple Bina,650000.0,190.0,+,,5,Erzurum/Yakutiye/Lalapaşa,TRY,Комнаты не разобраны,оставить,650000.0
112037,Komple Bina,650000.0,100.0,+,,5,İstanbul/Arnavutköy/İslambey,TRY,Комнаты не разобраны,оставить,650000.0
112905,Komple Bina,650000.0,45.0,+,,4,İstanbul/Fatih/Koca Mustafapaşa,TRY,Комнаты не разобраны,оставить,650000.0
114249,Komple Bina,650000.0,,+,,2,Tekirdağ/Ergene/Velimeşe,TRY,Комнаты не разобраны,оставить,650000.0
232677,Daire,650000.0,,4+1,4,3,Bursa/Nilüfer/Cumhuriyet,TRY,Этаж выше этажности,оставить,650000.0
283207,Daire,650000.0,2.0,4+1,2,5,İzmir/Karşıyaka/Şemikler,TRY,Площадь < 15 м²,оставить,650000.0
314819,Daire,650000.0,,+,4,10-20 arası,İstanbul/Başakşehir/Bahçeşehir 2. Kısım,TRY,Комнаты не разобраны,оставить,650000.0
321723,Rezidans,650000.0,125.0,2+1,6,1,İstanbul/Kadıköy/Fikirtepe,TRY,Этаж выше этажности,оставить,650000.0
348395,Komple Bina,650000.0,350.0,+,,4,Kastamonu/Merkez/Akmescit,TRY,Комнаты не разобраны,оставить,650000.0
348599,Komple Bina,650000.0,435.0,+,,3,Balıkesir/Edremit/Altınkum,TRY,Комнаты не разобраны,оставить,650000.0
378430,Komple Bina,650000.0,,+,,5,Artvin/Borçka/Merkez,TRY,Комнаты не разобраны,оставить,650000.0
380390,Villa,650000.0,,+,,,Aydın/Didim/Mavişehir,TRY,Комнаты не разобраны,оставить,650000.0
386486,Komple Bina,650000.0,125.0,+,,2,Muğla/Köyceğiz/Toparlar,TRY,Комнаты не разобраны,оставить,650000.0
390458,Çiftlik Evi,650000.0,,+,,,Balıkesir/Edremit/Altınoluk,TRY,Комнаты не разобраны,оставить,650000.0
392302,Komple Bina,650000.0,90.0,+,,3,Trabzon/Ortahisar/Toklu,TRY,Комнаты не разобраны,оставить,650000.0
403401,Müstakil Ev,650000.0,,+,,,Aydın/Didim/Çamlık,TRY,Комнаты не разобраны,оставить,650000.0
24553,Villa,649000.0,1.0,3+1,Müstakil,2,Aydın/Didim/Altınkum,TRY,Площадь < 15 м²,оставить,649000.0
37264,Villa,649000.0,1.0,4+1,Müstakil,2,Aydın/Didim/Efeler,TRY,Площадь < 15 м²,оставить,649000.0
39443,Villa,649000.0,1.0,4+1,Müstakil,2,Aydın/Didim/Efeler,TRY,Площадь < 15 м²,оставить,649000.0
41959,Villa,649000.0,1.0,3+1,Müstakil,2,Aydın/Didim/Altınkum,TRY,Площадь < 15 м²,оставить,649000.0
42840,Villa,649000.0,1.0,4+1,Müstakil,2,Aydın/Didim/Efeler,TRY,Площадь < 15 м²,оставить,649000.0
86582,Villa,649000.0,1.0,3+1,Müstakil,2,Aydın/Didim/Altınkum,TRY,Площадь < 15 м²,оставить,649000.0
349231,Komple Bina,649000.0,,+,,3,İzmir/Menderes/Kemalpaşa,TRY,Комнаты не разобраны,оставить,649000.0
350445,Komple Bina,649000.0,,+,,3,İzmir/Menderes/Kemalpaşa,TRY,Комнаты не разобраны,оставить,649000.0
95528,Daire,640000.0,120.0,3+1,15,3,İstanbul/Bağcılar/Güneşli,TRY,Этаж выше этажности,оставить,640000.0
49112,Daire,635000.0,80.0,2+1,5,1,Antalya/Konyaaltı/Liman,TRY,Этаж выше этажности,оставить,635000.0
1850,Komple Bina,630000.0,272.0,+,,2,İzmir/Karabağlar/Sarıyer,TRY,Комнаты не разобраны,оставить,630000.0
22671,Villa,630000.0,200.0,3+1,4,3,Aydın/Didim/Altınkum,TRY,Этаж выше этажности,оставить,630000.0
26645,Villa,630000.0,200.0,3+1,4,3,Aydın/Didim/Altınkum,TRY,Этаж выше этажности,оставить,630000.0
75610,Villa,630000.0,200.0,3+1,4,3,Aydın/Didim/Altınkum,TRY,Этаж выше этажности,оставить,630000.0
61195,Daire,625000.0,100.0,2+1,2,1,Muğla/Marmaris/Kemeraltı,TRY,Этаж выше этажности,оставить,625000.0
61296,Villa,625000.0,,3+1,2,1,Aydın/Kuşadası/Karaova,TRY,Этаж выше этажности,оставить,625000.0
91515,Komple Bina,625000.0,190.0,+,,2,Eskişehir/Tepebaşı/Sazova,TRY,Комнаты не разобраны,оставить,625000.0
350181,Komple Bina,625000.0,143.0,+,,3,Trabzon/Ortahisar/Pazarkapı,TRY,Комнаты не разобраны,оставить,625000.0
351300,Müstakil Ev,625000.0,2.0,5+2,Müstakil,2,Kayseri/Kocasinan/Mimarsinan,TRY,Площадь < 15 м²,оставить,625000.0
389082,Komple Bina,625000.0,200.0,+,,,İstanbul/Sultangazi/Habibler,TRY,Комнаты не разобраны,оставить,625000.0
7088,Komple Bina,620000.0,,+,,3,Afyonkarahisar/Merkez/Nazmi Saatçi,TRY,Комнаты не разобраны,оставить,620000.0
8108,Komple Bina,620000.0,,+,,3,Afyonkarahisar/Merkez/Nazmi Saatçi,TRY,Комнаты не разобраны,оставить,620000.0
35936,Daire,620000.0,1.0,3+1,3,3,Aydın/Didim/Mavişehir,TRY,Площадь < 15 м²,оставить,620000.0
37130,Daire,620000.0,1.0,3+1,3,3,Aydın/Didim/Mavişehir,TRY,Площадь < 15 м²,оставить,620000.0
59372,Daire,620000.0,99.0,2+1,8,6,Antalya/Alanya/Tosmur,TRY,Этаж выше этажности,оставить,620000.0
85432,Daire,620000.0,1.0,3+1,Çatı Katı,2,Aydın/Didim/Mavişehir,TRY,Площадь < 15 м²,оставить,620000.0
86570,Daire,620000.0,1.0,3+1,Çatı Katı,2,Aydın/Didim/Mavişehir,TRY,Площадь < 15 м²,оставить,620000.0
86737,Daire,620000.0,1.0,3+1,Çatı Katı,2,Aydın/Didim/Mavişehir,TRY,Площадь < 15 м²,оставить,620000.0
86767,Daire,620000.0,1.0,3+1,Çatı Katı,2,Aydın/Didim/Mavişehir,TRY,Площадь < 15 м²,оставить,620000.0
97115,Komple Bina,620000.0,87.0,+,,4,İstanbul/Gaziosmanpaşa/Bağlarbaşı,TRY,Комнаты не разобраны,оставить,620000.0
379620,Daire,620000.0,,+,,,İzmir/Karabağlar/Arap Hasan,TRY,Комнаты не разобраны,оставить,620000.0
94226,Daire,615000.0,195.0,4+1,13,6,Ankara/Çankaya/Yaşamkent,TRY,Этаж выше этажности,оставить,615000.0
113121,Komple Bina,615000.0,,+,,2,Kocaeli/Darıca/Kazım Karabekir,TRY,Комнаты не разобраны,оставить,615000.0
348705,Komple Bina,615000.0,,+,,5,Niğde/Merkez/Efendibey,TRY,Комнаты не разобраны,оставить,615000.0
349613,Komple Bina,615000.0,,+,,5,Niğde/Merkez/Efendibey,TRY,Комнаты не разобраны,оставить,615000.0
350159,Komple Bina,615000.0,,+,,5,Niğde/Merkez/Efendibey,TRY,Комнаты не разобраны,оставить,615000.0
350219,Komple Bina,615000.0,,+,,5,Niğde/Merkez/Efendibey,TRY,Комнаты не разобраны,оставить,615000.0
3959,Daire,603787.439,43818.0,2+1,18,1,Elazığ/Merkez/Değirmenönü Köyü,EUR,"Площадь > 3 000 м², Этаж выше этажности",оставить,100222.0
7630,Komple Bina,600000.0,600.0,+,,5,Tekirdağ/Ergene/Sağlık,TRY,Комнаты не разобраны,оставить,600000.0
25427,Daire,600000.0,220.0,5+1,13,10,Antalya/Muratpaşa/Çağlayan,TRY,Этаж выше этажности,оставить,600000.0
33314,Komple Bina,600000.0,95.0,+,,4,İzmir/Bayraklı/Çiçek,TRY,Комнаты не разобраны,оставить,600000.0
92441,Komple Bina,600000.0,450.0,+,,2,Tekirdağ/Ergene/Marmaracık,TRY,Комнаты не разобраны,оставить,600000.0
103795,Komple Bina,600000.0,,+,,10-20 arası,Sakarya/Serdivan/Kazımpaşa,TRY,Комнаты не разобраны,оставить,600000.0
104575,Komple Bina,600000.0,,+,,4,Kocaeli/Gölcük/Şehitler,TRY,Комнаты не разобраны,оставить,600000.0
106531,Komple Bina,600000.0,,+,,3,Bursa/Gürsu/Kurtuluş,TRY,Комнаты не разобраны,оставить,600000.0
106603,Komple Bina,600000.0,,+,,4,Kocaeli/Gölcük/Şehitler,TRY,Комнаты не разобраны,оставить,600000.0
109929,Komple Bina,600000.0,65.0,+,,4,İstanbul/Fatih/Koca Mustafapaşa,TRY,Комнаты не разобраны,оставить,600000.0
251213,Daire,600000.0,,6+2,5,4,Denizli/Merkezefendi/Selçuk Bey,TRY,Этаж выше этажности,оставить,600000.0
315584,Daire,600000.0,4.0,2+1,Kot 1,20 ve üzeri,İstanbul/Başakşehir/Ziya Gökalp,TRY,Площадь < 15 м²,оставить,600000.0
333701,Daire,600000.0,110.0,3+1,3,1,İstanbul/Maltepe/Küçükyalı,TRY,Этаж выше этажности,оставить,600000.0
342824,Daire,600000.0,110.0,3+1,3,1,İstanbul/Maltepe/Küçükyalı,TRY,Этаж выше этажности,оставить,600000.0
348639,Komple Bina,600000.0,100.0,+,,4,İzmir/Konak/Selçuk,TRY,Комнаты не разобраны,оставить,600000.0
348665,Komple Bina,600000.0,,+,,2,Çanakkale/Ayvacık/Arıklı Köyü,TRY,Комнаты не разобраны,оставить,600000.0
349687,Komple Bina,600000.0,,+,,4,Isparta/Merkez/Sanayi,TRY,Комнаты не разобраны,оставить,600000.0
350093,Komple Bina,600000.0,100.0,+,,4,İzmir/Konak/Selçuk,TRY,Комнаты не разобраны,оставить,600000.0
350303,Komple Bina,600000.0,,+,,4,Isparta/Merkez/Sanayi,TRY,Комнаты не разобраны,оставить,600000.0
350447,Komple Bina,600000.0,600.0,+,,4,Isparta/Merkez/Karaağaç,TRY,Комнаты не разобраны,оставить,600000.0
392438,Komple Bina,600000.0,115.0,+,,,İzmir/Seferihisar/Çolak İbrahim Bey,TRY,Комнаты не разобраны,оставить,600000.0
258015,Daire,599000.0,110.0,3+1,7,3,İstanbul/Ataşehir/İçerenköy,TRY,Этаж выше этажности,оставить,599000.0
295398,Daire,599000.0,175.0,4+1,15,8,Ankara/Yenimahalle/Kardelen,TRY,Этаж выше этажности,оставить,599000.0
324910,Daire,599000.0,175.0,4+1,15,8,Ankara/Yenimahalle/Kardelen,TRY,Этаж выше этажности,оставить,599000.0
325174,Daire,599000.0,175.0,4+1,15,8,Ankara/Yenimahalle/Kardelen,TRY,Этаж выше этажности,оставить,599000.0
83673,Daire,595000.0,70.0,2+1,8,6,İstanbul/Kadıköy/Caddebostan,TRY,Этаж выше этажности,оставить,595000.0
93915,Komple Bina,595000.0,160.0,+,,1,Bursa/Mudanya/Şükrüçavuş,TRY,Комнаты не разобраны,оставить,595000.0
212138,Daire,595000.0,,5+2,3,2,İstanbul/Bahçelievler/Kocasinan Merkez,TRY,Этаж выше этажности,оставить,595000.0
213244,Daire,595000.0,,5+2,3,2,İstanbul/Bahçelievler/Kocasinan Merkez,TRY,Этаж выше этажности,оставить,595000.0
215740,Daire,595000.0,,5+2,3,2,İstanbul/Bahçelievler/Kocasinan Merkez,TRY,Этаж выше этажности,оставить,595000.0
241072,Daire,595000.0,250.0,4+2,5,4,İstanbul/Avcılar/Denizköşkler,TRY,Этаж выше этажности,оставить,595000.0
243221,Daire,595000.0,250.0,4+2,5,4,İstanbul/Avcılar/Denizköşkler,TRY,Этаж выше этажности,оставить,595000.0
251856,Daire,595000.0,250.0,4+2,5,4,İstanbul/Avcılar/Denizköşkler,TRY,Этаж выше этажности,оставить,595000.0
358345,Komple Bina,595000.0,75.0,+,,3,Sakarya/Adapazarı/Yahyalar,TRY,Комнаты не разобраны,оставить,595000.0
358375,Komple Bina,595000.0,80.0,+,,3,Sakarya/Adapazarı/Yahyalar,TRY,Комнаты не разобраны,оставить,595000.0
387112,Komple Bina,595000.0,,+,,,Yalova/Merkez/Dere,TRY,Комнаты не разобраны,оставить,595000.0
106815,Komple Bina,590000.0,,+,,4,Samsun/İlkadım/İlyasköy,TRY,Комнаты не разобраны,оставить,590000.0
380344,Komple Bina,590000.0,,+,,,İzmir/Torbalı/Muratbey,TRY,Комнаты не разобраны,оставить,590000.0
402332,Komple Bina,585000.0,450.0,+,,,Bursa/Yıldırım/Değirmenönü,TRY,Комнаты не разобраны,оставить,585000.0
109069,Komple Bina,580000.0,44.0,+,,4,İstanbul/Beyoğlu/Yahya Kahya,TRY,Комнаты не разобраны,оставить,580000.0
112567,Komple Bina,580000.0,250.0,+,,3,Bursa/Osmangazi/İvazpaşa,TRY,Комнаты не разобраны,оставить,580000.0
260615,Daire,580000.0,145.0,3+1,7,2,Edirne/Merkez/Şükrüpaşa,TRY,Этаж выше этажности,оставить,580000.0
92361,Komple Bina,575000.0,120.0,+,,3,Eskişehir/Tepebaşı/Cumhuriye,TRY,Комнаты не разобраны,оставить,575000.0
93801,Komple Bina,575000.0,120.0,+,,3,Eskişehir/Tepebaşı/Cumhuriye,TRY,Комнаты не разобраны,оставить,575000.0
98853,Komple Bina,575000.0,120.0,+,,3,Eskişehir/Tepebaşı/Cumhuriye,TRY,Комнаты не разобраны,оставить,575000.0
107571,Komple Bina,575000.0,120.0,+,,3,Isparta/Merkez/Yedişehitler,TRY,Комнаты не разобраны,оставить,575000.0
370957,Komple Bina,575000.0,,+,,2,Kayseri/Kocasinan/Gevhernesibe,TRY,Комнаты не разобраны,оставить,575000.0
385458,Komple Bina,575000.0,,+,,,Kırklareli/Lüleburgaz/Özerler,TRY,Комнаты не разобраны,оставить,575000.0
387890,Daire,575000.0,450.0,+,,,İstanbul/Şile/Çavuş,TRY,Комнаты не разобраны,оставить,575000.0
389097,Komple Bina,575000.0,,+,,,Kırklareli/Lüleburgaz/Özerler,TRY,Комнаты не разобраны,оставить,575000.0
394656,Komple Bina,575000.0,,+,,,Muğla/Bodrum/Gümüşlük,TRY,Комнаты не разобраны,оставить,575000.0
396659,Komple Bina,575000.0,,+,,,Kırklareli/Lüleburgaz/Özerler,TRY,Комнаты не разобраны,оставить,575000.0
397169,Komple Bina,575000.0,,+,,,Kırklareli/Lüleburgaz/Özerler,TRY,Комнаты не разобраны,оставить,575000.0
399607,Komple Bina,575000.0,,+,,,Kırklareli/Lüleburgaz/Özerler,TRY,Комнаты не разобраны,оставить,575000.0
399630,Komple Bina,575000.0,,+,,,Kırklareli/Lüleburgaz/Özerler,TRY,Комнаты не разобраны,оставить,575000.0
6952,Daire,570000.0,,2+1,9,3,İstanbul/Küçükçekmece/Atakent,TRY,Этаж выше этажности,оставить,570000.0
7188,Daire,570000.0,,2+1,9,3,İstanbul/Küçükçekmece/Atakent,TRY,Этаж выше этажности,оставить,570000.0
79949,Villa,570000.0,120.0,3+1,4,2,Aydın/Kuşadası/Karaova,TRY,Этаж выше этажности,оставить,570000.0
351965,Daire,565211.5,777547.0,4+2,6,2,İstanbul/Avcılar/Cihangir,GBP,"Площадь > 3 000 м², Площадь > 100 000 м², Этаж выше этажности",оставить,83500.0
24799,Daire,565000.0,,3+1,4,3,Antalya/Muratpaşa/Şirinyalı,TRY,Этаж выше этажности,оставить,565000.0
105661,Daire,565000.0,,3+1,9,6,İstanbul/Beylikdüzü/Cumhuriyet,TRY,Этаж выше этажности,оставить,565000.0
112253,Daire,565000.0,,3+1,9,6,İstanbul/Beylikdüzü/Cumhuriyet,TRY,Этаж выше этажности,оставить,565000.0
251273,Daire,565000.0,200.0,6+2,5,4,Isparta/Merkez/Bahçelievler,TRY,Этаж выше этажности,оставить,565000.0
251361,Daire,565000.0,200.0,6+2,5,4,Isparta/Merkez/Bahçelievler,TRY,Этаж выше этажности,оставить,565000.0
354543,Müstakil Ev,565000.0,200.0,4+2,2,1,Mersin/Mezitli/Fındıkpınarı,TRY,Этаж выше этажности,оставить,565000.0
92571,Daire,560000.0,,3+1,10,6,İstanbul/Küçükçekmece/Cumhuriyet,TRY,Этаж выше этажности,оставить,560000.0
93007,Komple Bina,560000.0,,+,,3,Gaziantep/Şahinbey/Yeditepe,TRY,Комнаты не разобраны,оставить,560000.0
94143,Komple Bina,560000.0,450.0,+,,3,Bursa/Yıldırım/Değirmenönü,TRY,Комнаты не разобраны,оставить,560000.0
95434,Daire,560000.0,150.0,4+1,14,1,Ankara/Çankaya/Dodurga,TRY,Этаж выше этажности,оставить,560000.0
338232,Daire,560000.0,100.0,3+1,5,1,İstanbul/Esenler/Birlik,TRY,Этаж выше этажности,оставить,560000.0
342609,Daire,560000.0,,3+1,5,1,İstanbul/Esenler/Birlik,TRY,Этаж выше этажности,оставить,560000.0
348831,Komple Bina,560000.0,115.0,+,,4,Adıyaman/Merkez/İmamağa,TRY,Комнаты не разобраны,оставить,560000.0
369973,Komple Bina,560000.0,110.0,+,,1,Balıkesir/Edremit/Altınoluk,TRY,Комнаты не разобраны,оставить,560000.0
392822,Komple Bina,560000.0,400.0,+,,,Bursa/Yıldırım/Değirmenönü,TRY,Комнаты не разобраны,оставить,560000.0
395966,Komple Bina,560000.0,400.0,+,,,Bursa/Yıldırım/Değirmenönü,TRY,Комнаты не разобраны,оставить,560000.0
17507,Daire,550000.0,190.0,5+1,6,3,Bursa/Nilüfer/23 Nisan,TRY,Этаж выше этажности,оставить,550000.0
25310,Komple Bina,550000.0,,+,,3,Mersin/Yenişehir/Barbaros,TRY,Комнаты не разобраны,оставить,550000.0
30336,Komple Bina,550000.0,,+,,3,Mersin/Yenişehir/Barbaros,TRY,Комнаты не разобраны,оставить,550000.0
30778,Komple Bina,550000.0,,+,,3,Mersin/Yenişehir/Barbaros,TRY,Комнаты не разобраны,оставить,550000.0
31202,Müstakil Ev,550000.0,1.0,2+1,,1,Çanakkale/Lapseki/Umurbey Bld. (Umurbey),TRY,Площадь < 15 м²,оставить,550000.0
31476,Komple Bina,550000.0,,+,,3,Mersin/Yenişehir/Barbaros,TRY,Комнаты не разобраны,оставить,550000.0
39838,Daire,550000.0,,2+1,3,2,Muğla/Bodrum/Gümbet,TRY,Этаж выше этажности,оставить,550000.0
64258,Daire,550000.0,,2+1,3,2,Muğla/Bodrum/Gümbet,TRY,Этаж выше этажности,оставить,550000.0
78885,Daire,550000.0,,2+1,3,2,Muğla/Bodrum/Gümbet,TRY,Этаж выше этажности,оставить,550000.0
82397,Villa,550000.0,,3+1,3,2,Aydın/Kuşadası/Yavansu,TRY,Этаж выше этажности,оставить,550000.0
91649,Komple Bina,550000.0,,+,,4,Isparta/Merkez/Vatan,TRY,Комнаты не разобраны,оставить,550000.0
91679,Komple Bina,550000.0,,+,,4,Isparta/Merkez/Vatan,TRY,Комнаты не разобраны,оставить,550000.0
91709,Komple Bina,550000.0,,+,,4,Isparta/Merkez/Vatan,TRY,Комнаты не разобраны,оставить,550000.0
91761,Komple Bina,550000.0,,+,,4,Isparta/Merkez/Vatan,TRY,Комнаты не разобраны,оставить,550000.0
95691,Komple Bina,550000.0,700.0,+,,4,Kocaeli/Gölcük/Şehitler,TRY,Комнаты не разобраны,оставить,550000.0
96637,Komple Bina,550000.0,160.0,+,,3,Samsun/İlkadım/Rasathane,TRY,Комнаты не разобраны,оставить,550000.0
97199,Komple Bina,550000.0,,+,,2,İzmir/Buca/Yıldız,TRY,Комнаты не разобраны,оставить,550000.0
98429,Komple Bina,550000.0,,+,,3,İstanbul/Zeytinburnu/Çırpıcı,TRY,Комнаты не разобраны,оставить,550000.0
104407,Komple Bina,550000.0,700.0,+,,4,Kocaeli/Gölcük/Şehitler,TRY,Комнаты не разобраны,оставить,550000.0
105389,Komple Bina,550000.0,100.0,+,,5,İstanbul/Sultanbeyli/Akşemsettin,TRY,Комнаты не разобраны,оставить,550000.0
106327,Komple Bina,550000.0,700.0,+,,4,Kocaeli/Gölcük/Şehitler,TRY,Комнаты не разобраны,оставить,550000.0
107595,Komple Bina,550000.0,340.0,+,,4,Denizli/Merkezefendi/Göveçlik,TRY,Комнаты не разобраны,оставить,550000.0
108121,Komple Bina,550000.0,,+,,3,İstanbul/Zeytinburnu/Çırpıcı,TRY,Комнаты не разобраны,оставить,550000.0
109987,Komple Bina,550000.0,,+,,2,Tekirdağ/Çorlu/Havuzlar,TRY,Комнаты не разобраны,оставить,550000.0
113033,Komple Bina,550000.0,,+,,3,Tekirdağ/Çorlu/Havuzlar,TRY,Комнаты не разобраны,оставить,550000.0
114955,Komple Bina,550000.0,,+,,4,Isparta/Merkez/Vatan,TRY,Комнаты не разобраны,оставить,550000.0
115171,Komple Bina,550000.0,,+,,3,İstanbul/Zeytinburnu/Çırpıcı,TRY,Комнаты не разобраны,оставить,550000.0
253146,Daire,550000.0,189.0,3+1,6,1,İstanbul/Beylikdüzü/Adnan Kahveci,TRY,Этаж выше этажности,оставить,550000.0
298417,Daire,550000.0,150.0,4+1,10,5,Mersin/Yenişehir/50. Yıl,TRY,Этаж выше этажности,оставить,550000.0
349565,Müstakil Ev,550000.0,4000.0,3+1,,2,Kırklareli/Lüleburgaz/Umurca Köyü,TRY,Площадь > 3 000 м²,оставить,550000.0
350279,Komple Bina,550000.0,,+,,1,Afyonkarahisar/Sandıklı/Çakır,TRY,Комнаты не разобраны,оставить,550000.0
376444,Komple Bina,550000.0,140.0,+,,3,Trabzon/Arsin/Yeşilyalı,TRY,Комнаты не разобраны,оставить,550000.0
379478,Daire,550000.0,,+,,,Kocaeli/Derince/Çenedağ,TRY,Комнаты не разобраны,оставить,550000.0
387190,Komple Bina,550000.0,140.0,+,,5,İstanbul/Esenyurt/Necip Fazıl Kısakürek,TRY,Комнаты не разобраны,оставить,550000.0
388588,Komple Bina,550000.0,120.0,+,,4,Kocaeli/Körfez/Kuzey,TRY,Комнаты не разобраны,оставить,550000.0
394896,Villa,550000.0,,+,,,İstanbul/Büyükçekmece/Güzelce,TRY,Комнаты не разобраны,оставить,550000.0
395703,Komple Bina,550000.0,245.0,+,,,Eskişehir/Odunpazarı/Emek,TRY,Комнаты не разобраны,оставить,550000.0
403048,Komple Bina,550000.0,95.0,+,,,Ordu/Altınordu/Akyazı,TRY,Комнаты не разобраны,оставить,550000.0
391980,Çiftlik Evi,549999.0,5883.0,2+1,,,Balıkesir/Edremit/Akçay,TRY,Площадь > 3 000 м²,оставить,549999.0
14427,Daire,545000.0,,4+1,13,1,Ankara/Etimesgut/Şeker,TRY,Этаж выше этажности,оставить,545000.0
35350,Müstakil Ev,545000.0,3.0,2+1,Müstakil,2,Muğla/Bodrum/Cumhuriyet,TRY,Площадь < 15 м²,оставить,545000.0
92657,Komple Bina,545000.0,300.0,+,,2,Tokat/Merkez/Alipaşa,TRY,Комнаты не разобраны,оставить,545000.0
96043,Komple Bina,545000.0,300.0,+,,2,Tokat/Merkez/Alipaşa,TRY,Комнаты не разобраны,оставить,545000.0
97927,Komple Bina,545000.0,355.0,+,,3,Afyonkarahisar/Merkez/Kanlıca,TRY,Комнаты не разобраны,оставить,545000.0
110079,Komple Bina,545000.0,300.0,+,,2,Tokat/Merkez/Alipaşa,TRY,Комнаты не разобраны,оставить,545000.0
28047,Villa,540000.0,1.0,3+1,Müstakil,2,Aydın/Didim/Yalıköy,TRY,Площадь < 15 м²,оставить,540000.0
82156,Villa,540000.0,1.0,3+1,Müstakil,2,Aydın/Didim/Yalıköy,TRY,Площадь < 15 м²,оставить,540000.0
96229,Komple Bina,535000.0,,+,,3,Afyonkarahisar/Merkez/Ertuğrul Gazi,TRY,Комнаты не разобраны,оставить,535000.0
98579,Komple Bina,535000.0,,+,,3,Afyonkarahisar/Merkez/Ertuğrul Gazi,TRY,Комнаты не разобраны,оставить,535000.0
106045,Komple Bina,535000.0,,+,,3,Afyonkarahisar/Merkez/Ertuğrul Gazi,TRY,Комнаты не разобраны,оставить,535000.0
110585,Komple Bina,535000.0,,+,,3,Afyonkarahisar/Merkez/Ertuğrul Gazi,TRY,Комнаты не разобраны,оставить,535000.0
377042,Daire,535000.0,60.0,+,,,KKTC/Girne/Zeytinlik Mh.,TRY,Комнаты не разобраны,оставить,535000.0
80694,Daire,530000.0,125.0,3+1,4,2,İstanbul/Bakırköy/Osmaniye,TRY,Этаж выше этажности,оставить,530000.0
94381,Komple Bina,530000.0,,+,,5,Nevşehir/Merkez/Emek,TRY,Комнаты не разобраны,оставить,530000.0
7516,Komple Bina,525000.0,567.0,+,,3,Kırşehir/Merkez/Kervansaray,TRY,Комнаты не разобраны,оставить,525000.0
18302,Daire,525000.0,148.0,3+1,5,1,Trabzon/Ortahisar/Boztepe,TRY,Этаж выше этажности,оставить,525000.0
61180,Daire,525000.0,100.0,2+1,2,1,Antalya/Kaş/Kalkan,TRY,Этаж выше этажности,оставить,525000.0
91479,Komple Bina,525000.0,,+,,2,Gaziantep/Şahinbey/75. Yıl,TRY,Комнаты не разобраны,оставить,525000.0
91793,Komple Bina,525000.0,450.0,+,,3,Sakarya/Adapazarı/Yenigün,TRY,Комнаты не разобраны,оставить,525000.0
93069,Komple Bina,525000.0,450.0,+,,3,Sakarya/Adapazarı/Yenigün,TRY,Комнаты не разобраны,оставить,525000.0
96425,Komple Bina,525000.0,450.0,+,,3,Sakarya/Adapazarı/Yenigün,TRY,Комнаты не разобраны,оставить,525000.0
96649,Komple Bina,525000.0,,+,,3,Kocaeli/Körfez/Mimar Sinan,TRY,Комнаты не разобраны,оставить,525000.0
97099,Komple Bina,525000.0,400.0,+,,3,Düzce/Merkez/Azmimilli,TRY,Комнаты не разобраны,оставить,525000.0
111843,Komple Bina,525000.0,450.0,+,,3,Sakarya/Adapazarı/Yenigün,TRY,Комнаты не разобраны,оставить,525000.0
227740,Daire,525000.0,10.0,4+1,4,5,İstanbul/Güngören/Merkez,TRY,Площадь < 15 м²,оставить,525000.0
349363,Komple Bina,525000.0,525.0,+,,4,Sakarya/Adapazarı/Maltepe,TRY,Комнаты не разобраны,оставить,525000.0
350105,Komple Bina,525000.0,,+,,3,Gaziantep/Şehitkamil/Çağlayan,TRY,Комнаты не разобраны,оставить,525000.0
350291,Komple Bina,525000.0,290.0,+,,2,Sakarya/Akyazı/Kuzuluk,TRY,Комнаты не разобраны,оставить,525000.0
91231,Komple Bina,520000.0,,+,,4,Tekirdağ/Çorlu/Zafer,TRY,Комнаты не разобраны,оставить,520000.0
93743,Komple Bina,520000.0,,+,,4,Tekirdağ/Çorlu/Zafer,TRY,Комнаты не разобраны,оставить,520000.0
107459,Komple Bina,520000.0,,+,,3,Kocaeli/Derince/Mersincik,TRY,Комнаты не разобраны,оставить,520000.0
107603,Komple Bina,520000.0,300.0,+,,4,Tekirdağ/Çorlu/Zafer,TRY,Комнаты не разобраны,оставить,520000.0
111983,Komple Bina,520000.0,,+,,4,Tekirdağ/Çorlu/Zafer,TRY,Комнаты не разобраны,оставить,520000.0
253610,Daire,520000.0,220.0,6+2,6,5,İstanbul/Sultangazi/Gazi,TRY,Этаж выше этажности,оставить,520000.0
255882,Daire,520000.0,220.0,6+2,6,5,İstanbul/Sultangazi/Gazi,TRY,Этаж выше этажности,оставить,520000.0
255885,Daire,520000.0,220.0,6+2,6,5,İstanbul/Sultangazi/Gazi,TRY,Этаж выше этажности,оставить,520000.0
321538,Daire,520000.0,164.0,3+1,5,2,Ankara/Altındağ/Gülpınar,TRY,Этаж выше этажности,оставить,520000.0
324779,Daire,520000.0,120.0,3+1,15,2,İzmir/Karşıyaka/Örnekköy,TRY,Этаж выше этажности,оставить,520000.0
348907,Komple Bina,520000.0,,+,,,İzmir/Menemen/Gölcük,TRY,Комнаты не разобраны,оставить,520000.0
390036,Daire,520000.0,,+,,,Ankara/Keçiören/Ovacık,TRY,Комнаты не разобраны,оставить,520000.0
94059,Komple Bina,515000.0,,+,,3,Sakarya/Adapazarı/Mithatpaşa,TRY,Комнаты не разобраны,оставить,515000.0
349823,Komple Bina,515000.0,137.0,+,,5,Trabzon/Ortahisar/Boztepe,TRY,Комнаты не разобраны,оставить,515000.0
385058,Komple Bina,515000.0,,+,,,İzmir/Menemen/Irmak,TRY,Комнаты не разобраны,оставить,515000.0
385768,Komple Bina,515000.0,90.0,+,,,Muğla/Bodrum/Türkkuyusu,TRY,Комнаты не разобраны,оставить,515000.0
388258,Komple Bina,515000.0,,+,,,İzmir/Menemen/Irmak,TRY,Комнаты не разобраны,оставить,515000.0
349121,Komple Bina,512500.0,,+,,3,Tokat/Merkez/Yeşilırmak,TRY,Комнаты не разобраны,оставить,512500.0
93477,Komple Bina,510000.0,169.0,+,,3,İstanbul/Kartal/Hürriyet,TRY,Комнаты не разобраны,оставить,510000.0
94177,Komple Bina,510000.0,,+,,3,Sakarya/Adapazarı/Tığcılar,TRY,Комнаты не разобраны,оставить,510000.0
111403,Komple Bina,510000.0,140.0,+,,3,Eskişehir/Odunpazarı/Gökmeydan,TRY,Комнаты не разобраны,оставить,510000.0
113247,Komple Bina,510000.0,197.0,+,,3,Kocaeli/Gebze/İstasyon,TRY,Комнаты не разобраны,оставить,510000.0
253015,Daire,510000.0,,2+1,6,3,İstanbul/Ümraniye/Mehmet Akif,TRY,Этаж выше этажности,оставить,510000.0
256291,Daire,510000.0,,2+1,6,3,İstanbul/Ümraniye/Mehmet Akif,TRY,Этаж выше этажности,оставить,510000.0
256800,Daire,510000.0,,2+1,6,3,İstanbul/Ümraniye/Mehmet Akif,TRY,Этаж выше этажности,оставить,510000.0
294953,Daire,510000.0,2.0,4+1,,10-20 arası,Ankara/Mamak/Durali Alıç,TRY,Площадь < 15 м²,оставить,510000.0
295011,Daire,510000.0,2.0,4+1,,10-20 arası,Ankara/Mamak/Durali Alıç,TRY,Площадь < 15 м²,оставить,510000.0
295491,Daire,510000.0,2.0,4+1,,10-20 arası,Ankara/Mamak/Durali Alıç,TRY,Площадь < 15 м²,оставить,510000.0
296297,Daire,510000.0,190.0,4+1,10,2,Ankara/Etimesgut/Bağlıca,TRY,Этаж выше этажности,оставить,510000.0
300094,Daire,510000.0,,4+1,2,1,Elazığ/Merkez/Çaydaçıra,TRY,Этаж выше этажности,оставить,510000.0
393361,Daire,510000.0,,+,,,Ankara/Altındağ/Altınpark,TRY,Комнаты не разобраны,оставить,510000.0
349974,Daire,507839.51129999995,1820.0,1+1,6,2,İstanbul/Avcılar/Cihangir,GBP,Этаж выше этажности,оставить,74811.0
239971,Daire,505000.0,170.0,5+1,4,2,İstanbul/Bahçelievler/Yenibosna Merkez,TRY,Этаж выше этажности,оставить,505000.0
71804,Villa,500000.0,,+,3,3,Aydın/Kuşadası/Yavansu,TRY,Комнаты не разобраны,оставить,500000.0
91043,Komple Bina,500000.0,98.0,+,,3,İzmir/Buca/Fırat,TRY,Комнаты не разобраны,оставить,500000.0
108761,Komple Bina,500000.0,100.0,+,,4,Tekirdağ/Çorlu/Şeyh Sinan,TRY,Комнаты не разобраны,оставить,500000.0
114961,Komple Bina,500000.0,125.0,+,,2,Uşak/Merkez/Kemalöz,TRY,Комнаты не разобраны,оставить,500000.0
329112,Daire,500000.0,110.0,3+1,10,1,Ankara/Keçiören/Basınevleri,TRY,Этаж выше этажности,оставить,500000.0
348401,Komple Bina,500000.0,,+,,3,Gaziantep/Şahinbey/Boyacı,TRY,Комнаты не разобраны,оставить,500000.0
348425,Komple Bina,500000.0,,+,,3,Gaziantep/Şahinbey/Boyacı,TRY,Комнаты не разобраны,оставить,500000.0
348851,Çiftlik Evi,500000.0,3300.0,2+1,,1,Çanakkale/Ayvacık/Ahmetçe Köyü,TRY,Площадь > 3 000 м²,оставить,500000.0
349023,Komple Bina,500000.0,130.0,+,,3,Edirne/Uzunköprü/Mareşal Fevzi Çakmak,TRY,Комнаты не разобраны,оставить,500000.0
349155,Komple Bina,500000.0,,+,,2,Sakarya/Akyazı/Kuzuluk,TRY,Комнаты не разобраны,оставить,500000.0
349281,Çiftlik Evi,500000.0,7000.0,2+1,,1,Kocaeli/Kandıra/Pelitpınarı,TRY,Площадь > 3 000 м²,оставить,500000.0
350509,Komple Bina,500000.0,,+,,3,Gaziantep/Şahinbey/Boyacı,TRY,Комнаты не разобраны,оставить,500000.0
384440,Komple Bina,500000.0,,+,,5,Trabzon/Ortahisar/2 Nolu Erdoğdu,TRY,Комнаты не разобраны,оставить,500000.0
385380,Kooperatif,500000.0,2969.0,+,,8,Erzurum/Yakutiye/Kurtuluş,TRY,Комнаты не разобраны,оставить,500000.0
385626,Komple Bina,500000.0,,+,,5,Trabzon/Ortahisar/2 Nolu Erdoğdu,TRY,Комнаты не разобраны,оставить,500000.0
393621,Komple Bina,500000.0,,+,,5,Trabzon/Ortahisar/2 Nolu Erdoğdu,TRY,Комнаты не разобраны,оставить,500000.0
394257,Komple Bina,500000.0,,+,,5,Trabzon/Ortahisar/2 Nolu Erdoğdu,TRY,Комнаты не разобраны,оставить,500000.0
394598,Komple Bina,500000.0,,+,,5,Trabzon/Ortahisar/2 Nolu Erdoğdu,TRY,Комнаты не разобраны,оставить,500000.0
395440,Komple Bina,500000.0,,+,,,Kocaeli/Darıca/Kazım Karabekir,TRY,Комнаты не разобраны,оставить,500000.0
92769,Komple Bina,499999.0,167.0,+,,4,İstanbul/Arnavutköy/Nenehatun,TRY,Комнаты не разобраны,оставить,499999.0
368155,Komple Bina,499961.13139999995,181167.0,+,,1,Ankara/Elmadağ/Hasanoğlan Havuzbaşı,USD,"Площадь > 3 000 м², Площадь > 100 000 м², Комнаты не разобраны",оставить,92522.0
96523,Komple Bina,499000.0,,+,,2,İstanbul/Sancaktepe/Kemal Türkler,TRY,Комнаты не разобраны,оставить,499000.0
110401,Komple Bina,499000.0,180.0,+,,2,İstanbul/Sancaktepe/Kemal Türkler,TRY,Комнаты не разобраны,оставить,499000.0
368441,Daire,497760.939,9407.0,9+4,14,10,Ankara/Elmadağ/Hasanoğlan Havuzbaşı,GBP,"Площадь > 3 000 м², Этаж выше этажности",оставить,74022.0
96133,Komple Bina,495000.0,305.0,+,,3,Kocaeli/Körfez/Kirazlıyalı,TRY,Комнаты не разобраны,оставить,495000.0
111763,Komple Bina,495000.0,,+,,3,Isparta/Merkez/Fatih,TRY,Комнаты не разобраны,оставить,495000.0
112595,Komple Bina,495000.0,,+,,3,Isparta/Merkez/Fatih,TRY,Комнаты не разобраны,оставить,495000.0
231325,Daire,495000.0,,3+1,4,2,İstanbul/Ümraniye/Esenevler,TRY,Этаж выше этажности,оставить,495000.0
376025,Rezidans,495000.0,107.0,2+1,16,10,İstanbul/Esenyurt/Güzelyurt,TRY,Этаж выше этажности,оставить,495000.0
7488,Komple Bina,490000.0,,+,,3,Yalova/Çiftlikköy/Çiftlik,TRY,Комнаты не разобраны,оставить,490000.0
33412,Komple Bina,490000.0,240.0,+,,4,Antalya/Muratpaşa/Güzeloba,TRY,Комнаты не разобраны,оставить,490000.0
108033,Komple Bina,490000.0,400.0,+,,3,Adıyaman/Merkez/Sümerevler,TRY,Комнаты не разобраны,оставить,490000.0
342966,Daire,490000.0,,3+1,12,10,Trabzon/Ortahisar/Çukurçayır,TRY,Этаж выше этажности,оставить,490000.0
348543,Komple Bina,490000.0,1300.0,+,,2,Antalya/Döşemealtı/Ilıcaköy,TRY,Комнаты не разобраны,оставить,490000.0
378534,Komple Bina,490000.0,,+,,,İstanbul/Ümraniye/Yukarı Dudullu,TRY,Комнаты не разобраны,оставить,490000.0
379268,Komple Bina,490000.0,,+,,,İstanbul/Ümraniye/Yukarı Dudullu,TRY,Комнаты не разобраны,оставить,490000.0
392332,Komple Bina,490000.0,,+,,,İstanbul/Ümraniye/Yukarı Dudullu,TRY,Комнаты не разобраны,оставить,490000.0
395359,Komple Bina,490000.0,,+,,,İstanbul/Ümraniye/Yukarı Dudullu,TRY,Комнаты не разобраны,оставить,490000.0
1236,Komple Bina,485000.0,65.0,+,,3,İstanbul/Beyoğlu/Sururi Mehmet Efendi,TRY,Комнаты не разобраны,оставить,485000.0
7082,Komple Bina,485000.0,290.0,+,,3,Kocaeli/Gebze/Mevlana,TRY,Комнаты не разобраны,оставить,485000.0
7116,Komple Bina,485000.0,104.0,+,,3,Sakarya/Adapazarı/Mithatpaşa,TRY,Комнаты не разобраны,оставить,485000.0
349127,Komple Bina,485000.0,197.0,+,,2,Denizli/Pamukkale/Siteler,TRY,Комнаты не разобраны,оставить,485000.0
350397,Komple Bina,485000.0,197.0,+,,2,Denizli/Pamukkale/Siteler,TRY,Комнаты не разобраны,оставить,485000.0
138088,Daire,481506.4836,41347.0,8+3,Giriş Katı,9,İstanbul/Beşiktaş/Akat,GBP,Площадь > 3 000 м²,оставить,72756.0
78174,Daire,480000.0,,3+1,7,5,Mersin/Mezitli/Menderes,TRY,Этаж выше этажности,оставить,480000.0
78272,Daire,480000.0,,3+1,7,5,Mersin/Mezitli/Menderes,TRY,Этаж выше этажности,оставить,480000.0
78493,Daire,480000.0,,3+1,7,5,Mersin/Mezitli/Menderes,TRY,Этаж выше этажности,оставить,480000.0
78546,Daire,480000.0,,3+1,7,5,Mersin/Mezitli/Menderes,TRY,Этаж выше этажности,оставить,480000.0
78547,Daire,480000.0,,3+1,7,5,Mersin/Mezitli/Menderes,TRY,Этаж выше этажности,оставить,480000.0
92547,Komple Bina,480000.0,,+,,3,Bilecik/Bozüyük/Çarşı,TRY,Комнаты не разобраны,оставить,480000.0
92690,Daire,480000.0,77.0,2+1,12,8,İstanbul/Kartal/Soğanlık Yeni,TRY,Этаж выше этажности,оставить,480000.0
240281,Daire,480000.0,10.0,4+3,5,5,İstanbul/Bağcılar/Yıldıztepe,TRY,Площадь < 15 м²,оставить,480000.0
303377,Daire,480000.0,170.0,4+1,8,4,Ankara/Etimesgut/Eryaman,TRY,Этаж выше этажности,оставить,480000.0
322314,Daire,480000.0,150.0,4+1,13,9,Ankara/Etimesgut/Eryaman,TRY,Этаж выше этажности,оставить,480000.0
351749,Villa,478000.0,1.0,4+1,Müstakil,2,Gaziantep/Şehitkamil/Yığınlı,TRY,Площадь < 15 м²,оставить,478000.0
351853,Villa,478000.0,1.0,4+1,Müstakil,2,Gaziantep/Şehitkamil/Yığınlı,TRY,Площадь < 15 м²,оставить,478000.0
386664,Daire,476262.88080000004,61586.0,1+1,,,Antalya/Aksu/Barbaros,USD,Площадь > 3 000 м²,оставить,89922.0
397923,Daire,476262.88080000004,61586.0,1+1,,,Antalya/Aksu/Barbaros,USD,Площадь > 3 000 м²,оставить,89922.0
71766,Daire,475000.0,285.0,6+1,5,4,Antalya/Alanya/Küçükhasbahçe,TRY,Этаж выше этажности,оставить,475000.0
79153,Daire,475000.0,285.0,6+1,5,4,Antalya/Alanya/Küçükhasbahçe,TRY,Этаж выше этажности,оставить,475000.0
88451,Daire,475000.0,285.0,6+1,5,4,Antalya/Alanya/Küçükhasbahçe,TRY,Этаж выше этажности,оставить,475000.0
93327,Komple Bina,475000.0,220.0,+,,3,Bursa/Osmangazi/Doğanevler,TRY,Комнаты не разобраны,оставить,475000.0
98909,Komple Bina,475000.0,300.0,+,,3,Kocaeli/Başiskele/Sepetlipınar,TRY,Комнаты не разобраны,оставить,475000.0
182098,Daire,475000.0,120.0,3+1,2,1,Afyonkarahisar/Merkez/Selçuklu,TRY,Этаж выше этажности,оставить,475000.0
255786,Daire,475000.0,70.0,2+1,6,5,İstanbul/Kartal/Kordonboyu,TRY,Этаж выше этажности,оставить,475000.0
259178,Daire,475000.0,,5+3,7,6,Şanlıurfa/Karaköprü/Ali Baba,TRY,Этаж выше этажности,оставить,475000.0
325211,Daire,475000.0,110.0,3+1,8,2,İstanbul/Esenyurt/Yeşilkent,TRY,Этаж выше этажности,оставить,475000.0
370451,Komple Bina,475000.0,105.0,+,,3,İstanbul/Fatih/Seyyid Ömer,TRY,Комнаты не разобраны,оставить,475000.0
380556,Komple Bina,475000.0,,+,,,Afyonkarahisar/Merkez/Fatih,TRY,Комнаты не разобраны,оставить,475000.0
394163,Komple Bina,475000.0,90.0,+,,,Sakarya/Adapazarı/Yeni Cami,TRY,Комнаты не разобраны,оставить,475000.0
394495,Daire,475000.0,,+,,,Bursa/İnegöl/Olukman,TRY,Комнаты не разобраны,оставить,475000.0
397201,Daire,475000.0,8500.0,4+1,,,Amasya/Suluova/Salucu Köyü,TRY,Площадь > 3 000 м²,оставить,475000.0
1382,Komple Bina,470000.0,,+,,4,Trabzon/Ortahisar/Yalıncak,TRY,Комнаты не разобраны,оставить,470000.0
94545,Komple Bina,470000.0,200.0,+,,2,Kocaeli/İzmit/Sanayi,TRY,Комнаты не разобраны,оставить,470000.0
94913,Daire,470000.0,160.0,3+1,11,10,Gaziantep/Şehitkamil/Osmangazi,TRY,Этаж выше этажности,оставить,470000.0
96505,Komple Bina,470000.0,,+,,2,İzmir/Buca/Atatürk,TRY,Комнаты не разобраны,оставить,470000.0
109329,Komple Bina,470000.0,114.0,+,,5,Samsun/İlkadım/Adalet,TRY,Комнаты не разобраны,оставить,470000.0
310866,Daire,470000.0,150.0,4+1,14,3,Ankara/Etimesgut/Eryaman,TRY,Этаж выше этажности,оставить,470000.0
348529,Komple Bina,470000.0,110.0,+,,3,Sakarya/Arifiye/Neviye,TRY,Комнаты не разобраны,оставить,470000.0
349463,Komple Bina,470000.0,176.0,+,,2,Kocaeli/Gebze/Mevlana,TRY,Комнаты не разобраны,оставить,470000.0
349715,Komple Bina,470000.0,110.0,+,,3,Trabzon/Akçaabat/Yeni,TRY,Комнаты не разобраны,оставить,470000.0
357961,Daire,465217.00000000006,48068.0,6+1,Teras Kat,8,İstanbul/Avcılar/Cihangir,USD,Площадь > 3 000 м²,оставить,86000.0
93241,Komple Bina,465000.0,,+,,2,Sakarya/Erenler/Küpçüler,TRY,Комнаты не разобраны,оставить,465000.0
95985,Komple Bina,465000.0,,+,,2,Sakarya/Erenler/Küpçüler,TRY,Комнаты не разобраны,оставить,465000.0
97871,Komple Bina,465000.0,385.0,+,,3,İstanbul/Avcılar/Yeşilkent,TRY,Комнаты не разобраны,оставить,465000.0
31050,Müstakil Ev,460000.0,12.0,3+1,,2,Aydın/Kuşadası/Soğucak,TRY,Площадь < 15 м²,оставить,460000.0
31688,Komple Bina,460000.0,,+,,3,İzmir/Karaburun/İskele,TRY,Комнаты не разобраны,оставить,460000.0
37333,Daire,460000.0,1.0,3+1,2,5,Aydın/Kuşadası/Ege,TRY,Площадь < 15 м²,оставить,460000.0
112277,Komple Bina,460000.0,,+,,2,İzmir/Buca/Yeşilbağlar,TRY,Комнаты не разобраны,оставить,460000.0
258649,Daire,460000.0,105.0,3+1,7,1,İstanbul/Bağcılar/Kemalpaşa,TRY,Этаж выше этажности,оставить,460000.0
260276,Daire,460000.0,105.0,3+1,7,1,İstanbul/Bağcılar/Kemalpaşa,TRY,Этаж выше этажности,оставить,460000.0
348475,Komple Bina,460000.0,,+,,3,Trabzon/Ortahisar/Yenicuma,TRY,Комнаты не разобраны,оставить,460000.0
350275,Komple Bina,460000.0,,+,,3,Erzurum/Tortum/Tortumkale,TRY,Комнаты не разобраны,оставить,460000.0
358835,Daire,460000.0,140.0,3+1,5,2,Bursa/Mudanya/Güzelyalı Yalı,TRY,Этаж выше этажности,оставить,460000.0
361494,Daire,460000.0,140.0,3+1,5,2,Bursa/Mudanya/Güzelyalı Yalı,TRY,Этаж выше этажности,оставить,460000.0
366499,Komple Bina,460000.0,460.0,+,,2,Osmaniye/Merkez/Mevlana,TRY,Комнаты не разобраны,оставить,460000.0
296659,Daire,459000.0,180.0,4+1,10,7,Konya/Selçuklu/Hacıkaymak,TRY,Этаж выше этажности,оставить,459000.0
298435,Daire,459000.0,180.0,4+1,10,7,Konya/Selçuklu/Hacıkaymak,TRY,Этаж выше этажности,оставить,459000.0
300117,Daire,459000.0,180.0,4+1,10,7,Konya/Selçuklu/Hacıkaymak,TRY,Этаж выше этажности,оставить,459000.0
304651,Daire,459000.0,180.0,4+1,10,7,Konya/Selçuklu/Hacıkaymak,TRY,Этаж выше этажности,оставить,459000.0
366622,Daire,457795.65,211478.0,7+2,15,4,İstanbul/Avcılar/Cihangir,USD,"Площадь > 3 000 м², Площадь > 100 000 м², Этаж выше этажности",оставить,84500.0
97347,Komple Bina,455000.0,50.0,+,,3,Denizli/Pamukkale/Zeytinköy,TRY,Комнаты не разобраны,оставить,455000.0
401823,Komple Bina,455000.0,200.0,+,,,Aksaray/Merkez/Yavuz Sultan Selim,TRY,Комнаты не разобраны,оставить,455000.0
243010,Daire,453000.0,,2+1,5,4,İstanbul/Bahçelievler/Siyavuşpaşa,TRY,Этаж выше этажности,оставить,453000.0
630,Komple Bina,450000.0,,+,,1,Muğla/Datça/Mesudiye,TRY,Комнаты не разобраны,оставить,450000.0
12255,Daire,450000.0,230.0,4+1,3,2,Sakarya/Adapazarı/Güneşler Merkez,TRY,Этаж выше этажности,оставить,450000.0
12975,Daire,450000.0,230.0,4+1,3,2,Sakarya/Adapazarı/Güneşler Merkez,TRY,Этаж выше этажности,оставить,450000.0
32116,Komple Bina,450000.0,90.0,+,,3,İzmir/Konak/Zeytinlik,TRY,Комнаты не разобраны,оставить,450000.0
32496,Villa,450000.0,1.0,4+1,,3,Mersin/Anamur/Lale,TRY,Площадь < 15 м²,оставить,450000.0
32616,Komple Bina,450000.0,122.0,+,,3,İzmir/Torbalı/Fevzi Çakmak,TRY,Комнаты не разобраны,оставить,450000.0
33124,Komple Bina,450000.0,90.0,+,,3,İzmir/Konak/Zeytinlik,TRY,Комнаты не разобраны,оставить,450000.0
61183,Daire,450000.0,135.0,2+1,2,1,Antalya/Aksu/Kundu,TRY,Этаж выше этажности,оставить,450000.0
92877,Komple Bina,450000.0,,+,,3,Adıyaman/Kahta/Hürriyet,TRY,Комнаты не разобраны,оставить,450000.0
93275,Komple Bina,450000.0,130.0,+,,3,Eskişehir/Tepebaşı/Cumhuriye,TRY,Комнаты не разобраны,оставить,450000.0
96192,Daire,450000.0,145.0,3+1,17,8,Gaziantep/Şehitkamil/Fıstıklık,TRY,Этаж выше этажности,оставить,450000.0
96377,Komple Bina,450000.0,,+,,3,Kocaeli/Darıca/Nenehatun,TRY,Комнаты не разобраны,оставить,450000.0
99257,Komple Bina,450000.0,170.0,+,,3,İstanbul/Bayrampaşa/Vatan,TRY,Комнаты не разобраны,оставить,450000.0
106645,Komple Bina,450000.0,280.0,+,,3,Erzurum/Palandöken/Müftü Solakzade,TRY,Комнаты не разобраны,оставить,450000.0
106903,Komple Bina,450000.0,,+,,4,Bursa/Osmangazi/İstiklal,TRY,Комнаты не разобраны,оставить,450000.0
107385,Komple Bina,450000.0,,+,,3,Bursa/Yıldırım/Sıracevizler,TRY,Комнаты не разобраны,оставить,450000.0
109625,Komple Bina,450000.0,,+,,4,Erzurum/Yakutiye/Ömer Nasuhi Bilmen,TRY,Комнаты не разобраны,оставить,450000.0
109767,Komple Bina,450000.0,100.0,+,,3,Çorum/Merkez/Kale,TRY,Комнаты не разобраны,оставить,450000.0
110349,Komple Bina,450000.0,,+,,3,Adıyaman/Kahta/Hürriyet,TRY,Комнаты не разобраны,оставить,450000.0
110561,Komple Bina,450000.0,80.0,+,,4,İstanbul/Beyoğlu/Sururi Mehmet Efendi,TRY,Комнаты не разобраны,оставить,450000.0
208651,Daire,450000.0,100.0,2+1,3,1,İstanbul/Zeytinburnu/Seyitnizam,TRY,Этаж выше этажности,оставить,450000.0
210436,Daire,450000.0,,3+1,3,2,Muğla/Marmaris/Bayır,TRY,Этаж выше этажности,оставить,450000.0
245178,Daire,450000.0,,3+1,5,4,Bursa/Nilüfer/Demirci,TRY,Этаж выше этажности,оставить,450000.0
257375,Daire,450000.0,,3+1,7,1,Afyonkarahisar/Merkez/Karaman,TRY,Этаж выше этажности,оставить,450000.0
257418,Daire,450000.0,,3+1,7,1,Afyonkarahisar/Merkez/Karaman,TRY,Этаж выше этажности,оставить,450000.0
257528,Daire,450000.0,,3+1,7,1,Afyonkarahisar/Merkez/Karaman,TRY,Этаж выше этажности,оставить,450000.0
259037,Daire,450000.0,,3+1,7,1,Afyonkarahisar/Merkez/Karaman,TRY,Этаж выше этажности,оставить,450000.0
327404,Daire,450000.0,140.0,3+1,11,10,İstanbul/Büyükçekmece/Mimaroba,TRY,Этаж выше этажности,оставить,450000.0
348601,Komple Bina,450000.0,,+,,3,Antalya/Manavgat/Dikmen,TRY,Комнаты не разобраны,оставить,450000.0
348623,Komple Bina,450000.0,110.0,+,,3,Trabzon/Ortahisar/Pelitli,TRY,Комнаты не разобраны,оставить,450000.0
349271,Komple Bina,450000.0,380.0,+,,3,Sakarya/Adapazarı/Güneşler Merkez,TRY,Комнаты не разобраны,оставить,450000.0
349571,Komple Bina,450000.0,380.0,+,,3,Sakarya/Adapazarı/Güneşler Merkez,TRY,Комнаты не разобраны,оставить,450000.0
349639,Komple Bina,450000.0,380.0,+,,3,Sakarya/Adapazarı/Güneşler Merkez,TRY,Комнаты не разобраны,оставить,450000.0
349649,Komple Bina,450000.0,380.0,+,,3,Sakarya/Adapazarı/Güneşler Merkez,TRY,Комнаты не разобраны,оставить,450000.0
350153,Komple Bina,450000.0,380.0,+,,3,Sakarya/Adapazarı/Güneşler Merkez,TRY,Комнаты не разобраны,оставить,450000.0
351962,Müstakil Ev,450000.0,6843.0,5+2,Bahçe katı,,Kırklareli/Merkez/Kapaklı Köyü,TRY,Площадь > 3 000 м²,оставить,450000.0
368119,Komple Bina,450000.0,,+,,2,Erzurum/Tortum/Bahçeli,TRY,Комнаты не разобраны,оставить,450000.0
372585,Daire,450000.0,,+,Çatı Katı,4,Aydın/Didim/Altınkum,TRY,Комнаты не разобраны,оставить,450000.0
393496,Komple Bina,450000.0,,+,,,Tekirdağ/Kapaklı/Bahçelievler,TRY,Комнаты не разобраны,оставить,450000.0
394785,Rezidans,450000.0,,+,,,Aydın/Kuşadası/İkiçeşmelik,TRY,Комнаты не разобраны,оставить,450000.0
395465,Komple Bina,450000.0,253.0,+,,,Sakarya/Erenler/Küpçüler,TRY,Комнаты не разобраны,оставить,450000.0
26859,Villa,449000.0,180185.0,3+1,Müstakil,2,Aydın/Didim/Hisar,TRY,"Площадь > 3 000 м², Площадь > 100 000 м²",оставить,449000.0
37442,Villa,449000.0,180185.0,3+1,Müstakil,2,Aydın/Didim/Hisar,TRY,"Площадь > 3 000 м², Площадь > 100 000 м²",оставить,449000.0
40611,Villa,449000.0,180185.0,3+1,Müstakil,2,Aydın/Didim/Hisar,TRY,"Площадь > 3 000 м², Площадь > 100 000 м²",оставить,449000.0
239925,Daire,449000.0,150.0,4+1,4,2,Ankara/Çankaya/Şehit Cengiz Karaca,TRY,Этаж выше этажности,оставить,449000.0
348865,Komple Bina,449000.0,,+,,3,Antalya/Manavgat/Dikmen,TRY,Комнаты не разобраны,оставить,449000.0
205740,Daire,448000.0,130.0,3+1,3,2,Denizli/Merkezefendi/Servergazi,TRY,Этаж выше этажности,оставить,448000.0
92179,Komple Bina,445000.0,360.0,+,,3,Kocaeli/Darıca/Nenehatun,TRY,Комнаты не разобраны,оставить,445000.0
92255,Komple Bina,445000.0,360.0,+,,3,Kocaeli/Darıca/Nenehatun,TRY,Комнаты не разобраны,оставить,445000.0
94887,Daire,445000.0,135.0,3+1,11,4,İstanbul/Esenyurt/Mevlana,TRY,Этаж выше этажности,оставить,445000.0
96823,Komple Bina,445000.0,360.0,+,,3,Kocaeli/Darıca/Nenehatun,TRY,Комнаты не разобраны,оставить,445000.0
99483,Komple Bina,445000.0,360.0,+,,3,Kocaeli/Darıca/Nenehatun,TRY,Комнаты не разобраны,оставить,445000.0
371089,Komple Bina,445000.0,130.0,+,,2,Afyonkarahisar/Şuhut/Yalı,TRY,Комнаты не разобраны,оставить,445000.0
380685,Daire,445000.0,125.0,2+1,4,1,İstanbul/Eyüpsultan/Topçular,TRY,Этаж выше этажности,оставить,445000.0
51783,Daire,440000.0,140.0,3+1,4,2,İzmir/Buca/Yiğitler,TRY,Этаж выше этажности,оставить,440000.0
54685,Daire,440000.0,140.0,3+1,4,2,İzmir/Buca/Yiğitler,TRY,Этаж выше этажности,оставить,440000.0
56165,Daire,440000.0,140.0,3+1,4,2,İzmir/Buca/Yiğitler,TRY,Этаж выше этажности,оставить,440000.0
106071,Komple Bina,440000.0,,+,,4,Bursa/İnegöl/Sinanbey,TRY,Комнаты не разобраны,оставить,440000.0
296726,Daire,440000.0,150.0,4+1,15,10,Ankara/Etimesgut/Göksu,TRY,Этаж выше этажности,оставить,440000.0
297726,Daire,440000.0,150.0,4+1,15,10,Ankara/Etimesgut/Göksu,TRY,Этаж выше этажности,оставить,440000.0
298572,Daire,440000.0,150.0,4+1,15,10,Ankara/Etimesgut/Göksu,TRY,Этаж выше этажности,оставить,440000.0
338327,Daire,440000.0,,2+1,3,2,Balıkesir/Ayvalık/Küçükköy,TRY,Этаж выше этажности,оставить,440000.0
367154,Daire,439815.06,51316.0,8+3,Çatı Katı,10-20 arası,İstanbul/Güngören/Sanayi,USD,Площадь > 3 000 м²,оставить,83100.0
250156,Daire,437500.0,98.0,2+1,5,1,İstanbul/Kartal/Esentepe,TRY,Этаж выше этажности,оставить,437500.0
399469,Daire,436484.8236,68202.0,1+1,,,Sakarya/Akyazı/Ballıkaya,USD,Площадь > 3 000 м²,оставить,82922.0
387653,Daire,436000.0,90.0,2+1,3,2,Antalya/Manavgat/Side,TRY,Этаж выше этажности,оставить,436000.0
762,Komple Bina,435000.0,,+,,4,Bursa/Yıldırım/Yeşil,TRY,Комнаты не разобраны,оставить,435000.0
386840,Daire,435000.0,,+,,,İstanbul/Sancaktepe/Mevlana,TRY,Комнаты не разобраны,оставить,435000.0
7024,Komple Bina,430000.0,250.0,+,,3,Tekirdağ/Süleymanpaşa/Barbaros,TRY,Комнаты не разобраны,оставить,430000.0
17632,Komple Bina,430000.0,160.0,+,,3,Afyonkarahisar/Merkez/Erkmen Bld. (Hürriyet),TRY,Комнаты не разобраны,оставить,430000.0
17734,Komple Bina,430000.0,160.0,+,,3,Afyonkarahisar/Merkez/Erkmen Bld. (Hürriyet),TRY,Комнаты не разобраны,оставить,430000.0
28878,Komple Bina,430000.0,50.0,+,,2,İzmir/Karaburun/Merkez,TRY,Комнаты не разобраны,оставить,430000.0
34142,Komple Bina,430000.0,50.0,+,,2,İzmir/Karaburun/Merkez,TRY,Комнаты не разобраны,оставить,430000.0
94749,Komple Bina,430000.0,199.0,+,,2,İstanbul/Sultanbeyli/Yavuz Selim,TRY,Комнаты не разобраны,оставить,430000.0
103887,Komple Bina,430000.0,170.0,+,,2,İstanbul/Sultanbeyli/Ahmet Yesevi,TRY,Комнаты не разобраны,оставить,430000.0
109579,Komple Bina,430000.0,,+,,4,Balıkesir/Karesi/2. Sakarya,TRY,Комнаты не разобраны,оставить,430000.0
124498,Daire,430000.0,130.0,+,Kot 3,3,İstanbul/Bağcılar/Hürriyet,TRY,Комнаты не разобраны,оставить,430000.0
182029,Daire,430000.0,100.0,3+1,2,1,İstanbul/Küçükçekmece/Cumhuriyet,TRY,Этаж выше этажности,оставить,430000.0
182033,Daire,430000.0,100.0,3+1,2,1,İstanbul/Küçükçekmece/Cumhuriyet,TRY,Этаж выше этажности,оставить,430000.0
255567,Daire,430000.0,,5+2,6,5,İstanbul/Beylikdüzü/Cumhuriyet,TRY,Этаж выше этажности,оставить,430000.0
280818,Daire,430000.0,1.0,3+1,2,5,Gaziantep/Şehitkamil/Batıkent,TRY,Площадь < 15 м²,оставить,430000.0
313868,Daire,430000.0,430000.0,4+1,19,10-20 arası,Ankara/Etimesgut/Göksu,TRY,"Площадь > 3 000 м², Площадь > 100 000 м²",оставить,430000.0
349819,Komple Bina,430000.0,,+,,,İzmir/Menemen/Gölcük,TRY,Комнаты не разобраны,оставить,430000.0
388972,Daire,430000.0,,+,,,İstanbul/Çekmeköy/Taşdelen,TRY,Комнаты не разобраны,оставить,430000.0
393730,Daire,430000.0,,+,,,İstanbul/Bahçelievler/Hürriyet,TRY,Комнаты не разобраны,оставить,430000.0
86674,Daire,425000.0,,2+1,3,2,Antalya/Muratpaşa/Güzeloba,TRY,Этаж выше этажности,оставить,425000.0
98875,Komple Bina,425000.0,,+,,4,Çorum/Merkez/Gülabibey,TRY,Комнаты не разобраны,оставить,425000.0
1875,Daire,420000.0,120.0,3+1,3,1,Muğla/Fethiye/Akarca,TRY,Этаж выше этажности,оставить,420000.0
31122,Komple Bina,420000.0,,+,,2,Mersin/Yenişehir/Afetevler,TRY,Комнаты не разобраны,оставить,420000.0
33528,Komple Bina,420000.0,370.0,+,,2,İzmir/Torbalı/Fevzi Çakmak,TRY,Комнаты не разобраны,оставить,420000.0
34676,Komple Bina,420000.0,370.0,+,,2,İzmir/Torbalı/Fevzi Çakmak,TRY,Комнаты не разобраны,оставить,420000.0
58218,Daire,420000.0,160.0,3+1,5,3,Antalya/Konyaaltı/Öğretmenevleri,TRY,Этаж выше этажности,оставить,420000.0
93942,Daire,420000.0,,4+1,13,8,Adana/Çukurova/Kurttepe,TRY,Этаж выше этажности,оставить,420000.0
95785,Komple Bina,420000.0,341.0,+,,3,Tekirdağ/Ergene/Sağlık,TRY,Комнаты не разобраны,оставить,420000.0
121645,Daire,420000.0,220000.0,4+1,Kot 2,5,Gaziantep/Şehitkamil/Ulus,TRY,"Площадь > 3 000 м², Площадь > 100 000 м²",оставить,420000.0
182051,Daire,420000.0,,2+1,2,1,İstanbul/Avcılar/Mustafa Kemal Paşa,TRY,Этаж выше этажности,оставить,420000.0
255371,Daire,420000.0,105.0,3+1,6,1,İstanbul/Ümraniye/Tatlısu,TRY,Этаж выше этажности,оставить,420000.0
370495,Komple Bina,420000.0,400.0,+,,4,Ordu/Fatsa/Kabakdağı,TRY,Комнаты не разобраны,оставить,420000.0
371397,Daire,420000.0,4589.0,3+1,6,10-20 arası,Adana/Seyhan/Gürselpaşa,TRY,Площадь > 3 000 м²,оставить,420000.0
384498,Komple Bina,420000.0,,+,,3,Samsun/Bafra/Cumhuriyet,TRY,Комнаты не разобраны,оставить,420000.0
382958,Daire,418025.51379999996,87851.0,1+1,,,Erzincan/Kemah/Aktaş Köyü,USD,Площадь > 3 000 м²,оставить,80422.0
68256,Daire,415000.0,,3+1,3,2,Antalya/Muratpaşa/Güzeloba,TRY,Этаж выше этажности,оставить,415000.0
113715,Daire,415000.0,165.0,3+1,10,9,Ankara/Etimesgut/Ahi Mesut,TRY,Этаж выше этажности,оставить,415000.0
115273,Komple Bina,415000.0,,+,,3,Bursa/Osmangazi/Yunuseli,TRY,Комнаты не разобраны,оставить,415000.0
1832,Villa,410000.0,1.0,5+2,,3,Eskişehir/Tepebaşı/Keskin,TRY,Площадь < 15 м²,оставить,410000.0
6856,Komple Bina,410000.0,100.0,+,,1,İstanbul/Üsküdar/Burhaniye,TRY,Комнаты не разобраны,оставить,410000.0
7264,Komple Bina,410000.0,,+,,4,Bursa/Yıldırım/Hacıseyfettin,TRY,Комнаты не разобраны,оставить,410000.0
7334,Komple Bina,410000.0,100.0,+,,1,İstanbul/Üsküdar/Burhaniye,TRY,Комнаты не разобраны,оставить,410000.0
7976,Komple Bina,410000.0,100.0,+,,1,İstanbul/Üsküdar/Burhaniye,TRY,Комнаты не разобраны,оставить,410000.0
30346,Daire,410000.0,100.0,2+1,10,4,İstanbul/Küçükçekmece/Yeni Mahalle,TRY,Этаж выше этажности,оставить,410000.0
30804,Komple Bina,410000.0,,+,,2,Mersin/Yenişehir/Eğriçam,TRY,Комнаты не разобраны,оставить,410000.0
32018,Daire,410000.0,,2+1,9,7,İstanbul/Sultanbeyli/Adil,TRY,Этаж выше этажности,оставить,410000.0
107129,Komple Bina,410000.0,,+,,2,İstanbul/Sultanbeyli/Yavuz Selim,TRY,Комнаты не разобраны,оставить,410000.0
109143,Komple Bina,410000.0,,+,,2,İstanbul/Sultanbeyli/Yavuz Selim,TRY,Комнаты не разобраны,оставить,410000.0
222007,Daire,410000.0,240.0,5+1,4,1,Ankara/Çankaya/Zafertepe,TRY,Этаж выше этажности,оставить,410000.0
245595,Daire,410000.0,90.0,3+1,5,4,Yalova/Merkez/Bahçelievler,TRY,Этаж выше этажности,оставить,410000.0
249967,Daire,410000.0,,2+1,5,1,İstanbul/Kağıthane/Hamidiye,TRY,Этаж выше этажности,оставить,410000.0
336782,Daire,410000.0,,3+1,4,2,Aydın/Kuşadası/İkiçeşmelik,TRY,Этаж выше этажности,оставить,410000.0
88042,Daire,409904.0,1.0,2+1,5,10,Antalya/Alanya/Mahmutlar,EUR,Площадь < 15 м²,оставить,68000.0
254446,Daire,408000.0,,3+1,6,1,İstanbul/Ümraniye/Tatlısu,TRY,Этаж выше этажности,оставить,408000.0
254706,Daire,408000.0,,3+1,6,1,İstanbul/Ümraniye/Tatlısu,TRY,Этаж выше этажности,оставить,408000.0
221186,Daire,405000.0,140.0,3+1,4,3,Antalya/Muratpaşa/Meydankavağı,TRY,Этаж выше этажности,оставить,405000.0
7134,Komple Bina,400000.0,100.0,+,,3,Samsun/Canik/Hasköy,TRY,Комнаты не разобраны,оставить,400000.0
27908,Komple Bina,400000.0,360.0,+,,4,İzmir/Buca/Yenigün,TRY,Комнаты не разобраны,оставить,400000.0
30194,Komple Bina,400000.0,360.0,+,,4,İzmir/Buca/Yenigün,TRY,Комнаты не разобраны,оставить,400000.0
30198,Komple Bina,400000.0,360.0,+,,4,İzmir/Buca/Yenigün,TRY,Комнаты не разобраны,оставить,400000.0
57408,Daire,400000.0,1.0,3+1,1,2,Aydın/Didim/Efeler,TRY,Площадь < 15 м²,оставить,400000.0
59361,Daire,400000.0,1.0,3+1,1,2,Aydın/Didim/Efeler,TRY,Площадь < 15 м²,оставить,400000.0
248010,Daire,400000.0,,2+1,5,1,İstanbul/Kağıthane/Hamidiye,TRY,Этаж выше этажности,оставить,400000.0
282613,Daire,400000.0,90.0,+,2,5,İstanbul/Beylikdüzü/Yakuplu,TRY,Комнаты не разобраны,оставить,400000.0
348501,Çiftlik Evi,400000.0,4000.0,2+1,,1,Çanakkale/Biga/Bozlar Köyü,TRY,Площадь > 3 000 м²,оставить,400000.0
348929,Komple Bina,400000.0,700.0,+,,3,Antalya/Manavgat/Dikmen,TRY,Комнаты не разобраны,оставить,400000.0
349233,Komple Bina,400000.0,700.0,+,,3,Antalya/Manavgat/Dikmen,TRY,Комнаты не разобраны,оставить,400000.0
349395,Komple Bina,400000.0,,+,,3,Konya/Akşehir/Yarenler,TRY,Комнаты не разобраны,оставить,400000.0
349483,Komple Bina,400000.0,145.0,+,,4,Edirne/Keşan/Yukarı Zaferiye,TRY,Комнаты не разобраны,оставить,400000.0
349689,Komple Bina,400000.0,135.0,+,,2,İzmir/Gaziemir/Dokuz Eylül,TRY,Комнаты не разобраны,оставить,400000.0
350061,Komple Bina,400000.0,700.0,+,,3,Antalya/Manavgat/Dikmen,TRY,Комнаты не разобраны,оставить,400000.0
350107,Komple Bina,400000.0,,+,,4,Bursa/Gemlik/Balıkpazarı,TRY,Комнаты не разобраны,оставить,400000.0
350157,Komple Bina,400000.0,,+,,3,Balıkesir/Ayvalık/Fevzipaşa-Vehbibey,TRY,Комнаты не разобраны,оставить,400000.0
350177,Komple Bina,400000.0,700.0,+,,3,Antalya/Manavgat/Dikmen,TRY,Комнаты не разобраны,оставить,400000.0
350283,Çiftlik Evi,400000.0,4000.0,2+1,,1,Çanakkale/Biga/Bozlar Köyü,TRY,Площадь > 3 000 м²,оставить,400000.0
382808,Komple Bina,400000.0,,+,,2,Sakarya/Adapazarı/Şeker,TRY,Комнаты не разобраны,оставить,400000.0
397449,Komple Bina,400000.0,100.0,+,,,Kocaeli/Başiskele/Yeşilyurt,TRY,Комнаты не разобраны,оставить,400000.0
400251,Komple Bina,400000.0,,+,,,Kocaeli/İzmit/Yeşilova,TRY,Комнаты не разобраны,оставить,400000.0
400331,Komple Bina,400000.0,,+,,,Kocaeli/İzmit/Yeşilova,TRY,Комнаты не разобраны,оставить,400000.0
251872,Daire,399999.0,140.0,4+1,5,4,İstanbul/Sancaktepe/Meclis,TRY,Этаж выше этажности,оставить,399999.0
393624,Komple Bina,399000.0,200.0,+,,2,Yalova/Merkez/Bayraktepe,TRY,Комнаты не разобраны,оставить,399000.0
300325,Daire,398000.0,129.0,2+1,9,4,Bursa/Osmangazi/Demirtaş Cumhuriyet,TRY,Этаж выше этажности,оставить,398000.0
33142,Komple Bina,395000.0,,+,,4,İzmir/Konak/Mersinli,TRY,Комнаты не разобраны,оставить,395000.0
113293,Komple Bina,395000.0,,+,,2,Manisa/Akhisar/Hürriyet,TRY,Комнаты не разобраны,оставить,395000.0
348481,Komple Bina,395000.0,75.0,+,,3,Adıyaman/Merkez/Kapcami,TRY,Комнаты не разобраны,оставить,395000.0
389526,Daire,395000.0,,+,,,İzmir/Bornova/Erzene,TRY,Комнаты не разобраны,оставить,395000.0
389939,Daire,394500.0,65.0,+,,,Antalya/Konyaaltı/Liman,USD,Комнаты не разобраны,оставить,75000.0
324673,Daire,392500.0,160.0,4+1,12,1,Ankara/Etimesgut/Göksu,TRY,Этаж выше этажности,оставить,392500.0
8058,Komple Bina,390000.0,180.0,+,,2,Afyonkarahisar/Merkez/Dumlupınar,TRY,Комнаты не разобраны,оставить,390000.0
27392,Komple Bina,390000.0,57.0,+,,5,Adıyaman/Merkez/İpekli Köyü,TRY,Комнаты не разобраны,оставить,390000.0
42051,Daire,390000.0,80.0,2+1,5,2,İstanbul/Ümraniye/İstiklal,TRY,Этаж выше этажности,оставить,390000.0
68703,Daire,390000.0,90.0,2+1,3,2,Çanakkale/Ayvacık/Küçükkuyu Bld. (Mıhlı),TRY,Этаж выше этажности,оставить,390000.0
77218,Müstakil Ev,390000.0,175.0,3+1,4,2,Aydın/Kuşadası/Kadınlar Denizi,TRY,Этаж выше этажности,оставить,390000.0
85354,Daire,390000.0,1.0,3+1,Çatı Katı,2,Aydın/Didim/Efeler,TRY,Площадь < 15 м²,оставить,390000.0
86386,Daire,390000.0,1.0,3+1,Çatı Katı,2,Aydın/Didim/Efeler,TRY,Площадь < 15 м²,оставить,390000.0
171831,Daire,390000.0,8275.0,2+1,1,4,İstanbul/Üsküdar/Kısıklı,TRY,Площадь > 3 000 м²,оставить,390000.0
294981,Daire,390000.0,160.0,3+1,10,4,Ankara/Yenimahalle/Pamuklar,TRY,Этаж выше этажности,оставить,390000.0
295823,Daire,390000.0,160.0,3+1,10,4,Ankara/Yenimahalle/Pamuklar,TRY,Этаж выше этажности,оставить,390000.0
373649,Daire,390000.0,90.0,2+1,4,2,Balıkesir/Edremit/Altınoluk,TRY,Этаж выше этажности,оставить,390000.0
377160,Daire,390000.0,1.0,6+1,,,Aksaray/Merkez/Çerdiğin,TRY,Площадь < 15 м²,оставить,390000.0
289318,Daire,388000.0,10.0,2+1,2,5,İstanbul/Güngören/Merkez,TRY,Площадь < 15 м²,оставить,388000.0
104999,Komple Bina,387000.0,209.0,+,,4,Kayseri/Melikgazi/Osmanlı,TRY,Комнаты не разобраны,оставить,387000.0
99539,Komple Bina,385000.0,115.0,+,,2,Bursa/Osmangazi/Bağlarbaşı,TRY,Комнаты не разобраны,оставить,385000.0
243368,Daire,385000.0,100.0,2+1,5,2,İstanbul/Maltepe/Zümrütevler,TRY,Этаж выше этажности,оставить,385000.0
364043,Komple Bina,385000.0,600.0,+,,4,Samsun/İlkadım/Fevzi Çakmak,TRY,Комнаты не разобраны,оставить,385000.0
378238,Komple Bina,385000.0,1301.0,+,,,Ankara/Akyurt/Yeşiltepe,TRY,Комнаты не разобраны,оставить,385000.0
391478,Komple Bina,385000.0,150.0,+,,3,Sakarya/Hendek/Yeni,TRY,Комнаты не разобраны,оставить,385000.0
96833,Komple Bina,380000.0,300.0,+,,4,Ordu/Altınordu/Şarkiye,TRY,Комнаты не разобраны,оставить,380000.0
105129,Komple Bina,380000.0,300.0,+,,4,Ordu/Altınordu/Şarkiye,TRY,Комнаты не разобраны,оставить,380000.0
307433,Daire,380000.0,95.0,2+1,3,2,İstanbul/Başakşehir/Güvercintepe,TRY,Этаж выше этажности,оставить,380000.0
319434,Daire,380000.0,95.0,2+1,3,2,İstanbul/Başakşehir/Güvercintepe,TRY,Этаж выше этажности,оставить,380000.0
357213,Daire,380000.0,200.0,4+1,11,10,Konya/Selçuklu/Beyhekim,TRY,Этаж выше этажности,оставить,380000.0
391405,Komple Bina,380000.0,280.0,+,,3,Aydın/Efeler/Çeştepe,TRY,Комнаты не разобраны,оставить,380000.0
364620,Daire,375142.6602,15136.0,6+1,6,20 ve üzeri,Ankara/Elmadağ/Hasanoğlan Havuzbaşı,EUR,Площадь > 3 000 м²,оставить,62222.0
622,Komple Bina,375000.0,100.0,+,,3,İzmir/Konak/Murat,TRY,Комнаты не разобраны,оставить,375000.0
1086,Komple Bina,375000.0,100.0,+,,3,İzmir/Konak/Murat,TRY,Комнаты не разобраны,оставить,375000.0
21376,Daire,375000.0,140.0,+,2,3,Antalya/Muratpaşa/Yüksekalan,TRY,Комнаты не разобраны,оставить,375000.0
97767,Komple Bina,375000.0,285.0,+,,3,Kocaeli/İzmit/Çukurbağ,TRY,Комнаты не разобраны,оставить,375000.0
114951,Daire,375000.0,135.0,3+1,10,3,İstanbul/Esenyurt/Cumhuriyet,TRY,Этаж выше этажности,оставить,375000.0
115261,Komple Bina,375000.0,100.0,+,,3,Ankara/Çubuk/Atatürk,TRY,Комнаты не разобраны,оставить,375000.0
189012,Daire,375000.0,,3+1,3,2,Aydın/Efeler/Mimar Sinan,TRY,Этаж выше этажности,оставить,375000.0
205670,Daire,375000.0,165.0,3+1,3,1,İstanbul/Avcılar/Ambarlı,TRY,Этаж выше этажности,оставить,375000.0
210028,Daire,375000.0,,3+1,3,2,Aydın/Efeler/Mimar Sinan,TRY,Этаж выше этажности,оставить,375000.0
213373,Daire,375000.0,,3+1,3,2,Aydın/Efeler/Mimar Sinan,TRY,Этаж выше этажности,оставить,375000.0
219095,Daire,375000.0,,3+1,3,2,Aydın/Efeler/Mimar Sinan,TRY,Этаж выше этажности,оставить,375000.0
219229,Daire,375000.0,130.0,3+1,4,3,Denizli/Pamukkale/Mehmetçik,TRY,Этаж выше этажности,оставить,375000.0
232373,Daire,375000.0,170.0,3+2,4,2,İstanbul/Beylikdüzü/Yakuplu,TRY,Этаж выше этажности,оставить,375000.0
232767,Daire,375000.0,170.0,3+2,4,2,İstanbul/Beylikdüzü/Yakuplu,TRY,Этаж выше этажности,оставить,375000.0
259782,Daire,375000.0,,3+1,7,5,Adana/Çukurova/Huzurevleri,TRY,Этаж выше этажности,оставить,375000.0
259843,Daire,375000.0,,3+1,7,5,Adana/Çukurova/Huzurevleri,TRY,Этаж выше этажности,оставить,375000.0
260031,Daire,375000.0,,3+1,7,5,Adana/Çukurova/Huzurevleri,TRY,Этаж выше этажности,оставить,375000.0
260038,Daire,375000.0,,3+1,7,5,Adana/Çukurova/Huzurevleri,TRY,Этаж выше этажности,оставить,375000.0
261956,Daire,375000.0,140.0,4+1,8,2,İstanbul/Tuzla/Aydınlı,TRY,Этаж выше этажности,оставить,375000.0
350493,Komple Bina,375000.0,150.0,+,,4,Manisa/Salihli/Kurtuluş,TRY,Комнаты не разобраны,оставить,375000.0
402768,Komple Bina,375000.0,90.0,+,,,İstanbul/Sultanbeyli/Mehmet Akif,TRY,Комнаты не разобраны,оставить,375000.0
33888,Komple Bina,370000.0,110.0,+,,1,Mersin/Silifke/Sarıcalar,TRY,Комнаты не разобраны,оставить,370000.0
349141,Komple Bina,370000.0,,+,,3,Konya/Akşehir/Seyran,TRY,Комнаты не разобраны,оставить,370000.0
394314,Komple Bina,370000.0,288.0,+,,,Ordu/Altınordu/Karşıyaka,TRY,Комнаты не разобраны,оставить,370000.0
394872,Komple Bina,370000.0,,+,,,İzmir/Karabağlar/Cennetoğlu,TRY,Комнаты не разобраны,оставить,370000.0
112695,Komple Bina,365000.0,,+,,2,Kocaeli/Darıca/Osman Gazi,TRY,Комнаты не разобраны,оставить,365000.0
114565,Daire,365000.0,130.0,3+1,10,3,İstanbul/Esenyurt/Cumhuriyet,TRY,Этаж выше этажности,оставить,365000.0
182102,Daire,365000.0,66.0,1+1,2,1,İstanbul/Eyüpsultan/Sakarya,TRY,Этаж выше этажности,оставить,365000.0
193802,Daire,365000.0,110.0,3+1,3,1,Isparta/Merkez/Emre,TRY,Этаж выше этажности,оставить,365000.0
261097,Daire,365000.0,110.0,3+1,8,5,İstanbul/Pendik/Yenişehir,TRY,Этаж выше этажности,оставить,365000.0
351457,Müstakil Ev,365000.0,4000.0,4+1,Müstakil,2,Sakarya/Geyve/Epçeler,TRY,Площадь > 3 000 м²,оставить,365000.0
904,Komple Bina,360000.0,,+,,2,Afyonkarahisar/Merkez/Ertuğrul Gazi,TRY,Комнаты не разобраны,оставить,360000.0
926,Komple Bina,360000.0,,+,,2,Afyonkarahisar/Merkez/Ertuğrul Gazi,TRY,Комнаты не разобраны,оставить,360000.0
946,Komple Bina,360000.0,,+,,2,Afyonkarahisar/Merkez/Ertuğrul Gazi,TRY,Комнаты не разобраны,оставить,360000.0
1352,Komple Bina,360000.0,,+,,2,Afyonkarahisar/Merkez/Ertuğrul Gazi,TRY,Комнаты не разобраны,оставить,360000.0
1814,Komple Bina,360000.0,,+,,2,Afyonkarahisar/Merkez/Ertuğrul Gazi,TRY,Комнаты не разобраны,оставить,360000.0
6888,Komple Bina,360000.0,,+,,3,Aydın/Nazilli/Turan,TRY,Комнаты не разобраны,оставить,360000.0
6900,Komple Bina,360000.0,,+,,3,Aydın/Nazilli/Turan,TRY,Комнаты не разобраны,оставить,360000.0
7288,Komple Bina,360000.0,,+,,3,Aydın/Nazilli/Turan,TRY,Комнаты не разобраны,оставить,360000.0
7592,Komple Bina,360000.0,80.0,+,,2,İzmir/Buca/Ufuk,TRY,Комнаты не разобраны,оставить,360000.0
7658,Komple Bina,360000.0,,+,,3,Aydın/Nazilli/Turan,TRY,Комнаты не разобраны,оставить,360000.0
8048,Komple Bina,360000.0,80.0,+,,2,İzmir/Buca/Ufuk,TRY,Комнаты не разобраны,оставить,360000.0
8913,Daire,360000.0,,4+1,5,2,Kocaeli/Gebze/Barış,TRY,Этаж выше этажности,оставить,360000.0
23705,Daire,360000.0,,2+1,4,2,Antalya/Muratpaşa/Güzeloba,TRY,Этаж выше этажности,оставить,360000.0
23797,Daire,360000.0,,2+1,4,2,Antalya/Muratpaşa/Güzeloba,TRY,Этаж выше этажности,оставить,360000.0
49992,Daire,360000.0,,2+1,4,2,Antalya/Muratpaşa/Güzeloba,TRY,Этаж выше этажности,оставить,360000.0
50024,Daire,360000.0,,2+1,4,2,Antalya/Muratpaşa/Güzeloba,TRY,Этаж выше этажности,оставить,360000.0
51737,Rezidans,360000.0,100.0,2+1,4,1,Antalya/Konyaaltı/Hurma,TRY,Этаж выше этажности,оставить,360000.0
71706,Daire,360000.0,,2+1,4,2,Antalya/Muratpaşa/Güzeloba,TRY,Этаж выше этажности,оставить,360000.0
80533,Daire,360000.0,,2+1,4,2,Antalya/Muratpaşa/Güzeloba,TRY,Этаж выше этажности,оставить,360000.0
80535,Daire,360000.0,,2+1,4,2,Antalya/Muratpaşa/Güzeloba,TRY,Этаж выше этажности,оставить,360000.0
81643,Daire,360000.0,,2+1,4,2,Antalya/Muratpaşa/Güzeloba,TRY,Этаж выше этажности,оставить,360000.0
88459,Villa,360000.0,1.0,6+1,Müstakil,3,Aydın/Kuşadası/Kadınlar Denizi,TRY,Площадь < 15 м²,оставить,360000.0
93677,Komple Bina,360000.0,100.0,+,,3,Bursa/Osmangazi/Yenibağlar,TRY,Комнаты не разобраны,оставить,360000.0
94944,Daire,360000.0,170.0,3+1,14,9,Gaziantep/Şahinbey/Şahintepe,TRY,Этаж выше этажности,оставить,360000.0
98617,Komple Bina,360000.0,200.0,+,,2,Sakarya/Serdivan/Köprübaşı,TRY,Комнаты не разобраны,оставить,360000.0
182044,Müstakil Ev,360000.0,120.0,2+1,2,1,Malatya/Yeşilyurt/Cevatpaşa,TRY,Этаж выше этажности,оставить,360000.0
198609,Daire,360000.0,180.0,3+2,3,2,İstanbul/Avcılar/Cihangir,TRY,Этаж выше этажности,оставить,360000.0
230557,Daire,360000.0,1.0,2+1,4,4,Kocaeli/Körfez/Mimar Sinan,TRY,Площадь < 15 м²,оставить,360000.0
235301,Daire,360000.0,,2+1,4,3,İstanbul/Maltepe/Girne,TRY,Этаж выше этажности,оставить,360000.0
242330,Daire,360000.0,180.0,4+2,5,4,İstanbul/Büyükçekmece/Ulus,TRY,Этаж выше этажности,оставить,360000.0
250768,Daire,360000.0,80.0,2+1,5,1,İstanbul/Bayrampaşa/Muratpaşa,TRY,Этаж выше этажности,оставить,360000.0
251303,Daire,360000.0,180.0,4+2,5,4,İstanbul/Büyükçekmece/Ulus,TRY,Этаж выше этажности,оставить,360000.0
251334,Daire,360000.0,180.0,4+2,5,4,İstanbul/Büyükçekmece/Ulus,TRY,Этаж выше этажности,оставить,360000.0
253359,Daire,360000.0,240.0,5+1,6,1,Bilecik/Osmaneli/Haceloğlu,TRY,Этаж выше этажности,оставить,360000.0
254964,Daire,360000.0,240.0,5+1,6,1,Bilecik/Osmaneli/Haceloğlu,TRY,Этаж выше этажности,оставить,360000.0
255311,Daire,360000.0,240.0,5+1,6,1,Bilecik/Osmaneli/Haceloğlu,TRY,Этаж выше этажности,оставить,360000.0
304599,Komple Bina,360000.0,275.0,+,,2,Manisa/Salihli/Durasıllı,TRY,Комнаты не разобраны,оставить,360000.0
327242,Daire,360000.0,,3+1,11,10,Trabzon/Ortahisar/Boztepe,TRY,Этаж выше этажности,оставить,360000.0
338692,Daire,360000.0,180.0,3+1,5,1,Rize/Pazar/Pazar,TRY,Этаж выше этажности,оставить,360000.0
392572,Daire,360000.0,,+,,,Aydın/Didim/Efeler,TRY,Комнаты не разобраны,оставить,360000.0
92223,Daire,355000.0,169.0,4+1,10,2,Ankara/Keçiören/Şehit Kubilay,TRY,Этаж выше этажности,оставить,355000.0
153600,Daire,355000.0,1.0,5+1,Çatı Katı,3,Aydın/Efeler/Efeler,TRY,Площадь < 15 м²,оставить,355000.0
154899,Daire,355000.0,1.0,5+1,Çatı Katı,3,Aydın/Efeler/Efeler,TRY,Площадь < 15 м²,оставить,355000.0
208276,Villa,355000.0,170.0,3+1,3,2,Sakarya/Kocaali/Yalı,TRY,Этаж выше этажности,оставить,355000.0
242949,Daire,355000.0,120.0,3+1,5,4,İstanbul/Bahçelievler/Soğanlı,TRY,Этаж выше этажности,оставить,355000.0
251364,Daire,355000.0,120.0,3+1,5,4,İstanbul/Bahçelievler/Soğanlı,TRY,Этаж выше этажности,оставить,355000.0
350043,Komple Bina,355000.0,,+,,3,Trabzon/Ortahisar/Toklu,TRY,Комнаты не разобраны,оставить,355000.0
702,Komple Bina,350000.0,120.0,+,,2,İzmir/Konak/Duatepe,TRY,Комнаты не разобраны,оставить,350000.0
3044,Daire,350000.0,120.0,2+1,4,1,Antalya/Muratpaşa/Gençlik,TRY,Этаж выше этажности,оставить,350000.0
16979,Daire,350000.0,175.0,3+1,8,2,Aydın/Nazilli/Zafer,TRY,Этаж выше этажности,оставить,350000.0
26895,Daire,350000.0,1.0,2+1,1,2,Aydın/Didim/Çamlık,TRY,Площадь < 15 м²,оставить,350000.0
27214,Komple Bina,350000.0,,+,,3,İzmir/Buca/Göksu,TRY,Комнаты не разобраны,оставить,350000.0
28764,Komple Bina,350000.0,,+,,3,İzmir/Buca/Göksu,TRY,Комнаты не разобраны,оставить,350000.0
29540,Komple Bina,350000.0,,+,,3,İzmir/Buca/Göksu,TRY,Комнаты не разобраны,оставить,350000.0
58910,Daire,350000.0,1.0,2+1,1,2,Aydın/Didim/Çamlık,TRY,Площадь < 15 м²,оставить,350000.0
73815,Daire,350000.0,78.0,2+1,5,1,İstanbul/Maltepe/Bağlarbaşı,TRY,Этаж выше этажности,оставить,350000.0
80704,Daire,350000.0,100.0,2+1,4,2,Antalya/Alanya/Güller Pınarı,TRY,Этаж выше этажности,оставить,350000.0
88869,Daire,350000.0,78.0,2+1,5,1,İstanbul/Maltepe/Bağlarbaşı,TRY,Этаж выше этажности,оставить,350000.0
91443,Komple Bina,350000.0,,+,,2,Kocaeli/Darıca/Emek,TRY,Комнаты не разобраны,оставить,350000.0
96661,Komple Bina,350000.0,153.0,+,,3,İstanbul/Çatalca/Karacaköy Merkez,TRY,Комнаты не разобраны,оставить,350000.0
112427,Komple Bina,350000.0,200.0,+,,2,Malatya/Battalgazi/İstiklal,TRY,Комнаты не разобраны,оставить,350000.0
115485,Komple Bina,350000.0,153.0,+,,3,İstanbul/Çatalca/Karacaköy Merkez,TRY,Комнаты не разобраны,оставить,350000.0
159225,Daire,350000.0,1.0,3+1,1,5,Burdur/Merkez/Bahçelievler,TRY,Площадь < 15 м²,оставить,350000.0
159967,Daire,350000.0,1.0,3+1,1,5,Burdur/Merkez/Bahçelievler,TRY,Площадь < 15 м²,оставить,350000.0
182032,Daire,350000.0,85.0,2+1,2,1,İstanbul/Pendik/Sapan Bağları,TRY,Этаж выше этажности,оставить,350000.0
182046,Daire,350000.0,,2+1,2,1,İstanbul/Ümraniye/Armağanevler,TRY,Этаж выше этажности,оставить,350000.0
182056,Daire,350000.0,,2+1,2,1,İstanbul/Ümraniye/Armağanevler,TRY,Этаж выше этажности,оставить,350000.0
182079,Daire,350000.0,,2+1,2,1,İstanbul/Ümraniye/Armağanevler,TRY,Этаж выше этажности,оставить,350000.0
182092,Daire,350000.0,,2+1,2,1,İstanbul/Ümraniye/Armağanevler,TRY,Этаж выше этажности,оставить,350000.0
182112,Daire,350000.0,,2+1,2,1,İstanbul/Ümraniye/Armağanevler,TRY,Этаж выше этажности,оставить,350000.0
217601,Daire,350000.0,165000.0,3+1,3,4,İstanbul/Beylikdüzü/Kavaklı,TRY,"Площадь > 3 000 м², Площадь > 100 000 м²",оставить,350000.0
221406,Daire,350000.0,120.0,3+1,4,3,İzmir/Karşıyaka/Zübeyde Hanım,TRY,Этаж выше этажности,оставить,350000.0
242734,Daire,350000.0,140.0,3+1,5,2,İstanbul/Avcılar/Merkez,TRY,Этаж выше этажности,оставить,350000.0
243876,Daire,350000.0,6.0,3+1,5,5,İstanbul/Pendik/Esenler,TRY,Площадь < 15 м²,оставить,350000.0
244683,Daire,350000.0,6.0,3+1,5,5,İstanbul/Pendik/Esenler,TRY,Площадь < 15 м²,оставить,350000.0
245142,Daire,350000.0,6.0,3+1,5,5,İstanbul/Pendik/Esenler,TRY,Площадь < 15 м²,оставить,350000.0
245730,Daire,350000.0,6.0,3+1,5,5,İstanbul/Pendik/Esenler,TRY,Площадь < 15 м²,оставить,350000.0
252145,Daire,350000.0,10.0,3+1,5,5,İzmir/Karabağlar/Uzundere,TRY,Площадь < 15 м²,оставить,350000.0
252203,Daire,350000.0,10.0,3+1,5,5,İzmir/Karabağlar/Uzundere,TRY,Площадь < 15 м²,оставить,350000.0
260230,Daire,350000.0,,2+1,7,5,Kocaeli/Gebze/Yenikent,TRY,Этаж выше этажности,оставить,350000.0
302817,Daire,350000.0,,2+1,11,8,İstanbul/Tuzla/Aydıntepe,TRY,Этаж выше этажности,оставить,350000.0
329527,Daire,350000.0,140.0,3+1,4,3,Balıkesir/Edremit/Akçay,TRY,Этаж выше этажности,оставить,350000.0
337365,Daire,350000.0,140.0,3+1,4,3,Balıkesir/Edremit/Akçay,TRY,Этаж выше этажности,оставить,350000.0
341060,Daire,350000.0,185.0,3+1,4,2,Kayseri/Kocasinan/Zümrüt,TRY,Этаж выше этажности,оставить,350000.0
344207,Daire,350000.0,185.0,3+1,4,2,Kayseri/Kocasinan/Zümrüt,TRY,Этаж выше этажности,оставить,350000.0
348979,Çiftlik Evi,350000.0,6000.0,3+1,,2,Muğla/Milas/Epçe,TRY,Площадь > 3 000 м²,оставить,350000.0
349041,Komple Bina,350000.0,140.0,+,,3,Sakarya/Adapazarı/Hızırtepe,TRY,Комнаты не разобраны,оставить,350000.0
349441,Komple Bina,350000.0,,+,,4,Bursa/Yenişehir/Çayır,TRY,Комнаты не разобраны,оставить,350000.0
349521,Komple Bina,350000.0,,+,,2,Çanakkale/Ayvacık/Ahmetçe Köyü,TRY,Комнаты не разобраны,оставить,350000.0
350347,Komple Bina,350000.0,280.0,+,,3,İzmir/Torbalı/Atatürk,TRY,Комнаты не разобраны,оставить,350000.0
350535,Çiftlik Evi,350000.0,8800.0,2+1,,2,Kırklareli/Merkez/Karakaş,TRY,Площадь > 3 000 м²,оставить,350000.0
358075,Komple Bina,350000.0,,+,,4,Konya/Selçuklu/Hüsamettin Çelebi,TRY,Комнаты не разобраны,оставить,350000.0
380046,Komple Bina,350000.0,250.0,+,,,Samsun/Çarşamba/Kumköy,TRY,Комнаты не разобраны,оставить,350000.0
391900,Komple Bina,350000.0,,+,,2,Sakarya/Adapazarı/Şeker,TRY,Комнаты не разобраны,оставить,350000.0
393524,Müstakil Ev,350000.0,3599.0,2+1,,,Çanakkale/Biga/Bahçeli Köyü,TRY,Площадь > 3 000 м²,оставить,350000.0
395259,Komple Bina,350000.0,,+,,,İzmir/Menemen/Zeytinlik,TRY,Комнаты не разобраны,оставить,350000.0
70098,Daire,349500.0,130.0,2+1,5,2,Antalya/Alanya/Cikcilli,TRY,Этаж выше этажности,оставить,349500.0
37,Rezidans,349291.8,,2+2,19,6,İstanbul/Avcılar/Cihangir,EUR,Этаж выше этажности,оставить,46800.0
167,Rezidans,349291.8,,2+2,19,6,İstanbul/Avcılar/Cihangir,EUR,Этаж выше этажности,оставить,46800.0
379086,Komple Bina,349000.0,,+,,2,Afyonkarahisar/Merkez/Ertuğrul Gazi,TRY,Комнаты не разобраны,оставить,349000.0
5670,Daire,345000.0,,+,3,4,İzmir/Buca/Dicle,TRY,Комнаты не разобраны,оставить,345000.0
81518,Daire,345000.0,100.0,3+1,5,1,Antalya/Muratpaşa/Gençlik,TRY,Этаж выше этажности,оставить,345000.0
105707,Komple Bina,345000.0,160.0,+,,2,Kocaeli/İzmit/Turgut,TRY,Комнаты не разобраны,оставить,345000.0
235936,Daire,345000.0,,3+1,4,1,İstanbul/Esenler/Fatih,TRY,Этаж выше этажности,оставить,345000.0
238882,Daire,345000.0,140.0,3+1,4,3,Eskişehir/Odunpazarı/Gökmeydan,TRY,Этаж выше этажности,оставить,345000.0
299530,Daire,345000.0,50.0,1+0,15,2,İzmir/Bornova/Kazımdirik,TRY,Этаж выше этажности,оставить,345000.0
322763,Daire,345000.0,175.0,4+1,16,1,Ankara/Yenimahalle/Pamuklar,TRY,Этаж выше этажности,оставить,345000.0
331624,Daire,345000.0,,3+1,16,10,Gaziantep/Şehitkamil/Osmangazi,TRY,Этаж выше этажности,оставить,345000.0
390360,Daire,345000.0,,+,,,İzmir/Tire/Adnan Menderes,TRY,Комнаты не разобраны,оставить,345000.0
399995,Villa,345000.0,4000.0,+,,,Aydın/Kuşadası/İkiçeşmelik,TRY,"Площадь > 3 000 м², Комнаты не разобраны",оставить,345000.0
12534,Daire,340000.0,175.0,3+2,3,2,İstanbul/Arnavutköy/Mustafa Kemal Paşa,TRY,Этаж выше этажности,оставить,340000.0
114707,Komple Bina,340000.0,,+,,2,Sivas/Merkez/Şeyh Şamil,TRY,Комнаты не разобраны,оставить,340000.0
182113,Daire,340000.0,120.0,3+1,2,1,İstanbul/Sancaktepe/İnönü,TRY,Этаж выше этажности,оставить,340000.0
197803,Daire,340000.0,92.0,2+1,3,2,İstanbul/Tuzla/Aydınlı,TRY,Этаж выше этажности,оставить,340000.0
203891,Daire,340000.0,,3+1,3,2,Kocaeli/Kartepe/Dumlupınar,TRY,Этаж выше этажности,оставить,340000.0
217164,Daire,340000.0,70.0,2+1,3,1,İzmir/Konak/Alsancak,TRY,Этаж выше этажности,оставить,340000.0
232872,Daire,340000.0,77.0,2+1,4,1,İstanbul/Maltepe/Bağlarbaşı,TRY,Этаж выше этажности,оставить,340000.0
242287,Daire,340000.0,85.0,2+1,5,2,İzmir/Karşıyaka/Demirköprü,TRY,Этаж выше этажности,оставить,340000.0
244493,Daire,340000.0,,2+1,5,4,İzmir/Karşıyaka/Demirköprü,TRY,Этаж выше этажности,оставить,340000.0
244633,Daire,340000.0,,2+1,5,4,İzmir/Karşıyaka/Demirköprü,TRY,Этаж выше этажности,оставить,340000.0
251286,Daire,340000.0,,2+1,5,4,İzmir/Karşıyaka/Demirköprü,TRY,Этаж выше этажности,оставить,340000.0
251306,Daire,340000.0,,2+1,5,4,İzmir/Karşıyaka/Demirköprü,TRY,Этаж выше этажности,оставить,340000.0
251330,Daire,340000.0,,2+1,5,4,İzmir/Karşıyaka/Demirköprü,TRY,Этаж выше этажности,оставить,340000.0
262395,Daire,340000.0,135.0,3+1,8,2,Bursa/Nilüfer/Dumlupınar,TRY,Этаж выше этажности,оставить,340000.0
349739,Komple Bina,340000.0,100.0,+,,4,Samsun/Canik/Uludağ,TRY,Комнаты не разобраны,оставить,340000.0
349789,Komple Bina,340000.0,137.0,+,,3,Kütahya/Merkez/Meydan,TRY,Комнаты не разобраны,оставить,340000.0
381537,Daire,340000.0,1.0,3+1,4,,İstanbul/Pendik/Ahmet Yesevi,TRY,Площадь < 15 м²,оставить,340000.0
389827,Müstakil Ev,340000.0,,+,,,Bolu/Merkez/Dodurga,TRY,Комнаты не разобраны,оставить,340000.0
393132,Müstakil Ev,340000.0,2.0,3+1,,,Adana/Seyhan/Mıdık,TRY,Площадь < 15 м²,оставить,340000.0
393777,Komple Bina,340000.0,290.0,+,,2,Balıkesir/Gömeç/Karaağaç,TRY,Комнаты не разобраны,оставить,340000.0
385860,Daire,339000.0,,+,,,Aydın/Efeler/Efeler,TRY,Комнаты не разобраны,оставить,339000.0
260327,Daire,338000.0,130.0,3+1,7,6,Ankara/Yenimahalle/Turgut Özal,TRY,Этаж выше этажности,оставить,338000.0
260359,Daire,338000.0,130.0,3+1,7,6,Ankara/Yenimahalle/Turgut Özal,TRY,Этаж выше этажности,оставить,338000.0
260424,Daire,338000.0,130.0,3+1,7,6,Ankara/Yenimahalle/Turgut Özal,TRY,Этаж выше этажности,оставить,338000.0
260438,Daire,338000.0,130.0,3+1,7,6,Ankara/Yenimahalle/Turgut Özal,TRY,Этаж выше этажности,оставить,338000.0
58741,Daire,335999.0,,3+1,3,2,Antalya/Alanya/Konaklı,TRY,Этаж выше этажности,оставить,335999.0
4303,Daire,335000.0,95.0,2+1,5,2,Antalya/Alanya/Mahmutlar,TRY,Этаж выше этажности,оставить,335000.0
17686,Komple Bina,335000.0,,+,,3,Burdur/Ağlasun/Bala,TRY,Комнаты не разобраны,оставить,335000.0
92228,Daire,335000.0,1.0,3+1,2,3,Burdur/Merkez/Şirinevler,TRY,Площадь < 15 м²,оставить,335000.0
94631,Komple Bina,335000.0,140.0,+,,3,Sakarya/Adapazarı/Hızırtepe,TRY,Комнаты не разобраны,оставить,335000.0
175793,Daire,335000.0,3.0,3+1,1,6,İstanbul/Bahçelievler/Soğanlı,TRY,Площадь < 15 м²,оставить,335000.0
185941,Daire,335000.0,1.0,3+1,2,3,Burdur/Merkez/Şirinevler,TRY,Площадь < 15 м²,оставить,335000.0
221072,Daire,335000.0,120.0,3+1,4,1,İstanbul/Bahçelievler/Siyavuşpaşa,TRY,Этаж выше этажности,оставить,335000.0
242024,Daire,335000.0,10.0,3+1,5,5,İstanbul/Güngören/Güneştepe,TRY,Площадь < 15 м²,оставить,335000.0
257503,Daire,335000.0,,3+1,7,1,Samsun/Atakum/Mevlana,TRY,Этаж выше этажности,оставить,335000.0
348893,Komple Bina,335000.0,90.0,+,,2,İstanbul/Sultanbeyli/Battalgazi,TRY,Комнаты не разобраны,оставить,335000.0
349087,Komple Bina,335000.0,90.0,+,,2,İstanbul/Sultanbeyli/Battalgazi,TRY,Комнаты не разобраны,оставить,335000.0
349681,Komple Bina,335000.0,90.0,+,,2,İstanbul/Sultanbeyli/Battalgazi,TRY,Комнаты не разобраны,оставить,335000.0
349851,Komple Bina,335000.0,90.0,+,,2,İstanbul/Sultanbeyli/Battalgazi,TRY,Комнаты не разобраны,оставить,335000.0
350053,Komple Bina,335000.0,330.0,+,,3,Trabzon/Ortahisar/3 Nolu Erdoğdu,TRY,Комнаты не разобраны,оставить,335000.0
221537,Daire,333000.0,,2+1,4,1,İstanbul/Maltepe/Bağlarbaşı,TRY,Этаж выше этажности,оставить,333000.0
4407,Yazlık,330000.0,1.0,3+1,Müstakil,3,İzmir/Seferihisar/Payamlı,TRY,Площадь < 15 м²,оставить,330000.0
17664,Komple Bina,330000.0,105.0,+,,4,Samsun/İlkadım/Zeytinlik,TRY,Комнаты не разобраны,оставить,330000.0
17738,Komple Bina,330000.0,90.0,+,,3,Konya/Akşehir/Yeni,TRY,Комнаты не разобраны,оставить,330000.0
19652,Rezidans,330000.0,,2+1,2,1,Antalya/Alanya/Kestel,TRY,Этаж выше этажности,оставить,330000.0
25385,Daire,330000.0,1.0,3+1,1,3,Aydın/Didim/Altınkum,TRY,Площадь < 15 м²,оставить,330000.0
38213,Daire,330000.0,,3+1,13,10,Adana/Çukurova/Güzelyalı,TRY,Этаж выше этажности,оставить,330000.0
46202,Daire,330000.0,,4+1,3,2,Antalya/Kepez/Fabrikalar,TRY,Этаж выше этажности,оставить,330000.0
48372,Daire,330000.0,,4+1,3,2,Antalya/Kepez/Fabrikalar,TRY,Этаж выше этажности,оставить,330000.0
52175,Villa,330000.0,1.0,3+1,Kot 1,3,İzmir/Seferihisar/Payamlı,TRY,Площадь < 15 м²,оставить,330000.0
55625,Daire,330000.0,1.0,3+1,1,3,Aydın/Didim/Altınkum,TRY,Площадь < 15 м²,оставить,330000.0
57013,Daire,330000.0,1.0,3+1,1,3,Aydın/Didim/Altınkum,TRY,Площадь < 15 м²,оставить,330000.0
61312,Daire,330000.0,120.0,3+1,2,1,Aydın/Didim/Altınkum,TRY,Этаж выше этажности,оставить,330000.0
75108,Daire,330000.0,,3+1,13,10,Adana/Çukurova/Güzelyalı,TRY,Этаж выше этажности,оставить,330000.0
80059,Daire,330000.0,,3+1,13,10,Adana/Çukurova/Güzelyalı,TRY,Этаж выше этажности,оставить,330000.0
86940,Daire,330000.0,110.0,3+1,4,2,Aydın/Didim/Hisar,TRY,Этаж выше этажности,оставить,330000.0
105369,Komple Bina,330000.0,115.0,+,,5,Samsun/Canik/Gaziosmanpaşa,TRY,Комнаты не разобраны,оставить,330000.0
105573,Komple Bina,330000.0,120.0,+,,3,Bursa/Yıldırım/Sıracevizler,TRY,Комнаты не разобраны,оставить,330000.0
111875,Daire,330000.0,,3+1,9,8,İzmir/Buca/Kuruçeşme,TRY,Этаж выше этажности,оставить,330000.0
159878,Daire,330000.0,1.0,3+1,1,5,Burdur/Merkez/Bahçelievler,TRY,Площадь < 15 м²,оставить,330000.0
159942,Daire,330000.0,1.0,3+1,1,5,Burdur/Merkez/Bahçelievler,TRY,Площадь < 15 м²,оставить,330000.0
221288,Daire,330000.0,110.0,3+1,4,1,İstanbul/Bahçelievler/Şirinevler,TRY,Этаж выше этажности,оставить,330000.0
292960,Daire,330000.0,4.0,3+1,2,7,Bursa/Yıldırım/Millet,TRY,Площадь < 15 м²,оставить,330000.0
349697,Komple Bina,330000.0,125.0,+,,3,Amasya/Merzifon/Bağlarbaşı,TRY,Комнаты не разобраны,оставить,330000.0
65832,Daire,329000.0,10.0,3+1,2,2,Aydın/Didim/Efeler,TRY,Площадь < 15 м²,оставить,329000.0
185666,Daire,329000.0,10.0,3+1,2,3,Ankara/Keçiören/Yayla,TRY,Площадь < 15 м²,оставить,329000.0
239927,Daire,329000.0,1.0,2+1,4,7,İstanbul/Çekmeköy/Cumhuriyet,TRY,Площадь < 15 м²,оставить,329000.0
265280,Daire,329000.0,10.0,3+1,2,3,Ankara/Keçiören/Yayla,TRY,Площадь < 15 м²,оставить,329000.0
266045,Daire,329000.0,10.0,3+1,2,3,Ankara/Keçiören/Yayla,TRY,Площадь < 15 м²,оставить,329000.0
240993,Daire,326000.0,,5+1,5,4,Burdur/Merkez/Emek,TRY,Этаж выше этажности,оставить,326000.0
7314,Komple Bina,325000.0,,+,,2,Eskişehir/Tepebaşı/Ertuğrulgazi,TRY,Комнаты не разобраны,оставить,325000.0
61166,Daire,325000.0,91.0,2+1,2,1,Antalya/Muratpaşa/Güzeloba,TRY,Этаж выше этажности,оставить,325000.0
61212,Daire,325000.0,91.0,2+1,2,1,Antalya/Muratpaşa/Güzeloba,TRY,Этаж выше этажности,оставить,325000.0
61235,Daire,325000.0,91.0,2+1,2,1,Antalya/Muratpaşa/Güzeloba,TRY,Этаж выше этажности,оставить,325000.0
61248,Daire,325000.0,91.0,2+1,2,1,Antalya/Muratpaşa/Güzeloba,TRY,Этаж выше этажности,оставить,325000.0
91505,Daire,325000.0,165.0,4+1,10,5,Kayseri/Melikgazi/Nurihas,TRY,Этаж выше этажности,оставить,325000.0
92579,Komple Bina,325000.0,99.0,+,,2,Bursa/Osmangazi/Adalet,TRY,Комнаты не разобраны,оставить,325000.0
94779,Komple Bina,325000.0,99.0,+,,2,Bursa/Osmangazi/Adalet,TRY,Комнаты не разобраны,оставить,325000.0
95499,Komple Bina,325000.0,,+,,3,Bursa/Osmangazi/Bağlarbaşı,TRY,Комнаты не разобраны,оставить,325000.0
96175,Komple Bina,325000.0,99.0,+,,2,Bursa/Osmangazi/Adalet,TRY,Комнаты не разобраны,оставить,325000.0
96845,Komple Bina,325000.0,99.0,+,,2,Bursa/Osmangazi/Adalet,TRY,Комнаты не разобраны,оставить,325000.0
97601,Komple Bina,325000.0,99.0,+,,2,Bursa/Osmangazi/Adalet,TRY,Комнаты не разобраны,оставить,325000.0
98687,Komple Bina,325000.0,99.0,+,,2,Bursa/Osmangazi/Adalet,TRY,Комнаты не разобраны,оставить,325000.0
99079,Komple Bina,325000.0,230.0,+,,2,Çanakkale/Biga/Şirintepe,TRY,Комнаты не разобраны,оставить,325000.0
106439,Komple Bina,325000.0,99.0,+,,2,Bursa/Osmangazi/Adalet,TRY,Комнаты не разобраны,оставить,325000.0
108001,Komple Bina,325000.0,110.0,+,,2,Sakarya/Adapazarı/Papuççular,TRY,Комнаты не разобраны,оставить,325000.0
109187,Komple Bina,325000.0,99.0,+,,2,Bursa/Osmangazi/Adalet,TRY,Комнаты не разобраны,оставить,325000.0
109449,Komple Bina,325000.0,99.0,+,,2,Bursa/Osmangazi/Adalet,TRY,Комнаты не разобраны,оставить,325000.0
111881,Komple Bina,325000.0,99.0,+,,2,Bursa/Osmangazi/Adalet,TRY,Комнаты не разобраны,оставить,325000.0
115285,Komple Bina,325000.0,99.0,+,,2,Bursa/Osmangazi/Adalet,TRY,Комнаты не разобраны,оставить,325000.0
180739,Daire,325000.0,3.0,2+1,1,6,İstanbul/Pendik/Güzelyalı,TRY,Площадь < 15 м²,оставить,325000.0
235398,Daire,325000.0,165.0,3+1,4,3,Kocaeli/Darıca/Kazım Karabekir,TRY,Этаж выше этажности,оставить,325000.0
248444,Daire,325000.0,170.0,4+1,5,3,Çorum/Merkez/Ulukavak,TRY,Этаж выше этажности,оставить,325000.0
250401,Daire,325000.0,170.0,4+1,5,3,Çorum/Merkez/Ulukavak,TRY,Этаж выше этажности,оставить,325000.0
350037,Komple Bina,325000.0,,+,,1,Adana/Sarıçam/Mehmet Akif Ersoy,TRY,Комнаты не разобраны,оставить,325000.0
365876,Yazlık,325000.0,1.0,3+2,Kot 2,2,Tekirdağ/Marmaraereğlisi/Cedit Ali Paşa,TRY,Площадь < 15 м²,оставить,325000.0
7970,Komple Bina,320000.0,110.0,+,,2,Bursa/Osmangazi/Bağlarbaşı,TRY,Комнаты не разобраны,оставить,320000.0
38442,Daire,320000.0,1.0,3+1,1,2,Aydın/Didim/Altınkum,TRY,Площадь < 15 м²,оставить,320000.0
47280,Daire,320000.0,1.0,3+1,1,2,Aydın/Didim/Altınkum,TRY,Площадь < 15 м²,оставить,320000.0
51582,Daire,320000.0,,3+1,3,2,Muğla/Fethiye/Tuzla,TRY,Этаж выше этажности,оставить,320000.0
61162,Daire,320000.0,79.0,2+1,2,1,Aydın/Didim/Akbük,TRY,Этаж выше этажности,оставить,320000.0
61164,Daire,320000.0,79.0,2+1,2,1,Aydın/Didim/Akbük,TRY,Этаж выше этажности,оставить,320000.0
67662,Daire,320000.0,1.0,3+1,3,3,Aydın/Didim/Altınkum,TRY,Площадь < 15 м²,оставить,320000.0
84967,Daire,320000.0,1.0,3+1,3,3,Aydın/Didim/Altınkum,TRY,Площадь < 15 м²,оставить,320000.0
85218,Daire,320000.0,1.0,3+1,3,3,Aydın/Didim/Altınkum,TRY,Площадь < 15 м²,оставить,320000.0
96713,Komple Bina,320000.0,300.0,+,,4,Sakarya/Karasu/Yalı,TRY,Комнаты не разобраны,оставить,320000.0
111619,Daire,320000.0,,3+1,9,6,Mersin/Mezitli/Viranşehir,TRY,Этаж выше этажности,оставить,320000.0
232217,Daire,320000.0,,2+1,4,3,İstanbul/Zeytinburnu/Çırpıcı,TRY,Этаж выше этажности,оставить,320000.0
261337,Daire,320000.0,148.0,3+1,8,1,Samsun/Atakum/Yenimahalle,TRY,Этаж выше этажности,оставить,320000.0
310890,Daire,320000.0,,4+1,3,2,Manisa/Salihli/Karaağaç,TRY,Этаж выше этажности,оставить,320000.0
342987,Daire,320000.0,,4+1,5,2,Diyarbakır/Kayapınar/Fırat,TRY,Этаж выше этажности,оставить,320000.0
361705,Daire,320000.0,2.0,3+1,5,5,Adana/Ceyhan/Burhaniye,TRY,Площадь < 15 м²,оставить,320000.0
385336,Daire,320000.0,,+,,,Aydın/Didim/Cumhuriyet,TRY,Комнаты не разобраны,оставить,320000.0
235275,Daire,319000.0,150.0,+,4,6,Afyonkarahisar/Merkez/Erkmen Bld. (Cumhuriyet),TRY,Комнаты не разобраны,оставить,319000.0
255899,Daire,319000.0,135.0,3+1,6,4,Bursa/Nilüfer/Dumlupınar,TRY,Этаж выше этажности,оставить,319000.0
94174,Daire,315000.0,148.0,4+1,13,8,Mersin/Mezitli/Akdeniz,TRY,Этаж выше этажности,оставить,315000.0
94650,Daire,315000.0,148.0,4+1,13,8,Mersin/Mezitli/Akdeniz,TRY,Этаж выше этажности,оставить,315000.0
94770,Daire,315000.0,148.0,4+1,13,8,Mersin/Mezitli/Akdeniz,TRY,Этаж выше этажности,оставить,315000.0
98369,Komple Bina,315000.0,,+,,2,Eskişehir/Tepebaşı/Zafer,TRY,Комнаты не разобраны,оставить,315000.0
115517,Komple Bina,315000.0,280.0,+,,3,Denizli/Merkezefendi/Değirmenönü,TRY,Комнаты не разобраны,оставить,315000.0
235599,Daire,315000.0,3.0,4+1,4,4,İstanbul/Bahçelievler/Soğanlı,TRY,Площадь < 15 м²,оставить,315000.0
363871,Komple Bina,315000.0,95.0,+,,4,Kocaeli/İzmit/Kadıköy,TRY,Комнаты не разобраны,оставить,315000.0
385308,Komple Bina,315000.0,,+,,,Samsun/Çarşamba/Sarıcalı,TRY,Комнаты не разобраны,оставить,315000.0
393441,Komple Bina,315000.0,,+,,,Samsun/Çarşamba/Sarıcalı,TRY,Комнаты не разобраны,оставить,315000.0
364173,Daire,314223.0,701195.0,8+4,En Üst Kat,1,İstanbul/Pendik/Çınardere,TRY,"Площадь > 3 000 м², Площадь > 100 000 м²",оставить,314223.0
364179,Daire,314223.0,701195.0,8+4,En Üst Kat,1,İstanbul/Pendik/Çınardere,TRY,"Площадь > 3 000 м², Площадь > 100 000 м²",оставить,314223.0
364185,Daire,314223.0,701195.0,8+4,En Üst Kat,1,İstanbul/Pendik/Çınardere,TRY,"Площадь > 3 000 м², Площадь > 100 000 м²",оставить,314223.0
95093,Komple Bina,312000.0,,+,,4,Bursa/Yıldırım/Hacivat,TRY,Комнаты не разобраны,оставить,312000.0
380370,Komple Bina,312000.0,,+,,,Erzurum/Yakutiye/Kazım Karabekir Paşa,TRY,Комнаты не разобраны,оставить,312000.0
67492,Daire,310000.0,1.0,2+1,2,3,Aydın/Didim/Mavişehir,TRY,Площадь < 15 м²,оставить,310000.0
77369,Daire,310000.0,125.0,3+1,4,2,Antalya/Muratpaşa/Muratpaşa,TRY,Этаж выше этажности,оставить,310000.0
94943,Daire,310000.0,120.0,4+1,11,3,Adana/Çukurova/Belediye Evleri,TRY,Этаж выше этажности,оставить,310000.0
182049,Daire,310000.0,81.0,2+1,2,1,İstanbul/Eyüpsultan/Karadolap,TRY,Этаж выше этажности,оставить,310000.0
190740,Daire,310000.0,,3+1,3,1,Tekirdağ/Çorlu/Rumeli,TRY,Этаж выше этажности,оставить,310000.0
200221,Daire,310000.0,,3+1,3,1,Tekirdağ/Çorlu/Rumeli,TRY,Этаж выше этажности,оставить,310000.0
220333,Daire,310000.0,150.0,3+1,4,2,Gaziantep/Şahinbey/Ertuğrulgazi,TRY,Этаж выше этажности,оставить,310000.0
248210,Daire,310000.0,140.0,3+1,5,3,Çorum/Merkez/Üçtutlar,TRY,Этаж выше этажности,оставить,310000.0
239962,Daire,309000.0,,4+1,4,3,Elazığ/Merkez/Ataşehir,TRY,Этаж выше этажности,оставить,309000.0
251317,Daire,309000.0,165.0,3+2,5,4,İstanbul/Sultangazi/Sultançiftliği,TRY,Этаж выше этажности,оставить,309000.0
159010,Daire,308000.0,10.0,2+1,1,5,İstanbul/Güngören/Gençosman,TRY,Площадь < 15 м²,оставить,308000.0
282156,Daire,308000.0,10.0,2+1,2,5,İstanbul/Bağcılar/Merkez,TRY,Площадь < 15 м²,оставить,308000.0
321483,Daire,307000.0,,1+0,17,6,İstanbul/Ümraniye/Tatlısu,TRY,Этаж выше этажности,оставить,307000.0
50243,Daire,305000.0,105.0,+,1,5,Antalya/Alanya/Oba,TRY,Комнаты не разобраны,оставить,305000.0
58931,Daire,305000.0,110.0,3+1,3,2,Antalya/Döşemealtı/Yeniköy,TRY,Этаж выше этажности,оставить,305000.0
111973,Daire,305000.0,125.0,3+1,9,3,İstanbul/Ümraniye/Madenler,TRY,Этаж выше этажности,оставить,305000.0
180304,Daire,305000.0,10.0,2+1,1,5,İstanbul/Güngören/Güneştepe,TRY,Площадь < 15 м²,оставить,305000.0
193302,Daire,305000.0,85.0,2+1,3,2,İstanbul/Küçükçekmece/Kemalpaşa,TRY,Этаж выше этажности,оставить,305000.0
194150,Daire,305000.0,85.0,2+1,3,2,İstanbul/Küçükçekmece/Kemalpaşa,TRY,Этаж выше этажности,оставить,305000.0
201047,Daire,305000.0,1.0,3+1,3,4,İstanbul/Bahçelievler/Yenibosna Merkez,TRY,Площадь < 15 м²,оставить,305000.0
232310,Daire,305000.0,1.0,3+1,4,5,Burdur/Merkez/Emek,TRY,Площадь < 15 м²,оставить,305000.0
386770,Komple Bina,305000.0,,+,,,Aydın/Efeler/Kurtuluş,TRY,Комнаты не разобраны,оставить,305000.0
49,Kooperatif,300000.0,1.0,1+0,Müstakil,10,İzmir/Aliağa/Yenişakran,TRY,Площадь < 15 м²,оставить,300000.0
109,Kooperatif,300000.0,1.0,1+0,Müstakil,10,İzmir/Aliağa/Yenişakran,TRY,Площадь < 15 м²,оставить,300000.0
382,Kooperatif,300000.0,1.0,1+0,Müstakil,10,İzmir/Aliağa/Yenişakran,TRY,Площадь < 15 м²,оставить,300000.0
5798,Villa,300000.0,1.0,5+2,Müstakil,3,Mersin/Çamlıyayla/Fakılar,TRY,Площадь < 15 м²,оставить,300000.0
7248,Komple Bina,300000.0,,+,,2,Manisa/Turgutlu/Şehitler,TRY,Комнаты не разобраны,оставить,300000.0
7590,Komple Bina,300000.0,112.0,+,,3,Kilis/Merkez/Yavuz Sultan Selim,TRY,Комнаты не разобраны,оставить,300000.0
13149,Daire,300000.0,,3+1,3,2,Konya/Selçuklu/Hüsamettin Çelebi,TRY,Этаж выше этажности,оставить,300000.0
50508,Daire,300000.0,210.0,4+1,4,3,Balıkesir/Edremit/Akçay,TRY,Этаж выше этажности,оставить,300000.0
94565,Komple Bina,300000.0,250.0,+,,3,Gaziantep/Şahinbey/Yeşilevler,TRY,Комнаты не разобраны,оставить,300000.0
127993,Müstakil Ev,300000.0,1.0,6+1,Müstakil,2,İstanbul/Sancaktepe/Mevlana,TRY,Площадь < 15 м²,оставить,300000.0
149186,Daire,300000.0,1.0,2+1,Yüksek Giriş,5,İstanbul/Eyüpsultan/Yeşilpınar,TRY,Площадь < 15 м²,оставить,300000.0
217629,Daire,300000.0,125.0,3+1,3,2,Eskişehir/Odunpazarı/Osmangazi,TRY,Этаж выше этажности,оставить,300000.0
247403,Daire,300000.0,50.0,1+1,5,3,İzmir/Karşıyaka/Aksoy,TRY,Этаж выше этажности,оставить,300000.0
249177,Daire,300000.0,140.0,3+1,5,2,Gaziantep/Şahinbey/Karataş,TRY,Этаж выше этажности,оставить,300000.0
256807,Daire,300000.0,,3+1,6,5,İzmir/Çiğli/Küçük Çiğli,TRY,Этаж выше этажности,оставить,300000.0
348387,Komple Bina,300000.0,130.0,+,,3,Diyarbakır/Bağlar/Kaynartepe,TRY,Комнаты не разобраны,оставить,300000.0
349083,Çiftlik Evi,300000.0,2.0,2+1,,1,İzmir/Aliağa/Hacıömerli,TRY,Площадь < 15 м²,оставить,300000.0
349747,Çiftlik Evi,300000.0,2.0,2+1,,1,İzmir/Aliağa/Hacıömerli,TRY,Площадь < 15 м²,оставить,300000.0
363727,Çiftlik Evi,300000.0,3.0,2+1,,1,Kilis/Merkez/Akçabağlar Köyü,TRY,Площадь < 15 м²,оставить,300000.0
376648,Daire,300000.0,,+,,,Kocaeli/Gölcük/Dumlupınar,TRY,Комнаты не разобраны,оставить,300000.0
386144,Komple Bina,300000.0,413.0,+,,2,Bilecik/Bozüyük/Saraycık Köyü,TRY,Комнаты не разобраны,оставить,300000.0
386574,Daire,300000.0,1.0,3+1,,,Konya/Karatay/Saraçoğlu,TRY,Площадь < 15 м²,оставить,300000.0
388719,Daire,300000.0,9953.0,3+1,3,3,Muğla/Fethiye/Taşyaka,TRY,Площадь > 3 000 м²,оставить,300000.0
388742,Komple Bina,300000.0,182.0,+,,,Samsun/İlkadım/Derebahçe,TRY,Комнаты не разобраны,оставить,300000.0
390822,Komple Bina,300000.0,,+,,3,Çanakkale/Ezine/Camikebir,TRY,Комнаты не разобраны,оставить,300000.0
392434,Komple Bina,300000.0,180.0,+,,3,Sakarya/Kaynarca/Sabırlı,TRY,Комнаты не разобраны,оставить,300000.0
392999,Daire,300000.0,,+,,,Bursa/Nilüfer/Fethiye,TRY,Комнаты не разобраны,оставить,300000.0
393087,Komple Bina,300000.0,,+,,,Gaziantep/Şehitkamil/Aktoprak,TRY,Комнаты не разобраны,оставить,300000.0
396498,Komple Bina,300000.0,,+,,,Gaziantep/Şehitkamil/Aktoprak,TRY,Комнаты не разобраны,оставить,300000.0
397943,Daire,300000.0,,+,,,Bolu/Merkez/Alpağut,TRY,Комнаты не разобраны,оставить,300000.0
400616,Komple Bina,300000.0,,+,,,Gaziantep/Şehitkamil/Aktoprak,TRY,Комнаты не разобраны,оставить,300000.0
401363,Komple Bina,300000.0,182.0,+,,,Samsun/İlkadım/Derebahçe,TRY,Комнаты не разобраны,оставить,300000.0
401955,Komple Bina,300000.0,182.0,+,,,Samsun/İlkadım/Derebahçe,TRY,Комнаты не разобраны,оставить,300000.0
403212,Müstakil Ev,300000.0,,+,,,Samsun/Atakum/Kamalı,TRY,Комнаты не разобраны,оставить,300000.0
93047,Daire,299000.0,185.0,3+1,10,6,Adana/Çukurova/Huzurevleri,TRY,Этаж выше этажности,оставить,299000.0
229282,Daire,299000.0,120.0,3+1,4,2,İstanbul/Beylikdüzü/Cumhuriyet,TRY,Этаж выше этажности,оставить,299000.0
233425,Daire,299000.0,120.0,3+1,4,3,İstanbul/Sancaktepe/Akpınar,TRY,Этаж выше этажности,оставить,299000.0
238998,Daire,299000.0,120.0,3+1,4,3,İstanbul/Sancaktepe/Akpınar,TRY,Этаж выше этажности,оставить,299000.0
254490,Daire,299000.0,1.0,3+1,6,9,Samsun/Atakum/Yenimahalle,TRY,Площадь < 15 м²,оставить,299000.0
303705,Rezidans,299000.0,100.0,3+1,11,10,Ankara/Etimesgut/Şehit Osman Avcı,TRY,Этаж выше этажности,оставить,299000.0
309321,Daire,298000.0,,3+1,8,2,Malatya/Yeşilyurt/Tecde,TRY,Этаж выше этажности,оставить,298000.0
312457,Daire,298000.0,,3+1,8,2,Malatya/Yeşilyurt/Tecde,TRY,Этаж выше этажности,оставить,298000.0
318319,Daire,298000.0,,3+1,8,2,Malatya/Yeşilyurt/Tecde,TRY,Этаж выше этажности,оставить,298000.0
349619,Komple Bina,298000.0,,+,,2,Aydın/Nazilli/Cumhuriyet,TRY,Комнаты не разобраны,оставить,298000.0
29831,Daire,295000.0,1.0,2+1,1,3,Aydın/Didim/Mavişehir,TRY,Площадь < 15 м²,оставить,295000.0
103847,Komple Bina,295000.0,225.0,+,,1,Bursa/İznik/Çakırca,TRY,Комнаты не разобраны,оставить,295000.0
177035,Daire,295000.0,10.0,2+1,1,5,İstanbul/Güngören/Güneştepe,TRY,Площадь < 15 м²,оставить,295000.0
182059,Daire,295000.0,125.0,3+1,2,1,Tekirdağ/Çorlu/Rumeli,TRY,Этаж выше этажности,оставить,295000.0
234899,Daire,295000.0,130.0,3+1,4,2,Adana/Seyhan/Yeşilyurt,TRY,Этаж выше этажности,оставить,295000.0
255125,Daire,295000.0,,3+1,6,3,Tekirdağ/Çorlu/Kazımiye,TRY,Этаж выше этажности,оставить,295000.0
348587,Komple Bina,295000.0,,+,,3,Malatya/Battalgazi/Başharık,TRY,Комнаты не разобраны,оставить,295000.0
349675,Müstakil Ev,295000.0,2.0,1+1,,1,Balıkesir/Edremit/Zeytinli,TRY,Площадь < 15 м²,оставить,295000.0
349727,Komple Bina,295000.0,,+,,3,Aydın/Söke/Savuca,TRY,Комнаты не разобраны,оставить,295000.0
375894,Daire,295000.0,1.0,1+1,20 ve üzeri,,İstanbul/Esenyurt/Yeşilkent,TRY,Площадь < 15 м²,оставить,295000.0
119876,Müstakil Ev,290000.0,298.0,+,Kot 1,2,Bursa/Osmangazi/Kuruçeşme,TRY,Комнаты не разобраны,оставить,290000.0
173178,Daire,290000.0,10.0,3+1,1,2,Ankara/Çankaya/Osman Temiz,TRY,Площадь < 15 м²,оставить,290000.0
220439,Daire,290000.0,75.0,2+1,4,2,İstanbul/Maltepe/Altıntepe,TRY,Этаж выше этажности,оставить,290000.0
222265,Daire,290000.0,75.0,2+1,4,2,İstanbul/Maltepe/Altıntepe,TRY,Этаж выше этажности,оставить,290000.0
226340,Daire,290000.0,75.0,2+1,4,2,İstanbul/Maltepe/Altıntepe,TRY,Этаж выше этажности,оставить,290000.0
235674,Daire,290000.0,75.0,2+1,4,2,İstanbul/Maltepe/Altıntepe,TRY,Этаж выше этажности,оставить,290000.0
236594,Daire,290000.0,120.0,3+1,4,3,İstanbul/Esenyurt/Zafer,TRY,Этаж выше этажности,оставить,290000.0
297275,Daire,290000.0,170.0,3+1,10,4,Kayseri/Melikgazi/Esenyurt,TRY,Этаж выше этажности,оставить,290000.0
350700,Müstakil Ev,290000.0,5.0,2+1,Müstakil,1,Çanakkale/Ezine/Üvecik Köyü,TRY,Площадь < 15 м²,оставить,290000.0
350821,Müstakil Ev,290000.0,5.0,2+1,Müstakil,1,Çanakkale/Ezine/Üvecik Köyü,TRY,Площадь < 15 м²,оставить,290000.0
351221,Müstakil Ev,290000.0,5.0,2+1,Müstakil,1,Çanakkale/Ezine/Üvecik Köyü,TRY,Площадь < 15 м²,оставить,290000.0
351409,Müstakil Ev,290000.0,5.0,2+1,Müstakil,1,Çanakkale/Ezine/Üvecik Köyü,TRY,Площадь < 15 м²,оставить,290000.0
351661,Müstakil Ev,290000.0,5.0,2+1,Müstakil,1,Çanakkale/Ezine/Üvecik Köyü,TRY,Площадь < 15 м²,оставить,290000.0
351723,Müstakil Ev,290000.0,5.0,2+1,Müstakil,1,Çanakkale/Ezine/Üvecik Köyü,TRY,Площадь < 15 м²,оставить,290000.0
352719,Müstakil Ev,290000.0,5.0,2+1,Müstakil,1,Çanakkale/Ezine/Üvecik Köyü,TRY,Площадь < 15 м²,оставить,290000.0
352876,Müstakil Ev,290000.0,5.0,2+1,Müstakil,1,Çanakkale/Ezine/Üvecik Köyü,TRY,Площадь < 15 м²,оставить,290000.0
363827,Komple Bina,290000.0,240.0,+,,2,Aydın/Nazilli/Cumhuriyet,TRY,Комнаты не разобраны,оставить,290000.0
363977,Komple Bina,290000.0,95.0,+,,4,Trabzon/Ortahisar/1 Nolu Erdoğdu,TRY,Комнаты не разобраны,оставить,290000.0
364053,Komple Bina,290000.0,240.0,+,,2,Aydın/Nazilli/Cumhuriyet,TRY,Комнаты не разобраны,оставить,290000.0
364281,Komple Bina,290000.0,240.0,+,,2,Aydın/Nazilli/Cumhuriyet,TRY,Комнаты не разобраны,оставить,290000.0
378886,Villa,290000.0,,+,,,Aydın/Kuşadası/Türkmen,TRY,Комнаты не разобраны,оставить,290000.0
397322,Villa,290000.0,1500.0,+,,,Ankara/Gölbaşı/Bahçelievler,TRY,Комнаты не разобраны,оставить,290000.0
182103,Daire,289000.0,,2+1,2,1,İstanbul/Beylikdüzü/Cumhuriyet,TRY,Этаж выше этажности,оставить,289000.0
349829,Müstakil Ev,289000.0,1.0,5+1,,1,Adana/Karataş/Yemişli,TRY,Площадь < 15 м²,оставить,289000.0
63780,Daire,287000.0,,2+1,4,2,Antalya/Muratpaşa/Güzeloba,TRY,Этаж выше этажности,оставить,287000.0
68494,Daire,287000.0,,2+1,4,2,Antalya/Muratpaşa/Güzeloba,TRY,Этаж выше этажности,оставить,287000.0
73540,Daire,287000.0,,2+1,4,2,Antalya/Muratpaşa/Güzeloba,TRY,Этаж выше этажности,оставить,287000.0
260377,Daire,286000.0,149.0,3+1,7,6,Trabzon/Ortahisar/Pelitli,TRY,Этаж выше этажности,оставить,286000.0
92541,Komple Bina,285000.0,95.0,+,,2,Bursa/Osmangazi/İstiklal,TRY,Комнаты не разобраны,оставить,285000.0
95451,Komple Bina,285000.0,95.0,+,,2,Bursa/Osmangazi/İstiklal,TRY,Комнаты не разобраны,оставить,285000.0
96885,Komple Bina,285000.0,95.0,+,,2,Bursa/Osmangazi/İstiklal,TRY,Комнаты не разобраны,оставить,285000.0
98381,Komple Bina,285000.0,95.0,+,,2,Bursa/Osmangazi/İstiklal,TRY,Комнаты не разобраны,оставить,285000.0
99545,Komple Bina,285000.0,95.0,+,,2,Bursa/Osmangazi/İstiklal,TRY,Комнаты не разобраны,оставить,285000.0
113923,Komple Bina,285000.0,95.0,+,,2,Bursa/Osmangazi/İstiklal,TRY,Комнаты не разобраны,оставить,285000.0
190713,Daire,285000.0,105.0,2+1,3,2,Manisa/Salihli/Cumhuriyet,TRY,Этаж выше этажности,оставить,285000.0
263063,Daire,285000.0,125.0,3+1,8,1,Ankara/Mamak/Çağlayan,TRY,Этаж выше этажности,оставить,285000.0
280708,Daire,285000.0,1.0,3+1,2,5,İstanbul/Esenyurt/Mehterçeşme,TRY,Площадь < 15 м²,оставить,285000.0
324394,Daire,285000.0,150.0,3+1,12,8,Ankara/Yenimahalle/Burç,TRY,Этаж выше этажности,оставить,285000.0
325478,Daire,285000.0,,3+1,9,8,Trabzon/Yomra/Sancak,TRY,Этаж выше этажности,оставить,285000.0
348347,Müstakil Ev,285000.0,3.0,1+1,,1,Kırklareli/Babaeski/Minnetler Köyü,TRY,Площадь < 15 м²,оставить,285000.0
348415,Komple Bina,285000.0,,+,,4,İstanbul/Beyoğlu/Hacıahmet,TRY,Комнаты не разобраны,оставить,285000.0
377814,Müstakil Ev,285000.0,4000.0,1+1,,1,İzmir/Bayındır/Karaveliler,TRY,Площадь > 3 000 м²,оставить,285000.0
381430,Müstakil Ev,282084.1,1.0,3+1,,,KKTC/Gazimağusa/Zafer Mh.,GBP,Площадь < 15 м²,оставить,41000.0
397372,Müstakil Ev,282084.1,1.0,3+1,,,KKTC/Gazimağusa/Zafer Mh.,GBP,Площадь < 15 м²,оставить,41000.0
94168,Daire,282000.0,,2+1,13,2,Mersin/Mezitli/Merkez,TRY,Этаж выше этажности,оставить,282000.0
94414,Daire,282000.0,,2+1,13,2,Mersin/Mezitli/Merkez,TRY,Этаж выше этажности,оставить,282000.0
94454,Daire,282000.0,,2+1,13,2,Mersin/Mezitli/Merkez,TRY,Этаж выше этажности,оставить,282000.0
33382,Komple Bina,280000.0,,+,,2,Muğla/Ula/Akçapınar,TRY,Комнаты не разобраны,оставить,280000.0
91879,Daire,280000.0,180.0,3+1,10,6,Mersin/Mezitli/Viranşehir,TRY,Этаж выше этажности,оставить,280000.0
92009,Daire,280000.0,180.0,3+1,10,6,Mersin/Mezitli/Viranşehir,TRY,Этаж выше этажности,оставить,280000.0
95585,Daire,280000.0,100.0,+,,,İstanbul/Bahçelievler/Kocasinan Merkez,TRY,Комнаты не разобраны,оставить,280000.0
104965,Komple Bina,280000.0,,+,,2,Eskişehir/Tepebaşı/Şirintepe,TRY,Комнаты не разобраны,оставить,280000.0
111895,Daire,280000.0,140.0,3+1,9,2,Samsun/Atakum/Yenimahalle,TRY,Этаж выше этажности,оставить,280000.0
191015,Daire,280000.0,135.0,3+1,3,2,Ankara/Etimesgut/Ahi Mesut,TRY,Этаж выше этажности,оставить,280000.0
197627,Daire,280000.0,135.0,3+1,3,2,Ankara/Etimesgut/Ahi Mesut,TRY,Этаж выше этажности,оставить,280000.0
207591,Daire,280000.0,135.0,3+1,3,2,Ankara/Etimesgut/Ahi Mesut,TRY,Этаж выше этажности,оставить,280000.0
209718,Daire,280000.0,135.0,3+1,3,2,Ankara/Etimesgut/Ahi Mesut,TRY,Этаж выше этажности,оставить,280000.0
217804,Daire,280000.0,135.0,3+1,3,2,Ankara/Etimesgut/Ahi Mesut,TRY,Этаж выше этажности,оставить,280000.0
262066,Daire,280000.0,150.0,2+1,8,2,Adana/Seyhan/Gürselpaşa,TRY,Этаж выше этажности,оставить,280000.0
324841,Daire,280000.0,100.0,2+1,13,6,Antalya/Muratpaşa/Kızıltoprak,TRY,Этаж выше этажности,оставить,280000.0
343792,Daire,280000.0,100.0,2+1,8,2,Balıkesir/Edremit/Cennetayağı,TRY,Этаж выше этажности,оставить,280000.0
349001,Komple Bina,280000.0,325.0,+,,2,Mersin/Toroslar/Selçuklar,TRY,Комнаты не разобраны,оставить,280000.0
349543,Müstakil Ev,280000.0,1.0,2+1,,2,İzmir/Menderes/Çile,TRY,Площадь < 15 м²,оставить,280000.0
368680,Daire,280000.0,135.0,3+1,4,3,Afyonkarahisar/Merkez/Ali Çetinkaya,TRY,Этаж выше этажности,оставить,280000.0
388554,Komple Bina,280000.0,,+,,3,Yalova/Merkez/Gazi Osman Paşa,TRY,Комнаты не разобраны,оставить,280000.0
390455,Daire,280000.0,,+,,,İstanbul/Pendik/Kaynarca,TRY,Комнаты не разобраны,оставить,280000.0
394101,Komple Bina,280000.0,,+,,3,Yalova/Merkez/Gazi Osman Paşa,TRY,Комнаты не разобраны,оставить,280000.0
256224,Daire,279000.0,130.0,3+1,6,3,Aydın/Nazilli/Yeşil,TRY,Этаж выше этажности,оставить,279000.0
304164,Daire,279000.0,127.0,3+1,12,2,Ankara/Etimesgut/Yeşilova,TRY,Этаж выше этажности,оставить,279000.0
319416,Daire,279000.0,127.0,3+1,12,2,Ankara/Etimesgut/Yeşilova,TRY,Этаж выше этажности,оставить,279000.0
238774,Daire,278000.0,160.0,3+1,4,3,Gaziantep/Şahinbey/23 Nisan,TRY,Этаж выше этажности,оставить,278000.0
48836,Daire,275000.0,90.0,2+1,7,1,Antalya/Muratpaşa/Doğuyaka,TRY,Этаж выше этажности,оставить,275000.0
67691,Daire,275000.0,120.0,2+1,3,2,Aydın/Didim/Hisar,TRY,Этаж выше этажности,оставить,275000.0
74735,Daire,275000.0,90.0,2+1,7,1,Antalya/Muratpaşa/Doğuyaka,TRY,Этаж выше этажности,оставить,275000.0
84844,Daire,275000.0,100.0,2+1,4,2,Aydın/Kuşadası/Ege,TRY,Этаж выше этажности,оставить,275000.0
86845,Daire,275000.0,120.0,2+1,3,2,Aydın/Didim/Hisar,TRY,Этаж выше этажности,оставить,275000.0
93653,Komple Bina,275000.0,110.0,+,,4,Kocaeli/Derince/Çınarlı,TRY,Комнаты не разобраны,оставить,275000.0
108059,Komple Bina,275000.0,110.0,+,,4,Kocaeli/Derince/Çınarlı,TRY,Комнаты не разобраны,оставить,275000.0
116050,Daire,275000.0,4.0,2+1,Bahçe katı,5,İstanbul/Bayrampaşa/Altıntepsi,TRY,Площадь < 15 м²,оставить,275000.0
182117,Daire,275000.0,135.0,3+1,2,1,Adıyaman/Merkez/Altınşehir,TRY,Этаж выше этажности,оставить,275000.0
205680,Daire,275000.0,120.0,3+1,3,1,Ankara/Keçiören/Yayla,TRY,Этаж выше этажности,оставить,275000.0
210769,Daire,275000.0,220.0,4+1,3,2,İstanbul/Esenyurt/İnönü,TRY,Этаж выше этажности,оставить,275000.0
217866,Daire,275000.0,,3+1,3,2,Çanakkale/Merkez/Kepez Bld. (Boğazkent),TRY,Этаж выше этажности,оставить,275000.0
238125,Daire,275000.0,140.0,3+1,4,3,Eskişehir/Tepebaşı/Ömerağa,TRY,Этаж выше этажности,оставить,275000.0
238960,Daire,275000.0,220.0,4+1,4,2,İstanbul/Esenyurt/İnönü,TRY,Этаж выше этажности,оставить,275000.0
240718,Daire,275000.0,3001.0,5+1,5,5,Malatya/Battalgazi/Çöşnük,TRY,Площадь > 3 000 м²,оставить,275000.0
318141,Rezidans,275000.0,,1+1,6,5,Kocaeli/İzmit/Yahyakaptan,TRY,Этаж выше этажности,оставить,275000.0
323852,Daire,275000.0,,3+1,8,1,Nevşehir/Merkez/Cevher Dudayev,TRY,Этаж выше этажности,оставить,275000.0
334528,Daire,275000.0,110.0,2+1,4,1,Aydın/Kuşadası/İkiçeşmelik,TRY,Этаж выше этажности,оставить,275000.0
348839,Komple Bina,275000.0,150.0,+,,2,Afyonkarahisar/Şuhut/Kurtuluş,TRY,Комнаты не разобраны,оставить,275000.0
350469,Komple Bina,275000.0,160.0,+,,2,Aydın/Nazilli/Aydoğdu,TRY,Комнаты не разобраны,оставить,275000.0
381324,Komple Bina,275000.0,,+,,2,Yalova/Merkez/Bayraktepe,TRY,Комнаты не разобраны,оставить,275000.0
381712,Daire,275000.0,,+,,,Mersin/Toroslar/Mithat Toroğlu,TRY,Комнаты не разобраны,оставить,275000.0
381758,Daire,275000.0,,+,,,Ankara/Altındağ/Aydınlıkevler,TRY,Комнаты не разобраны,оставить,275000.0
389254,Müstakil Ev,275000.0,,+,,,Konya/Selçuklu/Hüsamettin Çelebi,TRY,Комнаты не разобраны,оставить,275000.0
397732,Daire,275000.0,,+,,,İstanbul/Başakşehir/Bahçeşehir 2. Kısım,TRY,Комнаты не разобраны,оставить,275000.0
19884,Daire,274584.65869999997,789286.0,8+1,Bahçe katı,2,İstanbul/Üsküdar/Ünalan,EUR,"Площадь > 3 000 м², Площадь > 100 000 м²",оставить,45133.0
197687,Daire,273000.0,85.0,2+1,3,1,İstanbul/Tuzla/Yayla,TRY,Этаж выше этажности,оставить,273000.0
253706,Daire,273000.0,,3+1,6,3,Aksaray/Merkez/Hasas,TRY,Этаж выше этажности,оставить,273000.0
402338,Daire,273000.0,,+,,,Sivas/Merkez/Şeyh Şamil,TRY,Комнаты не разобраны,оставить,273000.0
25111,Daire,270000.0,75.0,2+1,4,3,Aydın/Didim/Yeni,TRY,Этаж выше этажности,оставить,270000.0
49263,Daire,270000.0,126.0,3+1,5,1,Trabzon/Ortahisar/Kemerkaya,TRY,Этаж выше этажности,оставить,270000.0
60416,Daire,270000.0,,3+1,3,2,Muğla/Dalaman/Söğütlüyurt,TRY,Этаж выше этажности,оставить,270000.0
71459,Daire,270000.0,180.0,3+1,5,2,Mersin/Mezitli/Akdeniz,TRY,Этаж выше этажности,оставить,270000.0
73308,Daire,270000.0,180.0,3+1,5,2,Mersin/Mezitli/Akdeniz,TRY,Этаж выше этажности,оставить,270000.0
90038,Daire,270000.0,75.0,2+1,4,3,Aydın/Didim/Yeni,TRY,Этаж выше этажности,оставить,270000.0
104307,Komple Bina,270000.0,,+,,3,Kocaeli/Gebze/Mevlana,TRY,Комнаты не разобраны,оставить,270000.0
157160,Daire,270000.0,1.0,3+1,1,3,Aydın/Efeler/Efeler,TRY,Площадь < 15 м²,оставить,270000.0
161362,Daire,270000.0,1.0,3+1,1,3,Aydın/Efeler/Girne,TRY,Площадь < 15 м²,оставить,270000.0
170752,Daire,270000.0,1.0,3+1,1,5,İstanbul/Esenyurt/Güzelyurt,TRY,Площадь < 15 м²,оставить,270000.0
194675,Daire,270000.0,145.0,3+1,3,2,Düzce/Merkez/Koçyazı,TRY,Этаж выше этажности,оставить,270000.0
199706,Daire,270000.0,135.0,3+1,3,2,Ankara/Keçiören/Etlik,TRY,Этаж выше этажности,оставить,270000.0
200583,Daire,270000.0,135.0,3+1,3,2,Ankara/Keçiören/Etlik,TRY,Этаж выше этажности,оставить,270000.0
215578,Daire,270000.0,135.0,3+1,3,2,Ankara/Keçiören/Etlik,TRY,Этаж выше этажности,оставить,270000.0
217233,Daire,270000.0,85.0,2+1,3,1,İstanbul/Maltepe/Fındıklı,TRY,Этаж выше этажности,оставить,270000.0
221330,Daire,270000.0,120.0,3+1,4,3,İstanbul/Sancaktepe/Abdurrahmangazi,TRY,Этаж выше этажности,оставить,270000.0
221608,Daire,270000.0,120.0,3+1,4,3,İstanbul/Sancaktepe/Abdurrahmangazi,TRY,Этаж выше этажности,оставить,270000.0
233080,Daire,270000.0,120.0,3+1,4,3,İstanbul/Esenyurt/Yunus Emre,TRY,Этаж выше этажности,оставить,270000.0
234174,Daire,270000.0,130.0,3+1,4,1,Tekirdağ/Çorlu/Nusratiye,TRY,Этаж выше этажности,оставить,270000.0
237342,Daire,270000.0,120.0,3+1,4,3,İstanbul/Sancaktepe/Abdurrahmangazi,TRY,Этаж выше этажности,оставить,270000.0
251120,Daire,270000.0,55.0,1+1,5,1,İstanbul/Kağıthane/Seyrantepe,TRY,Этаж выше этажности,оставить,270000.0
256374,Daire,270000.0,,3+1,6,1,İstanbul/Esenyurt/Orhan Gazi,TRY,Этаж выше этажности,оставить,270000.0
309899,Daire,270000.0,90.0,2+1,8,5,İstanbul/Başakşehir/Kayabaşı,TRY,Этаж выше этажности,оставить,270000.0
363654,Daire,270000.0,84.0,2+1,7,3,Bursa/Osmangazi/Yunuseli,TRY,Этаж выше этажности,оставить,270000.0
400842,Daire,270000.0,,+,,,İstanbul/Esenyurt/İncirtepe,TRY,Комнаты не разобраны,оставить,270000.0
6700,Daire,269000.0,160.0,2+1,9,2,Adana/Seyhan/Gürselpaşa,TRY,Этаж выше этажности,оставить,269000.0
111543,Daire,269000.0,125.0,3+1,9,5,Adana/Çukurova/Huzurevleri,TRY,Этаж выше этажности,оставить,269000.0
279229,Daire,269000.0,1.0,2+1,2,4,İstanbul/Sancaktepe/Fatih,TRY,Площадь < 15 м²,оставить,269000.0
295416,Daire,269000.0,127.0,3+1,12,2,Ankara/Etimesgut/Yeşilova,TRY,Этаж выше этажности,оставить,269000.0
296032,Daire,269000.0,127.0,3+1,12,2,Ankara/Etimesgut/Yeşilova,TRY,Этаж выше этажности,оставить,269000.0
309182,Daire,269000.0,127.0,3+1,12,2,Ankara/Etimesgut/Yeşilova,TRY,Этаж выше этажности,оставить,269000.0
302946,Daire,268000.0,127.0,3+1,12,2,Ankara/Etimesgut/Yeşilova,TRY,Этаж выше этажности,оставить,268000.0
305027,Daire,268000.0,127.0,3+1,12,2,Ankara/Etimesgut/Yeşilova,TRY,Этаж выше этажности,оставить,268000.0
103957,Komple Bina,265000.0,180.0,+,,2,Çanakkale/Biga/Şirintepe,TRY,Комнаты не разобраны,оставить,265000.0
105603,Komple Bina,265000.0,124.0,+,,,Balıkesir/Karesi/Kayabey,TRY,Комнаты не разобраны,оставить,265000.0
115019,Komple Bina,265000.0,124.0,+,,,Balıkesir/Karesi/Kayabey,TRY,Комнаты не разобраны,оставить,265000.0
204870,Daire,265000.0,165.0,3+1,3,2,Balıkesir/Bandırma/100. Yıl,TRY,Этаж выше этажности,оставить,265000.0
228563,Daire,265000.0,100.0,2+1,4,2,Kocaeli/Darıca/Kazım Karabekir,TRY,Этаж выше этажности,оставить,265000.0
243385,Daire,265000.0,120.0,3+1,5,4,Kocaeli/Gebze/Barış,TRY,Этаж выше этажности,оставить,265000.0
252317,Daire,265000.0,120.0,3+1,5,4,Kocaeli/Gebze/Barış,TRY,Этаж выше этажности,оставить,265000.0
260911,Daire,265000.0,165.0,3+1,8,3,Adana/Çukurova/Yüzüncüyıl,TRY,Этаж выше этажности,оставить,265000.0
305158,Daire,265000.0,110.0,3+1,12,2,Ankara/Etimesgut/Eryaman,TRY,Этаж выше этажности,оставить,265000.0
336487,Daire,265000.0,140.0,3+1,12,2,Kayseri/Kocasinan/Serçeönü,TRY,Этаж выше этажности,оставить,265000.0
347023,Daire,265000.0,110.0,2+1,4,1,Balıkesir/Edremit/Akçay,TRY,Этаж выше этажности,оставить,265000.0
370861,Müstakil Ev,265000.0,1.0,3+1,,1,Eskişehir/Seyitgazi/Yunus,TRY,Площадь < 15 м²,оставить,265000.0
393576,Daire,265000.0,,+,,,Aydın/Didim/Yeni,TRY,Комнаты не разобраны,оставить,265000.0
298610,Daire,264887.8496,6913.0,7+2,13,3,Ankara/Elmadağ/Hasanoğlan Havuzbaşı,USD,"Площадь > 3 000 м², Этаж выше этажности",оставить,49412.0
144730,Daire,262000.0,10000.0,1+1,Yüksek Giriş,8,İstanbul/Bağcılar/Merkez,TRY,Площадь > 3 000 м²,оставить,262000.0
94017,Komple Bina,260000.0,,+,,2,Bursa/Osmangazi/Küplüpınar,TRY,Комнаты не разобраны,оставить,260000.0
104543,Komple Bina,260000.0,,+,,2,Bursa/Osmangazi/Küplüpınar,TRY,Комнаты не разобраны,оставить,260000.0
107159,Komple Bina,260000.0,,+,,2,Bursa/Osmangazi/Küplüpınar,TRY,Комнаты не разобраны,оставить,260000.0
108337,Komple Bina,260000.0,,+,,2,Bursa/Osmangazi/Küplüpınar,TRY,Комнаты не разобраны,оставить,260000.0
175485,Daire,260000.0,1.0,3+1,1,6,İstanbul/Esenyurt/İncirtepe,TRY,Площадь < 15 м²,оставить,260000.0
179129,Daire,260000.0,1.0,3+1,1,6,İstanbul/Esenyurt/İncirtepe,TRY,Площадь < 15 м²,оставить,260000.0
180050,Daire,260000.0,1.0,3+1,1,6,İstanbul/Esenyurt/İncirtepe,TRY,Площадь < 15 м²,оставить,260000.0
238172,Daire,260000.0,140.0,3+1,4,3,İstanbul/Esenyurt/Balıkyolu,TRY,Этаж выше этажности,оставить,260000.0
250051,Daire,260000.0,1.0,3+1,5,8,Trabzon/Ortahisar/Çömlekçi,TRY,Площадь < 15 м²,оставить,260000.0
250472,Daire,260000.0,140.0,4+1,5,1,Şanlıurfa/Haliliye/Paşabağı,TRY,Этаж выше этажности,оставить,260000.0
250972,Daire,260000.0,140.0,4+1,5,1,Şanlıurfa/Haliliye/Paşabağı,TRY,Этаж выше этажности,оставить,260000.0
317608,Daire,260000.0,127.0,3+1,12,9,Ankara/Etimesgut/Yeşilova,TRY,Этаж выше этажности,оставить,260000.0
317828,Daire,260000.0,127.0,3+1,12,9,Ankara/Etimesgut/Eryaman,TRY,Этаж выше этажности,оставить,260000.0
349145,Komple Bina,260000.0,,+,,1,Çanakkale/Ezine/Yahyaçavuş Köyü,TRY,Комнаты не разобраны,оставить,260000.0
389500,Daire,260000.0,,+,,,Ankara/Çankaya/Seyranbağları,TRY,Комнаты не разобраны,оставить,260000.0
22763,Daire,259000.0,112.0,3+1,3,1,Antalya/Kepez/Mehmet Akif Ersoy,TRY,Этаж выше этажности,оставить,259000.0
53585,Daire,259000.0,112.0,3+1,3,1,Antalya/Kepez/Mehmet Akif Ersoy,TRY,Этаж выше этажности,оставить,259000.0
148151,Daire,259000.0,10.0,2+1,Yüksek Giriş,5,İstanbul/Güngören/Güneştepe,TRY,Площадь < 15 м²,оставить,259000.0
318831,Daire,258000.0,58.0,1+1,13,4,İstanbul/Tuzla/Aydıntepe,TRY,Этаж выше этажности,оставить,258000.0
335001,Daire,258000.0,100.0,3+1,8,6,Adana/Seyhan/Gürselpaşa,TRY,Этаж выше этажности,оставить,258000.0
343237,Daire,258000.0,100.0,3+1,8,6,Adana/Seyhan/Gürselpaşa,TRY,Этаж выше этажности,оставить,258000.0
9522,Daire,255000.0,132.0,3+1,3,1,Sakarya/Serdivan/Vatan,TRY,Этаж выше этажности,оставить,255000.0
11361,Daire,255000.0,132.0,3+1,3,1,Sakarya/Serdivan/Vatan,TRY,Этаж выше этажности,оставить,255000.0
40344,Daire,255000.0,60.0,1+1,5,2,Antalya/Muratpaşa/Çağlayan,TRY,Этаж выше этажности,оставить,255000.0
122894,Daire,255000.0,10.0,2+1,Kot 3,5,İstanbul/Güngören/Akıncılar,TRY,Площадь < 15 м²,оставить,255000.0
193606,Daire,255000.0,135.0,3+1,3,2,Çanakkale/Merkez/Kepez Bld. (Boğazkent),TRY,Этаж выше этажности,оставить,255000.0
206817,Daire,255000.0,135.0,3+1,3,2,Çanakkale/Merkez/Kepez Bld. (Boğazkent),TRY,Этаж выше этажности,оставить,255000.0
247479,Daire,255000.0,105.0,3+1,5,3,İstanbul/Sancaktepe/Osmangazi,TRY,Этаж выше этажности,оставить,255000.0
248349,Daire,255000.0,105.0,3+1,5,3,İstanbul/Sancaktepe/Osmangazi,TRY,Этаж выше этажности,оставить,255000.0
250546,Daire,255000.0,58.0,1+1,5,1,İstanbul/Başakşehir/Bahçeşehir 2. Kısım,TRY,Этаж выше этажности,оставить,255000.0
328289,Daire,255000.0,90.0,2+1,4,1,Balıkesir/Edremit/Akçay,TRY,Этаж выше этажности,оставить,255000.0
337290,Daire,255000.0,90.0,2+1,4,1,Balıkesir/Edremit/Akçay,TRY,Этаж выше этажности,оставить,255000.0
152459,Daire,253000.0,10.0,2+1,Yüksek Giriş,5,İstanbul/Güngören/Güneştepe,TRY,Площадь < 15 м²,оставить,253000.0
327150,Daire,253000.0,,+,,,Kayseri/Talas/Mevlana,TRY,Комнаты не разобраны,оставить,253000.0
824,Komple Bina,250000.0,,+,,2,Samsun/İlkadım/Unkapanı,TRY,Комнаты не разобраны,оставить,250000.0
974,Komple Bina,250000.0,,+,,2,Samsun/İlkadım/Unkapanı,TRY,Комнаты не разобраны,оставить,250000.0
1692,Komple Bina,250000.0,,+,,2,Samsun/İlkadım/Unkapanı,TRY,Комнаты не разобраны,оставить,250000.0
26738,Çiftlik Evi,250000.0,1.0,3+1,,2,Adana/Yüreğir/Alihocalı,TRY,Площадь < 15 м²,оставить,250000.0
31008,Çiftlik Evi,250000.0,1.0,3+1,,2,Adana/Yüreğir/Alihocalı,TRY,Площадь < 15 м²,оставить,250000.0
82434,Daire,250000.0,1.0,2+1,Bahçe katı,1,Gaziantep/Şahinbey/Yeditepe,TRY,Площадь < 15 м²,оставить,250000.0
90673,Komple Bina,250000.0,,+,,2,İzmir/Karabağlar/Maliyeciler,TRY,Комнаты не разобраны,оставить,250000.0
109007,Komple Bina,250000.0,,+,,2,İzmir/Karabağlar/Maliyeciler,TRY,Комнаты не разобраны,оставить,250000.0
156524,Daire,250000.0,120000.0,3+1,1,,Eskişehir/Tepebaşı/Kumlubel,TRY,"Площадь > 3 000 м², Площадь > 100 000 м²",оставить,250000.0
182028,Daire,250000.0,105.0,3+1,2,1,Afyonkarahisar/Merkez/Yeşilyurt,TRY,Этаж выше этажности,оставить,250000.0
182074,Daire,250000.0,120.0,3+1,2,1,İstanbul/Sultangazi/Cebeci,TRY,Этаж выше этажности,оставить,250000.0
182093,Daire,250000.0,95.0,2+1,2,1,İstanbul/Sultangazi/İsmetpaşa,TRY,Этаж выше этажности,оставить,250000.0
205209,Daire,250000.0,,2+1,3,1,İstanbul/Silivri/Mimar Sinan,TRY,Этаж выше этажности,оставить,250000.0
235640,Daire,250000.0,,4+1,4,3,Denizli/Pamukkale/Kuşpınar,TRY,Этаж выше этажности,оставить,250000.0
240859,Daire,250000.0,85.0,2+1,5,2,İstanbul/Çekmeköy/Çatalmeşe,TRY,Этаж выше этажности,оставить,250000.0
244023,Daire,250000.0,85.0,2+1,5,2,İstanbul/Çekmeköy/Çatalmeşe,TRY,Этаж выше этажности,оставить,250000.0
244994,Daire,250000.0,70.0,2+1,5,4,İstanbul/Fatih/Silivrikapı,TRY,Этаж выше этажности,оставить,250000.0
248005,Daire,250000.0,85.0,2+1,5,2,İstanbul/Çekmeköy/Çatalmeşe,TRY,Этаж выше этажности,оставить,250000.0
248430,Daire,250000.0,85.0,2+1,5,2,İstanbul/Çekmeköy/Çatalmeşe,TRY,Этаж выше этажности,оставить,250000.0
248461,Daire,250000.0,85.0,2+1,5,2,İstanbul/Çekmeköy/Çatalmeşe,TRY,Этаж выше этажности,оставить,250000.0
249292,Daire,250000.0,85.0,2+1,5,2,İstanbul/Çekmeköy/Çatalmeşe,TRY,Этаж выше этажности,оставить,250000.0
252226,Daire,250000.0,,3+1,5,4,Bursa/Nilüfer/Akçalar,TRY,Этаж выше этажности,оставить,250000.0
297034,Daire,250000.0,,1+1,5,1,Ankara/Çankaya/İlkbahar,TRY,Этаж выше этажности,оставить,250000.0
313094,Daire,250000.0,150.0,3+1,8,1,Aydın/Efeler/Mimar Sinan,TRY,Этаж выше этажности,оставить,250000.0
360844,Daire,250000.0,2.0,2+1,1,5,Adana/Ceyhan/Burhaniye,TRY,Площадь < 15 м²,оставить,250000.0
368569,Komple Bina,250000.0,,+,,2,Afyonkarahisar/Sandıklı/Kevser,TRY,Комнаты не разобраны,оставить,250000.0
376318,Daire,250000.0,,+,,,Muğla/Milas/Cumhuriyet,TRY,Комнаты не разобраны,оставить,250000.0
395554,Prefabrik Ev,250000.0,500.0,+,,,İzmir/Menderes/Gümüldür Fevzi Çakmak,TRY,Комнаты не разобраны,оставить,250000.0
403252,Daire,250000.0,,+,,,Mersin/Silifke/Atakent,TRY,Комнаты не разобраны,оставить,250000.0
76156,Daire,249000.0,,3+1,7,6,Adana/Çukurova/Huzurevleri,TRY,Этаж выше этажности,оставить,249000.0
76398,Daire,249000.0,,3+1,7,6,Adana/Çukurova/Huzurevleri,TRY,Этаж выше этажности,оставить,249000.0
199388,Daire,249000.0,3.0,2+1,3,4,İstanbul/Zeytinburnu/Çırpıcı,TRY,Площадь < 15 м²,оставить,249000.0
212289,Daire,249000.0,3.0,2+1,3,4,İstanbul/Zeytinburnu/Çırpıcı,TRY,Площадь < 15 м²,оставить,249000.0
250950,Daire,249000.0,40.0,1+1,5,1,İzmir/Karabağlar/Arap Hasan,TRY,Этаж выше этажности,оставить,249000.0
251061,Daire,249000.0,40.0,1+1,5,1,İzmir/Karabağlar/Arap Hasan,TRY,Этаж выше этажности,оставить,249000.0
378398,Daire,249000.0,,+,,,Adana/Çukurova/Yurt,TRY,Комнаты не разобраны,оставить,249000.0
63076,Daire,248000.0,,3+1,3,1,Antalya/Kepez/Mehmet Akif Ersoy,TRY,Этаж выше этажности,оставить,248000.0
91546,Daire,247500.0,5.0,3+1,2,3,Samsun/Atakum/İstiklal,TRY,Площадь < 15 м²,оставить,247500.0
371599,Daire,245350.3878,7843.0,6+3,Yüksek Giriş,10,Ankara/Elmadağ/Hasanoğlan Havuzbaşı,USD,Площадь > 3 000 м²,оставить,45633.0
41970,Villa,245000.0,100.0,2+1,3,2,Aydın/Kuşadası/Kadınlar Denizi,TRY,Этаж выше этажности,оставить,245000.0
91721,Komple Bina,245000.0,180.0,+,,2,Erzurum/Yakutiye/Ömer Nasuhi Bilmen,TRY,Комнаты не разобраны,оставить,245000.0
95776,Daire,245000.0,,3+1,15,10,Adana/Çukurova/Yüzüncüyıl,TRY,Этаж выше этажности,оставить,245000.0
111549,Komple Bina,245000.0,105.0,+,,1,Çanakkale/Biga/Şirintepe,TRY,Комнаты не разобраны,оставить,245000.0
182063,Daire,245000.0,200.0,3+1,2,1,Sivas/Merkez/Cami-İ Kebir,TRY,Этаж выше этажности,оставить,245000.0
210298,Daire,245000.0,1.0,4+1,3,3,Kocaeli/Körfez/Yavuz Sultan Selim,TRY,Площадь < 15 м²,оставить,245000.0
238733,Daire,245000.0,90.0,2+1,4,3,İstanbul/Esenyurt/Zafer,TRY,Этаж выше этажности,оставить,245000.0
306670,Daire,245000.0,120.0,3+1,5,1,Kayseri/Kocasinan/Zümrüt,TRY,Этаж выше этажности,оставить,245000.0
327428,Komple Bina,245000.0,,+,,9,Samsun/Canik/Hasköy,TRY,Комнаты не разобраны,оставить,245000.0
327630,Komple Bina,245000.0,,+,,9,Samsun/Canik/Hasköy,TRY,Комнаты не разобраны,оставить,245000.0
340609,Daire,245000.0,146.0,3+1,7,6,Balıkesir/Edremit/Kadıköy,TRY,Этаж выше этажности,оставить,245000.0
362480,Daire,245000.0,1.0,3+1,Çatı Katı,3,Aydın/Efeler/Kemer,TRY,Площадь < 15 м²,оставить,245000.0
251219,Daire,241000.0,85.0,3+1,5,4,Bursa/Nilüfer/Dumlupınar,TRY,Этаж выше этажности,оставить,241000.0
251289,Daire,241000.0,85.0,3+1,5,4,Bursa/Nilüfer/Dumlupınar,TRY,Этаж выше этажности,оставить,241000.0
7543,Daire,240000.0,120.0,3+1,3,1,Ankara/Etimesgut/Kazım Karabekir,TRY,Этаж выше этажности,оставить,240000.0
80004,Daire,240000.0,,2+1,5,1,Aydın/Kuşadası/Hacıfeyzullah,TRY,Этаж выше этажности,оставить,240000.0
182054,Daire,240000.0,122.0,3+1,2,1,İstanbul/Esenyurt/Pınar,TRY,Этаж выше этажности,оставить,240000.0
206794,Daire,240000.0,130.0,3+1,3,1,Aydın/Nazilli/Yeni,TRY,Этаж выше этажности,оставить,240000.0
222905,Daire,240000.0,1.0,2+1,4,4,İstanbul/Sancaktepe/Yenidoğan,TRY,Площадь < 15 м²,оставить,240000.0
225110,Daire,240000.0,1.0,2+1,4,4,İstanbul/Sancaktepe/Yenidoğan,TRY,Площадь < 15 м²,оставить,240000.0
238276,Daire,240000.0,1.0,2+1,4,4,İstanbul/Sancaktepe/Yenidoğan,TRY,Площадь < 15 м²,оставить,240000.0
239722,Daire,240000.0,104.0,2+1,4,2,İstanbul/Sancaktepe/Yenidoğan,TRY,Этаж выше этажности,оставить,240000.0
301862,Daire,240000.0,,3+1,12,10,Kayseri/Kocasinan/Beyazşehir,TRY,Этаж выше этажности,оставить,240000.0
302418,Daire,240000.0,,3+1,12,10,Kayseri/Kocasinan/Beyazşehir,TRY,Этаж выше этажности,оставить,240000.0
305820,Daire,240000.0,,3+1,12,10,Kayseri/Kocasinan/Beyazşehir,TRY,Этаж выше этажности,оставить,240000.0
311023,Daire,240000.0,,3+1,12,10,Kayseri/Kocasinan/Beyazşehir,TRY,Этаж выше этажности,оставить,240000.0
311158,Daire,240000.0,,3+1,12,10,Kayseri/Kocasinan/Beyazşehir,TRY,Этаж выше этажности,оставить,240000.0
320494,Daire,240000.0,140.0,4+1,8,3,Yozgat/Merkez/Şeyh Osman,TRY,Этаж выше этажности,оставить,240000.0
349207,Müstakil Ev,240000.0,3850.0,3+1,,2,Niğde/Bor/Bahçeli Bld. (Zafer),TRY,Площадь > 3 000 м²,оставить,240000.0
378960,Daire,240000.0,1.0,3+1,,,Manisa/Salihli/Cumhuriyet,TRY,Площадь < 15 м²,оставить,240000.0
395406,Daire,240000.0,10.0,3+1,,,Aksaray/Merkez/Mehmet Akif Ersoy,TRY,Площадь < 15 м²,оставить,240000.0
257737,Daire,239000.0,130.0,3+1,7,5,İstanbul/Sultangazi/Malkoçoğlu,TRY,Этаж выше этажности,оставить,239000.0
348329,Komple Bina,239000.0,,+,,3,Kocaeli/İzmit/Karabaş,TRY,Комнаты не разобраны,оставить,239000.0
219716,Daire,238000.0,118.0,2+1,4,3,Denizli/Pamukkale/İstiklal,TRY,Этаж выше этажности,оставить,238000.0
219730,Daire,238000.0,118.0,2+1,4,3,Denizli/Pamukkale/İstiklal,TRY,Этаж выше этажности,оставить,238000.0
233701,Daire,238000.0,118.0,2+1,4,3,Denizli/Pamukkale/İstiklal,TRY,Этаж выше этажности,оставить,238000.0
236811,Daire,238000.0,118.0,2+1,4,3,Denizli/Pamukkale/İstiklal,TRY,Этаж выше этажности,оставить,238000.0
333659,Daire,238000.0,160.0,3+1,16,1,Ankara/Yenimahalle/Pamuklar,TRY,Этаж выше этажности,оставить,238000.0
334922,Daire,237000.0,100.0,2+1,4,3,Balıkesir/Edremit/Akçay,TRY,Этаж выше этажности,оставить,237000.0
343965,Daire,237000.0,100.0,2+1,4,3,Balıkesir/Edremit/Akçay,TRY,Этаж выше этажности,оставить,237000.0
270321,Daire,236000.0,1.0,2+1,2,4,İstanbul/Sancaktepe/Kemal Türkler,TRY,Площадь < 15 м²,оставить,236000.0
272803,Daire,236000.0,1.0,2+1,2,4,İstanbul/Sancaktepe/Kemal Türkler,TRY,Площадь < 15 м²,оставить,236000.0
279787,Daire,236000.0,1.0,2+1,2,4,İstanbul/Sancaktepe/Kemal Türkler,TRY,Площадь < 15 м²,оставить,236000.0
91011,Komple Bina,235000.0,,+,,1,Tekirdağ/Saray/Yeni,TRY,Комнаты не разобраны,оставить,235000.0
92075,Komple Bina,235000.0,,+,,1,Tekirdağ/Saray/Yeni,TRY,Комнаты не разобраны,оставить,235000.0
92515,Komple Bina,235000.0,,+,,1,Tekirdağ/Saray/Yeni,TRY,Комнаты не разобраны,оставить,235000.0
114615,Komple Bina,235000.0,,+,,1,Tekirdağ/Saray/Yeni,TRY,Комнаты не разобраны,оставить,235000.0
124963,Daire,235000.0,1.0,2+1,Kot 4,5,İstanbul/Sultanbeyli/Mimar Sinan,TRY,Площадь < 15 м²,оставить,235000.0
145449,Daire,235000.0,4.0,1+1,Yüksek Giriş,3,İstanbul/Ümraniye/Yamanevler,TRY,Площадь < 15 м²,оставить,235000.0
146635,Daire,235000.0,1.0,3+1,Yüksek Giriş,3,Kocaeli/Derince/Sırrıpaşa,TRY,Площадь < 15 м²,оставить,235000.0
163817,Daire,235000.0,5.0,2+1,1,4,İstanbul/Esenler/Menderes,TRY,Площадь < 15 м²,оставить,235000.0
167894,Daire,235000.0,5.0,2+1,1,4,İstanbul/Esenler/Menderes,TRY,Площадь < 15 м²,оставить,235000.0
168323,Daire,235000.0,5.0,2+1,1,4,İstanbul/Esenler/Menderes,TRY,Площадь < 15 м²,оставить,235000.0
182042,Daire,235000.0,120.0,3+1,2,1,Eskişehir/Tepebaşı/Çamlıca,TRY,Этаж выше этажности,оставить,235000.0
182089,Daire,235000.0,115.0,2+1,2,1,Uşak/Merkez/Fatih,TRY,Этаж выше этажности,оставить,235000.0
189757,Daire,235000.0,1.0,3+1,3,3,Burdur/Merkez/Şirinevler,TRY,Площадь < 15 м²,оставить,235000.0
199328,Daire,235000.0,1.0,2+1,3,3,Burdur/Merkez/Aydınlıkevler,TRY,Площадь < 15 м²,оставить,235000.0
211497,Daire,235000.0,1.0,2+1,3,3,Burdur/Merkez/Aydınlıkevler,TRY,Площадь < 15 м²,оставить,235000.0
218869,Daire,235000.0,1.0,3+1,3,3,Burdur/Merkez/Şirinevler,TRY,Площадь < 15 м²,оставить,235000.0
221104,Daire,235000.0,165.0,3+1,4,2,Gaziantep/Şahinbey/Ertuğrulgazi,TRY,Этаж выше этажности,оставить,235000.0
238727,Daire,235000.0,100.0,2+1,4,2,Denizli/Pamukkale/Bağbaşı,TRY,Этаж выше этажности,оставить,235000.0
248840,Daire,235000.0,1.0,3+1,5,6,Konya/Karatay/Ulubatlıhasan,TRY,Площадь < 15 м²,оставить,235000.0
249898,Daire,235000.0,230.0,4+2,5,3,İzmir/Torbalı/Fevzi Çakmak,TRY,Этаж выше этажности,оставить,235000.0
254987,Daire,235000.0,,3+1,6,4,Samsun/Atakum/Yenimahalle,TRY,Этаж выше этажности,оставить,235000.0
255810,Daire,235000.0,,3+1,6,4,Samsun/Atakum/Yenimahalle,TRY,Этаж выше этажности,оставить,235000.0
260619,Daire,235000.0,,2+1,7,4,İstanbul/Pendik/Velibaba,TRY,Этаж выше этажности,оставить,235000.0
299841,Daire,235000.0,,3+1,11,10,Kayseri/Melikgazi/Mimarsinan OSB,TRY,Этаж выше этажности,оставить,235000.0
319554,Daire,235000.0,138.0,3+1,4,3,Ankara/Sincan/Fevzi Çakmak,TRY,Этаж выше этажности,оставить,235000.0
350598,Müstakil Ev,235000.0,2.0,3+1,Bahçe katı,1,Balıkesir/Erdek/Şahinburgaz,TRY,Площадь < 15 м²,оставить,235000.0
353315,Müstakil Ev,235000.0,2.0,3+1,Bahçe katı,1,Balıkesir/Erdek/Şahinburgaz,TRY,Площадь < 15 м²,оставить,235000.0
356672,Müstakil Ev,235000.0,2.0,3+1,Bahçe katı,1,Balıkesir/Erdek/Şahinburgaz,TRY,Площадь < 15 м²,оставить,235000.0
363259,Daire,235000.0,80.0,2+1,4,2,Aydın/Kuşadası/İkiçeşmelik,TRY,Этаж выше этажности,оставить,235000.0
381120,Daire,235000.0,2.0,3+1,,,Aksaray/Merkez/Şifahane,TRY,Площадь < 15 м²,оставить,235000.0
388782,Daire,235000.0,,+,,,Balıkesir/Burhaniye/Geriş,TRY,Комнаты не разобраны,оставить,235000.0
371957,Daire,234000.0,105.0,2+1,4,3,Balıkesir/Edremit/Akçay,TRY,Этаж выше этажности,оставить,234000.0
373698,Daire,234000.0,105.0,2+1,4,3,Balıkesir/Edremit/Akçay,TRY,Этаж выше этажности,оставить,234000.0
374130,Daire,234000.0,105.0,2+1,4,3,Balıkesir/Edremit/Akçay,TRY,Этаж выше этажности,оставить,234000.0
204230,Daire,233000.0,120.0,3+1,3,2,İstanbul/Beylikdüzü/Cumhuriyet,TRY,Этаж выше этажности,оставить,233000.0
7794,Daire,230000.0,3.0,3+1,10,10,Ankara/Sincan/Menderes,TRY,Площадь < 15 м²,оставить,230000.0
13192,Daire,230000.0,200.0,3+1,7,3,Konya/Selçuklu/Şeker,TRY,Этаж выше этажности,оставить,230000.0
16466,Daire,230000.0,1.0,5+2,4,4,Ankara/Mamak/Yeşilbayır,TRY,Площадь < 15 м²,оставить,230000.0
31776,Daire,230000.0,,2+1,9,3,İzmir/Selçuk/14 Mayıs,TRY,Этаж выше этажности,оставить,230000.0
114207,Komple Bina,230000.0,450.0,+,,5,Samsun/İlkadım/Fatih,TRY,Комнаты не разобраны,оставить,230000.0
115565,Komple Bina,230000.0,2800.0,+,,7,İstanbul/Beylikdüzü/Yakuplu,TRY,Комнаты не разобраны,оставить,230000.0
206085,Daire,230000.0,240.0,5+1,3,2,Sakarya/Hendek/Yeni,TRY,Этаж выше этажности,оставить,230000.0
219512,Daire,230000.0,100.0,2+1,4,2,Denizli/Pamukkale/Bağbaşı,TRY,Этаж выше этажности,оставить,230000.0
223578,Daire,230000.0,95.0,2+1,4,2,Tekirdağ/Süleymanpaşa/100. Yıl,TRY,Этаж выше этажности,оставить,230000.0
227294,Daire,230000.0,95.0,2+1,4,2,Tekirdağ/Süleymanpaşa/100. Yıl,TRY,Этаж выше этажности,оставить,230000.0
232788,Daire,230000.0,90.0,2+1,4,3,İzmir/Bayraklı/Fuat Edip Baksı,TRY,Этаж выше этажности,оставить,230000.0
253839,Daire,230000.0,,3+1,6,1,Samsun/Atakum/Yenimahalle,TRY,Этаж выше этажности,оставить,230000.0
253954,Daire,230000.0,,2+1,6,4,Samsun/Atakum/Yenimahalle,TRY,Этаж выше этажности,оставить,230000.0
255282,Daire,230000.0,,3+1,6,1,Samsun/Atakum/Yenimahalle,TRY,Этаж выше этажности,оставить,230000.0
255987,Daire,230000.0,150.0,4+1,6,1,Ankara/Polatlı/Şentepe,TRY,Этаж выше этажности,оставить,230000.0
256002,Daire,230000.0,,2+1,6,4,Samsun/Atakum/Yenimahalle,TRY,Этаж выше этажности,оставить,230000.0
256772,Daire,230000.0,,2+1,6,4,Samsun/Atakum/Yenimahalle,TRY,Этаж выше этажности,оставить,230000.0
259752,Daire,230000.0,,2+1,7,1,Bursa/Nilüfer/Fethiye,TRY,Этаж выше этажности,оставить,230000.0
333469,Daire,230000.0,105.0,2+1,4,3,Balıkesir/Edremit/Akçay,TRY,Этаж выше этажности,оставить,230000.0
335297,Daire,230000.0,105.0,2+1,4,3,Balıkesir/Edremit/Akçay,TRY,Этаж выше этажности,оставить,230000.0
339232,Daire,230000.0,105.0,2+1,4,3,Balıkesir/Edremit/Akçay,TRY,Этаж выше этажности,оставить,230000.0
349072,Müstakil Ev,230000.0,3.0,3+1,Müstakil,1,Çanakkale/Ezine/Üvecik Köyü,TRY,Площадь < 15 м²,оставить,230000.0
349393,Komple Bina,230000.0,240.0,+,,2,Samsun/Canik/Hasköy,TRY,Комнаты не разобраны,оставить,230000.0
350474,Müstakil Ev,230000.0,3.0,3+1,Müstakil,1,Çanakkale/Ezine/Üvecik Köyü,TRY,Площадь < 15 м²,оставить,230000.0
352151,Müstakil Ev,230000.0,3.0,3+1,Müstakil,1,Çanakkale/Ezine/Üvecik Köyü,TRY,Площадь < 15 м²,оставить,230000.0
352981,Müstakil Ev,230000.0,3.0,3+1,Müstakil,1,Çanakkale/Ezine/Üvecik Köyü,TRY,Площадь < 15 м²,оставить,230000.0
355186,Müstakil Ev,230000.0,3.0,3+1,Müstakil,1,Çanakkale/Ezine/Üvecik Köyü,TRY,Площадь < 15 м²,оставить,230000.0
356674,Müstakil Ev,230000.0,3.0,3+1,Müstakil,1,Çanakkale/Ezine/Üvecik Köyü,TRY,Площадь < 15 м²,оставить,230000.0
376164,Daire,230000.0,1.0,3+1,,10-20 arası,Trabzon/Ortahisar/Çukurçayır,TRY,Площадь < 15 м²,оставить,230000.0
380648,Daire,230000.0,130.0,+,,,Karaman/Merkez/Kırbağı,TRY,Комнаты не разобраны,оставить,230000.0
390432,Komple Bina,230000.0,,+,,,Samsun/İlkadım/Fatih,TRY,Комнаты не разобраны,оставить,230000.0
73460,Daire,229000.0,1.0,2+1,Yüksek Giriş,2,Aydın/Didim/Efeler,TRY,Площадь < 15 м²,оставить,229000.0
77233,Daire,229000.0,1.0,2+1,Yüksek Giriş,2,Aydın/Didim/Efeler,TRY,Площадь < 15 м²,оставить,229000.0
83595,Daire,229000.0,1.0,2+1,Yüksek Giriş,2,Aydın/Didim/Efeler,TRY,Площадь < 15 м²,оставить,229000.0
202952,Daire,229000.0,200.0,6+2,3,2,Bursa/Osmangazi/Demirtaş Barbaros,TRY,Этаж выше этажности,оставить,229000.0
250229,Daire,229000.0,130.0,3+1,5,3,Kayseri/Melikgazi/Mimarsinanşirintepe,TRY,Этаж выше этажности,оставить,229000.0
346898,Daire,229000.0,170.0,4+1,8,1,Niğde/Merkez/Aşağı Kayabaşı,TRY,Этаж выше этажности,оставить,229000.0
56044,Daire,228000.0,,3+1,12,3,Adana/Çukurova/Huzurevleri,TRY,Этаж выше этажности,оставить,228000.0
251653,Daire,228000.0,96.0,2+1,5,3,Bursa/Osmangazi/Çekirge,TRY,Этаж выше этажности,оставить,228000.0
242200,Daire,227500.0,,3+1,5,4,Bolu/Merkez/Sağlık,TRY,Этаж выше этажности,оставить,227500.0
54701,Daire,227000.0,115.0,3+1,12,3,Adana/Seyhan/Yeşilyurt,TRY,Этаж выше этажности,оставить,227000.0
236398,Daire,227000.0,,2+1,4,2,İstanbul/Sancaktepe/Yenidoğan,TRY,Этаж выше этажности,оставить,227000.0
74405,Daire,225000.0,150.0,3+1,7,6,Adana/Çukurova/Toros,TRY,Этаж выше этажности,оставить,225000.0
75395,Daire,225000.0,1.0,2+1,Yüksek Giriş,2,Aydın/Didim/Efeler,TRY,Площадь < 15 м²,оставить,225000.0
87021,Daire,225000.0,,2+1,3,2,Aydın/Didim/Çamlık,TRY,Этаж выше этажности,оставить,225000.0
107653,Daire,225000.0,,2+1,9,3,Adana/Seyhan/Reşatbey,TRY,Этаж выше этажности,оставить,225000.0
126599,Müstakil Ev,225000.0,110000.0,4+2,Müstakil,2,Kocaeli/Kartepe/Ertuğrul Gazi,TRY,"Площадь > 3 000 м², Площадь > 100 000 м²",оставить,225000.0
126734,Müstakil Ev,225000.0,110000.0,4+2,Müstakil,2,Kocaeli/Kartepe/Ertuğrul Gazi,TRY,"Площадь > 3 000 м², Площадь > 100 000 м²",оставить,225000.0
126739,Müstakil Ev,225000.0,110000.0,4+2,Müstakil,2,Kocaeli/Kartepe/Ertuğrul Gazi,TRY,"Площадь > 3 000 м², Площадь > 100 000 м²",оставить,225000.0
126901,Müstakil Ev,225000.0,110000.0,4+2,Müstakil,2,Kocaeli/Kartepe/Ertuğrul Gazi,TRY,"Площадь > 3 000 м², Площадь > 100 000 м²",оставить,225000.0
126907,Müstakil Ev,225000.0,110000.0,4+2,Müstakil,2,Kocaeli/Kartepe/Ertuğrul Gazi,TRY,"Площадь > 3 000 м², Площадь > 100 000 м²",оставить,225000.0
129004,Müstakil Ev,225000.0,110000.0,4+2,Müstakil,2,Kocaeli/Kartepe/Ertuğrul Gazi,TRY,"Площадь > 3 000 м², Площадь > 100 000 м²",оставить,225000.0
152833,Daire,225000.0,10.0,2+1,Yüksek Giriş,5,İstanbul/Güngören/Güneştepe,TRY,Площадь < 15 м²,оставить,225000.0
303929,Daire,225000.0,,3+1,9,7,Kahramanmaraş/Onikişubat/Yamaçtepe,TRY,Этаж выше этажности,оставить,225000.0
338219,Daire,225000.0,2.0,2+1,1,4,Balıkesir/Edremit/Akçay,TRY,Площадь < 15 м²,оставить,225000.0
343677,Daire,225000.0,2.0,2+1,1,4,Balıkesir/Edremit/Akçay,TRY,Площадь < 15 м²,оставить,225000.0
380359,Daire,225000.0,120.0,4+1,2,1,Antalya/Kepez/Kütükçü,TRY,Этаж выше этажности,оставить,225000.0
382173,Daire,225000.0,120.0,2+1,7,6,Mersin/Mezitli/Merkez,TRY,Этаж выше этажности,оставить,225000.0
250080,Daire,224000.0,100.0,2+1,5,1,Tekirdağ/Çorlu/Hürriyet,TRY,Этаж выше этажности,оставить,224000.0
250875,Daire,224000.0,100.0,2+1,5,1,Tekirdağ/Çorlu/Hürriyet,TRY,Этаж выше этажности,оставить,224000.0
337942,Daire,222000.0,140.0,3+1,14,9,Kayseri/Melikgazi/Sakarya,TRY,Этаж выше этажности,оставить,222000.0
11607,Daire,220000.0,13.0,3+1,4,9,Niğde/Merkez/Esenbey,TRY,Площадь < 15 м²,оставить,220000.0
15204,Daire,220000.0,13.0,3+1,4,9,Niğde/Merkez/Esenbey,TRY,Площадь < 15 м²,оставить,220000.0
52503,Daire,220000.0,,3+1,4,1,Mersin/Mezitli/Akdeniz,TRY,Этаж выше этажности,оставить,220000.0
71268,Daire,220000.0,90.0,2+1,4,2,Antalya/Konyaaltı/Hurma,TRY,Этаж выше этажности,оставить,220000.0
93286,Daire,220000.0,115.0,3+1,12,6,Samsun/İlkadım/Kışla,TRY,Этаж выше этажности,оставить,220000.0
104827,Komple Bina,220000.0,173.0,+,,2,Sakarya/Adapazarı/Yahyalar,TRY,Комнаты не разобраны,оставить,220000.0
111943,Komple Bina,220000.0,173.0,+,,2,Sakarya/Adapazarı/Yahyalar,TRY,Комнаты не разобраны,оставить,220000.0
115257,Komple Bina,220000.0,173.0,+,,2,Sakarya/Adapazarı/Yahyalar,TRY,Комнаты не разобраны,оставить,220000.0
141456,Daire,220000.0,1.0,2+1,Yüksek Giriş,4,Burdur/Merkez/Emek,TRY,Площадь < 15 м²,оставить,220000.0
236693,Daire,220000.0,165.0,3+1,4,3,Eskişehir/Tepebaşı/Zafer,TRY,Этаж выше этажности,оставить,220000.0
249051,Daire,220000.0,120.0,2+1,5,2,Gaziantep/Şahinbey/Bülbülzade,TRY,Этаж выше этажности,оставить,220000.0
250006,Daire,220000.0,80.0,2+1,5,1,Manisa/Şehzadeler/Arda,TRY,Этаж выше этажности,оставить,220000.0
255951,Daire,220000.0,1.0,3+1,6,6,Konya/Karatay/Ulubatlıhasan,TRY,Площадь < 15 м²,оставить,220000.0
256062,Daire,220000.0,1.0,3+1,6,6,Konya/Karatay/Ulubatlıhasan,TRY,Площадь < 15 м²,оставить,220000.0
259729,Daire,220000.0,135.0,3+1,7,5,Yozgat/Merkez/Yeni Cami,TRY,Этаж выше этажности,оставить,220000.0
282659,Daire,220000.0,11.0,2+1,2,5,İstanbul/Esenyurt/Güzelyurt,TRY,Площадь < 15 м²,оставить,220000.0
344223,Daire,220000.0,130.0,3+1,3,1,Kayseri/Melikgazi/Mimarsinanşirintepe,TRY,Этаж выше этажности,оставить,220000.0
16861,Daire,219222.0,865799.0,7+2,4,6,Ankara/Elmadağ/Yenimahalle,TRY,"Площадь > 3 000 м², Площадь > 100 000 м²",оставить,219222.0
16969,Daire,219222.0,865799.0,7+2,4,6,Ankara/Elmadağ/Yenimahalle,TRY,"Площадь > 3 000 м², Площадь > 100 000 м²",оставить,219222.0
73864,Daire,215000.0,,2+1,4,3,Aydın/Didim/Altınkum,TRY,Этаж выше этажности,оставить,215000.0
198648,Daire,215000.0,100.0,2+1,3,1,İstanbul/Esenyurt/Pınar,TRY,Этаж выше этажности,оставить,215000.0
212221,Daire,215000.0,65.0,2+1,3,1,İstanbul/Kartal/Hürriyet,TRY,Этаж выше этажности,оставить,215000.0
249480,Daire,215000.0,,3+1,5,3,Mersin/Mezitli/Davultepe,TRY,Этаж выше этажности,оставить,215000.0
250492,Daire,215000.0,1.0,2+1,5,9,İstanbul/Beylikdüzü/Adnan Kahveci,TRY,Площадь < 15 м²,оставить,215000.0
276729,Daire,215000.0,1.0,2+1,2,4,İstanbul/Sancaktepe/İnönü,TRY,Площадь < 15 м²,оставить,215000.0
323179,Daire,215000.0,175000.0,3+1,3,10-20 arası,Kayseri/Melikgazi/Gesi Fatih,TRY,"Площадь > 3 000 м², Площадь > 100 000 м²",оставить,215000.0
340324,Daire,215000.0,140135.0,3+1,2,4,Balıkesir/Edremit/Akçay,TRY,"Площадь > 3 000 м², Площадь > 100 000 м²",оставить,215000.0
348613,Komple Bina,215000.0,,+,,3,Erzurum/Palandöken/Yunusemre,TRY,Комнаты не разобраны,оставить,215000.0
349063,Komple Bina,215000.0,110.0,+,,3,Balıkesir/Bandırma/100. Yıl,TRY,Комнаты не разобраны,оставить,215000.0
350057,Komple Bina,215000.0,,+,,1,Antalya/Konyaaltı/Geyikbayırı,TRY,Комнаты не разобраны,оставить,215000.0
390033,Daire,215000.0,1.0,3+1,,,Aksaray/Merkez/Meydan,TRY,Площадь < 15 м²,оставить,215000.0
279103,Daire,214000.0,1.0,2+1,2,4,İstanbul/Sancaktepe/Yunus Emre,TRY,Площадь < 15 м²,оставить,214000.0
391326,Daire,212333.0,12.0,1+1,,,Ankara/Elmadağ/Hasanoğlan Havuzbaşı,TRY,Площадь < 15 м²,оставить,212333.0
391358,Daire,212333.0,12.0,1+1,,,Ankara/Elmadağ/Hasanoğlan Havuzbaşı,TRY,Площадь < 15 м²,оставить,212333.0
391438,Daire,212333.0,12.0,1+1,,,Ankara/Elmadağ/Hasanoğlan Havuzbaşı,TRY,Площадь < 15 м²,оставить,212333.0
14110,Daire,210000.0,90.0,2+1,6,3,Çanakkale/Merkez/İsmetpaşa,TRY,Этаж выше этажности,оставить,210000.0
46012,Daire,210000.0,90.0,2+1,3,2,Aydın/Kuşadası/İkiçeşmelik,TRY,Этаж выше этажности,оставить,210000.0
52210,Müstakil Ev,210000.0,80.0,2+1,3,1,Manisa/Yunusemre/Üçpınar,TRY,Этаж выше этажности,оставить,210000.0
61169,Daire,210000.0,90.0,2+1,2,1,Muğla/Dalaman/Söğütlüyurt,TRY,Этаж выше этажности,оставить,210000.0
142598,Daire,210000.0,1.0,2+1,Yüksek Giriş,4,İstanbul/Sancaktepe/Kemal Türkler,TRY,Площадь < 15 м²,оставить,210000.0
149753,Daire,210000.0,1.0,2+1,Yüksek Giriş,4,İstanbul/Sancaktepe/Kemal Türkler,TRY,Площадь < 15 м²,оставить,210000.0
152119,Daire,210000.0,1.0,2+1,Yüksek Giriş,4,İstanbul/Sancaktepe/Kemal Türkler,TRY,Площадь < 15 м²,оставить,210000.0
227383,Daire,210000.0,,3+1,4,1,Bursa/Nilüfer/Çalı,TRY,Этаж выше этажности,оставить,210000.0
244119,Daire,210000.0,125.0,3+1,5,4,Ankara/Keçiören/Etlik,TRY,Этаж выше этажности,оставить,210000.0
249689,Daire,210000.0,54.0,1+1,5,3,Bursa/Osmangazi/Altıparmak,TRY,Этаж выше этажности,оставить,210000.0
251293,Daire,210000.0,125.0,3+1,5,4,Ankara/Keçiören/Etlik,TRY,Этаж выше этажности,оставить,210000.0
251332,Daire,210000.0,125.0,3+1,5,4,Ankara/Keçiören/Etlik,TRY,Этаж выше этажности,оставить,210000.0
254469,Daire,210000.0,125.0,3+1,6,4,Ankara/Keçiören/Etlik,TRY,Этаж выше этажности,оставить,210000.0
255946,Daire,210000.0,125.0,3+1,6,4,Ankara/Keçiören/Etlik,TRY,Этаж выше этажности,оставить,210000.0
257317,Daire,210000.0,125.0,3+1,6,4,Ankara/Keçiören/Etlik,TRY,Этаж выше этажности,оставить,210000.0
349451,Komple Bina,210000.0,150.0,+,,3,Gaziantep/Şahinbey/İstiklal,TRY,Комнаты не разобраны,оставить,210000.0
349765,Komple Bina,210000.0,,+,,3,Afyonkarahisar/Şuhut/İplik,TRY,Комнаты не разобраны,оставить,210000.0
381144,Daire,210000.0,,+,,,İstanbul/Esenyurt/İncirtepe,TRY,Комнаты не разобраны,оставить,210000.0
392256,Daire,210000.0,,+,,,İzmir/Torbalı/Ertuğrul,TRY,Комнаты не разобраны,оставить,210000.0
393723,Daire,210000.0,,+,,,Sivas/Merkez/Küçükminare,TRY,Комнаты не разобраны,оставить,210000.0
14762,Daire,209000.0,100.0,2+1,6,1,Adana/Çukurova/Toros,TRY,Этаж выше этажности,оставить,209000.0
16697,Daire,209000.0,100.0,2+1,6,1,Adana/Çukurova/Toros,TRY,Этаж выше этажности,оставить,209000.0
18230,Daire,208000.0,135.0,3+1,3,2,Balıkesir/Edremit/Akçay,TRY,Этаж выше этажности,оставить,208000.0
224257,Daire,208000.0,105.0,2+1,4,1,Mersin/Yenişehir/Palmiye,TRY,Этаж выше этажности,оставить,208000.0
238061,Daire,208000.0,105.0,2+1,4,1,Mersin/Yenişehir/Palmiye,TRY,Этаж выше этажности,оставить,208000.0
239939,Daire,208000.0,105.0,2+1,4,1,Mersin/Yenişehir/Palmiye,TRY,Этаж выше этажности,оставить,208000.0
179402,Daire,207000.0,1.0,3+1,1,3,Kocaeli/Körfez/Yavuz Sultan Selim,TRY,Площадь < 15 м²,оставить,207000.0
237790,Daire,206000.0,105.0,2+1,4,1,Bursa/Nilüfer/Görükle,TRY,Этаж выше этажности,оставить,206000.0
7002,Daire,205000.0,5.0,3+1,10,10-20 arası,Niğde/Merkez/İnönü,TRY,Площадь < 15 м²,оставить,205000.0
96285,Daire,205000.0,145.0,2+1,11,2,Adana/Seyhan/Gürselpaşa,TRY,Этаж выше этажности,оставить,205000.0
113019,Daire,205000.0,150.0,3+1,10,5,Erzurum/Yakutiye/Şükrüpaşa,TRY,Этаж выше этажности,оставить,205000.0
194216,Daire,205000.0,1.0,2+1,3,4,İstanbul/Sancaktepe/Mevlana,TRY,Площадь < 15 м²,оставить,205000.0
194740,Daire,205000.0,1.0,2+1,3,4,Burdur/Merkez/Bağlar,TRY,Площадь < 15 м²,оставить,205000.0
195894,Daire,205000.0,1.0,2+1,3,4,Burdur/Merkez/Bağlar,TRY,Площадь < 15 м²,оставить,205000.0
198950,Daire,205000.0,1.0,2+1,3,4,İstanbul/Sancaktepe/Mevlana,TRY,Площадь < 15 м²,оставить,205000.0
214031,Daire,205000.0,1.0,2+1,3,4,İstanbul/Sancaktepe/Mevlana,TRY,Площадь < 15 м²,оставить,205000.0
226761,Daire,205000.0,10.0,2+1,4,4,Konya/Selçuklu/Beyhekim,TRY,Площадь < 15 м²,оставить,205000.0
236713,Daire,205000.0,10.0,2+1,4,4,Konya/Selçuklu/Beyhekim,TRY,Площадь < 15 м²,оставить,205000.0
372064,Daire,205000.0,,2+1,2,1,Antalya/Muratpaşa/Güzeloba,TRY,Этаж выше этажности,оставить,205000.0
384246,Daire,205000.0,,+,,,Bursa/Nilüfer/Görükle,TRY,Комнаты не разобраны,оставить,205000.0
379088,Daire,203000.0,,+,,,Kayseri/Kocasinan/Turgut Reis,TRY,Комнаты не разобраны,оставить,203000.0
234695,Daire,202000.0,,3+1,4,2,Konya/Karatay/Hacı Hasan,TRY,Этаж выше этажности,оставить,202000.0
237917,Daire,202000.0,,3+1,4,2,Konya/Karatay/Hacı Hasan,TRY,Этаж выше этажности,оставить,202000.0
11589,Daire,200000.0,95.0,2+1,2,1,Uşak/Merkez/Cumhuriyet,TRY,Этаж выше этажности,оставить,200000.0
38583,Villa,200000.0,1.0,3+1,Müstakil,3,Balıkesir/Edremit/Akçay,TRY,Площадь < 15 м²,оставить,200000.0
41892,Villa,200000.0,1.0,3+1,Müstakil,3,Balıkesir/Edremit/Akçay,TRY,Площадь < 15 м²,оставить,200000.0
61275,Daire,200000.0,74.0,2+1,2,1,Aydın/Didim/Altınkum,TRY,Этаж выше этажности,оставить,200000.0
92743,Daire,200000.0,138.0,3+1,10,2,Mersin/Mezitli/Menderes,TRY,Этаж выше этажности,оставить,200000.0
93315,Daire,200000.0,138.0,3+1,10,2,Mersin/Mezitli/Menderes,TRY,Этаж выше этажности,оставить,200000.0
120027,Daire,200000.0,7000.0,3+1,Kot 2,3,Sakarya/Akyazı/Ömercikler,TRY,Площадь > 3 000 м²,оставить,200000.0
120199,Daire,200000.0,7000.0,3+1,Kot 2,3,Sakarya/Akyazı/Ömercikler,TRY,Площадь > 3 000 м²,оставить,200000.0
120218,Daire,200000.0,7000.0,3+1,Kot 2,3,Sakarya/Akyazı/Ömercikler,TRY,Площадь > 3 000 м²,оставить,200000.0
120502,Daire,200000.0,7000.0,3+1,Kot 2,3,Sakarya/Akyazı/Ömercikler,TRY,Площадь > 3 000 м²,оставить,200000.0
121887,Daire,200000.0,7000.0,3+1,Kot 2,3,Sakarya/Akyazı/Ömercikler,TRY,Площадь > 3 000 м²,оставить,200000.0
122580,Daire,200000.0,7000.0,3+1,Kot 2,3,Sakarya/Akyazı/Ömercikler,TRY,Площадь > 3 000 м²,оставить,200000.0
248743,Daire,200000.0,,2+1,5,1,İstanbul/Bahçelievler/Soğanlı,TRY,Этаж выше этажности,оставить,200000.0
256194,Daire,200000.0,,3+1,6,2,Bursa/Gürsu/Zafer,TRY,Этаж выше этажности,оставить,200000.0
272653,Daire,200000.0,1.0,2+1,2,4,Aydın/Efeler/Meşrutiyet,TRY,Площадь < 15 м²,оставить,200000.0
289958,Daire,200000.0,95.0,+,2,6,İstanbul/Esenyurt/Yeşilkent,TRY,Комнаты не разобраны,оставить,200000.0
313302,Daire,200000.0,1.0,3+1,4,10,Kayseri/Melikgazi/Mimarsinandemokrasi,TRY,Площадь < 15 м²,оставить,200000.0
321121,Daire,200000.0,1.0,3+1,6,10-20 arası,Kayseri/Melikgazi/Mimarsinandemokrasi,TRY,Площадь < 15 м²,оставить,200000.0
322846,Daire,200000.0,1.0,3+1,6,10-20 arası,Kayseri/Melikgazi/Mimarsinandemokrasi,TRY,Площадь < 15 м²,оставить,200000.0
326478,Komple Bina,200000.0,135.0,+,,8,Kayseri/Melikgazi/Gesi Fatih,TRY,Комнаты не разобраны,оставить,200000.0
328172,Komple Bina,200000.0,135.0,+,,8,Kayseri/Melikgazi/Gesi Fatih,TRY,Комнаты не разобраны,оставить,200000.0
328786,Komple Bina,200000.0,135.0,+,,8,Kayseri/Melikgazi/Gesi Fatih,TRY,Комнаты не разобраны,оставить,200000.0
328842,Komple Bina,200000.0,135.0,+,,8,Kayseri/Melikgazi/Gesi Fatih,TRY,Комнаты не разобраны,оставить,200000.0
348889,Komple Bina,200000.0,150.0,+,,2,Çanakkale/Biga/Aksaz Köyü,TRY,Комнаты не разобраны,оставить,200000.0
349273,Komple Bina,200000.0,150.0,+,,2,Çanakkale/Biga/Aksaz Köyü,TRY,Комнаты не разобраны,оставить,200000.0
349387,Komple Bina,200000.0,,+,,2,Bursa/Gürsu/Zafer,TRY,Комнаты не разобраны,оставить,200000.0
376192,Daire,200000.0,,+,,5,Ankara/Mamak/Fahri Korutürk,TRY,Комнаты не разобраны,оставить,200000.0
393679,Komple Bina,200000.0,110.0,+,,3,Samsun/Terme/Fenk,TRY,Комнаты не разобраны,оставить,200000.0
397937,Villa,200000.0,,+,,,Ankara/Sincan/Alcı,TRY,Комнаты не разобраны,оставить,200000.0
871,Daire,199000.0,90.0,2+1,7,6,Adana/Seyhan/Gürselpaşa,TRY,Этаж выше этажности,оставить,199000.0
1962,Daire,199000.0,90.0,2+1,7,6,Adana/Seyhan/Gürselpaşa,TRY,Этаж выше этажности,оставить,199000.0
3603,Daire,199000.0,90.0,2+1,7,6,Adana/Seyhan/Gürselpaşa,TRY,Этаж выше этажности,оставить,199000.0
182035,Daire,199000.0,,2+1,2,1,İstanbul/Sancaktepe/Abdurrahmangazi,TRY,Этаж выше этажности,оставить,199000.0
349657,Komple Bina,199000.0,77.0,+,,2,Bursa/Osmangazi/Tuna,TRY,Комнаты не разобраны,оставить,199000.0
123793,Daire,198000.0,12.0,3+1,Kot 3,9,İstanbul/Beylikdüzü/Beylikdüzü OSB,TRY,Площадь < 15 м²,оставить,198000.0
152677,Daire,198000.0,10.0,2+1,Yüksek Giriş,5,İstanbul/Güngören/Güneştepe,TRY,Площадь < 15 м²,оставить,198000.0
237469,Daire,198000.0,95.0,2+1,4,3,İstanbul/Esenyurt/Fatih,TRY,Этаж выше этажности,оставить,198000.0
182064,Daire,196000.0,,3+1,2,1,Ankara/Mamak/General Zeki Doğan,TRY,Этаж выше этажности,оставить,196000.0
94934,Daire,195000.0,120.0,3+1,14,2,Adana/Sarıçam/Çarkıpare,TRY,Этаж выше этажности,оставить,195000.0
98377,Daire,195000.0,,3+1,11,8,Kahramanmaraş/Onikişubat/Üngüt,TRY,Этаж выше этажности,оставить,195000.0
98635,Komple Bina,195000.0,,+,,3,Yalova/Merkez/Bağlarbaşı,TRY,Комнаты не разобраны,оставить,195000.0
108437,Komple Bina,195000.0,95.0,+,,1,Çanakkale/Biga/Şirintepe,TRY,Комнаты не разобраны,оставить,195000.0
111221,Daire,195000.0,,3+1,9,2,Samsun/Canik/Kuzey Yıldızı,TRY,Этаж выше этажности,оставить,195000.0
111939,Komple Bina,195000.0,95.0,+,,1,Çanakkale/Biga/Şirintepe,TRY,Комнаты не разобраны,оставить,195000.0
182043,Daire,195000.0,115.0,3+1,2,1,Sakarya/Adapazarı/Yağcılar,TRY,Этаж выше этажности,оставить,195000.0
182076,Daire,195000.0,120.0,3+1,2,1,Kocaeli/Kartepe/Fatih Sultan Mehmet,TRY,Этаж выше этажности,оставить,195000.0
182105,Daire,195000.0,115.0,3+1,2,1,Sakarya/Adapazarı/Yağcılar,TRY,Этаж выше этажности,оставить,195000.0
196979,Daire,195000.0,,+,3,3,Ankara/Mamak/General Zeki Doğan,TRY,Комнаты не разобраны,оставить,195000.0
202551,Daire,195000.0,,3+1,3,2,Ankara/Mamak/Çağlayan,TRY,Этаж выше этажности,оставить,195000.0
240980,Daire,195000.0,125.0,3+1,5,2,Samsun/Canik/Hasköy,TRY,Этаж выше этажности,оставить,195000.0
242852,Daire,195000.0,125.0,3+1,5,2,Samsun/Canik/Hasköy,TRY,Этаж выше этажности,оставить,195000.0
243463,Daire,195000.0,80.0,2+1,5,4,Eskişehir/Tepebaşı/Tunalı,TRY,Этаж выше этажности,оставить,195000.0
244455,Daire,195000.0,125.0,3+1,5,2,Samsun/Canik/Hasköy,TRY,Этаж выше этажности,оставить,195000.0
244750,Daire,195000.0,125.0,3+1,5,2,Samsun/Canik/Hasköy,TRY,Этаж выше этажности,оставить,195000.0
247323,Daire,195000.0,55.0,1+1,5,3,İzmir/Çiğli/Egekent,TRY,Этаж выше этажности,оставить,195000.0
269203,Daire,195000.0,144999.0,3+1,2,3,Ankara/Keçiören/Kanuni,TRY,"Площадь > 3 000 м², Площадь > 100 000 м²",оставить,195000.0
299974,Daire,195000.0,149.0,3+1,2,1,Kayseri/Talas/Mevlana,TRY,Этаж выше этажности,оставить,195000.0
344062,Daire,195000.0,120.0,3+1,7,1,Kastamonu/Merkez/Mehmet Akif Ersoy,TRY,Этаж выше этажности,оставить,195000.0
346882,Daire,195000.0,12.0,3+1,6,7,Sivas/Merkez/Cami-İ Kebir,TRY,Площадь < 15 м²,оставить,195000.0
364140,Daire,195000.0,,3+1,4,2,Afyonkarahisar/Merkez/Cumhuriyet,TRY,Этаж выше этажности,оставить,195000.0
364264,Daire,195000.0,,3+1,4,2,Afyonkarahisar/Merkez/Cumhuriyet,TRY,Этаж выше этажности,оставить,195000.0
364750,Daire,195000.0,,3+1,4,2,Afyonkarahisar/Merkez/Cumhuriyet,TRY,Этаж выше этажности,оставить,195000.0
365724,Daire,195000.0,,3+1,4,2,Afyonkarahisar/Merkez/Cumhuriyet,TRY,Этаж выше этажности,оставить,195000.0
368467,Komple Bina,195000.0,,+,,2,Afyonkarahisar/İhsaniye/Gazlıgöl Bld. (Cumhuriyet),TRY,Комнаты не разобраны,оставить,195000.0
368505,Komple Bina,195000.0,,+,,2,Afyonkarahisar/İhsaniye/Gazlıgöl Bld. (Cumhuriyet),TRY,Комнаты не разобраны,оставить,195000.0
368561,Komple Bina,195000.0,,+,,2,Afyonkarahisar/İhsaniye/Gazlıgöl Bld. (Cumhuriyet),TRY,Комнаты не разобраны,оставить,195000.0
368565,Komple Bina,195000.0,,+,,2,Afyonkarahisar/İhsaniye/Gazlıgöl Bld. (Cumhuriyet),TRY,Комнаты не разобраны,оставить,195000.0
74897,Daire,194500.0,1.0,2+1,Yüksek Giriş,2,Aydın/Didim/Çamlık,TRY,Площадь < 15 м²,оставить,194500.0
76411,Daire,194500.0,1.0,2+1,Yüksek Giriş,2,Aydın/Didim/Çamlık,TRY,Площадь < 15 м²,оставить,194500.0
52939,Daire,194000.0,1.0,2+1,1,2,Aydın/Didim/Efeler,TRY,Площадь < 15 м²,оставить,194000.0
54085,Daire,194000.0,1.0,2+1,1,2,Aydın/Didim/Efeler,TRY,Площадь < 15 м²,оставить,194000.0
59618,Daire,194000.0,1.0,2+1,1,2,Aydın/Didim/Efeler,TRY,Площадь < 15 м²,оставить,194000.0
203707,Daire,191000.0,90.0,2+1,3,1,İstanbul/Esenyurt/İncirtepe,TRY,Этаж выше этажности,оставить,191000.0
204003,Daire,191000.0,90.0,2+1,3,1,İstanbul/Esenyurt/İncirtepe,TRY,Этаж выше этажности,оставить,191000.0
207041,Daire,191000.0,90.0,2+1,3,1,İstanbul/Esenyurt/İncirtepe,TRY,Этаж выше этажности,оставить,191000.0
29200,Daire,190000.0,165.0,3+1,10,4,Aydın/Kuşadası/İkiçeşmelik,TRY,Этаж выше этажности,оставить,190000.0
61283,Daire,190000.0,90.0,2+1,2,1,Aydın/Didim/Cumhuriyet,TRY,Этаж выше этажности,оставить,190000.0
80498,Daire,190000.0,75.0,2+1,3,2,Aydın/Didim/Efeler,TRY,Этаж выше этажности,оставить,190000.0
87745,Daire,190000.0,75.0,2+1,3,2,Aydın/Didim/Efeler,TRY,Этаж выше этажности,оставить,190000.0
216490,Daire,190000.0,,2+1,3,2,Ankara/Çankaya/Murat,TRY,Этаж выше этажности,оставить,190000.0
221365,Daire,190000.0,120.0,3+1,4,3,Düzce/Merkez/Koçyazı,TRY,Этаж выше этажности,оставить,190000.0
384260,Daire,190000.0,,+,,,Tekirdağ/Çerkezköy/Yıldırım Beyazıt,TRY,Комнаты не разобраны,оставить,190000.0
402210,Daire,190000.0,,+,,,İstanbul/Bakırköy/Yeşilköy,TRY,Комнаты не разобраны,оставить,190000.0
37832,Daire,189000.0,125.0,3+1,3,2,Antalya/Muratpaşa/Yeşildere,TRY,Этаж выше этажности,оставить,189000.0
71564,Daire,189000.0,125.0,3+1,3,2,Antalya/Muratpaşa/Yeşildere,TRY,Этаж выше этажности,оставить,189000.0
182090,Daire,189000.0,,3+1,2,1,Kocaeli/Darıca/Emek,TRY,Этаж выше этажности,оставить,189000.0
182100,Daire,189000.0,,3+1,2,1,Ankara/Pursaklar/Merkez,TRY,Этаж выше этажности,оставить,189000.0
233709,Daire,189000.0,85.0,2+1,4,3,İstanbul/Sancaktepe/Yunus Emre,TRY,Этаж выше этажности,оставить,189000.0
341085,Daire,188000.0,140.0,3+1,4,2,Eskişehir/Odunpazarı/Kırmızıtoprak,TRY,Этаж выше этажности,оставить,188000.0
354925,Daire,188000.0,150.0,2+2,4,3,Antalya/Manavgat/Sarılar,TRY,Этаж выше этажности,оставить,188000.0
355072,Daire,188000.0,150.0,2+2,4,3,Antalya/Manavgat/Sarılar,TRY,Этаж выше этажности,оставить,188000.0
93984,Daire,187500.0,115.0,3+1,13,3,Adana/Çukurova/Yüzüncüyıl,TRY,Этаж выше этажности,оставить,187500.0
64326,Daire,187000.0,1.0,2+1,2,3,Aydın/Didim/Hisar,TRY,Площадь < 15 м²,оставить,187000.0
67456,Daire,187000.0,1.0,2+1,2,3,Aydın/Didim/Hisar,TRY,Площадь < 15 м²,оставить,187000.0
399454,Daire,185203.6758,69573.0,1+1,,,Denizli/Bekilli/Deşdemir,USD,Площадь > 3 000 м²,оставить,34722.0
402826,Daire,185203.6758,69573.0,1+1,,,Denizli/Bekilli/Deşdemir,USD,Площадь > 3 000 м²,оставить,34722.0
5942,Daire,185000.0,323.0,+,Bahçe katı,3,Balıkesir/Bandırma/17 Eylül,TRY,Комнаты не разобраны,оставить,185000.0
16763,Daire,185000.0,193.0,4+2,3,2,İstanbul/Beylikdüzü/Yakuplu,TRY,Этаж выше этажности,оставить,185000.0
29660,Yazlık,185000.0,105.0,2+1,9,1,Mersin/Silifke/Atakent,TRY,Этаж выше этажности,оставить,185000.0
96673,Komple Bina,185000.0,95.0,+,,1,Çanakkale/Biga/Şirintepe,TRY,Комнаты не разобраны,оставить,185000.0
233266,Daire,185000.0,,2+1,4,3,Balıkesir/Bandırma/17 Eylül,TRY,Этаж выше этажности,оставить,185000.0
233362,Daire,185000.0,120.0,3+1,4,3,Bursa/Osmangazi/Elmasbahçeler,TRY,Этаж выше этажности,оставить,185000.0
233596,Daire,185000.0,120.0,3+1,4,3,Bursa/Osmangazi/Elmasbahçeler,TRY,Этаж выше этажности,оставить,185000.0
233782,Daire,185000.0,120.0,3+1,4,3,Bursa/Osmangazi/Elmasbahçeler,TRY,Этаж выше этажности,оставить,185000.0
233797,Daire,185000.0,120.0,3+1,4,3,Bursa/Osmangazi/Elmasbahçeler,TRY,Этаж выше этажности,оставить,185000.0
234855,Daire,185000.0,85.0,2+1,4,3,İstanbul/Esenyurt/Yenikent,TRY,Этаж выше этажности,оставить,185000.0
236780,Daire,185000.0,85.0,2+1,4,3,İstanbul/Esenyurt/Yenikent,TRY,Этаж выше этажности,оставить,185000.0
237152,Daire,185000.0,85.0,2+1,4,3,İstanbul/Esenyurt/Örnek,TRY,Этаж выше этажности,оставить,185000.0
243079,Daire,185000.0,,3+1,5,2,Manisa/Yunusemre/Muradiye,TRY,Этаж выше этажности,оставить,185000.0
249894,Daire,185000.0,100.0,3+1,5,1,Tekirdağ/Çorlu/Muhittin,TRY,Этаж выше этажности,оставить,185000.0
250290,Daire,185000.0,100.0,3+1,5,1,Tekirdağ/Çorlu/Muhittin,TRY,Этаж выше этажности,оставить,185000.0
251324,Daire,185000.0,100.0,3+1,5,1,Tekirdağ/Çorlu/Muhittin,TRY,Этаж выше этажности,оставить,185000.0
253315,Daire,185000.0,,2+1,6,5,İstanbul/Esenyurt/Pınar,TRY,Этаж выше этажности,оставить,185000.0
349419,Komple Bina,185000.0,,+,,4,Zonguldak/Ereğli/Gülüç Bld. (Bekyeri),TRY,Комнаты не разобраны,оставить,185000.0
358433,Komple Bina,185000.0,,+,,4,Zonguldak/Ereğli/Gülüç Bld. (Bekyeri),TRY,Комнаты не разобраны,оставить,185000.0
380684,Rezidans,185000.0,,+,,,Manisa/Yunusemre/Cumhuriyet,TRY,Комнаты не разобраны,оставить,185000.0
3262,Daire,182000.0,,2+1,2,1,Aydın/Didim/Efeler,TRY,Этаж выше этажности,оставить,182000.0
3269,Daire,182000.0,,2+1,2,1,Aydın/Didim/Efeler,TRY,Этаж выше этажности,оставить,182000.0
188166,Daire,182000.0,115.0,3+1,3,2,Kocaeli/İzmit/Körfez,TRY,Этаж выше этажности,оставить,182000.0
198865,Daire,182000.0,115.0,3+1,3,2,Kocaeli/İzmit/Körfez,TRY,Этаж выше этажности,оставить,182000.0
202482,Daire,182000.0,115.0,3+1,3,2,Kocaeli/İzmit/Körfez,TRY,Этаж выше этажности,оставить,182000.0
213726,Daire,182000.0,115.0,3+1,3,2,Kocaeli/İzmit/Körfez,TRY,Этаж выше этажности,оставить,182000.0
223363,Daire,182000.0,90.0,2+1,4,2,İstanbul/Sancaktepe/Mevlana,TRY,Этаж выше этажности,оставить,182000.0
9183,Daire,180000.0,12.0,5+1,Kot 3,4,Aydın/Nazilli/Zafer,TRY,Площадь < 15 м²,оставить,180000.0
106377,Prefabrik Ev,180000.0,,+,,2,Ankara/Çankaya/Kızılay,TRY,Комнаты не разобраны,оставить,180000.0
122345,Daire,180000.0,10.0,2+1,Kot 2,5,İstanbul/Avcılar/Üniversite,TRY,Площадь < 15 м²,оставить,180000.0
201495,Daire,180000.0,,3+1,3,2,Ankara/Mamak/General Zeki Doğan,TRY,Этаж выше этажности,оставить,180000.0
220211,Daire,180000.0,1.0,3+1,4,10-20 arası,Samsun/İlkadım/Kışla,TRY,Площадь < 15 м²,оставить,180000.0
220288,Daire,180000.0,1.0,3+1,4,10-20 arası,Samsun/İlkadım/Kışla,TRY,Площадь < 15 м²,оставить,180000.0
220436,Daire,180000.0,1.0,3+1,4,10-20 arası,Samsun/İlkadım/Kışla,TRY,Площадь < 15 м²,оставить,180000.0
222869,Daire,180000.0,85.0,2+1,4,2,İstanbul/Esenyurt/Yenikent,TRY,Этаж выше этажности,оставить,180000.0
238278,Daire,180000.0,85.0,2+1,4,3,İstanbul/Esenyurt/Yenikent,TRY,Этаж выше этажности,оставить,180000.0
241187,Daire,180000.0,,1+1,5,2,Yalova/Çınarcık/Teşvikiye Bld. (İstiklal),TRY,Этаж выше этажности,оставить,180000.0
244243,Daire,180000.0,,1+1,5,2,Yalova/Çınarcık/Teşvikiye Bld. (İstiklal),TRY,Этаж выше этажности,оставить,180000.0
251185,Daire,180000.0,130.0,3+1,5,1,Yalova/Çiftlikköy/Mehmet Akif Ersoy,TRY,Этаж выше этажности,оставить,180000.0
378046,Komple Bina,180000.0,130.0,+,,,Aydın/Söke/Bağarası,TRY,Комнаты не разобраны,оставить,180000.0
378258,Komple Bina,180000.0,130.0,+,,,Aydın/Söke/Bağarası,TRY,Комнаты не разобраны,оставить,180000.0
378524,Komple Bina,180000.0,130.0,+,,,Aydın/Söke/Bağarası,TRY,Комнаты не разобраны,оставить,180000.0
382026,Komple Bina,180000.0,130.0,+,,,Aydın/Söke/Bağarası,TRY,Комнаты не разобраны,оставить,180000.0
382644,Komple Bina,180000.0,130.0,+,,,Aydın/Söke/Bağarası,TRY,Комнаты не разобраны,оставить,180000.0
385430,Komple Bina,180000.0,130.0,+,,,Aydın/Söke/Bağarası,TRY,Комнаты не разобраны,оставить,180000.0
389980,Müstakil Ev,180000.0,,+,,,Kırklareli/Babaeski/Alpullu Bld. (Yeni),TRY,Комнаты не разобраны,оставить,180000.0
390104,Komple Bina,180000.0,130.0,+,,,Aydın/Söke/Bağarası,TRY,Комнаты не разобраны,оставить,180000.0
391111,Daire,180000.0,,+,,,Kocaeli/İzmit/Alikahya Atatürk,TRY,Комнаты не разобраны,оставить,180000.0
391398,Komple Bina,180000.0,130.0,+,,,Aydın/Söke/Bağarası,TRY,Комнаты не разобраны,оставить,180000.0
391655,Komple Bina,180000.0,130.0,+,,,Aydın/Söke/Bağarası,TRY,Комнаты не разобраны,оставить,180000.0
394395,Komple Bina,180000.0,130.0,+,,,Aydın/Söke/Bağarası,TRY,Комнаты не разобраны,оставить,180000.0
395316,Komple Bina,180000.0,130.0,+,,,Aydın/Söke/Bağarası,TRY,Комнаты не разобраны,оставить,180000.0
397087,Daire,180000.0,,+,,,Samsun/İlkadım/Adalet,TRY,Комнаты не разобраны,оставить,180000.0
397184,Komple Bina,180000.0,130.0,+,,,Aydın/Söke/Bağarası,TRY,Комнаты не разобраны,оставить,180000.0
397217,Komple Bina,180000.0,130.0,+,,,Aydın/Söke/Bağarası,TRY,Комнаты не разобраны,оставить,180000.0
398086,Komple Bina,180000.0,130.0,+,,,Aydın/Söke/Bağarası,TRY,Комнаты не разобраны,оставить,180000.0
400494,Komple Bina,180000.0,130.0,+,,,Aydın/Söke/Bağarası,TRY,Комнаты не разобраны,оставить,180000.0
400516,Komple Bina,180000.0,130.0,+,,,Aydın/Söke/Bağarası,TRY,Комнаты не разобраны,оставить,180000.0
401997,Komple Bina,180000.0,130.0,+,,,Aydın/Söke/Bağarası,TRY,Комнаты не разобраны,оставить,180000.0
260298,Daire,179000.0,,2+1,7,4,İstanbul/Beylikdüzü/Cumhuriyet,TRY,Этаж выше этажности,оставить,179000.0
260908,Daire,179000.0,60.0,1+1,8,7,Manisa/Yunusemre/Güzelyurt,TRY,Этаж выше этажности,оставить,179000.0
261820,Daire,179000.0,60.0,1+1,8,7,Manisa/Yunusemre/Güzelyurt,TRY,Этаж выше этажности,оставить,179000.0
61255,Daire,178000.0,85.0,2+1,2,1,Aydın/Didim/Efeler,TRY,Этаж выше этажности,оставить,178000.0
78721,Daire,178000.0,,2+1,3,1,Aydın/Didim/Efeler,TRY,Этаж выше этажности,оставить,178000.0
114541,Daire,178000.0,10.0,2+1,,5,İstanbul/Bağcılar/Çınar,TRY,Площадь < 15 м²,оставить,178000.0
199520,Daire,178000.0,115.0,3+1,3,2,Kocaeli/Kartepe/Ertuğrul Gazi,TRY,Этаж выше этажности,оставить,178000.0
291228,Daire,178000.0,10.0,2+1,2,6,İstanbul/Bağcılar/Merkez,TRY,Площадь < 15 м²,оставить,178000.0
380319,Daire,178000.0,80.0,2+1,2,1,Eskişehir/Tepebaşı/Batıkent,TRY,Этаж выше этажности,оставить,178000.0
233837,Daire,177000.0,115.0,3+1,4,3,Eskişehir/Tepebaşı/Ömerağa,TRY,Этаж выше этажности,оставить,177000.0
3905,Daire,176267.86,63.0,10+0,17,7,Ankara/Elmadağ/Hasanoğlan Havuzbaşı,USD,Этаж выше этажности,оставить,33511.0
61191,Daire,175000.0,,1+1,2,1,Aydın/Didim/Akbük,TRY,Этаж выше этажности,оставить,175000.0
61204,Daire,175000.0,,1+1,2,1,Aydın/Didim/Akbük,TRY,Этаж выше этажности,оставить,175000.0
61247,Daire,175000.0,,1+1,2,1,Aydın/Didim/Akbük,TRY,Этаж выше этажности,оставить,175000.0
61288,Daire,175000.0,,1+1,2,1,Aydın/Didim/Akbük,TRY,Этаж выше этажности,оставить,175000.0
82362,Daire,175000.0,90.0,2+1,3,1,Antalya/Kepez/Emek,TRY,Этаж выше этажности,оставить,175000.0
107795,Komple Bina,175000.0,,+,,3,Trabzon/Ortahisar/Fatih,TRY,Комнаты не разобраны,оставить,175000.0
194778,Daire,175000.0,,2+1,3,1,İstanbul/Beylikdüzü/Cumhuriyet,TRY,Этаж выше этажности,оставить,175000.0
251222,Daire,175000.0,80.0,3+1,5,3,Erzurum/Yakutiye/Ömer Nasuhi Bilmen,TRY,Этаж выше этажности,оставить,175000.0
299311,Daire,175000.0,,3+1,10,4,Kayseri/Kocasinan/Erkilet Osman Gazi,TRY,Этаж выше этажности,оставить,175000.0
302251,Daire,175000.0,46.0,1+1,11,4,İstanbul/Esenyurt/Yeşilkent,TRY,Этаж выше этажности,оставить,175000.0
303807,Daire,175000.0,,3+1,10,4,Kayseri/Kocasinan/Erkilet Osman Gazi,TRY,Этаж выше этажности,оставить,175000.0
371099,Müstakil Ev,175000.0,1.0,4+1,,2,Sakarya/Karasu/Taşlıgeçit,TRY,Площадь < 15 м²,оставить,175000.0
380350,Komple Bina,175000.0,,+,,,Aydın/Yenipazar/Yeni,TRY,Комнаты не разобраны,оставить,175000.0
383206,Daire,175000.0,,+,,,İzmir/Karşıyaka/Tuna,TRY,Комнаты не разобраны,оставить,175000.0
403232,Çiftlik Evi,175000.0,,+,,,Kayseri/İncesu/Sultansazı OSB,TRY,Комнаты не разобраны,оставить,175000.0
338529,Daire,174000.0,75.0,1+1,3,2,Balıkesir/Edremit/Akçay,TRY,Этаж выше этажности,оставить,174000.0
231800,Daire,173000.0,,2+1,4,2,Bolu/Merkez/Sağlık,TRY,Этаж выше этажности,оставить,173000.0
380367,Daire,173000.0,110.0,2+1,2,1,Adana/Sarıçam/Gültepe,TRY,Этаж выше этажности,оставить,173000.0
256592,Daire,172000.0,,3+1,6,3,İzmir/Torbalı/Muratbey,TRY,Этаж выше этажности,оставить,172000.0
229672,Daire,171000.0,112.0,2+1,4,2,Konya/Karatay/Hasandedemescit,TRY,Этаж выше этажности,оставить,171000.0
6633,Daire,170000.0,110.0,3+1,3,2,Ankara/Altındağ/Beşikkaya,TRY,Этаж выше этажности,оставить,170000.0
8055,Daire,170000.0,145.0,2+1,4,3,Mersin/Erdemli/Alata,TRY,Этаж выше этажности,оставить,170000.0
8103,Daire,170000.0,145.0,2+1,4,3,Mersin/Erdemli/Alata,TRY,Этаж выше этажности,оставить,170000.0
94960,Daire,170000.0,90.0,2+1,14,7,Mersin/Mezitli/Akdeniz,TRY,Этаж выше этажности,оставить,170000.0
95310,Daire,170000.0,90.0,2+1,14,7,Mersin/Mezitli/Akdeniz,TRY,Этаж выше этажности,оставить,170000.0
110999,Daire,170000.0,,+,,4,Sakarya/Hendek/Yeni,TRY,Комнаты не разобраны,оставить,170000.0
117039,Daire,170000.0,1.0,2+1,Kot 1,,Kocaeli/Başiskele/Barbaros,TRY,Площадь < 15 м²,оставить,170000.0
188631,Daire,170000.0,100.0,2+1,3,1,İstanbul/Beylikdüzü/Beylikdüzü OSB,TRY,Этаж выше этажности,оставить,170000.0
193468,Daire,170000.0,125.0,3+1,3,1,Ankara/Keçiören/Yayla,TRY,Этаж выше этажности,оставить,170000.0
204209,Daire,170000.0,60.0,1+1,3,1,İstanbul/Beylikdüzü/Yakuplu,TRY,Этаж выше этажности,оставить,170000.0
224420,Daire,170000.0,100.0,2+1,4,2,Tekirdağ/Malkara/Yeni,TRY,Этаж выше этажности,оставить,170000.0
349315,Komple Bina,170000.0,200.0,+,,3,Samsun/Canik/Gaziosmanpaşa,TRY,Комнаты не разобраны,оставить,170000.0
381997,Müstakil Ev,170000.0,1.0,2+1,Müstakil,1,Aydın/Efeler/Pınardere,TRY,Площадь < 15 м²,оставить,170000.0
394911,Daire,170000.0,,+,,,Manisa/Şehzadeler/Tunca,TRY,Комнаты не разобраны,оставить,170000.0
94493,Daire,169000.0,70.0,2+1,11,7,Adana/Çukurova/Yüzüncüyıl,TRY,Этаж выше этажности,оставить,169000.0
95013,Daire,169000.0,70.0,2+1,11,7,Adana/Çukurova/Yüzüncüyıl,TRY,Этаж выше этажности,оставить,169000.0
95186,Daire,169000.0,125.0,2+1,14,10,Trabzon/Ortahisar/Yenicuma,TRY,Этаж выше этажности,оставить,169000.0
192056,Daire,169000.0,125.0,3+1,3,1,Ankara/Keçiören/Etlik,TRY,Этаж выше этажности,оставить,169000.0
199327,Daire,169000.0,,3+1,3,2,Ankara/Keçiören/Kalaba,TRY,Этаж выше этажности,оставить,169000.0
218215,Daire,169000.0,,3+1,3,2,Ankara/Keçiören/Kalaba,TRY,Этаж выше этажности,оставить,169000.0
220191,Daire,169000.0,,5+1,4,3,Ankara/Etimesgut/Bağlıca,TRY,Этаж выше этажности,оставить,169000.0
95824,Daire,168000.0,120.0,3+1,15,7,Adana/Sarıçam/Gültepe,TRY,Этаж выше этажности,оставить,168000.0
94594,Daire,165500.0,100.0,2+1,13,10,Adana/Seyhan/2000 Evler,TRY,Этаж выше этажности,оставить,165500.0
3072,Daire,165000.0,,3+1,4,2,Balıkesir/Edremit/Akçay,TRY,Этаж выше этажности,оставить,165000.0
104030,Daire,165000.0,13.0,3+1,Bahçe katı,3,Konya/Selçuklu/Sakarya,TRY,Площадь < 15 м²,оставить,165000.0
210544,Daire,165000.0,90.0,2+1,3,2,Adana/Seyhan/İsmetpaşa,TRY,Этаж выше этажности,оставить,165000.0
214605,Daire,165000.0,115.0,3+1,3,2,Ankara/Keçiören/Ayvalı,TRY,Этаж выше этажности,оставить,165000.0
236226,Daire,165000.0,110.0,2+1,4,2,Manisa/Turgutlu/Selvilitepe,TRY,Этаж выше этажности,оставить,165000.0
348651,Komple Bina,165000.0,,+,,3,Samsun/İlkadım/Selahiye,TRY,Комнаты не разобраны,оставить,165000.0
349635,Komple Bina,165000.0,,+,,3,Samsun/İlkadım/Selahiye,TRY,Комнаты не разобраны,оставить,165000.0
349845,Komple Bina,165000.0,,+,,1,Kütahya/Merkez/Evliya Çelebi,TRY,Комнаты не разобраны,оставить,165000.0
363823,Çiftlik Evi,165000.0,9415.0,1+1,,1,İstanbul/Bahçelievler/Fevzi Çakmak,TRY,Площадь > 3 000 м²,оставить,165000.0
373106,Daire,165000.0,,2+1,3,1,Antalya/Kepez/Fevzi Çakmak,TRY,Этаж выше этажности,оставить,165000.0
373960,Daire,165000.0,,2+1,3,1,Antalya/Kepez/Fevzi Çakmak,TRY,Этаж выше этажности,оставить,165000.0
378284,Daire,165000.0,,+,,,İstanbul/Esenyurt/Ardıçlı,TRY,Комнаты не разобраны,оставить,165000.0
378942,Villa,165000.0,,+,,,Aydın/Didim/Ak-Yeniköy,TRY,Комнаты не разобраны,оставить,165000.0
392682,Daire,165000.0,,+,,,İstanbul/Esenyurt/İncirtepe,TRY,Комнаты не разобраны,оставить,165000.0
30852,Daire,164000.0,125.0,3+1,9,6,Antalya/Kepez/Varsak Karşıyaka,TRY,Этаж выше этажности,оставить,164000.0
348585,Komple Bina,163000.0,,+,,2,Bursa/Osmangazi/Bahar,TRY,Комнаты не разобраны,оставить,163000.0
349183,Komple Bina,163000.0,,+,,2,Bursa/Osmangazi/Bahar,TRY,Комнаты не разобраны,оставить,163000.0
250549,Daire,162000.0,85.0,2+1,5,3,Adana/Sarıçam/Gültepe,TRY,Этаж выше этажности,оставить,162000.0
301172,Daire,162000.0,,1+0,14,4,İstanbul/Küçükçekmece/Atakent,TRY,Этаж выше этажности,оставить,162000.0
182084,Daire,160000.0,,1+1,2,1,Balıkesir/Altıeylül/Gümüsçesme,TRY,Этаж выше этажности,оставить,160000.0
188950,Daire,160000.0,80.0,3+1,3,2,İstanbul/Esenyurt/Balıkyolu,TRY,Этаж выше этажности,оставить,160000.0
230369,Daire,160000.0,5.0,3+1,4,4,Bilecik/Bozüyük/Yeşilkent,TRY,Площадь < 15 м²,оставить,160000.0
251242,Daire,160000.0,115.0,3+1,5,4,İstanbul/Sancaktepe/Safa,TRY,Этаж выше этажности,оставить,160000.0
328866,Daire,160000.0,110.0,3+1,9,7,Kayseri/Melikgazi/İldem Cumhuriyet,TRY,Этаж выше этажности,оставить,160000.0
349665,Komple Bina,160000.0,53.0,+,,3,Erzurum/Palandöken/Abdurrahman Gazi,TRY,Комнаты не разобраны,оставить,160000.0
381524,Daire,160000.0,85.0,+,,,Mersin/Silifke/Atakent,TRY,Комнаты не разобраны,оставить,160000.0
389550,Daire,160000.0,,+,,,İstanbul/Esenyurt/Süleymaniye,TRY,Комнаты не разобраны,оставить,160000.0
397026,Komple Bina,160000.0,165.0,+,,,Eskişehir/Tepebaşı/Yeşiltepe,TRY,Комнаты не разобраны,оставить,160000.0
3828,Daire,159000.0,,1+1,3,2,İzmir/Çiğli/Balatçık,TRY,Этаж выше этажности,оставить,159000.0
235677,Daire,159000.0,,3+1,4,3,Ankara/Keçiören/Atapark,TRY,Этаж выше этажности,оставить,159000.0
236852,Daire,159000.0,,3+1,4,3,Ankara/Keçiören/Atapark,TRY,Этаж выше этажности,оставить,159000.0
237789,Daire,159000.0,,3+1,4,3,Ankara/Keçiören/Atapark,TRY,Этаж выше этажности,оставить,159000.0
258825,Daire,159000.0,130.0,3+1,7,3,Ankara/Keçiören/Etlik,TRY,Этаж выше этажности,оставить,159000.0
370955,Daire,159000.0,90.0,2+1,10,2,Aydın/Kuşadası/Değirmendere,TRY,Этаж выше этажности,оставить,159000.0
187311,Daire,158000.0,80.0,2+1,3,2,Afyonkarahisar/Merkez/Nazmi Saatçi,TRY,Этаж выше этажности,оставить,158000.0
191727,Daire,158000.0,90.0,2+1,3,2,Düzce/Merkez/Fatih,TRY,Этаж выше этажности,оставить,158000.0
191916,Daire,158000.0,80.0,2+1,3,2,Afyonkarahisar/Merkez/Nazmi Saatçi,TRY,Этаж выше этажности,оставить,158000.0
198678,Daire,158000.0,80.0,2+1,3,2,Afyonkarahisar/Merkez/Nazmi Saatçi,TRY,Этаж выше этажности,оставить,158000.0
212646,Daire,158000.0,80.0,2+1,3,2,Afyonkarahisar/Merkez/Nazmi Saatçi,TRY,Этаж выше этажности,оставить,158000.0
306646,Daire,158000.0,58.0,1+1,12,2,İstanbul/Esenyurt/Cumhuriyet,TRY,Этаж выше этажности,оставить,158000.0
141741,Daire,157500.0,1.0,2+1,Yüksek Giriş,4,İstanbul/Sancaktepe/İnönü,TRY,Площадь < 15 м²,оставить,157500.0
141944,Daire,157500.0,1.0,2+1,Yüksek Giriş,4,İstanbul/Sancaktepe/İnönü,TRY,Площадь < 15 м²,оставить,157500.0
34369,Daire,157000.0,90.0,2+1,12,4,Adana/Sarıçam/Çarkıpare,TRY,Этаж выше этажности,оставить,157000.0
262146,Daire,157000.0,92.0,2+1,8,2,Kahramanmaraş/Onikişubat/Yunus Emre,TRY,Этаж выше этажности,оставить,157000.0
182037,Daire,156000.0,120.0,3+1,2,1,Kayseri/Melikgazi/Hürriyet,TRY,Этаж выше этажности,оставить,156000.0
353,Daire,155000.0,,2+1,4,1,Tekirdağ/Çorlu/Kemalettin,TRY,Этаж выше этажности,оставить,155000.0
55541,Daire,155000.0,,2+1,3,2,Muğla/Dalaman/Bezkese,TRY,Этаж выше этажности,оставить,155000.0
354512,Daire,155000.0,90.0,2+1,2,1,Aydın/Didim/Ak-Yeniköy,TRY,Этаж выше этажности,оставить,155000.0
354597,Müstakil Ev,155000.0,1.0,2+1,Bahçe katı,1,Tekirdağ/Hayrabolu/Avluobası,TRY,Площадь < 15 м²,оставить,155000.0
383120,Çiftlik Evi,155000.0,,+,,,Kayseri/İncesu/Sultansazı OSB,TRY,Комнаты не разобраны,оставить,155000.0
351686,Daire,154500.0,,2+1,4,3,Konya/Selçuklu/Mehmet Akif,TRY,Этаж выше этажности,оставить,154500.0
255168,Daire,154000.0,115.0,3+1,6,5,İstanbul/Küçükçekmece/İnönü,TRY,Этаж выше этажности,оставить,154000.0
201853,Daire,153000.0,114.0,2+1,3,1,Aydın/Nazilli/Aydoğdu,TRY,Этаж выше этажности,оставить,153000.0
202327,Daire,153000.0,114.0,2+1,3,1,Aydın/Nazilli/Aydoğdu,TRY,Этаж выше этажности,оставить,153000.0
2647,Daire,152000.0,,2+1,4,2,Antalya/Kepez/Habibler,TRY,Этаж выше этажности,оставить,152000.0
77316,Daire,152000.0,120.0,3+1,7,6,Mersin/Akdeniz/Bahçe,TRY,Этаж выше этажности,оставить,152000.0
78158,Daire,152000.0,75.0,2+1,3,2,Aydın/Didim/Cumhuriyet,TRY,Этаж выше этажности,оставить,152000.0
211841,Daire,152000.0,110.0,2+1,3,1,İstanbul/Esenyurt/Bağlarçeşme,TRY,Этаж выше этажности,оставить,152000.0
364273,Komple Bina,150044.0,23.0,+,,,Kahramanmaraş/Pazarcık/Ahmet Bozdağ,TRY,Комнаты не разобраны,оставить,150044.0
752,Komple Bina,150000.0,140.0,+,,4,Aydın/Didim/Çamlık,TRY,Комнаты не разобраны,оставить,150000.0
1272,Komple Bina,150000.0,50.0,+,,4,Aydın/Didim/Yeni,TRY,Комнаты не разобраны,оставить,150000.0
142519,Daire,150000.0,1.0,3+1,Yüksek Giriş,4,İstanbul/Sancaktepe/Atatürk,TRY,Площадь < 15 м²,оставить,150000.0
142593,Daire,150000.0,1.0,3+1,Yüksek Giriş,4,İstanbul/Sancaktepe/Abdurrahmangazi,TRY,Площадь < 15 м²,оставить,150000.0
143090,Daire,150000.0,1.0,3+1,Yüksek Giriş,4,İstanbul/Sancaktepe/Abdurrahmangazi,TRY,Площадь < 15 м²,оставить,150000.0
143360,Daire,150000.0,1.0,3+1,Yüksek Giriş,4,İstanbul/Sancaktepe/Atatürk,TRY,Площадь < 15 м²,оставить,150000.0
151897,Daire,150000.0,1.0,3+1,Yüksek Giriş,4,İstanbul/Sancaktepe/Atatürk,TRY,Площадь < 15 м²,оставить,150000.0
153414,Daire,150000.0,1.0,3+1,Yüksek Giriş,4,İstanbul/Sancaktepe/Abdurrahmangazi,TRY,Площадь < 15 м²,оставить,150000.0
153416,Daire,150000.0,1.0,3+1,Yüksek Giriş,4,İstanbul/Sancaktepe/Atatürk,TRY,Площадь < 15 м²,оставить,150000.0
243417,Daire,150000.0,,2+1,5,2,Samsun/Canik/Belediye Evleri,TRY,Этаж выше этажности,оставить,150000.0
245094,Daire,150000.0,,2+1,5,2,Samsun/Canik/Belediye Evleri,TRY,Этаж выше этажности,оставить,150000.0
247595,Daire,150000.0,,2+1,5,2,Samsun/Canik/Belediye Evleri,TRY,Этаж выше этажности,оставить,150000.0
294846,Daire,150000.0,82.0,1+1,15,8,İstanbul/Beylikdüzü/Cumhuriyet,TRY,Этаж выше этажности,оставить,150000.0
341696,Daire,150000.0,45.0,1+1,4,1,Aydın/Efeler/Zafer,TRY,Этаж выше этажности,оставить,150000.0
347211,Daire,150000.0,1.0,1+1,6,10-20 arası,Aydın/Nazilli/İsabeyli,TRY,Площадь < 15 м²,оставить,150000.0
348843,Komple Bina,150000.0,,+,,2,Çanakkale/Ayvacık/Paşaköy Köyü,TRY,Комнаты не разобраны,оставить,150000.0
349359,Komple Bina,150000.0,144.0,+,,3,Samsun/Canik/Karşıyaka,TRY,Комнаты не разобраны,оставить,150000.0
378374,Daire,150000.0,,+,,,İstanbul/Bahçelievler/Hürriyet,TRY,Комнаты не разобраны,оставить,150000.0
386851,Kooperatif,150000.0,45.0,1+1,5,4,Aydın/Kuşadası/Hacıfeyzullah,TRY,Этаж выше этажности,оставить,150000.0
392286,Daire,150000.0,,+,,,Ankara/Mamak/Şirintepe,TRY,Комнаты не разобраны,оставить,150000.0
8067,Daire,149999.0,85.0,2+1,3,1,Eskişehir/Odunpazarı/Gökmeydan,TRY,Этаж выше этажности,оставить,149999.0
146284,Daire,149000.0,1.0,1+1,Yüksek Giriş,6,İstanbul/Çekmeköy/Aydınlar,TRY,Площадь < 15 м²,оставить,149000.0
147480,Daire,149000.0,1.0,1+1,Yüksek Giriş,6,İstanbul/Çekmeköy/Aydınlar,TRY,Площадь < 15 м²,оставить,149000.0
354897,Daire,149000.0,115.0,2+1,4,3,İzmir/Bergama/Fatih,TRY,Этаж выше этажности,оставить,149000.0
202288,Daire,147000.0,85.0,2+1,3,2,Tekirdağ/Çorlu/Nusratiye,TRY,Этаж выше этажности,оставить,147000.0
215617,Daire,147000.0,85.0,2+1,3,2,Tekirdağ/Çorlu/Nusratiye,TRY,Этаж выше этажности,оставить,147000.0
75639,Daire,145000.0,,+,Kot 4,4,Antalya/Kepez/Varsak Karşıyaka,TRY,Комнаты не разобраны,оставить,145000.0
109551,Rezidans,145000.0,72.0,1+1,9,6,İstanbul/Esenyurt/İncirtepe,TRY,Этаж выше этажности,оставить,145000.0
111681,Komple Bina,145000.0,,+,,4,Kırklareli/Babaeski/Gazikemal,TRY,Комнаты не разобраны,оставить,145000.0
142963,Daire,145000.0,1.0,3+1,Yüksek Giriş,4,İstanbul/Sancaktepe/Kemal Türkler,TRY,Площадь < 15 м²,оставить,145000.0
143333,Daire,145000.0,1.0,3+1,Yüksek Giriş,4,İstanbul/Sancaktepe/Kemal Türkler,TRY,Площадь < 15 м²,оставить,145000.0
208056,Daire,145000.0,90.0,2+1,3,1,İstanbul/Esenyurt/Pınar,TRY,Этаж выше этажности,оставить,145000.0
212197,Daire,145000.0,,2+1,3,2,Sakarya/Karasu/Aziziye,TRY,Этаж выше этажности,оставить,145000.0
232374,Daire,145000.0,55.0,1+1,4,2,Balıkesir/Bandırma/Hacı Yusuf,TRY,Этаж выше этажности,оставить,145000.0
232906,Daire,145000.0,55.0,1+1,4,2,Balıkesir/Bandırma/Hacı Yusuf,TRY,Этаж выше этажности,оставить,145000.0
264823,Daire,145000.0,1.0,1+1,2,3,İstanbul/Sancaktepe/Yunus Emre,TRY,Площадь < 15 м²,оставить,145000.0
265279,Daire,145000.0,1.0,1+1,2,3,İstanbul/Sancaktepe/Yunus Emre,TRY,Площадь < 15 м²,оставить,145000.0
266096,Daire,145000.0,1.0,1+1,2,3,İstanbul/Sancaktepe/Yunus Emre,TRY,Площадь < 15 м²,оставить,145000.0
319105,Daire,145000.0,11.0,2+1,4,8,Kocaeli/Körfez/Yavuz Sultan Selim,TRY,Площадь < 15 м²,оставить,145000.0
348933,Komple Bina,145000.0,123.0,+,,2,Afyonkarahisar/Merkez/Yarenler,TRY,Комнаты не разобраны,оставить,145000.0
351397,Daire,145000.0,115.0,4+1,3,1,Tekirdağ/Muratlı/Muradiye,TRY,Этаж выше этажности,оставить,145000.0
353209,Daire,145000.0,115.0,4+1,3,1,Tekirdağ/Muratlı/Muradiye,TRY,Этаж выше этажности,оставить,145000.0
381362,Müstakil Ev,145000.0,,+,,,Muğla/Seydikemer/Kadıköy,TRY,Комнаты не разобраны,оставить,145000.0
325966,Daire,142000.0,150.0,3+1,11,4,Kayseri/Melikgazi/Cumhuriyet,TRY,Этаж выше этажности,оставить,142000.0
326098,Daire,142000.0,150.0,3+1,11,4,Kayseri/Melikgazi/Cumhuriyet,TRY,Этаж выше этажности,оставить,142000.0
328370,Daire,142000.0,150.0,3+1,11,4,Kayseri/Melikgazi/Cumhuriyet,TRY,Этаж выше этажности,оставить,142000.0
328952,Daire,142000.0,150.0,3+1,11,4,Kayseri/Melikgazi/Cumhuriyet,TRY,Этаж выше этажности,оставить,142000.0
240207,Daire,140000.0,,2+1,4,3,Balıkesir/Bandırma/Paşabayır,TRY,Этаж выше этажности,оставить,140000.0
352209,Müstakil Ev,140000.0,3150.0,1+1,Müstakil,1,Malatya/Battalgazi/Hacı Abdi,TRY,Площадь > 3 000 м²,оставить,140000.0
1450,Komple Bina,139000.0,99.0,+,,2,Bursa/Yıldırım/Davutkadı,TRY,Комнаты не разобраны,оставить,139000.0
84806,Daire,139000.0,45.0,1+1,3,2,İzmir/Buca/Adatepe,TRY,Этаж выше этажности,оставить,139000.0
140083,Daire,139000.0,1.0,2+1,Yüksek Giriş,4,İstanbul/Sancaktepe/Mevlana,TRY,Площадь < 15 м²,оставить,139000.0
152214,Daire,139000.0,1.0,2+1,Yüksek Giriş,4,İstanbul/Sancaktepe/Mevlana,TRY,Площадь < 15 м²,оставить,139000.0
152858,Daire,139000.0,1.0,2+1,Yüksek Giriş,4,İstanbul/Sancaktepe/Mevlana,TRY,Площадь < 15 м²,оставить,139000.0
244698,Daire,139000.0,,3+1,5,4,Ankara/Keçiören/Kafkas,TRY,Этаж выше этажности,оставить,139000.0
96409,Komple Bina,137500.0,,+,,2,Tekirdağ/Çerkezköy/Veliköy,TRY,Комнаты не разобраны,оставить,137500.0
8600,Daire,135000.0,50.0,1+1,5,1,Denizli/Pamukkale/Bağbaşı,TRY,Этаж выше этажности,оставить,135000.0
95041,Komple Bina,135000.0,,+,,2,Tekirdağ/Saray/Büyükyoncalı,TRY,Комнаты не разобраны,оставить,135000.0
108393,Daire,135000.0,82.0,1+1,9,3,İstanbul/Esenyurt/Yeşilkent,TRY,Этаж выше этажности,оставить,135000.0
108811,Daire,135000.0,82.0,1+1,9,6,İstanbul/Esenyurt/Mehterçeşme,TRY,Этаж выше этажности,оставить,135000.0
109781,Daire,135000.0,82.0,1+1,9,6,İstanbul/Esenyurt/Cumhuriyet,TRY,Этаж выше этажности,оставить,135000.0
109881,Komple Bina,135000.0,,+,,2,Tekirdağ/Saray/Büyükyoncalı,TRY,Комнаты не разобраны,оставить,135000.0
112679,Daire,135000.0,8.0,1+1,9,3,İstanbul/Esenyurt/İnönü,TRY,"Площадь < 15 м², Этаж выше этажности",оставить,135000.0
222681,Daire,135000.0,,1+1,4,2,Eskişehir/Tepebaşı/Eskibağlar,TRY,Этаж выше этажности,оставить,135000.0
252019,Daire,135000.0,85.0,2+1,5,3,İstanbul/Esenyurt/Mehterçeşme,TRY,Этаж выше этажности,оставить,135000.0
371437,Daire,135000.0,1.0,3+1,8,10-20 arası,Tekirdağ/Çerkezköy/Kızılpınar,TRY,Площадь < 15 м²,оставить,135000.0
251264,Daire,134000.0,65.0,2+1,5,4,Aydın/Söke/Yenikent,TRY,Этаж выше этажности,оставить,134000.0
182095,Daire,132000.0,45.0,1+1,2,1,Edirne/Merkez/Medrese Ali Bey,TRY,Этаж выше этажности,оставить,132000.0
383658,Daire,132000.0,,+,,,Çanakkale/Ezine/Camikebir,TRY,Комнаты не разобраны,оставить,132000.0
100412,Daire,130000.0,1.0,1+1,Bahçe katı,5,Burdur/Merkez/Bahçelievler,TRY,Площадь < 15 м²,оставить,130000.0
100578,Daire,130000.0,1.0,1+1,Bahçe katı,5,Burdur/Merkez/Bahçelievler,TRY,Площадь < 15 м²,оставить,130000.0
106661,Daire,130000.0,,+,,,İstanbul/Esenyurt/İnönü,TRY,Комнаты не разобраны,оставить,130000.0
108989,Komple Bina,130000.0,,+,,2,Kocaeli/Körfez/Kuzey,TRY,Комнаты не разобраны,оставить,130000.0
110242,Daire,130000.0,8.0,2+1,Bahçe katı,4,İstanbul/Beylikdüzü/Cumhuriyet,TRY,Площадь < 15 м²,оставить,130000.0
112151,Komple Bina,130000.0,130.0,+,,2,Kocaeli/Körfez/Kuzey,TRY,Комнаты не разобраны,оставить,130000.0
230285,Daire,130000.0,105.0,3+1,4,2,Ankara/Sincan/Pınarbaşı,TRY,Этаж выше этажности,оставить,130000.0
308976,Daire,130000.0,60.0,2+1,4,2,Edirne/Merkez/Barutluk,TRY,Этаж выше этажности,оставить,130000.0
348581,Komple Bina,130000.0,,+,,3,Amasya/Merkez/Üçler,TRY,Комнаты не разобраны,оставить,130000.0
349679,Komple Bina,130000.0,110.0,+,,2,Konya/Akşehir/Meydan,TRY,Комнаты не разобраны,оставить,130000.0
349793,Komple Bina,130000.0,,+,,2,Aydın/Efeler/Osman Yozgatlı,TRY,Комнаты не разобраны,оставить,130000.0
349903,Komple Bina,130000.0,,+,,3,Amasya/Merkez/Üçler,TRY,Комнаты не разобраны,оставить,130000.0
349915,Komple Bina,130000.0,110.0,+,,2,Konya/Akşehir/Meydan,TRY,Комнаты не разобраны,оставить,130000.0
350155,Komple Bina,130000.0,,+,,2,Aydın/Efeler/Osman Yozgatlı,TRY,Комнаты не разобраны,оставить,130000.0
380796,Komple Bina,130000.0,160.0,+,,2,Ordu/Fatsa/Sakarya,TRY,Комнаты не разобраны,оставить,130000.0
380956,Komple Bina,130000.0,160.0,+,,2,Ordu/Fatsa/Sakarya,TRY,Комнаты не разобраны,оставить,130000.0
381484,Komple Bina,130000.0,160.0,+,,2,Ordu/Fatsa/Sakarya,TRY,Комнаты не разобраны,оставить,130000.0
392221,Komple Bina,130000.0,160.0,+,,2,Ordu/Fatsa/Sakarya,TRY,Комнаты не разобраны,оставить,130000.0
393955,Komple Bina,130000.0,160.0,+,,2,Ordu/Fatsa/Sakarya,TRY,Комнаты не разобраны,оставить,130000.0
394963,Komple Bina,130000.0,,+,,,Muğla/Kavaklıdere/Menteşe,TRY,Комнаты не разобраны,оставить,130000.0
61257,Daire,129000.0,60.0,1+1,2,1,Aydın/Didim/Efeler,TRY,Этаж выше этажности,оставить,129000.0
41452,Daire,128000.0,70.0,2+1,3,2,Antalya/Kepez/Teomanpaşa,TRY,Этаж выше этажности,оставить,128000.0
153651,Daire,128000.0,1.0,2+1,Çatı Katı,3,Kocaeli/Başiskele/Körfez,TRY,Площадь < 15 м²,оставить,128000.0
154258,Daire,128000.0,1.0,2+1,Çatı Katı,3,Kocaeli/Başiskele/Körfez,TRY,Площадь < 15 м²,оставить,128000.0
387148,Daire,128000.0,,+,,,İstanbul/Beylikdüzü/Cumhuriyet,TRY,Комнаты не разобраны,оставить,128000.0
347414,Daire,126500.0,,3+1,15,1,Kayseri/Melikgazi/Mimarsinanşirintepe,TRY,Этаж выше этажности,оставить,126500.0
349786,Daire,126500.0,100.0,2+1,5,1,Trabzon/Of/Sulaklı,TRY,Этаж выше этажности,оставить,126500.0
7045,Daire,125000.0,1.0,2+1,Giriş Katı,3,Konya/Selçuklu/Ferhuniye,TRY,Площадь < 15 м²,оставить,125000.0
7823,Daire,125000.0,1.0,2+1,Giriş Katı,3,Konya/Selçuklu/Ferhuniye,TRY,Площадь < 15 м²,оставить,125000.0
14556,Daire,125000.0,1.0,2+1,Giriş Katı,3,Konya/Selçuklu/Ferhuniye,TRY,Площадь < 15 м²,оставить,125000.0
52590,Daire,125000.0,50.0,1+1,4,3,Aydın/Kuşadası/Davutlar,TRY,Этаж выше этажности,оставить,125000.0
136919,Daire,125000.0,10.0,3+1,Giriş Katı,2,Ankara/Keçiören/İncirli,TRY,Площадь < 15 м²,оставить,125000.0
182072,Daire,125000.0,90.0,1+1,2,1,İstanbul/Esenyurt/Gökevler,TRY,Этаж выше этажности,оставить,125000.0
254507,Daire,125000.0,100.0,2+1,6,2,İstanbul/Esenyurt/Örnek,TRY,Этаж выше этажности,оставить,125000.0
255551,Daire,125000.0,100.0,2+1,6,2,İstanbul/Esenyurt/Örnek,TRY,Этаж выше этажности,оставить,125000.0
255702,Daire,125000.0,100.0,2+1,6,2,İstanbul/Esenyurt/Örnek,TRY,Этаж выше этажности,оставить,125000.0
309805,Daire,125000.0,109.0,4+1,5,4,Ankara/Altındağ/Baraj,TRY,Этаж выше этажности,оставить,125000.0
320630,Daire,125000.0,109.0,4+1,5,4,Ankara/Altındağ/Baraj,TRY,Этаж выше этажности,оставить,125000.0
324037,Daire,125000.0,109.0,4+1,5,4,Ankara/Altındağ/Baraj,TRY,Этаж выше этажности,оставить,125000.0
355078,Daire,125000.0,11.0,3+1,5,6,Malatya/Battalgazi/Hacı Abdi,TRY,Площадь < 15 м²,оставить,125000.0
380346,Komple Bina,125000.0,,+,,,Erzurum/Palandöken/Abdurrahman Gazi,TRY,Комнаты не разобраны,оставить,125000.0
388421,Daire,125000.0,3.0,3+1,4,4,Antalya/Kepez/Varsak Karşıyaka,TRY,Площадь < 15 м²,оставить,125000.0
219704,Daire,123000.0,,1+1,4,2,Konya/Selçuklu/Kosova,TRY,Этаж выше этажности,оставить,123000.0
220482,Daire,123000.0,,1+1,4,2,Konya/Selçuklu/Kosova,TRY,Этаж выше этажности,оставить,123000.0
221031,Daire,123000.0,,1+1,4,2,Konya/Selçuklu/Kosova,TRY,Этаж выше этажности,оставить,123000.0
238285,Daire,123000.0,,1+1,4,2,Konya/Selçuklu/Kosova,TRY,Этаж выше этажности,оставить,123000.0
238401,Daire,123000.0,,1+1,4,2,Konya/Selçuklu/Kosova,TRY,Этаж выше этажности,оставить,123000.0
391216,Daire,123000.0,,+,,,İzmir/Karşıyaka/Nergiz,TRY,Комнаты не разобраны,оставить,123000.0
369660,Rezidans,122222.0,71981.0,6+2,16,6,Ankara/Elmadağ/Hasanoğlan Fatih,TRY,"Площадь > 3 000 м², Этаж выше этажности",оставить,122222.0
28194,Komple Bina,120000.0,,+,,4,Mersin/Yenişehir/Afetevler,TRY,Комнаты не разобраны,оставить,120000.0
151454,Daire,120000.0,1.0,3+1,Yüksek Giriş,4,Kocaeli/Körfez/İlimtepe,TRY,Площадь < 15 м²,оставить,120000.0
203047,Daire,120000.0,55.0,1+1,3,2,Eskişehir/Tepebaşı/Ertuğrulgazi,TRY,Этаж выше этажности,оставить,120000.0
262016,Daire,120000.0,,2+1,8,5,Samsun/Atakum/Büyükoyumca,TRY,Этаж выше этажности,оставить,120000.0
335404,Daire,120000.0,,2+1,5,3,Afyonkarahisar/Merkez/Erenler,TRY,Этаж выше этажности,оставить,120000.0
232281,Daire,119000.0,,3+1,4,3,Ankara/Sincan/Plevne,TRY,Этаж выше этажности,оставить,119000.0
221708,Daire,117000.0,,1+1,4,3,Denizli/Pamukkale/Topraklık,TRY,Этаж выше этажности,оставить,117000.0
108655,Daire,115000.0,52.0,1+1,9,5,Aydın/Nazilli/Cumhuriyet,TRY,Этаж выше этажности,оставить,115000.0
245042,Daire,115000.0,55.0,1+1,5,2,Balıkesir/Bandırma/Paşabayır,TRY,Этаж выше этажности,оставить,115000.0
299985,Daire,115000.0,84.0,2+1,10,5,Ankara/Etimesgut/Yapracık,TRY,Этаж выше этажности,оставить,115000.0
338682,Daire,115000.0,52.0,1+1,4,3,Bartın/Merkez/Kemer Köprü,TRY,Этаж выше этажности,оставить,115000.0
381763,Yazlık,115000.0,55.0,1+1,3,2,Sakarya/Karasu/Aziziye,TRY,Этаж выше этажности,оставить,115000.0
135520,Daire,113000.0,8.0,2+1,Giriş Katı,4,Tekirdağ/Kapaklı/Cumhuriyet,TRY,Площадь < 15 м²,оставить,113000.0
253896,Daire,112000.0,,2+1,6,4,İstanbul/Beylikdüzü/Cumhuriyet,TRY,Этаж выше этажности,оставить,112000.0
384154,Villa,111111.0,,+,,,Muğla/Bodrum/Gündoğan,TRY,Комнаты не разобраны,оставить,111111.0
694,Komple Bina,110000.0,150.0,+,,2,Kocaeli/Kartepe/Suadiye,TRY,Комнаты не разобраны,оставить,110000.0
1694,Komple Bina,110000.0,150.0,+,,2,Kocaeli/Kartepe/Suadiye,TRY,Комнаты не разобраны,оставить,110000.0
10991,Daire,110000.0,,1+1,7,5,Rize/Merkez/Tophane,TRY,Этаж выше этажности,оставить,110000.0
110891,Komple Bina,110000.0,,+,,2,Bursa/Gemlik/Dr. Ziya Kaya,TRY,Комнаты не разобраны,оставить,110000.0
239588,Daire,110000.0,99.0,2+1,4,1,Sakarya/Serdivan/Kemalpaşa,TRY,Этаж выше этажности,оставить,110000.0
61217,Daire,109000.0,50.0,1+1,2,1,Aydın/Kuşadası/Davutlar,TRY,Этаж выше этажности,оставить,109000.0
255954,Rezidans,108000.0,60.0,2+1,6,5,Gaziantep/Şehitkamil/Güvenevler,TRY,Этаж выше этажности,оставить,108000.0
392226,Daire,107500.0,,+,,,İstanbul/Arnavutköy/Çilingir,TRY,Комнаты не разобраны,оставить,107500.0
222107,Daire,107000.0,,2+1,4,2,Tekirdağ/Çorlu/Kemalettin,TRY,Этаж выше этажности,оставить,107000.0
248451,Daire,107000.0,,2+1,5,3,Nevşehir/Merkez/Cevher Dudayev,TRY,Этаж выше этажности,оставить,107000.0
360329,Daire,107000.0,1.0,1+1,2,3,Aydın/Efeler/Zafer,TRY,Площадь < 15 м²,оставить,107000.0
52826,Daire,105000.0,150.0,3+1,6,5,Antalya/Kepez/Şelale,TRY,Этаж выше этажности,оставить,105000.0
97735,Prefabrik Ev,105000.0,,+,,2,Ankara/Çankaya/Kızılay,TRY,Комнаты не разобраны,оставить,105000.0
361747,Daire,105000.0,48.0,1+1,3,2,Denizli/Pamukkale/İncilipınar,TRY,Этаж выше этажности,оставить,105000.0
94005,Prefabrik Ev,100000.0,100.0,+,,2,Kayseri/Melikgazi/Becen,TRY,Комнаты не разобраны,оставить,100000.0
95734,Daire,100000.0,1.0,1+0,15,8,İstanbul/Başakşehir/Başak,TRY,"Площадь < 15 м², Этаж выше этажности",оставить,100000.0
109853,Köşk / Konak / Yalı,100000.0,4030.0,10+0,,4,İstanbul/Sarıyer/Rumeli Hisarı,TRY,Площадь > 3 000 м²,оставить,100000.0
216178,Daire,100000.0,45.0,1+1,3,1,Kütahya/Merkez/Gaybiefendi,TRY,Этаж выше этажности,оставить,100000.0
350295,Komple Bina,100000.0,,+,,1,Çanakkale/Ayvacık/Ahmetçe Köyü,TRY,Комнаты не разобраны,оставить,100000.0
377634,Daire,100000.0,,+,,,Aydın/Efeler/Güzelhisar,TRY,Комнаты не разобраны,оставить,100000.0
381318,Daire,100000.0,,+,,,Adana/Çukurova/Toros,TRY,Комнаты не разобраны,оставить,100000.0
385934,Çiftlik Evi,100000.0,,+,,,Kayseri/İncesu/Bahçelievler,TRY,Комнаты не разобраны,оставить,100000.0
385952,Komple Bina,100000.0,,+,,,İstanbul/Silivri/Piri Mehmet Paşa,TRY,Комнаты не разобраны,оставить,100000.0
401391,Köşk / Konak / Yalı,100000.0,9000.0,3+1,,,İzmir/Çiğli/Balatçık,TRY,Площадь > 3 000 м²,оставить,100000.0
155733,Daire,99000.0,1.0,1+1,1,3,Burdur/Merkez/Emek,TRY,Площадь < 15 м²,оставить,99000.0
352984,Daire,99000.0,140000.0,3+1,2,10,Trabzon/Akçaabat/Nefsipulathane,TRY,"Площадь > 3 000 м², Площадь > 100 000 м²",оставить,99000.0
17656,Daire,97722.0,452189.0,9+5,Komple,8,İstanbul/Güngören/Gençosman,TRY,"Площадь > 3 000 м², Площадь > 100 000 м²",оставить,97722.0
350317,Komple Bina,95100.0,328.0,+,,3,Çorum/Oğuzlar/Ağaççamı Köyü,TRY,Комнаты не разобраны,оставить,95100.0
213335,Daire,95000.0,115.0,3+1,3,1,Düzce/Merkez/Güzelbahçe,TRY,Этаж выше этажности,оставить,95000.0
246363,Daire,95000.0,,1+1,5,3,Amasya/Merzifon/Sofular,TRY,Этаж выше этажности,оставить,95000.0
338910,Daire,94500.0,,2+1,12,4,Kayseri/Melikgazi/İldem Cumhuriyet,TRY,Этаж выше этажности,оставить,94500.0
349523,Komple Bina,92000.0,109.0,+,,2,Kütahya/Merkez/Börekçiler,TRY,Комнаты не разобраны,оставить,92000.0
401782,Daire,92000.0,,+,,,Konya/Akşehir/Seyran,TRY,Комнаты не разобраны,оставить,92000.0
249098,Daire,91000.0,58.0,1+1,5,3,Aydın/Efeler/Ortaköy,TRY,Этаж выше этажности,оставить,91000.0
17640,Çiftlik Evi,90000.0,3850.0,1+1,,1,Konya/Akşehir/Kozağaç,TRY,Площадь > 3 000 м²,оставить,90000.0
134869,Daire,90000.0,1.0,3+1,Giriş Katı,4,Ankara/Altındağ/Beşikkaya,TRY,Площадь < 15 м²,оставить,90000.0
239932,Daire,90000.0,115.0,3+1,4,1,Düzce/Merkez/Esentepe,TRY,Этаж выше этажности,оставить,90000.0
348457,Komple Bina,90000.0,300.0,+,,1,İzmir/Karaburun/Hasseki,TRY,Комнаты не разобраны,оставить,90000.0
350389,Komple Bina,90000.0,300.0,+,,1,İzmir/Karaburun/Hasseki,TRY,Комнаты не разобраны,оставить,90000.0
97527,Prefabrik Ev,88000.0,110.0,+,,2,Ankara/Çankaya/Kültür,TRY,Комнаты не разобраны,оставить,88000.0
341722,Daire,88000.0,,2+1,5,1,Bursa/Yıldırım/Emirsultan,TRY,Этаж выше этажности,оставить,88000.0
342991,Daire,88000.0,,2+1,5,1,Bursa/Yıldırım/Emirsultan,TRY,Этаж выше этажности,оставить,88000.0
196043,Daire,81000.0,90.0,2+1,3,1,İstanbul/Avcılar/Cihangir,TRY,Этаж выше этажности,оставить,81000.0
1138,Prefabrik Ev,80000.0,,+,,1,Çanakkale/Ayvacık/Ahmetçe Köyü,TRY,Комнаты не разобраны,оставить,80000.0
182045,Daire,80000.0,,1+1,2,1,Sakarya/Karasu/Aziziye,TRY,Этаж выше этажности,оставить,80000.0
298481,Daire,79000.0,98.0,3+1,9,7,Ankara/Etimesgut/Yukarıyurtçu,TRY,Этаж выше этажности,оставить,79000.0
3031,Daire,78000.0,40.0,1+1,15,10,Adana/Sarıçam/Gültepe,TRY,Этаж выше этажности,оставить,78000.0
190358,Daire,77000.0,75.0,2+1,3,1,Sakarya/Karasu/Yalı,TRY,Этаж выше этажности,оставить,77000.0
191637,Daire,77000.0,75.0,2+1,3,1,Sakarya/Karasu/Yalı,TRY,Этаж выше этажности,оставить,77000.0
401029,Daire,75000.0,8239.0,1+0,,,Düzce/Merkez/Karadere Hasanağa Köyü,TRY,Площадь > 3 000 м²,оставить,75000.0
306,Daire,74222.0,363679.0,8+3,Kot 2,3,İstanbul/Güngören/Mehmet Nesih Özmen,TRY,"Площадь > 3 000 м², Площадь > 100 000 м²",оставить,74222.0
388446,Çiftlik Evi,73000.0,,+,,,Kayseri/İncesu/Vali İhsan Aras,TRY,Комнаты не разобраны,оставить,73000.0
91881,Villa,70000.0,1.0,3+1,,1,Kayseri/Kocasinan/Fatih,TRY,Площадь < 15 м²,оставить,70000.0
182115,Yazlık,70000.0,,1+1,2,1,Sakarya/Karasu/Aziziye,TRY,Этаж выше этажности,оставить,70000.0
363989,Prefabrik Ev,70000.0,,+,,1,Sakarya/Geyve/Çamlık,TRY,Комнаты не разобраны,оставить,70000.0
364133,Prefabrik Ev,70000.0,90.0,+,,,Kayseri/Kocasinan/Fevzi Çakmak,TRY,Комнаты не разобраны,оставить,70000.0
810,Komple Bina,69000.0,,+,,1,Çanakkale/Ayvacık/Paşaköy Köyü,TRY,Комнаты не разобраны,оставить,69000.0
349221,Komple Bina,65000.0,114.0,+,,2,Afyonkarahisar/Şuhut/Atlıhisar Köyü,TRY,Комнаты не разобраны,оставить,65000.0
387274,Müstakil Ev,65000.0,,+,,,Aydın/Didim/Ak-Yeniköy,TRY,Комнаты не разобраны,оставить,65000.0
342872,Daire,60000.0,95.0,2+1,2,1,Kars/Merkez/Cumhuriyet,TRY,Этаж выше этажности,оставить,60000.0
342910,Daire,60000.0,90.0,2+1,2,1,Çanakkale/Merkez/Cevat Paşa,TRY,Этаж выше этажности,оставить,60000.0
349817,Komple Bina,60000.0,,+,,2,Antalya/Elmalı/Göltarla,TRY,Комнаты не разобраны,оставить,60000.0
388144,Daire,60000.0,10000.0,2+1,,,Mersin/Erdemli/Akdeniz,TRY,Площадь > 3 000 м²,оставить,60000.0
377888,Yazlık,59000.0,,+,,,Muğla/Milas/Çamköy,TRY,Комнаты не разобраны,оставить,59000.0
367930,Daire,54622.0,197254.0,4+2,13,10,İstanbul/Sarıyer/Kısırkaya,TRY,"Площадь > 3 000 м², Площадь > 100 000 м², Этаж выше этажности",оставить,54622.0
1468,Prefabrik Ev,52750.0,76.0,+,,1,İstanbul/Pendik/Kaynarca,TRY,Комнаты не разобраны,оставить,52750.0
342860,Daire,50000.0,95.0,2+1,2,1,Kayseri/Melikgazi/Cumhuriyet,TRY,Этаж выше этажности,оставить,50000.0
342892,Daire,50000.0,90.0,2+1,2,1,Elazığ/Merkez/Çarşı,TRY,Этаж выше этажности,оставить,50000.0
342956,Daire,50000.0,90.0,2+1,2,1,Karaman/Merkez/Atatürk,TRY,Этаж выше этажности,оставить,50000.0
342981,Daire,50000.0,95.0,2+1,2,1,Amasya/Merkez/Beyazıtpaşa,TRY,Этаж выше этажности,оставить,50000.0
368034,Daire,50000.0,,2+1,4,2,Manisa/Şehzadeler/1. Anafartalar,TRY,Этаж выше этажности,оставить,50000.0
33066,Rezidans,48522.0,598805.0,5+3,20 ve üzeri,9,İstanbul/Güngören/Mehmet Nesih Özmen,TRY,"Площадь > 3 000 м², Площадь > 100 000 м²",оставить,48522.0
348774,Daire,48000.0,55.0,1+1,3,2,Osmaniye/Merkez/Rahime Hatun,TRY,Этаж выше этажности,оставить,48000.0
354394,Daire,48000.0,55.0,1+1,3,2,Osmaniye/Merkez/Rahime Hatun,TRY,Этаж выше этажности,оставить,48000.0
329017,Daire,45922.0,688463.0,1+0,17,2,Ankara/Elmadağ/Kayadibi,TRY,"Площадь > 3 000 м², Площадь > 100 000 м², Этаж выше этажности",оставить,45922.0
380329,Daire,39000.0,85.0,2+1,2,1,Şanlıurfa/Hilvan/Bahçelievler,TRY,Этаж выше этажности,оставить,39000.0
370479,Daire,35522.0,615139.0,6+3,11,2,İstanbul/Güngören/Akıncılar,TRY,"Площадь > 3 000 м², Площадь > 100 000 м², Этаж выше этажности",оставить,35522.0
1856,Prefabrik Ev,34000.0,,+,,1,Kayseri/Melikgazi/Anbar,TRY,Комнаты не разобраны,оставить,34000.0
363787,Prefabrik Ev,33000.0,,+,,1,Antalya/Kepez/Habibler,TRY,Комнаты не разобраны,оставить,33000.0
399445,Çiftlik Evi,25000.0,,+,,,Nevşehir/Ürgüp/Aksalur Salur,TRY,Комнаты не разобраны,оставить,25000.0
385644,Çiftlik Evi,23000.0,,+,,,Nevşehir/Ürgüp/Aksalur Salur,TRY,Комнаты не разобраны,оставить,23000.0
393699,Çiftlik Evi,23000.0,,+,,,Nevşehir/Ürgüp/Aksalur Salur,TRY,Комнаты не разобраны,оставить,23000.0
363935,Prefabrik Ev,22500.0,,+,,,Sakarya/Hendek/Kemaliye,TRY,Комнаты не разобраны,оставить,22500.0
363889,Prefabrik Ev,20000.0,,+,,1,Antalya/Kepez/Habibler,TRY,Комнаты не разобраны,оставить,20000.0
90755,Komple Bina,19000.0,,+,,7,İstanbul/Ümraniye/Çamlık,TRY,Комнаты не разобраны,оставить,19000.0
376986,Daire,19000.0,,+,,,İstanbul/Esenyurt/İncirtepe,TRY,Комнаты не разобраны,оставить,19000.0
373582,Daire,17000.0,11580.0,1+1,Kot 3,,Afyonkarahisar/İhsaniye/Yaylabağı Bld. (Esentepe),TRY,Площадь > 3 000 м²,оставить,17000.0
391495,Daire,17000.0,,+,,,Ankara/Keçiören/Ovacık,TRY,Комнаты не разобраны,оставить,17000.0
399459,Daire,17000.0,14000.0,1+0,,,Ankara/Akyurt/Atatürk,TRY,Площадь > 3 000 м²,оставить,17000.0
592,Prefabrik Ev,12500.0,,+,,1,Antalya/Kepez/Habibler,TRY,Комнаты не разобраны,оставить,12500.0
373442,Villa,11123.0,,6+1,5,4,İzmir/Bornova/Barbaros,TRY,Этаж выше этажности,оставить,11123.0
1506,Komple Bina,10000.0,450.0,+,,3,Antalya/Muratpaşa/Çağlayan,TRY,Комнаты не разобраны,оставить,10000.0
386136,Prefabrik Ev,10000.0,14.0,1+1,,,Antalya/Serik/Yumaklar,TRY,Площадь < 15 м²,оставить,10000.0
380924,Prefabrik Ev,9999.0,9.0,1+0,,,Antalya/Korkuteli/Uzunoluk,TRY,Площадь < 15 м²,оставить,9999.0
402383,Prefabrik Ev,8250.0,14.0,1+0,,,Antalya/Kepez/Habibler,TRY,Площадь < 15 м²,оставить,8250.0
385108,Prefabrik Ev,8000.0,14.0,1+1,,,Burdur/Merkez/Burç,TRY,Площадь < 15 м²,оставить,8000.0
761,Müstakil Ev,7000.0,3.0,1+1,Bahçe katı,1,Kocaeli/Kandıra/Çarşı,TRY,Площадь < 15 м²,оставить,7000.0
384912,Prefabrik Ev,5500.0,8.0,1+0,,,Antalya/Kemer/Kuzdere,TRY,Площадь < 15 м²,оставить,5500.0
390849,Köşk / Konak / Yalı,5250.0,,+,,,İstanbul/Kadıköy/Fenerbahçe,TRY,Комнаты не разобраны,оставить,5250.0
2486,Daire,2850.0,2.0,1+0,Müstakil,1,İstanbul/Kartal/Topselvi,TRY,Площадь < 15 м²,оставить,2850.0
391469,Prefabrik Ev,2550.0,1.0,1+1,,,İstanbul/Çatalca/Kaleiçi,TRY,Площадь < 15 м²,оставить,2550.0
393228,Daire,1250.0,,+,,,Mersin/Erdemli/Alata,TRY,Комнаты не разобраны,оставить,1250.0
387546,Daire,1000.0,,+,,,Yozgat/Merkez/Medrese,TRY,Комнаты не разобраны,оставить,1000.0
