id,sub_type,price,size,room_count,floor_no,total_floor_count,address,original_currency,peer_count,peer_median,price_ratio,Причины,Решение,Исходная цена,Проверка цены,Исправление признаков
33,Rezidans,847000.0,618173.0,6+3,Zemin Kat,7,İstanbul/Avcılar/Yeşilkent,TRY,,,,Неправдоподобная площадь,оставить,847000.0,аналогов train меньше 2,площадь → пропуск
37,Rezidans,349291.8,,2+2,19,6,İstanbul/Avcılar/Cihangir,EUR,2.0,349291.8,1.0,Этаж выше этажности,оставить,46800.0,есть ≥2 аналога train,этаж → пропуск
49,Kooperatif,300000.0,1.0,1+0,Müstakil,10,İzmir/Aliağa/Yenişakran,TRY,3.0,300000.0,1.0,Неправдоподобная площадь,оставить,300000.0,есть ≥2 аналога train,площадь → пропуск
90,Daire,994177.527,22699.0,6+3,9,20 ve üzeri,Ankara/Elmadağ/Hasanoğlan Havuzbaşı,EUR,68.0,575000.0,1.7290043947826086,Неправдоподобная площадь,оставить,162222.0,есть ≥2 аналога train,площадь → пропуск
105,Rezidans,75000000.0,,6+1,12,10-20 arası,İstanbul/Beşiktaş/Vişnezade,TRY,8.0,45992260.0,1.6307091671511684,Цена > 50 млн TRY,оставить,75000000.0,есть ≥2 аналога train,без изменений
108,Komple Bina,5257323.8982,225.0,+,,6,Ankara/Elmadağ/Hasanoğlan Havuzbaşı,GBP,2.0,5257323.8982,1.0,Комнаты не разобраны,оставить,757878.0,есть ≥2 аналога train,без изменений
109,Kooperatif,300000.0,1.0,1+0,Müstakil,10,İzmir/Aliağa/Yenişakran,TRY,3.0,300000.0,1.0,Неправдоподобная площадь,оставить,300000.0,есть ≥2 аналога train,площадь → пропуск
149,Daire,808222.0,367331.0,9+4,Kot 4,5,İstanbul/Güngören/Gençosman,TRY,31.0,350000.0,2.309205714285714,Неправдоподобная площадь,оставить,808222.0,есть ≥2 аналога train,площадь → пропуск
167,Rezidans,349291.8,,2+2,19,6,İstanbul/Avcılar/Cihangir,EUR,2.0,349291.8,1.0,Этаж выше этажности,оставить,46800.0,есть ≥2 аналога train,этаж → пропуск
224,Rezidans,132500000.0,1.0,9+2,20 ve üzeri,20 ve üzeri,İstanbul/Beşiktaş/Vişnezade,TRY,8.0,45992260.0,2.880919528633731,"Цена > 50 млн TRY, Неправдоподобная площадь",оставить,132500000.0,есть ≥2 аналога train,площадь → пропуск
260,Komple Bina,5257323.8982,225.0,+,,6,Ankara/Elmadağ/Hasanoğlan Havuzbaşı,GBP,2.0,5257323.8982,1.0,Комнаты не разобраны,оставить,757878.0,есть ≥2 аналога train,без изменений
306,Daire,74222.0,363679.0,8+3,Kot 2,3,İstanbul/Güngören/Mehmet Nesih Özmen,TRY,5.0,1050000.0,0.07068761904761904,Неправдоподобная площадь,оставить,74222.0,есть ≥2 аналога train,площадь → пропуск
350,Daire,22222222.0,111.0,1+1,Kot 1,1,İstanbul/Beşiktaş/Sinanpaşa,TRY,5.0,595000.0,37.348272268907564,Цена > 20 местных медиан,исключить,22222222.0,есть ≥2 аналога train,без изменений
353,Daire,155000.0,,2+1,4,1,Tekirdağ/Çorlu/Kemalettin,TRY,91.0,138000.0,1.1231884057971016,Этаж выше этажности,оставить,155000.0,есть ≥2 аналога train,этаж → пропуск
357,Rezidans,75000000.0,,6+1,12,10-20 arası,İstanbul/Beşiktaş/Vişnezade,TRY,8.0,45992260.0,1.6307091671511684,Цена > 50 млн TRY,оставить,75000000.0,есть ≥2 аналога train,без изменений
382,Kooperatif,300000.0,1.0,1+0,Müstakil,10,İzmir/Aliağa/Yenişakran,TRY,3.0,300000.0,1.0,Неправдоподобная площадь,оставить,300000.0,есть ≥2 аналога train,площадь → пропуск
390,Daire,4629283.788799999,608860.0,8+3,7,4,İstanbul/Beylikdüzü/Yakuplu,USD,653.0,225000.0,20.574594616888884,"Цена > 20 местных медиан, Неправдоподобная площадь, Этаж выше этажности",исключить,865222.0,есть ≥2 аналога train,площадь и этаж → пропуск
421,Daire,6332902.7762,81191.0,10+0,Giriş Katı,5,İstanbul/Sarıyer/Zekeriyaköy,GBP,20.0,987500.0,6.413066102481013,Неправдоподобная площадь,оставить,937222.0,есть ≥2 аналога train,площадь → пропуск
430,Daire,2176425.3018,195148.0,8+4,Zemin Kat,10-20 arası,İstanbul/Güngören/Sanayi,EUR,24.0,285000.0,7.636580006315789,Неправдоподобная площадь,оставить,360222.0,есть ≥2 аналога train,площадь → пропуск
491,Daire,3980544.4601999996,8602.0,6+2,15,1,İstanbul/Güngören/Sanayi,EUR,24.0,285000.0,13.96682266736842,"Неправдоподобная площадь, Этаж выше этажности",оставить,660222.0,есть ≥2 аналога train,площадь и этаж → пропуск
500,Komple Bina,1650000.0,200.0,+,,4,Kocaeli/Gebze/Gaziler,TRY,1.0,1650000.0,,Комнаты не разобраны,оставить,1650000.0,аналогов train меньше 2,без изменений
516,Komple Bina,1300000.0,,+,,4,İzmir/Bayraklı/Fuat Edip Baksı,TRY,4.0,1300000.0,1.0,Комнаты не разобраны,оставить,1300000.0,есть ≥2 аналога train,без изменений
522,Komple Bina,1200000.0,232.0,+,,2,Samsun/İlkadım/İstasyon,TRY,3.0,1200000.0,1.0,Комнаты не разобраны,оставить,1200000.0,есть ≥2 аналога train,без изменений
524,Komple Bina,1300000.0,,+,,4,İzmir/Bayraklı/Fuat Edip Baksı,TRY,4.0,1300000.0,1.0,Комнаты не разобраны,оставить,1300000.0,есть ≥2 аналога train,без изменений
526,Komple Bina,785000.0,550.0,+,,3,İstanbul/Bağcılar/Göztepe,TRY,1.0,785000.0,,Комнаты не разобраны,оставить,785000.0,аналогов train меньше 2,без изменений
548,Komple Bina,1200000.0,,+,,4,İstanbul/Sultangazi/Uğur Mumcu,TRY,4.0,6600000.0,0.18181818181818182,Комнаты не разобраны,оставить,1200000.0,есть ≥2 аналога train,без изменений
592,Prefabrik Ev,12500.0,,+,,1,Antalya/Kepez/Habibler,TRY,9.0,13000.0,0.9615384615384616,Комнаты не разобраны,оставить,12500.0,есть ≥2 аналога train,без изменений
622,Komple Bina,375000.0,100.0,+,,3,İzmir/Konak/Murat,TRY,,,,Комнаты не разобраны,оставить,375000.0,аналогов train меньше 2,без изменений
630,Komple Bina,450000.0,,+,,1,Muğla/Datça/Mesudiye,TRY,,,,Комнаты не разобраны,оставить,450000.0,аналогов train меньше 2,без изменений
662,Komple Bina,750000.0,356.0,+,,4,İzmir/Bornova/Yıldırım Beyazıt,TRY,3.0,750000.0,1.0,Комнаты не разобраны,оставить,750000.0,есть ≥2 аналога train,без изменений
686,Komple Bina,1200000.0,232.0,+,,2,Samsun/İlkadım/İstasyon,TRY,3.0,1200000.0,1.0,Комнаты не разобраны,оставить,1200000.0,есть ≥2 аналога train,без изменений
694,Komple Bina,110000.0,150.0,+,,2,Kocaeli/Kartepe/Suadiye,TRY,,,,Комнаты не разобраны,оставить,110000.0,аналогов train меньше 2,без изменений
698,Komple Bina,2100000.0,420.0,+,,5,İstanbul/Kadıköy/Rasimpaşa,TRY,3.0,3500000.0,0.6,Комнаты не разобраны,оставить,2100000.0,есть ≥2 аналога train,без изменений
702,Komple Bina,350000.0,120.0,+,,2,İzmir/Konak/Duatepe,TRY,1.0,350000.0,,Комнаты не разобраны,оставить,350000.0,аналогов train меньше 2,без изменений
728,Komple Bina,7500000.0,1144.0,+,,3,İzmir/Dikili/Çandarlı,TRY,,,,Комнаты не разобраны,оставить,7500000.0,аналогов train меньше 2,без изменений
738,Komple Bina,1900000.0,,+,,2,Antalya/Muratpaşa/Güzeloba,TRY,4.0,1850000.0,1.027027027027027,Комнаты не разобраны,оставить,1900000.0,есть ≥2 аналога train,без изменений
752,Komple Bina,150000.0,140.0,+,,4,Aydın/Didim/Çamlık,TRY,2.0,1050000.0,0.14285714285714285,Комнаты не разобраны,оставить,150000.0,есть ≥2 аналога train,без изменений
756,Komple Bina,18000000.0,7000.0,+,,4,Antalya/Kepez/Sütçüler,TRY,3.0,18000000.0,1.0,Комнаты не разобраны,оставить,18000000.0,есть ≥2 аналога train,без изменений
761,Müstakil Ev,7000.0,3.0,1+1,Bahçe katı,1,Kocaeli/Kandıra/Çarşı,TRY,,,,Неправдоподобная площадь,оставить,7000.0,аналогов train меньше 2,площадь → пропуск
762,Komple Bina,435000.0,,+,,4,Bursa/Yıldırım/Yeşil,TRY,1.0,435000.0,,Комнаты не разобраны,оставить,435000.0,аналогов train меньше 2,без изменений
810,Komple Bina,69000.0,,+,,1,Çanakkale/Ayvacık/Paşaköy Köyü,TRY,2.0,109500.0,0.6301369863013698,Комнаты не разобраны,оставить,69000.0,есть ≥2 аналога train,без изменений
824,Komple Bina,250000.0,,+,,2,Samsun/İlkadım/Unkapanı,TRY,3.0,250000.0,1.0,Комнаты не разобраны,оставить,250000.0,есть ≥2 аналога train,без изменений
846,Komple Bina,650000.0,100.0,+,,3,Balıkesir/Ayvalık/İsmetpaşa,TRY,1.0,650000.0,,Комнаты не разобраны,оставить,650000.0,аналогов train меньше 2,без изменений
866,Komple Bina,2750000.0,,+,,2,Çanakkale/Merkez/Kemalpaşa,TRY,2.0,2125000.0,1.2941176470588236,Комнаты не разобраны,оставить,2750000.0,есть ≥2 аналога train,без изменений
871,Daire,199000.0,90.0,2+1,7,6,Adana/Seyhan/Gürselpaşa,TRY,547.0,294000.0,0.6768707482993197,Этаж выше этажности,оставить,199000.0,есть ≥2 аналога train,этаж → пропуск
890,Komple Bina,750000.0,356.0,+,,4,İzmir/Bornova/Yıldırım Beyazıt,TRY,3.0,750000.0,1.0,Комнаты не разобраны,оставить,750000.0,есть ≥2 аналога train,без изменений
904,Komple Bina,360000.0,,+,,2,Afyonkarahisar/Merkez/Ertuğrul Gazi,TRY,10.0,360000.0,1.0,Комнаты не разобраны,оставить,360000.0,есть ≥2 аналога train,без изменений
926,Komple Bina,360000.0,,+,,2,Afyonkarahisar/Merkez/Ertuğrul Gazi,TRY,10.0,360000.0,1.0,Комнаты не разобраны,оставить,360000.0,есть ≥2 аналога train,без изменений
946,Komple Bina,360000.0,,+,,2,Afyonkarahisar/Merkez/Ertuğrul Gazi,TRY,10.0,360000.0,1.0,Комнаты не разобраны,оставить,360000.0,есть ≥2 аналога train,без изменений
948,Komple Bina,1500000.0,,+,,4,İzmir/Bornova/Zafer,TRY,3.0,1500000.0,1.0,Комнаты не разобраны,оставить,1500000.0,есть ≥2 аналога train,без изменений
962,Komple Bina,1300000.0,,+,,4,İzmir/Bayraklı/Fuat Edip Baksı,TRY,4.0,1300000.0,1.0,Комнаты не разобраны,оставить,1300000.0,есть ≥2 аналога train,без изменений
974,Komple Bina,250000.0,,+,,2,Samsun/İlkadım/Unkapanı,TRY,3.0,250000.0,1.0,Комнаты не разобраны,оставить,250000.0,есть ≥2 аналога train,без изменений
982,Komple Bina,750000.0,246.0,+,,3,İzmir/Karabağlar/Karabağlar,TRY,1.0,750000.0,,Комнаты не разобраны,оставить,750000.0,аналогов train меньше 2,без изменений
994,Komple Bina,1300000.0,210.0,+,,2,İstanbul/Beykoz/Gümüşsuyu,TRY,1.0,1300000.0,,Комнаты не разобраны,оставить,1300000.0,аналогов train меньше 2,без изменений
1016,Komple Bina,750000.0,356.0,+,,4,İzmir/Bornova/Yıldırım Beyazıt,TRY,3.0,750000.0,1.0,Комнаты не разобраны,оставить,750000.0,есть ≥2 аналога train,без изменений
1056,Komple Bina,3901544.0,80.0,+,,4,KKTC/Gazimağusa/Karakol Mh.,GBP,2.0,3710857.0,1.051386243123893,Комнаты не разобраны,оставить,580000.0,есть ≥2 аналога train,без изменений
1062,Komple Bina,1300000.0,,+,,4,İzmir/Bayraklı/Fuat Edip Baksı,TRY,4.0,1300000.0,1.0,Комнаты не разобраны,оставить,1300000.0,есть ≥2 аналога train,без изменений
1086,Komple Bina,375000.0,100.0,+,,3,İzmir/Konak/Murat,TRY,,,,Комнаты не разобраны,оставить,375000.0,аналогов train меньше 2,без изменений
1092,Komple Bina,9000000.0,16900.0,+,,2,Denizli/Pamukkale/Cankurtaran,TRY,,,,Комнаты не разобраны,оставить,9000000.0,аналогов train меньше 2,без изменений
1138,Prefabrik Ev,80000.0,,+,,1,Çanakkale/Ayvacık/Ahmetçe Köyü,TRY,,,,Комнаты не разобраны,оставить,80000.0,аналогов train меньше 2,без изменений
1158,Komple Bina,1800000.0,350.0,+,,5,İstanbul/Kadıköy/Osmanağa,TRY,5.0,1800000.0,1.0,Комнаты не разобраны,оставить,1800000.0,есть ≥2 аналога train,без изменений
1170,Komple Bina,2000000.0,200.0,+,,2,İzmir/Güzelbahçe/Siteler,TRY,1.0,2000000.0,,Комнаты не разобраны,оставить,2000000.0,аналогов train меньше 2,без изменений
1176,Komple Bina,3500000.0,400.0,+,,2,Kayseri/Melikgazi/Nurihas,TRY,,,,Комнаты не разобраны,оставить,3500000.0,аналогов train меньше 2,без изменений
1234,Komple Bina,2500000.0,400.0,+,,2,Balıkesir/Burhaniye/Yunus,TRY,1.0,2500000.0,,Комнаты не разобраны,оставить,2500000.0,аналогов train меньше 2,без изменений
1236,Komple Bina,485000.0,65.0,+,,3,İstanbul/Beyoğlu/Sururi Mehmet Efendi,TRY,2.0,467500.0,1.0374331550802138,Комнаты не разобраны,оставить,485000.0,есть ≥2 аналога train,без изменений
1242,Komple Bina,1200000.0,232.0,+,,2,Samsun/İlkadım/İstasyon,TRY,3.0,1200000.0,1.0,Комнаты не разобраны,оставить,1200000.0,есть ≥2 аналога train,без изменений
1272,Komple Bina,150000.0,50.0,+,,4,Aydın/Didim/Yeni,TRY,1.0,150000.0,,Комнаты не разобраны,оставить,150000.0,аналогов train меньше 2,без изменений
1286,Komple Bina,900000.0,210.0,+,,3,Bursa/Gemlik/Dr. Ziya Kaya,TRY,1.0,110000.0,,Комнаты не разобраны,оставить,900000.0,аналогов train меньше 2,без изменений
1296,Komple Bina,1350000.0,75.0,+,,3,İzmir/Çiğli/Ataşehir,TRY,1.0,1350000.0,,Комнаты не разобраны,оставить,1350000.0,аналогов train меньше 2,без изменений
1320,Komple Bina,200000000.0,140.0,+,,5,İstanbul/Fatih/Rüstem Paşa,TRY,,,,"Цена > 50 млн TRY, Комнаты не разобраны",оставить,200000000.0,аналогов train меньше 2,без изменений
1334,Villa,775000.0,,+,,3,Çanakkale/Merkez/Güzelyalı Köyü,TRY,11.0,1100000.0,0.7045454545454546,Комнаты не разобраны,оставить,775000.0,есть ≥2 аналога train,без изменений
1338,Komple Bina,16200000.0,,+,,5,İstanbul/Esenyurt/Zafer,TRY,,,,Комнаты не разобраны,оставить,16200000.0,аналогов train меньше 2,без изменений
1350,Daire,37738142.988,45.0,6+3,20 ve üzeri,20 ve üzeri,Ankara/Altındağ/Altınpark,USD,30.0,248500.0,151.86375447887323,Цена > 20 местных медиан,исключить,6954545.0,есть ≥2 аналога train,без изменений
1352,Komple Bina,360000.0,,+,,2,Afyonkarahisar/Merkez/Ertuğrul Gazi,TRY,10.0,360000.0,1.0,Комнаты не разобраны,оставить,360000.0,есть ≥2 аналога train,без изменений
1382,Komple Bina,470000.0,,+,,4,Trabzon/Ortahisar/Yalıncak,TRY,3.0,1300000.0,0.36153846153846153,Комнаты не разобраны,оставить,470000.0,есть ≥2 аналога train,без изменений
1389,Villa,1350.0,,4+1,3,3,Muğla/Marmaris/Çamdibi,TRY,15.0,1750000.0,0.0007714285714285715,"Цена < 5 000 TRY, Цена < 1% местной медианы",исключить,1350.0,есть ≥2 аналога train,без изменений
1390,Komple Bina,16200000.0,,+,,5,İstanbul/Esenyurt/Zafer,TRY,,,,Комнаты не разобраны,оставить,16200000.0,аналогов train меньше 2,без изменений
1437,Daire,1100.0,120.0,3+1,5,9,İzmir/Karşıyaka/Örnekköy,TRY,160.0,320000.0,0.0034375,"Цена < 5 000 TRY, Цена < 1% местной медианы",исключить,1100.0,есть ≥2 аналога train,без изменений
1450,Komple Bina,139000.0,99.0,+,,2,Bursa/Yıldırım/Davutkadı,TRY,,,,Комнаты не разобраны,оставить,139000.0,аналогов train меньше 2,без изменений
1468,Prefabrik Ev,52750.0,76.0,+,,1,İstanbul/Pendik/Kaynarca,TRY,25.0,31500.0,1.6746031746031746,Комнаты не разобраны,оставить,52750.0,есть ≥2 аналога train,без изменений
1506,Komple Bina,10000.0,450.0,+,,3,Antalya/Muratpaşa/Çağlayan,TRY,4.0,5040000.0,0.001984126984126984,"Цена < 1% местной медианы, Комнаты не разобраны",исключить,10000.0,есть ≥2 аналога train,без изменений
1510,Komple Bina,1325000.0,,+,,1,Antalya/Muratpaşa/Yenigöl,TRY,,,,Комнаты не разобраны,оставить,1325000.0,аналогов train меньше 2,без изменений
1514,Komple Bina,1500000.0,,+,,4,İzmir/Bornova/Zafer,TRY,3.0,1500000.0,1.0,Комнаты не разобраны,оставить,1500000.0,есть ≥2 аналога train,без изменений
1516,Müstakil Ev,2450000.0,1.0,4+3,,3,Kastamonu/İnebolu/Cünürye,TRY,,,,Неправдоподобная площадь,оставить,2450000.0,аналогов train меньше 2,площадь → пропуск
1530,Komple Bina,1350000.0,235.0,+,,3,İzmir/Menderes/Gölcükler,TRY,1.0,1350000.0,,Комнаты не разобраны,оставить,1350000.0,аналогов train меньше 2,без изменений
1544,Komple Bina,4250000.0,143.0,+,,4,İstanbul/Fatih/Süleymaniye,TRY,,,,Комнаты не разобраны,оставить,4250000.0,аналогов train меньше 2,без изменений
1674,Komple Bina,2600000.0,310.0,+,,4,İstanbul/Kadıköy/Rasimpaşa,TRY,3.0,3500000.0,0.7428571428571429,Комнаты не разобраны,оставить,2600000.0,есть ≥2 аналога train,без изменений
1692,Komple Bina,250000.0,,+,,2,Samsun/İlkadım/Unkapanı,TRY,3.0,250000.0,1.0,Комнаты не разобраны,оставить,250000.0,есть ≥2 аналога train,без изменений
1694,Komple Bina,110000.0,150.0,+,,2,Kocaeli/Kartepe/Suadiye,TRY,,,,Комнаты не разобраны,оставить,110000.0,аналогов train меньше 2,без изменений
1754,Komple Bina,2295000.0,985.0,+,,5,Kocaeli/İzmit/Bekirdere,TRY,2.0,2647500.0,0.8668555240793201,Комнаты не разобраны,оставить,2295000.0,есть ≥2 аналога train,без изменений
1760,Komple Bina,900000.0,369.0,+,,4,İzmir/Selçuk/14 Mayıs,TRY,1.0,900000.0,,Комнаты не разобраны,оставить,900000.0,аналогов train меньше 2,без изменений
1778,Komple Bina,1850000.0,300.0,+,,3,Aydın/Didim/Altınkum,TRY,2.0,1675000.0,1.1044776119402986,Комнаты не разобраны,оставить,1850000.0,есть ≥2 аналога train,без изменений
1780,Komple Bina,1200000.0,,+,,4,İstanbul/Sultangazi/Uğur Mumcu,TRY,4.0,6600000.0,0.18181818181818182,Комнаты не разобраны,оставить,1200000.0,есть ≥2 аналога train,без изменений
1784,Komple Bina,1000000.0,,+,,2,İstanbul/Çekmeköy/Çatalmeşe,TRY,1.0,1000000.0,,Комнаты не разобраны,оставить,1000000.0,аналогов train меньше 2,без изменений
1794,Komple Bina,1500000.0,,+,,4,İzmir/Bornova/Zafer,TRY,3.0,1500000.0,1.0,Комнаты не разобраны,оставить,1500000.0,есть ≥2 аналога train,без изменений
1806,Komple Bina,18000000.0,7000.0,+,,4,Antalya/Kepez/Sütçüler,TRY,3.0,18000000.0,1.0,Комнаты не разобраны,оставить,18000000.0,есть ≥2 аналога train,без изменений
1814,Komple Bina,360000.0,,+,,2,Afyonkarahisar/Merkez/Ertuğrul Gazi,TRY,10.0,360000.0,1.0,Комнаты не разобраны,оставить,360000.0,есть ≥2 аналога train,без изменений
1832,Villa,410000.0,1.0,5+2,,3,Eskişehir/Tepebaşı/Keskin,TRY,1.0,410000.0,,Неправдоподобная площадь,оставить,410000.0,аналогов train меньше 2,площадь → пропуск
1834,Komple Bina,10500000.0,1190.0,+,,4,İstanbul/Beşiktaş/Mecidiye,TRY,1.0,10500000.0,,Комнаты не разобраны,оставить,10500000.0,аналогов train меньше 2,без изменений
1850,Komple Bina,630000.0,272.0,+,,2,İzmir/Karabağlar/Sarıyer,TRY,,,,Комнаты не разобраны,оставить,630000.0,аналогов train меньше 2,без изменений
1856,Prefabrik Ev,34000.0,,+,,1,Kayseri/Melikgazi/Anbar,TRY,1.0,34000.0,,Комнаты не разобраны,оставить,34000.0,аналогов train меньше 2,без изменений
1868,Komple Bina,980000.0,370.0,+,,4,İzmir/Selçuk/14 Mayıs,TRY,1.0,900000.0,,Комнаты не разобраны,оставить,980000.0,аналогов train меньше 2,без изменений
1875,Daire,420000.0,120.0,3+1,3,1,Muğla/Fethiye/Akarca,TRY,16.0,430000.0,0.9767441860465116,Этаж выше этажности,оставить,420000.0,есть ≥2 аналога train,этаж → пропуск
1894,Komple Bina,900000.0,348.0,+,,2,İzmir/Karaburun/Merkez,TRY,1.0,900000.0,,Комнаты не разобраны,оставить,900000.0,аналогов train меньше 2,без изменений
1962,Daire,199000.0,90.0,2+1,7,6,Adana/Seyhan/Gürselpaşa,TRY,547.0,294000.0,0.6768707482993197,Этаж выше этажности,оставить,199000.0,есть ≥2 аналога train,этаж → пропуск
2486,Daire,2850.0,2.0,1+0,Müstakil,1,İstanbul/Kartal/Topselvi,TRY,70.0,349500.0,0.00815450643776824,"Цена < 5 000 TRY, Цена < 1% местной медианы, Неправдоподобная площадь",исключить,2850.0,есть ≥2 аналога train,площадь → пропуск
2647,Daire,152000.0,,2+1,4,2,Antalya/Kepez/Habibler,TRY,38.0,153000.0,0.9934640522875817,Этаж выше этажности,оставить,152000.0,есть ≥2 аналога train,этаж → пропуск
3031,Daire,78000.0,40.0,1+1,15,10,Adana/Sarıçam/Gültepe,TRY,94.0,148250.0,0.5261382799325464,Этаж выше этажности,оставить,78000.0,есть ≥2 аналога train,этаж → пропуск
3044,Daire,350000.0,120.0,2+1,4,1,Antalya/Muratpaşa/Gençlik,TRY,42.0,392500.0,0.89171974522293,Этаж выше этажности,оставить,350000.0,есть ≥2 аналога train,этаж → пропуск
3072,Daire,165000.0,,3+1,4,2,Balıkesir/Edremit/Akçay,TRY,3930.0,220000.0,0.75,Этаж выше этажности,оставить,165000.0,есть ≥2 аналога train,этаж → пропуск
3262,Daire,182000.0,,2+1,2,1,Aydın/Didim/Efeler,TRY,1906.0,239900.0,0.7586494372655272,Этаж выше этажности,оставить,182000.0,есть ≥2 аналога train,этаж → пропуск
3269,Daire,182000.0,,2+1,2,1,Aydın/Didim/Efeler,TRY,1906.0,239900.0,0.7586494372655272,Этаж выше этажности,оставить,182000.0,есть ≥2 аналога train,этаж → пропуск
3603,Daire,199000.0,90.0,2+1,7,6,Adana/Seyhan/Gürselpaşa,TRY,547.0,294000.0,0.6768707482993197,Этаж выше этажности,оставить,199000.0,есть ≥2 аналога train,этаж → пропуск
3666,Daire,844436.3844,10.0,1+1,Kot 1,20 ve üzeri,Ankara/Elmadağ/Hasanoğlan Havuzbaşı,GBP,68.0,575000.0,1.468585016347826,Неправдоподобная площадь,оставить,123333.0,есть ≥2 аналога train,площадь → пропуск
3828,Daire,159000.0,,1+1,3,2,İzmir/Çiğli/Balatçık,TRY,86.0,237000.0,0.6708860759493671,Этаж выше этажности,оставить,159000.0,есть ≥2 аналога train,этаж → пропуск
3905,Daire,176267.86,63.0,10+0,17,7,Ankara/Elmadağ/Hasanoğlan Havuzbaşı,USD,68.0,575000.0,0.30655279999999996,Этаж выше этажности,оставить,33511.0,есть ≥2 аналога train,этаж → пропуск
3959,Daire,603787.439,43818.0,2+1,18,1,Elazığ/Merkez/Değirmenönü Köyü,EUR,2.0,3097966.4089,0.19489799413751158,"Неправдоподобная площадь, Этаж выше этажности",оставить,100222.0,есть ≥2 аналога train,площадь и этаж → пропуск
4303,Daire,335000.0,95.0,2+1,5,2,Antalya/Alanya/Mahmutlar,TRY,581.0,277000.0,1.2093862815884477,Этаж выше этажности,оставить,335000.0,есть ≥2 аналога train,этаж → пропуск
4407,Yazlık,330000.0,1.0,3+1,Müstakil,3,İzmir/Seferihisar/Payamlı,TRY,18.0,382500.0,0.8627450980392157,Неправдоподобная площадь,оставить,330000.0,есть ≥2 аналога train,площадь → пропуск
4984,Daire,370.0,200.0,4+1,Zemin Kat,5,İzmir/Karşıyaka/Dedebaşı,TRY,144.0,362500.0,0.0010206896551724137,"Цена < 5 000 TRY, Цена < 1% местной медианы",исключить,370.0,есть ≥2 аналога train,без изменений
5242,Villa,1350.0,,4+1,3,3,Muğla/Marmaris/Çamdibi,TRY,15.0,1750000.0,0.0007714285714285715,"Цена < 5 000 TRY, Цена < 1% местной медианы",исключить,1350.0,есть ≥2 аналога train,без изменений
5535,Daire,7026511.6,,9+4,5,1,İstanbul/Avcılar/Cihangir,GBP,470.0,249000.0,28.218922088353413,"Цена > 20 местных медиан, Этаж выше этажности",исключить,886000.0,есть ≥2 аналога train,этаж → пропуск
5670,Daire,345000.0,,+,3,4,İzmir/Buca/Dicle,TRY,19.0,275000.0,1.2545454545454546,Комнаты не разобраны,оставить,345000.0,есть ≥2 аналога train,без изменений
5798,Villa,300000.0,1.0,5+2,Müstakil,3,Mersin/Çamlıyayla/Fakılar,TRY,1.0,300000.0,,Неправдоподобная площадь,оставить,300000.0,аналогов train меньше 2,площадь → пропуск
5942,Daire,185000.0,323.0,+,Bahçe katı,3,Balıkesir/Bandırma/17 Eylül,TRY,107.0,175000.0,1.0571428571428572,Комнаты не разобраны,оставить,185000.0,есть ≥2 аналога train,без изменений
6594,Komple Bina,1900000.0,,+,,5,İstanbul/Beylikdüzü/Yakuplu,TRY,3.0,4800000.0,0.3958333333333333,Комнаты не разобраны,оставить,1900000.0,есть ≥2 аналога train,без изменений
6596,Villa,831.2624999999999,75.0,2+1,,2,Aydın/Didim/Akbük,EUR,352.0,635000.0,0.0013090748031496062,"Цена < 5 000 TRY, Цена < 1% местной медианы",исключить,135.0,есть ≥2 аналога train,без изменений
6628,Komple Bina,2150000.0,200.0,+,,6,Tekirdağ/Çerkezköy/Kızılpınar,TRY,,,,Комнаты не разобраны,оставить,2150000.0,аналогов train меньше 2,без изменений
6630,Komple Bina,950000.0,,+,,4,Kocaeli/İzmit/Tüysüzler,TRY,1.0,1300000.0,,Комнаты не разобраны,оставить,950000.0,аналогов train меньше 2,без изменений
6633,Daire,170000.0,110.0,3+1,3,2,Ankara/Altındağ/Beşikkaya,TRY,89.0,138950.0,1.2234616768621807,Этаж выше этажности,оставить,170000.0,есть ≥2 аналога train,этаж → пропуск
6644,Komple Bina,800000.0,473.0,+,,2,Çanakkale/Yenice/Kurtuluş,TRY,1.0,800000.0,,Комнаты не разобраны,оставить,800000.0,аналогов train меньше 2,без изменений
6660,Komple Bina,1400000.0,,+,,4,İstanbul/Beyoğlu/Şehit Muhtar,TRY,1.0,1400000.0,,Комнаты не разобраны,оставить,1400000.0,аналогов train меньше 2,без изменений
6668,Komple Bina,1350000.0,,+,,3,İstanbul/Sarıyer/Tarabya,TRY,,,,Комнаты не разобраны,оставить,1350000.0,аналогов train меньше 2,без изменений
6686,Komple Bina,850000.0,270.0,+,,3,İstanbul/Beykoz/Soğuksu,TRY,1.0,850000.0,,Комнаты не разобраны,оставить,850000.0,аналогов train меньше 2,без изменений
6698,Komple Bina,2500000.0,480.0,+,,3,Bursa/Nilüfer/Karaman,TRY,,,,Комнаты не разобраны,оставить,2500000.0,аналогов train меньше 2,без изменений
6700,Daire,269000.0,160.0,2+1,9,2,Adana/Seyhan/Gürselpaşa,TRY,547.0,294000.0,0.9149659863945578,Этаж выше этажности,оставить,269000.0,есть ≥2 аналога train,этаж → пропуск
6716,Komple Bina,1300000.0,90.0,+,,4,İstanbul/Bağcılar/Kirazlı,TRY,3.0,1000000.0,1.3,Комнаты не разобраны,оставить,1300000.0,есть ≥2 аналога train,без изменений
6732,Komple Bina,16000000.0,1030.0,+,,4,İstanbul/Üsküdar/Salacak,TRY,2.0,8445000.0,1.8946121965660154,Комнаты не разобраны,оставить,16000000.0,есть ≥2 аналога train,без изменений
6764,Komple Bina,7840000.0,,+,,6,İstanbul/Beyoğlu/Hacımimi,TRY,,,,Комнаты не разобраны,оставить,7840000.0,аналогов train меньше 2,без изменений
6774,Komple Bina,3700000.0,1000.0,+,,4,Bursa/Osmangazi/Demirtaş Barbaros,TRY,1.0,3700000.0,,Комнаты не разобраны,оставить,3700000.0,аналогов train меньше 2,без изменений
6802,Komple Bina,1587780.0,55.0,+,,4,İstanbul/Fatih/Derviş Ali,USD,2.0,1587780.0,1.0,Комнаты не разобраны,оставить,300000.0,есть ≥2 аналога train,без изменений
6806,Komple Bina,875000.0,,+,,3,Sakarya/Akyazı/Ömercikler,TRY,1.0,875000.0,,Комнаты не разобраны,оставить,875000.0,аналогов train меньше 2,без изменений
6856,Komple Bina,410000.0,100.0,+,,1,İstanbul/Üsküdar/Burhaniye,TRY,2.0,9000000.0,0.04555555555555556,Комнаты не разобраны,оставить,410000.0,есть ≥2 аналога train,без изменений
6860,Çiftlik Evi,985000.0,,+,,5,Kayseri/İncesu/Bahçelievler,TRY,,,,Комнаты не разобраны,оставить,985000.0,аналогов train меньше 2,без изменений
6866,Komple Bina,690000.0,,+,,3,İstanbul/Beyoğlu/Bostan,TRY,2.0,1120000.0,0.6160714285714286,Комнаты не разобраны,оставить,690000.0,есть ≥2 аналога train,без изменений
6888,Komple Bina,360000.0,,+,,3,Aydın/Nazilli/Turan,TRY,4.0,360000.0,1.0,Комнаты не разобраны,оставить,360000.0,есть ≥2 аналога train,без изменений
6894,Çiftlik Evi,50509600.0,10000.0,5+3,,3,İstanbul/Beykoz/Polonezköy,USD,1.0,50509600.0,,Цена > 50 млн TRY,оставить,9500000.0,аналогов train меньше 2,без изменений
6900,Komple Bina,360000.0,,+,,3,Aydın/Nazilli/Turan,TRY,4.0,360000.0,1.0,Комнаты не разобраны,оставить,360000.0,есть ≥2 аналога train,без изменений
6908,Komple Bina,3250000.0,950.0,+,,6,Trabzon/Ortahisar/Konaklar,TRY,5.0,1250000.0,2.6,Комнаты не разобраны,оставить,3250000.0,есть ≥2 аналога train,без изменений
6914,Komple Bina,750000.0,480.0,+,,2,Konya/Meram/Aşkan,TRY,2.0,750000.0,1.0,Комнаты не разобраны,оставить,750000.0,есть ≥2 аналога train,без изменений
6936,Daire,5592145.3788,42262.0,9+2,11,2,Elazığ/Merkez/Değirmenönü Köyü,GBP,2.0,3097966.4089,1.8051020058624883,"Неправдоподобная площадь, Этаж выше этажности",оставить,835222.0,есть ≥2 аналога train,площадь и этаж → пропуск
6952,Daire,570000.0,,2+1,9,3,İstanbul/Küçükçekmece/Atakent,TRY,500.0,385000.0,1.4805194805194806,Этаж выше этажности,оставить,570000.0,есть ≥2 аналога train,этаж → пропуск
6962,Komple Bina,980000.0,450.0,+,,3,İstanbul/Üsküdar/Yavuztürk,TRY,2.0,980000.0,1.0,Комнаты не разобраны,оставить,980000.0,есть ≥2 аналога train,без изменений
6972,Komple Bina,2000000.0,,+,,5,İstanbul/Kartal/Yunus,TRY,1.0,2000000.0,,Комнаты не разобраны,оставить,2000000.0,аналогов train меньше 2,без изменений
6977,Daire,250.0,120.0,2+1,3,5,Gaziantep/Şehitkamil/Sarıgüllük,TRY,30.0,320000.0,0.00078125,"Цена < 5 000 TRY, Цена < 1% местной медианы",исключить,250.0,есть ≥2 аналога train,без изменений
7002,Daire,205000.0,5.0,3+1,10,10-20 arası,Niğde/Merkez/İnönü,TRY,20.0,176500.0,1.161473087818697,Неправдоподобная площадь,оставить,205000.0,есть ≥2 аналога train,площадь → пропуск
7024,Komple Bina,430000.0,250.0,+,,3,Tekirdağ/Süleymanpaşa/Barbaros,TRY,1.0,430000.0,,Комнаты не разобраны,оставить,430000.0,аналогов train меньше 2,без изменений
7045,Daire,125000.0,1.0,2+1,Giriş Katı,3,Konya/Selçuklu/Ferhuniye,TRY,1.0,165000.0,,Неправдоподобная площадь,оставить,125000.0,аналогов train меньше 2,площадь → пропуск
7062,Komple Bina,1300000.0,75.0,+,,4,İstanbul/Fatih/Silivrikapı,TRY,5.0,280000.0,4.642857142857143,Комнаты не разобраны,оставить,1300000.0,есть ≥2 аналога train,без изменений
7082,Komple Bina,485000.0,290.0,+,,3,Kocaeli/Gebze/Mevlana,TRY,2.0,377500.0,1.2847682119205297,Комнаты не разобраны,оставить,485000.0,есть ≥2 аналога train,без изменений
7088,Komple Bina,620000.0,,+,,3,Afyonkarahisar/Merkez/Nazmi Saatçi,TRY,,,,Комнаты не разобраны,оставить,620000.0,аналогов train меньше 2,без изменений
7108,Komple Bina,1250000.0,70.0,+,,3,Denizli/Pamukkale/Yunusemre,TRY,1.0,1250000.0,,Комнаты не разобраны,оставить,1250000.0,аналогов train меньше 2,без изменений
7116,Komple Bina,485000.0,104.0,+,,3,Sakarya/Adapazarı/Mithatpaşa,TRY,2.0,500000.0,0.97,Комнаты не разобраны,оставить,485000.0,есть ≥2 аналога train,без изменений
7124,Komple Bina,2150000.0,200.0,+,,6,Tekirdağ/Çerkezköy/Kızılpınar,TRY,,,,Комнаты не разобраны,оставить,2150000.0,аналогов train меньше 2,без изменений
7126,Köşk / Konak / Yalı,111111111.0,620.0,5+1,,4,Antalya/Alanya/Küçükhasbahçe,TRY,1.0,111111111.0,,Цена > 50 млн TRY,оставить,111111111.0,аналогов train меньше 2,без изменений
7134,Komple Bina,400000.0,100.0,+,,3,Samsun/Canik/Hasköy,TRY,4.0,245000.0,1.6326530612244898,Комнаты не разобраны,оставить,400000.0,есть ≥2 аналога train,без изменений
7158,Komple Bina,1587780.0,55.0,+,,4,İstanbul/Fatih/Derviş Ali,USD,2.0,1587780.0,1.0,Комнаты не разобраны,оставить,300000.0,есть ≥2 аналога train,без изменений
7182,Komple Bina,8000000.0,250.0,+,,4,İstanbul/Üsküdar/Kuzguncuk,TRY,4.0,8000000.0,1.0,Комнаты не разобраны,оставить,8000000.0,есть ≥2 аналога train,без изменений
7188,Daire,570000.0,,2+1,9,3,İstanbul/Küçükçekmece/Atakent,TRY,500.0,385000.0,1.4805194805194806,Этаж выше этажности,оставить,570000.0,есть ≥2 аналога train,этаж → пропуск
7204,Komple Bina,950000.0,300.0,+,,3,İstanbul/Ataşehir/İçerenköy,TRY,1.0,1025000.0,,Комнаты не разобраны,оставить,950000.0,аналогов train меньше 2,без изменений
7232,Komple Bina,6350000.0,161.0,+,,4,İstanbul/Fatih/Akşemsettin,TRY,4.0,2750000.0,2.309090909090909,Комнаты не разобраны,оставить,6350000.0,есть ≥2 аналога train,без изменений
7240,Komple Bina,725000.0,100.0,+,,4,Trabzon/Ortahisar/Fatih,TRY,4.0,737500.0,0.9830508474576272,Комнаты не разобраны,оставить,725000.0,есть ≥2 аналога train,без изменений
7248,Komple Bina,300000.0,,+,,2,Manisa/Turgutlu/Şehitler,TRY,1.0,300000.0,,Комнаты не разобраны,оставить,300000.0,аналогов train меньше 2,без изменений
7260,Komple Bina,2500000.0,760.0,+,,2,Antalya/Muratpaşa/Güzeloba,TRY,4.0,1850000.0,1.3513513513513513,Комнаты не разобраны,оставить,2500000.0,есть ≥2 аналога train,без изменений
7264,Komple Bina,410000.0,,+,,4,Bursa/Yıldırım/Hacıseyfettin,TRY,1.0,410000.0,,Комнаты не разобраны,оставить,410000.0,аналогов train меньше 2,без изменений
7286,Komple Bina,930000.0,122.0,+,,2,Bursa/Nilüfer/Üçevler,TRY,2.0,1000000.0,0.93,Комнаты не разобраны,оставить,930000.0,есть ≥2 аналога train,без изменений
7288,Komple Bina,360000.0,,+,,3,Aydın/Nazilli/Turan,TRY,4.0,360000.0,1.0,Комнаты не разобраны,оставить,360000.0,есть ≥2 аналога train,без изменений
7314,Komple Bina,325000.0,,+,,2,Eskişehir/Tepebaşı/Ertuğrulgazi,TRY,2.0,825000.0,0.3939393939393939,Комнаты не разобраны,оставить,325000.0,есть ≥2 аналога train,без изменений
7334,Komple Bina,410000.0,100.0,+,,1,İstanbul/Üsküdar/Burhaniye,TRY,2.0,9000000.0,0.04555555555555556,Комнаты не разобраны,оставить,410000.0,есть ≥2 аналога train,без изменений
7362,Komple Bina,8000000.0,250.0,+,,4,İstanbul/Üsküdar/Kuzguncuk,TRY,4.0,8000000.0,1.0,Комнаты не разобраны,оставить,8000000.0,есть ≥2 аналога train,без изменений
7382,Komple Bina,875000.0,90.0,+,,4,İstanbul/Esenler/Davutpaşa,TRY,1.0,875000.0,,Комнаты не разобраны,оставить,875000.0,аналогов train меньше 2,без изменений
7428,Komple Bina,8000000.0,245.0,+,,4,İstanbul/Üsküdar/Kuzguncuk,TRY,4.0,8000000.0,1.0,Комнаты не разобраны,оставить,8000000.0,есть ≥2 аналога train,без изменений
7432,Komple Bina,1250000.0,,+,,4,Kocaeli/İzmit/Topçular,TRY,,,,Комнаты не разобраны,оставить,1250000.0,аналогов train меньше 2,без изменений
7436,Köşk / Konak / Yalı,1650000000.0,426.0,10+0,,6,İstanbul/Beşiktaş/Bebek,TRY,2.0,36500000.0,45.205479452054796,"Цена > 50 млн TRY, Цена > 20 местных медиан",исключить,1650000000.0,есть ≥2 аналога train,без изменений
7438,Komple Bina,800000.0,150.0,+,,5,Samsun/İlkadım/Kazım Karabekir,TRY,,,,Комнаты не разобраны,оставить,800000.0,аналогов train меньше 2,без изменений
7488,Komple Bina,490000.0,,+,,3,Yalova/Çiftlikköy/Çiftlik,TRY,,,,Комнаты не разобраны,оставить,490000.0,аналогов train меньше 2,без изменений
7516,Komple Bina,525000.0,567.0,+,,3,Kırşehir/Merkez/Kervansaray,TRY,1.0,525000.0,,Комнаты не разобраны,оставить,525000.0,аналогов train меньше 2,без изменений
7532,Komple Bina,2150000.0,200.0,+,,6,Tekirdağ/Çerkezköy/Kızılpınar,TRY,,,,Комнаты не разобраны,оставить,2150000.0,аналогов train меньше 2,без изменений
7543,Daire,240000.0,120.0,3+1,3,1,Ankara/Etimesgut/Kazım Karabekir,TRY,33.0,135000.0,1.7777777777777777,Этаж выше этажности,оставить,240000.0,есть ≥2 аналога train,этаж → пропуск
7548,Komple Bina,30000000.0,,+,,8,İstanbul/Kartal/Atalar,TRY,2.0,18100000.0,1.6574585635359116,Комнаты не разобраны,оставить,30000000.0,есть ≥2 аналога train,без изменений
7576,Komple Bina,2050000.0,95.0,+,,4,İstanbul/Kartal/Atalar,TRY,2.0,18100000.0,0.1132596685082873,Комнаты не разобраны,оставить,2050000.0,есть ≥2 аналога train,без изменений
7590,Komple Bina,300000.0,112.0,+,,3,Kilis/Merkez/Yavuz Sultan Selim,TRY,1.0,300000.0,,Комнаты не разобраны,оставить,300000.0,аналогов train меньше 2,без изменений
7592,Komple Bina,360000.0,80.0,+,,2,İzmir/Buca/Ufuk,TRY,2.0,360000.0,1.0,Комнаты не разобраны,оставить,360000.0,есть ≥2 аналога train,без изменений
7600,Komple Bina,5000000.0,,+,,5,İstanbul/Beyoğlu/Hacımimi,TRY,,,,Комнаты не разобраны,оставить,5000000.0,аналогов train меньше 2,без изменений
7626,Komple Bina,11400000.0,508.0,+,,3,İstanbul/Bakırköy/Şenlikköy,TRY,1.0,11400000.0,,Комнаты не разобраны,оставить,11400000.0,аналогов train меньше 2,без изменений
7630,Komple Bina,600000.0,600.0,+,,5,Tekirdağ/Ergene/Sağlık,TRY,2.0,510000.0,1.1764705882352942,Комнаты не разобраны,оставить,600000.0,есть ≥2 аналога train,без изменений
7658,Komple Bina,360000.0,,+,,3,Aydın/Nazilli/Turan,TRY,4.0,360000.0,1.0,Комнаты не разобраны,оставить,360000.0,есть ≥2 аналога train,без изменений
7662,Komple Bina,980000.0,450.0,+,,3,İstanbul/Üsküdar/Yavuztürk,TRY,2.0,980000.0,1.0,Комнаты не разобраны,оставить,980000.0,есть ≥2 аналога train,без изменений
7674,Komple Bina,2450000.0,,+,,5,Malatya/Battalgazi/İstiklal,TRY,2.0,1400000.0,1.75,Комнаты не разобраны,оставить,2450000.0,есть ≥2 аналога train,без изменений
7692,Komple Bina,900000.0,92.0,+,,5,İstanbul/Arnavutköy/Anadolu,TRY,6.0,2490000.0,0.3614457831325301,Комнаты не разобраны,оставить,900000.0,есть ≥2 аналога train,без изменений
7716,Komple Bina,8000000.0,245.0,+,,4,İstanbul/Üsküdar/Kuzguncuk,TRY,4.0,8000000.0,1.0,Комнаты не разобраны,оставить,8000000.0,есть ≥2 аналога train,без изменений
7757,Daire,71098443.92920001,,8+1,Bodrum Kat,8,İstanbul/Avcılar/Cihangir,GBP,470.0,249000.0,285.5359193943776,"Цена > 50 млн TRY, Цена > 20 местных медиан",исключить,8342342.0,есть ≥2 аналога train,без изменений
7778,Komple Bina,900000.0,200.0,+,,4,İstanbul/Sancaktepe/Abdurrahmangazi,TRY,3.0,3500000.0,0.2571428571428571,Комнаты не разобраны,оставить,900000.0,есть ≥2 аналога train,без изменений
7794,Daire,230000.0,3.0,3+1,10,10,Ankara/Sincan/Menderes,TRY,43.0,200000.0,1.15,Неправдоподобная площадь,оставить,230000.0,есть ≥2 аналога train,площадь → пропуск
7823,Daire,125000.0,1.0,2+1,Giriş Katı,3,Konya/Selçuklu/Ferhuniye,TRY,1.0,165000.0,,Неправдоподобная площадь,оставить,125000.0,аналогов train меньше 2,площадь → пропуск
7838,Komple Bina,2300000.0,660.0,+,,4,İzmir/Bornova/Evka 4,TRY,1.0,2300000.0,,Комнаты не разобраны,оставить,2300000.0,аналогов train меньше 2,без изменений
7842,Komple Bina,1900000.0,,+,,,İstanbul/Beylikdüzü/Yakuplu,TRY,3.0,4800000.0,0.3958333333333333,Комнаты не разобраны,оставить,1900000.0,есть ≥2 аналога train,без изменений
7850,Komple Bina,2150000.0,200.0,+,,6,Tekirdağ/Çerkezköy/Kızılpınar,TRY,,,,Комнаты не разобраны,оставить,2150000.0,аналогов train меньше 2,без изменений
7898,Komple Bina,840000.0,,+,,4,Denizli/Pamukkale/Bağbaşı,TRY,3.0,900000.0,0.9333333333333333,Комнаты не разобраны,оставить,840000.0,есть ≥2 аналога train,без изменений
7970,Komple Bina,320000.0,110.0,+,,2,Bursa/Osmangazi/Bağlarbaşı,TRY,3.0,385000.0,0.8311688311688312,Комнаты не разобраны,оставить,320000.0,есть ≥2 аналога train,без изменений
7976,Komple Bina,410000.0,100.0,+,,1,İstanbul/Üsküdar/Burhaniye,TRY,2.0,9000000.0,0.04555555555555556,Комнаты не разобраны,оставить,410000.0,есть ≥2 аналога train,без изменений
7986,Komple Bina,1375000.0,450.0,+,,4,Sakarya/Sapanca/Gazipaşa,TRY,,,,Комнаты не разобраны,оставить,1375000.0,аналогов train меньше 2,без изменений
8014,Komple Bina,750000.0,380.0,+,,3,Denizli/Pamukkale/Kayıhan,TRY,1.0,680000.0,,Комнаты не разобраны,оставить,750000.0,аналогов train меньше 2,без изменений
8018,Komple Bina,1250000.0,,+,,4,Kocaeli/İzmit/Topçular,TRY,,,,Комнаты не разобраны,оставить,1250000.0,аналогов train меньше 2,без изменений
8048,Komple Bina,360000.0,80.0,+,,2,İzmir/Buca/Ufuk,TRY,2.0,360000.0,1.0,Комнаты не разобраны,оставить,360000.0,есть ≥2 аналога train,без изменений
8055,Daire,170000.0,145.0,2+1,4,3,Mersin/Erdemli/Alata,TRY,80.0,202500.0,0.8395061728395061,Этаж выше этажности,оставить,170000.0,есть ≥2 аналога train,этаж → пропуск
8058,Komple Bina,390000.0,180.0,+,,2,Afyonkarahisar/Merkez/Dumlupınar,TRY,1.0,390000.0,,Комнаты не разобраны,оставить,390000.0,аналогов train меньше 2,без изменений
8067,Daire,149999.0,85.0,2+1,3,1,Eskişehir/Odunpazarı/Gökmeydan,TRY,88.0,352500.0,0.4255290780141844,Этаж выше этажности,оставить,149999.0,есть ≥2 аналога train,этаж → пропуск
8084,Komple Bina,1100000.0,135.0,+,,5,Bursa/Osmangazi/Bağlarbaşı,TRY,3.0,385000.0,2.857142857142857,Комнаты не разобраны,оставить,1100000.0,есть ≥2 аналога train,без изменений
8103,Daire,170000.0,145.0,2+1,4,3,Mersin/Erdemli/Alata,TRY,80.0,202500.0,0.8395061728395061,Этаж выше этажности,оставить,170000.0,есть ≥2 аналога train,этаж → пропуск
8108,Komple Bina,620000.0,,+,,3,Afyonkarahisar/Merkez/Nazmi Saatçi,TRY,,,,Комнаты не разобраны,оставить,620000.0,аналогов train меньше 2,без изменений
8148,Komple Bina,750000.0,480.0,+,,2,Konya/Meram/Aşkan,TRY,2.0,750000.0,1.0,Комнаты не разобраны,оставить,750000.0,есть ≥2 аналога train,без изменений
8176,Komple Bina,2600000.0,400.0,+,,2,İstanbul/Büyükçekmece/Güzelce,TRY,,,,Комнаты не разобраны,оставить,2600000.0,аналогов train меньше 2,без изменений
8194,Komple Bina,1300000.0,425.0,+,,5,Denizli/Merkezefendi/Adalet,TRY,1.0,1300000.0,,Комнаты не разобраны,оставить,1300000.0,аналогов train меньше 2,без изменений
8321,Daire,1100.0,130.0,3+1,4,4,Balıkesir/Bandırma/Sunullah,TRY,122.0,240000.0,0.004583333333333333,"Цена < 5 000 TRY, Цена < 1% местной медианы",исключить,1100.0,есть ≥2 аналога train,без изменений
8600,Daire,135000.0,50.0,1+1,5,1,Denizli/Pamukkale/Bağbaşı,TRY,108.0,275000.0,0.4909090909090909,Этаж выше этажности,оставить,135000.0,есть ≥2 аналога train,этаж → пропуск
8913,Daire,360000.0,,4+1,5,2,Kocaeli/Gebze/Barış,TRY,97.0,230000.0,1.565217391304348,Этаж выше этажности,оставить,360000.0,есть ≥2 аналога train,этаж → пропуск
8924,Daire,4296322.8,31207.0,8+3,12,5,İstanbul/Avcılar/Cihangir,EUR,470.0,249000.0,17.254308433734938,"Неправдоподобная площадь, Этаж выше этажности",оставить,693000.0,есть ≥2 аналога train,площадь и этаж → пропуск
9183,Daire,180000.0,12.0,5+1,Kot 3,4,Aydın/Nazilli/Zafer,TRY,42.0,224000.0,0.8035714285714286,Неправдоподобная площадь,оставить,180000.0,есть ≥2 аналога train,площадь → пропуск
9522,Daire,255000.0,132.0,3+1,3,1,Sakarya/Serdivan/Vatan,TRY,38.0,225000.0,1.1333333333333333,Этаж выше этажности,оставить,255000.0,есть ≥2 аналога train,этаж → пропуск
10856,Daire,1700.0,,3+1,2,5,Denizli/Merkezefendi/Yenişehir,TRY,14.0,900000.0,0.001888888888888889,"Цена < 5 000 TRY, Цена < 1% местной медианы",исключить,1700.0,есть ≥2 аналога train,без изменений
10991,Daire,110000.0,,1+1,7,5,Rize/Merkez/Tophane,TRY,20.0,245000.0,0.4489795918367347,Этаж выше этажности,оставить,110000.0,есть ≥2 аналога train,этаж → пропуск
11164,Müstakil Ev,1200.0,,3+1,Müstakil,1,Konya/Selçuklu/Aydınlıkevler,TRY,,,,Цена < 5 000 TRY,исключить,1200.0,аналогов train меньше 2,без изменений
11361,Daire,255000.0,132.0,3+1,3,1,Sakarya/Serdivan/Vatan,TRY,38.0,225000.0,1.1333333333333333,Этаж выше этажности,оставить,255000.0,есть ≥2 аналога train,этаж → пропуск
11589,Daire,200000.0,95.0,2+1,2,1,Uşak/Merkez/Cumhuriyet,TRY,30.0,257500.0,0.7766990291262136,Этаж выше этажности,оставить,200000.0,есть ≥2 аналога train,этаж → пропуск
11607,Daire,220000.0,13.0,3+1,4,9,Niğde/Merkez/Esenbey,TRY,8.0,167500.0,1.3134328358208955,Неправдоподобная площадь,оставить,220000.0,есть ≥2 аналога train,площадь → пропуск
12255,Daire,450000.0,230.0,4+1,3,2,Sakarya/Adapazarı/Güneşler Merkez,TRY,28.0,237500.0,1.894736842105263,Этаж выше этажности,оставить,450000.0,есть ≥2 аналога train,этаж → пропуск
12519,Daire,4296322.8,31207.0,8+3,12,5,İstanbul/Avcılar/Cihangir,EUR,470.0,249000.0,17.254308433734938,"Неправдоподобная площадь, Этаж выше этажности",оставить,693000.0,есть ≥2 аналога train,площадь и этаж → пропуск
12534,Daire,340000.0,175.0,3+2,3,2,İstanbul/Arnavutköy/Mustafa Kemal Paşa,TRY,24.0,360000.0,0.9444444444444444,Этаж выше этажности,оставить,340000.0,есть ≥2 аналога train,этаж → пропуск
12650,Daire,275.0,,2+1,Giriş Katı,4,İstanbul/Fatih/Silivrikapı,TRY,58.0,372500.0,0.000738255033557047,"Цена < 5 000 TRY, Цена < 1% местной медианы",исключить,275.0,есть ≥2 аналога train,без изменений
12975,Daire,450000.0,230.0,4+1,3,2,Sakarya/Adapazarı/Güneşler Merkez,TRY,28.0,237500.0,1.894736842105263,Этаж выше этажности,оставить,450000.0,есть ≥2 аналога train,этаж → пропуск
13072,Daire,1000.0,,2+1,Kot 1,4,İstanbul/Zeytinburnu/Gökalp,TRY,59.0,440000.0,0.0022727272727272726,"Цена < 5 000 TRY, Цена < 1% местной медианы",исключить,1000.0,есть ≥2 аналога train,без изменений
13149,Daire,300000.0,,3+1,3,2,Konya/Selçuklu/Hüsamettin Çelebi,TRY,34.0,247500.0,1.2121212121212122,Этаж выше этажности,оставить,300000.0,есть ≥2 аналога train,этаж → пропуск
13192,Daire,230000.0,200.0,3+1,7,3,Konya/Selçuklu/Şeker,TRY,69.0,345000.0,0.6666666666666666,Этаж выше этажности,оставить,230000.0,есть ≥2 аналога train,этаж → пропуск
13210,Daire,300000000.0,130.0,3+1,2,5,İstanbul/Bağcılar/Merkez,TRY,23.0,520000.0,576.9230769230769,"Цена > 50 млн TRY, Цена > 20 местных медиан",исключить,300000000.0,есть ≥2 аналога train,без изменений
14110,Daire,210000.0,90.0,2+1,6,3,Çanakkale/Merkez/İsmetpaşa,TRY,196.0,157500.0,1.3333333333333333,Этаж выше этажности,оставить,210000.0,есть ≥2 аналога train,этаж → пропуск
14235,Daire,2857132.5694000004,94433.0,2+1,7,3,İstanbul/Güngören/Sanayi,GBP,24.0,285000.0,10.025026559298247,"Неправдоподобная площадь, Этаж выше этажности",оставить,427222.0,есть ≥2 аналога train,площадь и этаж → пропуск
14304,Daire,800.0,105.0,3+1,Yüksek Giriş,3,Bursa/Gemlik/Hamidiye,TRY,21.0,128000.0,0.00625,"Цена < 5 000 TRY, Цена < 1% местной медианы",исключить,800.0,есть ≥2 аналога train,без изменений
14427,Daire,545000.0,,4+1,13,1,Ankara/Etimesgut/Şeker,TRY,25.0,229999.0,2.369575519893565,Этаж выше этажности,оставить,545000.0,есть ≥2 аналога train,этаж → пропуск
14444,Daire,275.0,,2+1,Giriş Katı,4,İstanbul/Fatih/Silivrikapı,TRY,58.0,372500.0,0.000738255033557047,"Цена < 5 000 TRY, Цена < 1% местной медианы",исключить,275.0,есть ≥2 аналога train,без изменений
14556,Daire,125000.0,1.0,2+1,Giriş Katı,3,Konya/Selçuklu/Ferhuniye,TRY,1.0,165000.0,,Неправдоподобная площадь,оставить,125000.0,аналогов train меньше 2,площадь → пропуск
14762,Daire,209000.0,100.0,2+1,6,1,Adana/Çukurova/Toros,TRY,612.0,279000.0,0.7491039426523297,Этаж выше этажности,оставить,209000.0,есть ≥2 аналога train,этаж → пропуск
14881,Daire,850.0,120.0,3+1,7,8,Rize/Merkez/Tophane,TRY,20.0,245000.0,0.0034693877551020408,"Цена < 5 000 TRY, Цена < 1% местной медианы",исключить,850.0,есть ≥2 аналога train,без изменений
14956,Daire,1100.0,,2+1,Kot 2,5,İstanbul/Avcılar/Üniversite,TRY,52.0,233500.0,0.004710920770877944,"Цена < 5 000 TRY, Цена < 1% местной медианы",исключить,1100.0,есть ≥2 аналога train,без изменений
15204,Daire,220000.0,13.0,3+1,4,9,Niğde/Merkez/Esenbey,TRY,8.0,167500.0,1.3134328358208955,Неправдоподобная площадь,оставить,220000.0,есть ≥2 аналога train,площадь → пропуск
15627,Daire,235.0,95.0,2+1,4,4,İzmir/Torbalı/Fevzi Çakmak,TRY,191.0,170000.0,0.0013823529411764706,"Цена < 5 000 TRY, Цена < 1% местной медианы",исключить,235.0,есть ≥2 аналога train,без изменений
16154,Daire,3587917.2918,111472.0,8+4,2,3,Ankara/Elmadağ/Hasanoğlan Havuzbaşı,GBP,68.0,575000.0,6.239856159652174,Неправдоподобная площадь,оставить,517222.0,есть ≥2 аналога train,площадь → пропуск
16466,Daire,230000.0,1.0,5+2,4,4,Ankara/Mamak/Yeşilbayır,TRY,3.0,230000.0,1.0,Неправдоподобная площадь,оставить,230000.0,есть ≥2 аналога train,площадь → пропуск
16686,Daire,4296322.8,31207.0,8+3,12,5,İstanbul/Avcılar/Cihangir,EUR,470.0,249000.0,17.254308433734938,"Неправдоподобная площадь, Этаж выше этажности",оставить,693000.0,есть ≥2 аналога train,площадь и этаж → пропуск
16697,Daire,209000.0,100.0,2+1,6,1,Adana/Çukurova/Toros,TRY,612.0,279000.0,0.7491039426523297,Этаж выше этажности,оставить,209000.0,есть ≥2 аналога train,этаж → пропуск
16763,Daire,185000.0,193.0,4+2,3,2,İstanbul/Beylikdüzü/Yakuplu,TRY,653.0,225000.0,0.8222222222222222,Этаж выше этажности,оставить,185000.0,есть ≥2 аналога train,этаж → пропуск
16861,Daire,219222.0,865799.0,7+2,4,6,Ankara/Elmadağ/Yenimahalle,TRY,2.0,219222.0,1.0,Неправдоподобная площадь,оставить,219222.0,есть ≥2 аналога train,площадь → пропуск
16969,Daire,219222.0,865799.0,7+2,4,6,Ankara/Elmadağ/Yenimahalle,TRY,2.0,219222.0,1.0,Неправдоподобная площадь,оставить,219222.0,есть ≥2 аналога train,площадь → пропуск
16979,Daire,350000.0,175.0,3+1,8,2,Aydın/Nazilli/Zafer,TRY,42.0,224000.0,1.5625,Этаж выше этажности,оставить,350000.0,есть ≥2 аналога train,этаж → пропуск
17507,Daire,550000.0,190.0,5+1,6,3,Bursa/Nilüfer/23 Nisan,TRY,112.0,526000.0,1.0456273764258555,Этаж выше этажности,оставить,550000.0,есть ≥2 аналога train,этаж → пропуск
17522,Komple Bina,1300000.0,,+,,3,Balıkesir/Burhaniye/Öğretmenler,TRY,3.0,1800000.0,0.7222222222222222,Комнаты не разобраны,оставить,1300000.0,есть ≥2 аналога train,без изменений
17556,Komple Bina,1100000.0,406.0,+,,3,Isparta/Merkez/İskender,TRY,2.0,2650000.0,0.41509433962264153,Комнаты не разобраны,оставить,1100000.0,есть ≥2 аналога train,без изменений
17562,Komple Bina,2150000.0,,+,,7,Trabzon/Akçaabat/Yaylacık,TRY,,,,Комнаты не разобраны,оставить,2150000.0,аналогов train меньше 2,без изменений
17574,Komple Bina,850000.0,310.0,+,,3,Trabzon/Akçaabat/Kirazlık,TRY,,,,Комнаты не разобраны,оставить,850000.0,аналогов train меньше 2,без изменений
17600,Komple Bina,4200000.0,1500.0,+,,4,Isparta/Merkez/İskender,TRY,2.0,2650000.0,1.5849056603773586,Комнаты не разобраны,оставить,4200000.0,есть ≥2 аналога train,без изменений
17606,Komple Bina,1325000.0,685.0,+,,5,Trabzon/Ortahisar/Pelitli,TRY,5.0,5250000.0,0.2523809523809524,Комнаты не разобраны,оставить,1325000.0,есть ≥2 аналога train,без изменений
17620,Komple Bina,1250000.0,81.0,+,,4,İstanbul/Beyoğlu/Yenişehir,TRY,,,,Комнаты не разобраны,оставить,1250000.0,аналогов train меньше 2,без изменений
17632,Komple Bina,430000.0,160.0,+,,3,Afyonkarahisar/Merkez/Erkmen Bld. (Hürriyet),TRY,2.0,430000.0,1.0,Комнаты не разобраны,оставить,430000.0,есть ≥2 аналога train,без изменений
17650,Komple Bina,750000.0,145.0,+,,3,Sakarya/Hendek/Çamlıca,TRY,1.0,750000.0,,Комнаты не разобраны,оставить,750000.0,аналогов train меньше 2,без изменений
17652,Komple Bina,675000.0,,+,,4,Afyonkarahisar/Şuhut/Kurtuluş,TRY,2.0,475000.0,1.4210526315789473,Комнаты не разобраны,оставить,675000.0,есть ≥2 аналога train,без изменений
17656,Daire,97722.0,452189.0,9+5,Komple,8,İstanbul/Güngören/Gençosman,TRY,31.0,350000.0,0.2792057142857143,Неправдоподобная площадь,оставить,97722.0,есть ≥2 аналога train,площадь → пропуск
17664,Komple Bina,330000.0,105.0,+,,4,Samsun/İlkadım/Zeytinlik,TRY,1.0,330000.0,,Комнаты не разобраны,оставить,330000.0,аналогов train меньше 2,без изменений
17672,Komple Bina,2200000.0,,+,,5,Trabzon/Ortahisar/Akyazı,TRY,1.0,2000000.0,,Комнаты не разобраны,оставить,2200000.0,аналогов train меньше 2,без изменений
17686,Komple Bina,335000.0,,+,,3,Burdur/Ağlasun/Bala,TRY,3.0,335000.0,1.0,Комнаты не разобраны,оставить,335000.0,есть ≥2 аналога train,без изменений
17690,Daire,19230893.8416,583.0,5+1,9,8,Ankara/Elmadağ/Hasanoğlan Havuzbaşı,USD,68.0,575000.0,33.445032768000004,"Цена > 20 местных медиан, Этаж выше этажности",исключить,3576776.0,есть ≥2 аналога train,этаж → пропуск
17734,Komple Bina,430000.0,160.0,+,,3,Afyonkarahisar/Merkez/Erkmen Bld. (Hürriyet),TRY,2.0,430000.0,1.0,Комнаты не разобраны,оставить,430000.0,есть ≥2 аналога train,без изменений
17738,Komple Bina,330000.0,90.0,+,,3,Konya/Akşehir/Yeni,TRY,,,,Комнаты не разобраны,оставить,330000.0,аналогов train меньше 2,без изменений
17742,Komple Bina,1500000.0,330.0,+,,3,Balıkesir/Ayvalık/Küçükköy,TRY,2.0,1500000.0,1.0,Комнаты не разобраны,оставить,1500000.0,есть ≥2 аналога train,без изменений
17758,Komple Bina,1500000.0,330.0,+,,3,Balıkesir/Ayvalık/Küçükköy,TRY,2.0,1500000.0,1.0,Комнаты не разобраны,оставить,1500000.0,есть ≥2 аналога train,без изменений
17961,Daire,265.0,140.0,3+1,1,4,Antalya/Muratpaşa/Soğuksu,TRY,20.0,315000.0,0.0008412698412698413,"Цена < 5 000 TRY, Цена < 1% местной медианы",исключить,265.0,есть ≥2 аналога train,без изменений
18084,Müstakil Ev,650000.0,3.0,3+1,Müstakil,2,Çanakkale/Ayvacık/Tuzla Köyü,TRY,4.0,650000.0,1.0,Неправдоподобная площадь,оставить,650000.0,есть ≥2 аналога train,площадь → пропуск
18226,Müstakil Ev,650000.0,3.0,3+1,Müstakil,2,Çanakkale/Ayvacık/Tuzla Köyü,TRY,4.0,650000.0,1.0,Неправдоподобная площадь,оставить,650000.0,есть ≥2 аналога train,площадь → пропуск
18230,Daire,208000.0,135.0,3+1,3,2,Balıkesir/Edremit/Akçay,TRY,3930.0,220000.0,0.9454545454545454,Этаж выше этажности,оставить,208000.0,есть ≥2 аналога train,этаж → пропуск
18302,Daire,525000.0,148.0,3+1,5,1,Trabzon/Ortahisar/Boztepe,TRY,63.0,256000.0,2.05078125,Этаж выше этажности,оставить,525000.0,есть ≥2 аналога train,этаж → пропуск
18366,Villa,1500.0,,3+1,Kot 2,2,İzmir/Urla/İskele,TRY,18.0,970000.0,0.0015463917525773195,"Цена < 5 000 TRY, Цена < 1% местной медианы",исключить,1500.0,есть ≥2 аналога train,без изменений
18428,Daire,3621415.0,146117.0,7+3,Kot 4,9,İstanbul/Avcılar/Cihangir,GBP,470.0,249000.0,14.543835341365462,Неправдоподобная площадь,оставить,535000.0,есть ≥2 аналога train,площадь → пропуск
18435,Villa,26000000.0,120.0,4+1,Müstakil,2,Balıkesir/Gömeç/Karaağaç,TRY,38.0,775000.0,33.54838709677419,Цена > 20 местных медиан,оставить,26000000.0,есть ≥2 аналога train,без изменений
18473,Daire,220.0,100.0,3+1,3,3,Erzurum/Aziziye/Ilıca,TRY,9.0,115000.0,0.0019130434782608696,"Цена < 5 000 TRY, Цена < 1% местной медианы",исключить,220.0,есть ≥2 аналога train,без изменений
18477,Daire,3621415.0,146117.0,7+3,Kot 4,9,İstanbul/Avcılar/Cihangir,GBP,470.0,249000.0,14.543835341365462,Неправдоподобная площадь,оставить,535000.0,есть ≥2 аналога train,площадь → пропуск
18558,Müstakil Ev,650000.0,3.0,3+1,Müstakil,2,Çanakkale/Ayvacık/Tuzla Köyü,TRY,4.0,650000.0,1.0,Неправдоподобная площадь,оставить,650000.0,есть ≥2 аналога train,площадь → пропуск
18818,Villa,750.0,,3+1,Kot 3,1,İzmir/Urla/İskele,TRY,18.0,970000.0,0.0007731958762886598,"Цена < 5 000 TRY, Цена < 1% местной медианы",исключить,750.0,есть ≥2 аналога train,без изменений
19159,Daire,20691609.1365,350.0,3+2,En Üst Kat,4,Ankara/Elmadağ/Hasanoğlan Havuzbaşı,EUR,68.0,575000.0,35.98540719391305,Цена > 20 местных медиан,исключить,3434577.0,есть ≥2 аналога train,без изменений
19319,Daire,20691609.1365,350.0,3+2,En Üst Kat,4,Ankara/Elmadağ/Hasanoğlan Havuzbaşı,EUR,68.0,575000.0,35.98540719391305,Цена > 20 местных медиан,исключить,3434577.0,есть ≥2 аналога train,без изменений
19361,Komple Bina,2000000.0,,+,,3,Muğla/Bodrum/Torba,TRY,2.0,3750000.0,0.5333333333333333,Комнаты не разобраны,оставить,2000000.0,есть ≥2 аналога train,без изменений
19399,Komple Bina,5198000.0,,+,,4,Antalya/Kepez/Ahatlı,TRY,1.0,5198000.0,,Комнаты не разобраны,оставить,5198000.0,аналогов train меньше 2,без изменений
19433,Daire,5152110.7396,107319.0,4+1,9,5,Ankara/Elmadağ/Hasanoğlan Havuzbaşı,GBP,68.0,575000.0,8.960192590608695,"Неправдоподобная площадь, Этаж выше этажности",оставить,772222.0,есть ≥2 аналога train,площадь и этаж → пропуск
19439,Komple Bina,1725000.0,230.0,+,,3,Trabzon/Sürmene/Petekli,TRY,1.0,1725000.0,,Комнаты не разобраны,оставить,1725000.0,аналогов train меньше 2,без изменений
19652,Rezidans,330000.0,,2+1,2,1,Antalya/Alanya/Kestel,TRY,9.0,446371.2,0.7392950082801041,Этаж выше этажности,оставить,330000.0,есть ≥2 аналога train,этаж → пропуск
19884,Daire,274584.65869999997,789286.0,8+1,Bahçe katı,2,İstanbul/Üsküdar/Ünalan,EUR,17.0,425000.0,0.6460815498823529,Неправдоподобная площадь,оставить,45133.0,есть ≥2 аналога train,площадь → пропуск
19906,Villa,850000.0,180.0,3+1,6,2,Aydın/Kuşadası/Karaova,TRY,417.0,620000.0,1.3709677419354838,Этаж выше этажности,оставить,850000.0,есть ≥2 аналога train,этаж → пропуск
20074,Daire,33958101.9465,,5+3,Kot 1,5,İstanbul/Başakşehir/Bahçeşehir 2. Kısım,EUR,287.0,355000.0,95.65662520140846,Цена > 20 местных медиан,исключить,4903343.0,есть ≥2 аналога train,без изменений
20934,Daire,33958101.9465,,5+3,Kot 1,5,İstanbul/Başakşehir/Bahçeşehir 2. Kısım,EUR,287.0,355000.0,95.65662520140846,Цена > 20 местных медиан,исключить,4903343.0,есть ≥2 аналога train,без изменений
21376,Daire,375000.0,140.0,+,2,3,Antalya/Muratpaşa/Yüksekalan,TRY,166.0,230000.0,1.6304347826086956,Комнаты не разобраны,оставить,375000.0,есть ≥2 аналога train,без изменений
21772,Rezidans,992222.0,27053.0,7+2,12,1,Ankara/Ayaş/Akkaya,TRY,1.0,992222.0,,"Неправдоподобная площадь, Этаж выше этажности",оставить,992222.0,аналогов train меньше 2,площадь и этаж → пропуск
21807,Daire,1546042.8984,204835.0,1+0,3,20 ve üzeri,Ankara/Elmadağ/Hasanoğlan Havuzbaşı,GBP,68.0,575000.0,2.6887702580869566,Неправдоподобная площадь,оставить,222222.0,есть ≥2 аналога train,площадь → пропуск
21831,Daire,33958101.9465,,5+3,Kot 1,5,İstanbul/Başakşehir/Bahçeşehir 2. Kısım,EUR,287.0,355000.0,95.65662520140846,Цена > 20 местных медиан,исключить,4903343.0,есть ≥2 аналога train,без изменений
21842,Daire,33958101.9465,,5+3,Kot 1,5,İstanbul/Başakşehir/Bahçeşehir 2. Kısım,EUR,287.0,355000.0,95.65662520140846,Цена > 20 местных медиан,исключить,4903343.0,есть ≥2 аналога train,без изменений
21903,Daire,33958101.9465,,5+3,Kot 1,5,İstanbul/Başakşehir/Bahçeşehir 2. Kısım,EUR,287.0,355000.0,95.65662520140846,Цена > 20 местных медиан,исключить,4903343.0,есть ≥2 аналога train,без изменений
22135,Daire,33958101.9465,,5+3,Kot 1,5,İstanbul/Başakşehir/Bahçeşehir 2. Kısım,EUR,287.0,355000.0,95.65662520140846,Цена > 20 местных медиан,исключить,4903343.0,есть ≥2 аналога train,без изменений
22516,Komple Bina,1250000.0,161.0,+,,4,Antalya/Muratpaşa/Sinan,TRY,1.0,1250000.0,,Комнаты не разобраны,оставить,1250000.0,аналогов train меньше 2,без изменений
22592,Komple Bina,2500000.0,2800.0,+,,6,Adana/Kozan/Cumhuriyet,TRY,1.0,2500000.0,,Комнаты не разобраны,оставить,2500000.0,аналогов train меньше 2,без изменений
22671,Villa,630000.0,200.0,3+1,4,3,Aydın/Didim/Altınkum,TRY,499.0,745000.0,0.8456375838926175,Этаж выше этажности,оставить,630000.0,есть ≥2 аналога train,этаж → пропуск
22763,Daire,259000.0,112.0,3+1,3,1,Antalya/Kepez/Mehmet Akif Ersoy,TRY,211.0,180000.0,1.4388888888888889,Этаж выше этажности,оставить,259000.0,есть ≥2 аналога train,этаж → пропуск
22988,Komple Bina,1250000.0,240.0,+,,,Muğla/Bodrum/Göltürkbükü,TRY,1.0,1250000.0,,Комнаты не разобраны,оставить,1250000.0,аналогов train меньше 2,без изменений
23110,Daire,6400000.0,1050.0,10+0,,,Antalya/Serik/Belek,TRY,11.0,320000.0,20.0,Цена > 20 местных медиан,исключить,6400000.0,есть ≥2 аналога train,без изменений
23705,Daire,360000.0,,2+1,4,2,Antalya/Muratpaşa/Güzeloba,TRY,467.0,355000.0,1.0140845070422535,Этаж выше этажности,оставить,360000.0,есть ≥2 аналога train,этаж → пропуск
23797,Daire,360000.0,,2+1,4,2,Antalya/Muratpaşa/Güzeloba,TRY,467.0,355000.0,1.0140845070422535,Этаж выше этажности,оставить,360000.0,есть ≥2 аналога train,этаж → пропуск
23958,Komple Bina,1275000.0,350.0,+,,3,Balıkesir/Erdek/Şahinburgaz,TRY,4.0,1275000.0,1.0,Комнаты не разобраны,оставить,1275000.0,есть ≥2 аналога train,без изменений
24030,Komple Bina,699000.0,,+,,3,Aydın/Didim/Mavişehir,TRY,1.0,699000.0,,Комнаты не разобраны,оставить,699000.0,аналогов train меньше 2,без изменений
24260,Komple Bina,3150000.0,600.0,+,,4,İzmir/Güzelbahçe/Kahramandere,TRY,4.0,3150000.0,1.0,Комнаты не разобраны,оставить,3150000.0,есть ≥2 аналога train,без изменений
24360,Daire,1450000.0,120.0,3+1,9,6,İstanbul/Kadıköy/Caddebostan,TRY,261.0,1750000.0,0.8285714285714286,Этаж выше этажности,оставить,1450000.0,есть ≥2 аналога train,этаж → пропуск
24506,Komple Bina,3800000.0,999.0,+,,5,Trabzon/Ortahisar/Konaklar,TRY,5.0,1250000.0,3.04,Комнаты не разобраны,оставить,3800000.0,есть ≥2 аналога train,без изменений
24553,Villa,649000.0,1.0,3+1,Müstakil,2,Aydın/Didim/Altınkum,TRY,499.0,745000.0,0.8711409395973154,Неправдоподобная площадь,оставить,649000.0,есть ≥2 аналога train,площадь → пропуск
24554,Komple Bina,3800000.0,999.0,+,,5,Trabzon/Ortahisar/Konaklar,TRY,5.0,1250000.0,3.04,Комнаты не разобраны,оставить,3800000.0,есть ≥2 аналога train,без изменений
24799,Daire,565000.0,,3+1,4,3,Antalya/Muratpaşa/Şirinyalı,TRY,181.0,575000.0,0.9826086956521739,Этаж выше этажности,оставить,565000.0,есть ≥2 аналога train,этаж → пропуск
24850,Komple Bina,1390000.0,120.0,+,,3,Antalya/Kepez/Altınova Orta,TRY,4.0,1390000.0,1.0,Комнаты не разобраны,оставить,1390000.0,есть ≥2 аналога train,без изменений
24866,Komple Bina,57000000.0,2550.0,+,,5,Kocaeli/İzmit/Ömerağa,TRY,1.0,57000000.0,,"Цена > 50 млн TRY, Комнаты не разобраны",оставить,57000000.0,аналогов train меньше 2,без изменений
24906,Komple Bina,2250000.0,1100.0,+,,3,Muğla/Marmaris/İçmeler,TRY,1.0,2250000.0,,Комнаты не разобраны,оставить,2250000.0,аналогов train меньше 2,без изменений
25078,Komple Bina,1300000.0,65.0,+,,4,Antalya/Muratpaşa/Sinan,TRY,1.0,1250000.0,,Комнаты не разобраны,оставить,1300000.0,аналогов train меньше 2,без изменений
25111,Daire,270000.0,75.0,2+1,4,3,Aydın/Didim/Yeni,TRY,1008.0,250000.0,1.08,Этаж выше этажности,оставить,270000.0,есть ≥2 аналога train,этаж → пропуск
25186,Villa,850000.0,1.0,6+2,,3,Antalya/Aksu/Karaçallı,TRY,5.0,850000.0,1.0,Неправдоподобная площадь,оставить,850000.0,есть ≥2 аналога train,площадь → пропуск
25200,Daire,3265585.3,547903.0,6+3,Komple,1,İstanbul/Avcılar/Cihangir,GBP,470.0,249000.0,13.114800401606425,Неправдоподобная площадь,оставить,463000.0,есть ≥2 аналога train,площадь → пропуск
25310,Komple Bina,550000.0,,+,,3,Mersin/Yenişehir/Barbaros,TRY,,,,Комнаты не разобраны,оставить,550000.0,аналогов train меньше 2,без изменений
25385,Daire,330000.0,1.0,3+1,1,3,Aydın/Didim/Altınkum,TRY,776.0,330000.0,1.0,Неправдоподобная площадь,оставить,330000.0,есть ≥2 аналога train,площадь → пропуск
25427,Daire,600000.0,220.0,5+1,13,10,Antalya/Muratpaşa/Çağlayan,TRY,499.0,475000.0,1.263157894736842,Этаж выше этажности,оставить,600000.0,есть ≥2 аналога train,этаж → пропуск
25498,Komple Bina,1200000.0,250.0,+,,,Aydın/Didim/Efeler,TRY,1.0,750000.0,,Комнаты не разобраны,оставить,1200000.0,аналогов train меньше 2,без изменений
25518,Komple Bina,5000000.0,,+,,3,Antalya/Muratpaşa/Fener,TRY,1.0,5000000.0,,Комнаты не разобраны,оставить,5000000.0,аналогов train меньше 2,без изменений
25681,Villa,1200.0,250.0,4+1,Müstakil,3,Aydın/Kuşadası/Soğucak,TRY,299.0,595000.0,0.0020168067226890756,"Цена < 5 000 TRY, Цена < 1% местной медианы",исключить,1200.0,есть ≥2 аналога train,без изменений
25696,Villa,12917630.0,,+,,3,İstanbul/Üsküdar/Çengelköy,USD,7.0,16000000.0,0.807351875,Комнаты не разобраны,оставить,2150000.0,есть ≥2 аналога train,без изменений
25742,Komple Bina,3000000.0,615.0,+,,4,Antalya/Konyaaltı/Liman,TRY,2.0,3000000.0,1.0,Комнаты не разобраны,оставить,3000000.0,есть ≥2 аналога train,без изменений
25870,Komple Bina,650000.0,,+,,2,Antalya/Kepez/Ayanoğlu,TRY,1.0,650000.0,,Комнаты не разобраны,оставить,650000.0,аналогов train меньше 2,без изменений
25888,Komple Bina,5000000.0,1650.0,+,,8,Antalya/Muratpaşa/Kışla,TRY,1.0,5000000.0,,Комнаты не разобраны,оставить,5000000.0,аналогов train меньше 2,без изменений
25910,Komple Bina,2850000.0,,+,,5,İstanbul/Beyoğlu/Kocatepe,TRY,6.0,2850000.0,1.0,Комнаты не разобраны,оставить,2850000.0,есть ≥2 аналога train,без изменений
25912,Komple Bina,1700000.0,300.0,+,,3,Antalya/Muratpaşa/Dutlubahçe,TRY,3.0,1250000.0,1.36,Комнаты не разобраны,оставить,1700000.0,есть ≥2 аналога train,без изменений
25916,Komple Bina,7000000.0,,+,,2,Antalya/Muratpaşa/Güzeloba,TRY,4.0,1850000.0,3.7837837837837838,Комнаты не разобраны,оставить,7000000.0,есть ≥2 аналога train,без изменений
25956,Komple Bina,13000000.0,,+,,4,Antalya/Muratpaşa/Selçuk,TRY,2.0,13000000.0,1.0,Комнаты не разобраны,оставить,13000000.0,есть ≥2 аналога train,без изменений
25980,Komple Bina,1485000.0,400.0,+,,4,Antalya/Muratpaşa/Güzeloba,TRY,4.0,1850000.0,0.8027027027027027,Комнаты не разобраны,оставить,1485000.0,есть ≥2 аналога train,без изменений
26032,Komple Bina,1120000.0,43.0,+,,4,Aydın/Efeler/Zafer,TRY,2.0,1100000.0,1.018181818181818,Комнаты не разобраны,оставить,1120000.0,есть ≥2 аналога train,без изменений
26050,Komple Bina,1900000.0,300.0,+,,4,Adana/Çukurova/Beyazevler,TRY,1.0,1900000.0,,Комнаты не разобраны,оставить,1900000.0,аналогов train меньше 2,без изменений
26088,Komple Bina,825000.0,,+,,5,İzmir/Bayraklı/Körfez,TRY,,,,Комнаты не разобраны,оставить,825000.0,аналогов train меньше 2,без изменений
26096,Komple Bina,735000.0,,+,,2,İzmir/Bayraklı/Postacılar,TRY,2.0,735000.0,1.0,Комнаты не разобраны,оставить,735000.0,есть ≥2 аналога train,без изменений
26178,Komple Bina,3000000.0,615.0,+,,4,Antalya/Konyaaltı/Liman,TRY,2.0,3000000.0,1.0,Комнаты не разобраны,оставить,3000000.0,есть ≥2 аналога train,без изменений
26260,Komple Bina,750000.0,,+,,5,Aydın/Didim/Efeler,TRY,1.0,750000.0,,Комнаты не разобраны,оставить,750000.0,аналогов train меньше 2,без изменений
26364,Komple Bina,695000.0,255.0,+,,3,Adana/Seyhan/Kocavezir,TRY,7.0,695000.0,1.0,Комнаты не разобраны,оставить,695000.0,есть ≥2 аналога train,без изменений
26473,Villa,8750000.0,2.0,6+2,Müstakil,2,İstanbul/Büyükçekmece/Celaliye,TRY,14.0,4400000.0,1.9886363636363635,Неправдоподобная площадь,оставить,8750000.0,есть ≥2 аналога train,площадь → пропуск
26476,Komple Bina,3750000.0,,+,,4,Antalya/Muratpaşa/Konuksever,TRY,1.0,3750000.0,,Комнаты не разобраны,оставить,3750000.0,аналогов train меньше 2,без изменений
26645,Villa,630000.0,200.0,3+1,4,3,Aydın/Didim/Altınkum,TRY,499.0,745000.0,0.8456375838926175,Этаж выше этажности,оставить,630000.0,есть ≥2 аналога train,этаж → пропуск
26652,Komple Bina,1550000.0,334.0,+,,3,İzmir/Buca/Güven,TRY,1.0,1550000.0,,Комнаты не разобраны,оставить,1550000.0,аналогов train меньше 2,без изменений
26732,Komple Bina,3150000.0,990.0,+,,4,Antalya/Kepez/Şafak,TRY,2.0,3150000.0,1.0,Комнаты не разобраны,оставить,3150000.0,есть ≥2 аналога train,без изменений
26738,Çiftlik Evi,250000.0,1.0,3+1,,2,Adana/Yüreğir/Alihocalı,TRY,2.0,250000.0,1.0,Неправдоподобная площадь,оставить,250000.0,есть ≥2 аналога train,площадь → пропуск
26758,Komple Bina,730000.0,289.0,+,,4,Mersin/Yenişehir/Hürriyet,TRY,3.0,730000.0,1.0,Комнаты не разобраны,оставить,730000.0,есть ≥2 аналога train,без изменений
26796,Komple Bina,1275000.0,350.0,+,,3,Balıkesir/Erdek/Şahinburgaz,TRY,4.0,1275000.0,1.0,Комнаты не разобраны,оставить,1275000.0,есть ≥2 аналога train,без изменений
26842,Komple Bina,1100000.0,175.0,+,,2,Antalya/Manavgat/Side,TRY,3.0,1100000.0,1.0,Комнаты не разобраны,оставить,1100000.0,есть ≥2 аналога train,без изменений
26859,Villa,449000.0,180185.0,3+1,Müstakil,2,Aydın/Didim/Hisar,TRY,227.0,490000.0,0.9163265306122449,Неправдоподобная площадь,оставить,449000.0,есть ≥2 аналога train,площадь → пропуск
26895,Daire,350000.0,1.0,2+1,1,2,Aydın/Didim/Çamlık,TRY,1214.0,275000.0,1.2727272727272727,Неправдоподобная площадь,оставить,350000.0,есть ≥2 аналога train,площадь → пропуск
26930,Komple Bina,3600000.0,,+,,4,Antalya/Muratpaşa/Çaybaşı,TRY,3.0,3600000.0,1.0,Комнаты не разобраны,оставить,3600000.0,есть ≥2 аналога train,без изменений
27062,Komple Bina,9600000.0,,+,,6,İstanbul/Güngören/Mehmet Nesih Özmen,TRY,5.0,8000000.0,1.2,Комнаты не разобраны,оставить,9600000.0,есть ≥2 аналога train,без изменений
27080,Komple Bina,1080000.0,38.0,+,,5,Aydın/Efeler/Zafer,TRY,2.0,1100000.0,0.9818181818181818,Комнаты не разобраны,оставить,1080000.0,есть ≥2 аналога train,без изменений
27166,Komple Bina,3983525.0,520.0,+,,4,Antalya/Muratpaşa/Bayındır,EUR,2.0,5241762.5,0.7599590786495954,Комнаты не разобраны,оставить,650000.0,есть ≥2 аналога train,без изменений
27214,Komple Bina,350000.0,,+,,3,İzmir/Buca/Göksu,TRY,,,,Комнаты не разобраны,оставить,350000.0,аналогов train меньше 2,без изменений
27332,Villa,850000.0,1.0,6+2,,3,Antalya/Aksu/Karaçallı,TRY,5.0,850000.0,1.0,Неправдоподобная площадь,оставить,850000.0,есть ≥2 аналога train,площадь → пропуск
27338,Komple Bina,8500000.0,1320.0,+,,5,Mersin/Erdemli/Tömük,TRY,1.0,8500000.0,,Комнаты не разобраны,оставить,8500000.0,аналогов train меньше 2,без изменений
27392,Komple Bina,390000.0,57.0,+,,5,Adıyaman/Merkez/İpekli Köyü,TRY,,,,Комнаты не разобраны,оставить,390000.0,аналогов train меньше 2,без изменений
27498,Daire,670000.0,,3+1,10,7,Manisa/Yunusemre/Güzelyurt,TRY,159.0,400000.0,1.675,Этаж выше этажности,оставить,670000.0,есть ≥2 аналога train,этаж → пропуск
27520,Komple Bina,7000000.0,395.0,+,,6,İstanbul/Fatih/Hoca Paşa,TRY,2.0,20000000.0,0.35,Комнаты не разобраны,оставить,7000000.0,есть ≥2 аналога train,без изменений
27534,Komple Bina,3150000.0,600.0,+,,4,İzmir/Güzelbahçe/Kahramandere,TRY,4.0,3150000.0,1.0,Комнаты не разобраны,оставить,3150000.0,есть ≥2 аналога train,без изменений
27710,Komple Bina,1650000.0,145.0,+,,3,Muğla/Ortaca/Atatürk,TRY,2.0,1650000.0,1.0,Комнаты не разобраны,оставить,1650000.0,есть ≥2 аналога train,без изменений
27886,Komple Bina,730000.0,289.0,+,,4,Mersin/Yenişehir/Hürriyet,TRY,3.0,730000.0,1.0,Комнаты не разобраны,оставить,730000.0,есть ≥2 аналога train,без изменений
27908,Komple Bina,400000.0,360.0,+,,4,İzmir/Buca/Yenigün,TRY,2.0,700000.0,0.5714285714285714,Комнаты не разобраны,оставить,400000.0,есть ≥2 аналога train,без изменений
27960,Komple Bina,1800000.0,350.0,+,,3,Balıkesir/Burhaniye/Öğretmenler,TRY,3.0,1800000.0,1.0,Комнаты не разобраны,оставить,1800000.0,есть ≥2 аналога train,без изменений
28047,Villa,540000.0,1.0,3+1,Müstakil,2,Aydın/Didim/Yalıköy,TRY,15.0,485000.0,1.1134020618556701,Неправдоподобная площадь,оставить,540000.0,есть ≥2 аналога train,площадь → пропуск
28054,Çiftlik Evi,7950000.0,10.0,7+3,,3,İstanbul/Büyükçekmece/Kamiloba,TRY,1.0,7950000.0,,Неправдоподобная площадь,оставить,7950000.0,аналогов train меньше 2,площадь → пропуск
28158,Komple Bina,4000000.0,,+,,6,İstanbul/Fatih/Balabanağa,TRY,5.0,4000000.0,1.0,Комнаты не разобраны,оставить,4000000.0,есть ≥2 аналога train,без изменений
28194,Komple Bina,120000.0,,+,,4,Mersin/Yenişehir/Afetevler,TRY,,,,Комнаты не разобраны,оставить,120000.0,аналогов train меньше 2,без изменений
28266,Komple Bina,4000000.0,265.0,+,,2,İzmir/Çeşme/Alaçatı,TRY,1.0,4000000.0,,Комнаты не разобраны,оставить,4000000.0,аналогов train меньше 2,без изменений
28344,Komple Bina,7500000.0,5900.0,+,,1,Aydın/Kuşadası/Bayraklıdede,TRY,1.0,7500000.0,,Комнаты не разобраны,оставить,7500000.0,аналогов train меньше 2,без изменений
28346,Komple Bina,995000.0,300.0,+,,3,Antalya/Kemer/Beldibi,TRY,2.0,995000.0,1.0,Комнаты не разобраны,оставить,995000.0,есть ≥2 аналога train,без изменений
28416,Komple Bina,695000.0,255.0,+,,3,Adana/Seyhan/Kocavezir,TRY,7.0,695000.0,1.0,Комнаты не разобраны,оставить,695000.0,есть ≥2 аналога train,без изменений
28420,Daire,800000.0,,3+1,11,4,İstanbul/Kadıköy/Suadiye,TRY,521.0,975000.0,0.8205128205128205,Этаж выше этажности,оставить,800000.0,есть ≥2 аналога train,этаж → пропуск
28514,Komple Bina,3900000.0,,+,,3,Muğla/Bodrum/Akyarlar,TRY,1.0,3900000.0,,Комнаты не разобраны,оставить,3900000.0,аналогов train меньше 2,без изменений
28524,Komple Bina,1500000.0,400.0,+,,7,Mersin/Akdeniz/Çankaya,TRY,1.0,1500000.0,,Комнаты не разобраны,оставить,1500000.0,аналогов train меньше 2,без изменений
28548,Komple Bina,5000000.0,,+,,3,Çanakkale/Ayvacık/Ahmetçe Köyü,TRY,,,,Комнаты не разобраны,оставить,5000000.0,аналогов train меньше 2,без изменений
28572,Komple Bina,700000.0,90.0,+,,3,Antalya/Döşemealtı/Yeniköy,TRY,1.0,310000.0,,Комнаты не разобраны,оставить,700000.0,аналогов train меньше 2,без изменений
28584,Komple Bina,3150000.0,990.0,+,,4,Antalya/Kepez/Şafak,TRY,2.0,3150000.0,1.0,Комнаты не разобраны,оставить,3150000.0,есть ≥2 аналога train,без изменений
28596,Komple Bina,16000000.0,450.0,+,,5,İstanbul/Esenyurt/Turgut Özal,TRY,11.0,1550000.0,10.32258064516129,Комнаты не разобраны,оставить,16000000.0,есть ≥2 аналога train,без изменений
28628,Komple Bina,1750000.0,300.0,+,,2,Osmaniye/Merkez/Adnan Menderes,TRY,2.0,1750000.0,1.0,Комнаты не разобраны,оставить,1750000.0,есть ≥2 аналога train,без изменений
28748,Komple Bina,1100000.0,175.0,+,,2,Antalya/Manavgat/Side,TRY,3.0,1100000.0,1.0,Комнаты не разобраны,оставить,1100000.0,есть ≥2 аналога train,без изменений
28764,Komple Bina,350000.0,,+,,3,İzmir/Buca/Göksu,TRY,,,,Комнаты не разобраны,оставить,350000.0,аналогов train меньше 2,без изменений
28780,Komple Bina,3750000.0,,+,,4,Mersin/Mezitli/Çankaya,TRY,,,,Комнаты не разобраны,оставить,3750000.0,аналогов train меньше 2,без изменений
28808,Komple Bina,3600000.0,,+,,4,Antalya/Muratpaşa/Çaybaşı,TRY,3.0,3600000.0,1.0,Комнаты не разобраны,оставить,3600000.0,есть ≥2 аналога train,без изменений
28862,Komple Bina,2500000.0,240.0,+,,3,Muğla/Bodrum/Bitez,TRY,,,,Комнаты не разобраны,оставить,2500000.0,аналогов train меньше 2,без изменений
28878,Komple Bina,430000.0,50.0,+,,2,İzmir/Karaburun/Merkez,TRY,1.0,900000.0,,Комнаты не разобраны,оставить,430000.0,аналогов train меньше 2,без изменений
28900,Komple Bina,1275000.0,350.0,+,,3,Balıkesir/Erdek/Şahinburgaz,TRY,4.0,1275000.0,1.0,Комнаты не разобраны,оставить,1275000.0,есть ≥2 аналога train,без изменений
28972,Komple Bina,825000.0,150.0,+,,3,Mersin/Yenişehir/Cumhuriyet,TRY,,,,Комнаты не разобраны,оставить,825000.0,аналогов train меньше 2,без изменений
28992,Komple Bina,3600000.0,,+,,4,Antalya/Muratpaşa/Çaybaşı,TRY,3.0,3600000.0,1.0,Комнаты не разобраны,оставить,3600000.0,есть ≥2 аналога train,без изменений
29019,Daire,1300.0,160.0,3+1,2,9,Antalya/Konyaaltı/Liman,TRY,273.0,355000.0,0.0036619718309859155,"Цена < 5 000 TRY, Цена < 1% местной медианы",исключить,1300.0,есть ≥2 аналога train,без изменений
29020,Villa,2700000.0,1.0,4+2,,2,Gaziantep/Şehitkamil/Karadede,TRY,1.0,2700000.0,,Неправдоподобная площадь,оставить,2700000.0,аналогов train меньше 2,площадь → пропуск
29026,Komple Bina,3900000.0,748.0,+,,3,Antalya/Muratpaşa/Şirinyalı,TRY,3.0,3900000.0,1.0,Комнаты не разобраны,оставить,3900000.0,есть ≥2 аналога train,без изменений
29032,Komple Bina,850000.0,145.0,+,,3,İzmir/Karabağlar/Ali Fuat Erden,TRY,,,,Комнаты не разобраны,оставить,850000.0,аналогов train меньше 2,без изменений
29036,Komple Bina,7000000.0,395.0,+,,6,İstanbul/Fatih/Hoca Paşa,TRY,2.0,20000000.0,0.35,Комнаты не разобраны,оставить,7000000.0,есть ≥2 аналога train,без изменений
29200,Daire,190000.0,165.0,3+1,10,4,Aydın/Kuşadası/İkiçeşmelik,TRY,399.0,285000.0,0.6666666666666666,Этаж выше этажности,оставить,190000.0,есть ≥2 аналога train,этаж → пропуск
29266,Komple Bina,13000000.0,260.0,+,,4,Antalya/Muratpaşa/Selçuk,TRY,2.0,13000000.0,1.0,Комнаты не разобраны,оставить,13000000.0,есть ≥2 аналога train,без изменений
29304,Komple Bina,2800000.0,,+,,3,Muğla/Fethiye/Foça,TRY,1.0,850000.0,,Комнаты не разобраны,оставить,2800000.0,аналогов train меньше 2,без изменений
29356,Komple Bina,1650000.0,400.0,+,,4,Aydın/Kuşadası/Kadınlar Denizi,TRY,3.0,1650000.0,1.0,Комнаты не разобраны,оставить,1650000.0,есть ≥2 аналога train,без изменений
29368,Komple Bina,1200000.0,250.0,+,,,Aydın/Didim/Efeler,TRY,1.0,750000.0,,Комнаты не разобраны,оставить,1200000.0,аналогов train меньше 2,без изменений
29382,Komple Bina,4300000.0,300.0,+,,7,İstanbul/Fatih/İskenderpaşa,TRY,1.0,4300000.0,,Комнаты не разобраны,оставить,4300000.0,аналогов train меньше 2,без изменений
29408,Komple Bina,4000000.0,,+,,6,İstanbul/Fatih/Balabanağa,TRY,5.0,4000000.0,1.0,Комнаты не разобраны,оставить,4000000.0,есть ≥2 аналога train,без изменений
29426,Komple Bina,995000.0,300.0,+,,3,Antalya/Kemer/Beldibi,TRY,2.0,995000.0,1.0,Комнаты не разобраны,оставить,995000.0,есть ≥2 аналога train,без изменений
29524,Villa,775000.0,1.0,3+1,,3,İzmir/Menderes/Çukuraltı,TRY,15.0,550000.0,1.4090909090909092,Неправдоподобная площадь,оставить,775000.0,есть ≥2 аналога train,площадь → пропуск
29540,Komple Bina,350000.0,,+,,3,İzmir/Buca/Göksu,TRY,,,,Комнаты не разобраны,оставить,350000.0,аналогов train меньше 2,без изменений
29602,Komple Bina,5500000.0,,+,,3,Muğla/Bodrum/Torba,TRY,2.0,3750000.0,1.4666666666666666,Комнаты не разобраны,оставить,5500000.0,есть ≥2 аналога train,без изменений
29626,Komple Bina,800000.0,450.0,+,,3,İzmir/Konak/19 Mayıs,TRY,1.0,800000.0,,Комнаты не разобраны,оставить,800000.0,аналогов train меньше 2,без изменений
29660,Yazlık,185000.0,105.0,2+1,9,1,Mersin/Silifke/Atakent,TRY,142.0,178000.0,1.0393258426966292,Этаж выше этажности,оставить,185000.0,есть ≥2 аналога train,этаж → пропуск
29728,Komple Bina,4250000.0,555.0,+,,4,Antalya/Muratpaşa/Fener,TRY,1.0,5000000.0,,Комнаты не разобраны,оставить,4250000.0,аналогов train меньше 2,без изменений
29800,Komple Bina,695000.0,255.0,+,,3,Adana/Seyhan/Kocavezir,TRY,7.0,695000.0,1.0,Комнаты не разобраны,оставить,695000.0,есть ≥2 аналога train,без изменений
29831,Daire,295000.0,1.0,2+1,1,3,Aydın/Didim/Mavişehir,TRY,76.0,310000.0,0.9516129032258065,Неправдоподобная площадь,оставить,295000.0,есть ≥2 аналога train,площадь → пропуск
30038,Komple Bina,2850000.0,,+,,5,İstanbul/Beyoğlu/Kocatepe,TRY,6.0,2850000.0,1.0,Комнаты не разобраны,оставить,2850000.0,есть ≥2 аналога train,без изменений
30088,Komple Bina,1650000.0,145.0,+,,3,Muğla/Ortaca/Atatürk,TRY,2.0,1650000.0,1.0,Комнаты не разобраны,оставить,1650000.0,есть ≥2 аналога train,без изменений
30138,Villa,775000.0,1.0,3+1,,3,İzmir/Menderes/Çukuraltı,TRY,15.0,550000.0,1.4090909090909092,Неправдоподобная площадь,оставить,775000.0,есть ≥2 аналога train,площадь → пропуск
30146,Daire,5196944.4,785474.0,3+2,10,10-20 arası,Ankara/Elmadağ/Hasanoğlan Havuzbaşı,EUR,68.0,575000.0,9.038164173913044,Неправдоподобная площадь,оставить,852000.0,есть ≥2 аналога train,площадь → пропуск
30194,Komple Bina,400000.0,360.0,+,,4,İzmir/Buca/Yenigün,TRY,2.0,700000.0,0.5714285714285714,Комнаты не разобраны,оставить,400000.0,есть ≥2 аналога train,без изменений
30198,Komple Bina,400000.0,360.0,+,,4,İzmir/Buca/Yenigün,TRY,2.0,700000.0,0.5714285714285714,Комнаты не разобраны,оставить,400000.0,есть ≥2 аналога train,без изменений
30336,Komple Bina,550000.0,,+,,3,Mersin/Yenişehir/Barbaros,TRY,,,,Комнаты не разобраны,оставить,550000.0,аналогов train меньше 2,без изменений
30346,Daire,410000.0,100.0,2+1,10,4,İstanbul/Küçükçekmece/Yeni Mahalle,TRY,37.0,450000.0,0.9111111111111111,Этаж выше этажности,оставить,410000.0,есть ≥2 аналога train,этаж → пропуск
30364,Komple Bina,5000000.0,400.0,+,,2,Muğla/Bodrum/Gümüşlük,TRY,2.0,4087500.0,1.2232415902140672,Комнаты не разобраны,оставить,5000000.0,есть ≥2 аналога train,без изменений
30404,Komple Bina,1540000.0,80.0,+,,4,KKTC/Lefkoşa/Gönyeli Köyü,TRY,1.0,1540000.0,,Комнаты не разобраны,оставить,1540000.0,аналогов train меньше 2,без изменений
30598,Komple Bina,800000.0,,+,,5,Trabzon/Ortahisar/Gazipaşa,TRY,4.0,995000.0,0.8040201005025126,Комнаты не разобраны,оставить,800000.0,есть ≥2 аналога train,без изменений
30668,Komple Bina,1100000.0,150.0,+,,3,Balıkesir/Ayvalık/Fevzipaşa-Vehbibey,TRY,2.0,750000.0,1.4666666666666666,Комнаты не разобраны,оставить,1100000.0,есть ≥2 аналога train,без изменений
30716,Komple Bina,1000000.0,250.0,+,,2,Aydın/Didim/Cumhuriyet,TRY,,,,Комнаты не разобраны,оставить,1000000.0,аналогов train меньше 2,без изменений
30742,Komple Bina,720000.0,,+,,5,Trabzon/Ortahisar/Konaklar,TRY,5.0,1250000.0,0.576,Комнаты не разобраны,оставить,720000.0,есть ≥2 аналога train,без изменений
30758,Komple Bina,1500000.0,700.0,+,,4,Antalya/Kepez/Mehmet Akif Ersoy,TRY,2.0,1500000.0,1.0,Комнаты не разобраны,оставить,1500000.0,есть ≥2 аналога train,без изменений
30768,Komple Bina,4000000.0,,+,,6,İstanbul/Fatih/Balabanağa,TRY,5.0,4000000.0,1.0,Комнаты не разобраны,оставить,4000000.0,есть ≥2 аналога train,без изменений
30778,Komple Bina,550000.0,,+,,3,Mersin/Yenişehir/Barbaros,TRY,,,,Комнаты не разобраны,оставить,550000.0,аналогов train меньше 2,без изменений
30804,Komple Bina,410000.0,,+,,2,Mersin/Yenişehir/Eğriçam,TRY,1.0,410000.0,,Комнаты не разобраны,оставить,410000.0,аналогов train меньше 2,без изменений
30852,Daire,164000.0,125.0,3+1,9,6,Antalya/Kepez/Varsak Karşıyaka,TRY,867.0,157000.0,1.0445859872611465,Этаж выше этажности,оставить,164000.0,есть ≥2 аналога train,этаж → пропуск
30912,Komple Bina,695000.0,255.0,+,,3,Adana/Seyhan/Kocavezir,TRY,7.0,695000.0,1.0,Комнаты не разобраны,оставить,695000.0,есть ≥2 аналога train,без изменений
31008,Çiftlik Evi,250000.0,1.0,3+1,,2,Adana/Yüreğir/Alihocalı,TRY,2.0,250000.0,1.0,Неправдоподобная площадь,оставить,250000.0,есть ≥2 аналога train,площадь → пропуск
31050,Müstakil Ev,460000.0,12.0,3+1,,2,Aydın/Kuşadası/Soğucak,TRY,46.0,830000.0,0.5542168674698795,Неправдоподобная площадь,оставить,460000.0,есть ≥2 аналога train,площадь → пропуск
31096,Komple Bina,1600000.0,,+,,3,Antalya/Aksu/Barbaros,TRY,1.0,1600000.0,,Комнаты не разобраны,оставить,1600000.0,аналогов train меньше 2,без изменений
31122,Komple Bina,420000.0,,+,,2,Mersin/Yenişehir/Afetevler,TRY,,,,Комнаты не разобраны,оставить,420000.0,аналогов train меньше 2,без изменений
31154,Komple Bina,740000.0,,+,,4,Antalya/Kepez/Teomanpaşa,TRY,1.0,740000.0,,Комнаты не разобраны,оставить,740000.0,аналогов train меньше 2,без изменений
31202,Müstakil Ev,550000.0,1.0,2+1,,1,Çanakkale/Lapseki/Umurbey Bld. (Umurbey),TRY,1.0,550000.0,,Неправдоподобная площадь,оставить,550000.0,аналогов train меньше 2,площадь → пропуск
31244,Komple Bina,2250000.0,135.0,+,,5,Mersin/Mezitli/Seymenli,TRY,2.0,3125000.0,0.72,Комнаты не разобраны,оставить,2250000.0,есть ≥2 аналога train,без изменений
31292,Komple Bina,825000.0,,+,,5,İzmir/Bayraklı/Körfez,TRY,,,,Комнаты не разобраны,оставить,825000.0,аналогов train меньше 2,без изменений
31293,Daire,6125320.4196,207309.0,7+1,Bahçe katı,10,Ankara/Elmadağ/Hasanoğlan Havuzbaşı,GBP,68.0,575000.0,10.652731164521738,Неправдоподобная площадь,оставить,899222.0,есть ≥2 аналога train,площадь → пропуск
31368,Komple Bina,2000000.0,110.0,+,,5,Antalya/Alanya/Oba,TRY,2.0,5259280.0,0.3802801904443194,Комнаты не разобраны,оставить,2000000.0,есть ≥2 аналога train,без изменений
31440,Komple Bina,1600000.0,220.0,+,,4,Muğla/Marmaris/Kemeraltı,TRY,1.0,1600000.0,,Комнаты не разобраны,оставить,1600000.0,аналогов train меньше 2,без изменений
31446,Komple Bina,735000.0,,+,,2,İzmir/Bayraklı/Postacılar,TRY,2.0,735000.0,1.0,Комнаты не разобраны,оставить,735000.0,есть ≥2 аналога train,без изменений
31462,Komple Bina,5500000.0,1400.0,+,,4,Antalya/Konyaaltı/Toros,TRY,,,,Комнаты не разобраны,оставить,5500000.0,аналогов train меньше 2,без изменений
31474,Komple Bina,8250000.0,,+,,3,Bursa/Osmangazi/Akpınar,TRY,2.0,8250000.0,1.0,Комнаты не разобраны,оставить,8250000.0,есть ≥2 аналога train,без изменений
31476,Komple Bina,550000.0,,+,,3,Mersin/Yenişehir/Barbaros,TRY,,,,Комнаты не разобраны,оставить,550000.0,аналогов train меньше 2,без изменений
31552,Komple Bina,1350000.0,440.0,+,,4,Trabzon/Yomra/Sancak,TRY,3.0,1350000.0,1.0,Комнаты не разобраны,оставить,1350000.0,есть ≥2 аналога train,без изменений
31664,Komple Bina,2100000.0,1046.0,+,,5,Trabzon/Ortahisar/Ortahisar,TRY,1.0,2100000.0,,Комнаты не разобраны,оставить,2100000.0,аналогов train меньше 2,без изменений
31688,Komple Bina,460000.0,,+,,3,İzmir/Karaburun/İskele,TRY,1.0,460000.0,,Комнаты не разобраны,оставить,460000.0,аналогов train меньше 2,без изменений
31776,Daire,230000.0,,2+1,9,3,İzmir/Selçuk/14 Mayıs,TRY,31.0,200000.0,1.15,Этаж выше этажности,оставить,230000.0,есть ≥2 аналога train,этаж → пропуск
31794,Komple Bina,800000.0,,+,,6,Aydın/Çine/Şevketiye,TRY,1.0,800000.0,,Комнаты не разобраны,оставить,800000.0,аналогов train меньше 2,без изменений
31896,Komple Bina,2800000.0,,+,,3,Muğla/Fethiye/Foça,TRY,1.0,850000.0,,Комнаты не разобраны,оставить,2800000.0,аналогов train меньше 2,без изменений
31928,Komple Bina,1050000.0,140.0,+,,4,Antalya/Kepez/Yeşilyurt,TRY,1.0,1050000.0,,Комнаты не разобраны,оставить,1050000.0,аналогов train меньше 2,без изменений
31938,Komple Bina,4250000.0,,+,,2,İstanbul/Fatih/Hobyar,TRY,1.0,4250000.0,,Комнаты не разобраны,оставить,4250000.0,аналогов train меньше 2,без изменений
31966,Komple Bina,1360000.0,,+,,3,Muğla/Bodrum/Peksimet,TRY,1.0,1360000.0,,Комнаты не разобраны,оставить,1360000.0,аналогов train меньше 2,без изменений
32002,Komple Bina,4000000.0,,+,,6,İstanbul/Fatih/Balabanağa,TRY,5.0,4000000.0,1.0,Комнаты не разобраны,оставить,4000000.0,есть ≥2 аналога train,без изменений
32018,Daire,410000.0,,2+1,9,7,İstanbul/Sultanbeyli/Adil,TRY,157.0,231000.0,1.774891774891775,Этаж выше этажности,оставить,410000.0,есть ≥2 аналога train,этаж → пропуск
32056,Komple Bina,1390000.0,120.0,+,,3,Antalya/Kepez/Altınova Orta,TRY,4.0,1390000.0,1.0,Комнаты не разобраны,оставить,1390000.0,есть ≥2 аналога train,без изменений
32072,Komple Bina,1275000.0,350.0,+,,3,Balıkesir/Erdek/Şahinburgaz,TRY,4.0,1275000.0,1.0,Комнаты не разобраны,оставить,1275000.0,есть ≥2 аналога train,без изменений
32116,Komple Bina,450000.0,90.0,+,,3,İzmir/Konak/Zeytinlik,TRY,2.0,450000.0,1.0,Комнаты не разобраны,оставить,450000.0,есть ≥2 аналога train,без изменений
32172,Daire,14500000.0,480.0,4+1,11,10-20 arası,Antalya/Muratpaşa/Çağlayan,TRY,499.0,475000.0,30.526315789473685,Цена > 20 местных медиан,исключить,14500000.0,есть ≥2 аналога train,без изменений
32198,Komple Bina,1750000.0,300.0,+,,2,Osmaniye/Merkez/Adnan Menderes,TRY,2.0,1750000.0,1.0,Комнаты не разобраны,оставить,1750000.0,есть ≥2 аналога train,без изменений
32336,Komple Bina,9990000.0,1350.0,+,,5,Antalya/Kepez/Ulus,TRY,,,,Комнаты не разобраны,оставить,9990000.0,аналогов train меньше 2,без изменений
32348,Komple Bina,800000.0,135.0,+,,2,Muğla/Ortaca/Dalyan,TRY,1.0,800000.0,,Комнаты не разобраны,оставить,800000.0,аналогов train меньше 2,без изменений
32382,Komple Bina,1200000.0,250.0,+,,,Aydın/Didim/Efeler,TRY,1.0,750000.0,,Комнаты не разобраны,оставить,1200000.0,аналогов train меньше 2,без изменений
32488,Komple Bina,3150000.0,600.0,+,,4,İzmir/Güzelbahçe/Kahramandere,TRY,4.0,3150000.0,1.0,Комнаты не разобраны,оставить,3150000.0,есть ≥2 аналога train,без изменений
32496,Villa,450000.0,1.0,4+1,,3,Mersin/Anamur/Lale,TRY,,,,Неправдоподобная площадь,оставить,450000.0,аналогов train меньше 2,площадь → пропуск
32530,Komple Bina,1100000.0,540.0,+,,4,Antalya/Kepez/Düdenbaşı,TRY,2.0,1100000.0,1.0,Комнаты не разобраны,оставить,1100000.0,есть ≥2 аналога train,без изменений
32616,Komple Bina,450000.0,122.0,+,,3,İzmir/Torbalı/Fevzi Çakmak,TRY,1.0,450000.0,,Комнаты не разобраны,оставить,450000.0,аналогов train меньше 2,без изменений
32700,Villa,92000000.0,,6+2,,4,İstanbul/Beşiktaş/Bebek,TRY,5.0,55000000.0,1.6727272727272726,Цена > 50 млн TRY,оставить,92000000.0,есть ≥2 аналога train,без изменений
32702,Komple Bina,1300000.0,800.0,+,,2,Antalya/Kemer/Beldibi,TRY,2.0,995000.0,1.306532663316583,Комнаты не разобраны,оставить,1300000.0,есть ≥2 аналога train,без изменений
32714,Komple Bina,4671525.0,,+,,6,İstanbul/Fatih/Aksaray,USD,2.0,4671525.0,1.0,Комнаты не разобраны,оставить,750000.0,есть ≥2 аналога train,без изменений
32740,Komple Bina,695000.0,255.0,+,,3,Adana/Seyhan/Kocavezir,TRY,7.0,695000.0,1.0,Комнаты не разобраны,оставить,695000.0,есть ≥2 аналога train,без изменений
32816,Komple Bina,3000000.0,1122.0,+,,3,Antalya/Manavgat/Side,TRY,3.0,1100000.0,2.727272727272727,Комнаты не разобраны,оставить,3000000.0,есть ≥2 аналога train,без изменений
32890,Komple Bina,2800000.0,,+,,3,Muğla/Fethiye/Foça,TRY,1.0,850000.0,,Комнаты не разобраны,оставить,2800000.0,аналогов train меньше 2,без изменений
33000,Villa,92000000.0,,6+2,,4,İstanbul/Beşiktaş/Bebek,TRY,5.0,55000000.0,1.6727272727272726,Цена > 50 млн TRY,оставить,92000000.0,есть ≥2 аналога train,без изменений
33016,Komple Bina,3150000.0,600.0,+,,4,İzmir/Güzelbahçe/Kahramandere,TRY,4.0,3150000.0,1.0,Комнаты не разобраны,оставить,3150000.0,есть ≥2 аналога train,без изменений
33066,Rezidans,48522.0,598805.0,5+3,20 ve üzeri,9,İstanbul/Güngören/Mehmet Nesih Özmen,TRY,1.0,48522.0,,Неправдоподобная площадь,оставить,48522.0,аналогов train меньше 2,площадь → пропуск
33072,Komple Bina,1350000.0,440.0,+,,4,Trabzon/Yomra/Sancak,TRY,3.0,1350000.0,1.0,Комнаты не разобраны,оставить,1350000.0,есть ≥2 аналога train,без изменений
33124,Komple Bina,450000.0,90.0,+,,3,İzmir/Konak/Zeytinlik,TRY,2.0,450000.0,1.0,Комнаты не разобраны,оставить,450000.0,есть ≥2 аналога train,без изменений
33130,Villa,13500000.0,4.0,5+3,,3,İstanbul/Çatalca/Kaleiçi,TRY,1.0,13500000.0,,Неправдоподобная площадь,оставить,13500000.0,аналогов train меньше 2,площадь → пропуск
33142,Komple Bina,395000.0,,+,,4,İzmir/Konak/Mersinli,TRY,1.0,395000.0,,Комнаты не разобраны,оставить,395000.0,аналогов train меньше 2,без изменений
33180,Komple Bina,12500000.0,600.0,+,,5,İzmir/Karşıyaka/Yalı,TRY,1.0,12500000.0,,Комнаты не разобраны,оставить,12500000.0,аналогов train меньше 2,без изменений
33226,Villa,31000000.0,1.0,8+2,,4,İstanbul/Sarıyer/Büyükdere,TRY,5.0,17000000.0,1.8235294117647058,Неправдоподобная площадь,оставить,31000000.0,есть ≥2 аналога train,площадь → пропуск
33286,Komple Bina,975000.0,,+,,3,Antalya/Kepez/Güneş,TRY,2.0,975000.0,1.0,Комнаты не разобраны,оставить,975000.0,есть ≥2 аналога train,без изменений
33306,Komple Bina,975000.0,,+,,3,Antalya/Kepez/Güneş,TRY,2.0,975000.0,1.0,Комнаты не разобраны,оставить,975000.0,есть ≥2 аналога train,без изменений
33314,Komple Bina,600000.0,95.0,+,,4,İzmir/Bayraklı/Çiçek,TRY,,,,Комнаты не разобраны,оставить,600000.0,аналогов train меньше 2,без изменений
33382,Komple Bina,280000.0,,+,,2,Muğla/Ula/Akçapınar,TRY,1.0,280000.0,,Комнаты не разобраны,оставить,280000.0,аналогов train меньше 2,без изменений
33412,Komple Bina,490000.0,240.0,+,,4,Antalya/Muratpaşa/Güzeloba,TRY,4.0,1850000.0,0.2648648648648649,Комнаты не разобраны,оставить,490000.0,есть ≥2 аналога train,без изменений
33474,Komple Bina,3800000.0,999.0,+,,5,Trabzon/Ortahisar/Konaklar,TRY,5.0,1250000.0,3.04,Комнаты не разобраны,оставить,3800000.0,есть ≥2 аналога train,без изменений
33506,Komple Bina,750000.0,110.0,+,,5,İzmir/Bayraklı/Onur,TRY,2.0,787500.0,0.9523809523809523,Комнаты не разобраны,оставить,750000.0,есть ≥2 аналога train,без изменений
33528,Komple Bina,420000.0,370.0,+,,2,İzmir/Torbalı/Fevzi Çakmak,TRY,1.0,450000.0,,Комнаты не разобраны,оставить,420000.0,аналогов train меньше 2,без изменений
33604,Komple Bina,4671525.0,,+,,6,İstanbul/Fatih/Aksaray,USD,2.0,4671525.0,1.0,Комнаты не разобраны,оставить,750000.0,есть ≥2 аналога train,без изменений
33668,Komple Bina,1000000.0,520.0,+,,3,İzmir/Bornova/Mevlana,TRY,,,,Комнаты не разобраны,оставить,1000000.0,аналогов train меньше 2,без изменений
33688,Komple Bina,2550000.0,694.0,+,,,Antalya/Muratpaşa/Topçular,TRY,,,,Комнаты не разобраны,оставить,2550000.0,аналогов train меньше 2,без изменений
33696,Komple Bina,1100000.0,540.0,+,,4,Antalya/Kepez/Düdenbaşı,TRY,2.0,1100000.0,1.0,Комнаты не разобраны,оставить,1100000.0,есть ≥2 аналога train,без изменений
33760,Komple Bina,1500000.0,700.0,+,,4,Antalya/Kepez/Mehmet Akif Ersoy,TRY,2.0,1500000.0,1.0,Комнаты не разобраны,оставить,1500000.0,есть ≥2 аналога train,без изменений
33888,Komple Bina,370000.0,110.0,+,,1,Mersin/Silifke/Sarıcalar,TRY,1.0,370000.0,,Комнаты не разобраны,оставить,370000.0,аналогов train меньше 2,без изменений
33974,Villa,850000.0,1.0,6+2,,3,Antalya/Aksu/Karaçallı,TRY,5.0,850000.0,1.0,Неправдоподобная площадь,оставить,850000.0,есть ≥2 аналога train,площадь → пропуск
34038,Komple Bina,4000000.0,,+,,6,İstanbul/Fatih/Balabanağa,TRY,5.0,4000000.0,1.0,Комнаты не разобраны,оставить,4000000.0,есть ≥2 аналога train,без изменений
34050,Komple Bina,8250000.0,,+,,3,Bursa/Osmangazi/Akpınar,TRY,2.0,8250000.0,1.0,Комнаты не разобраны,оставить,8250000.0,есть ≥2 аналога train,без изменений
34142,Komple Bina,430000.0,50.0,+,,2,İzmir/Karaburun/Merkez,TRY,1.0,900000.0,,Комнаты не разобраны,оставить,430000.0,аналогов train меньше 2,без изменений
34143,Villa,1400.0,240.0,4+1,Müstakil,1,Aydın/Kuşadası/Soğucak,TRY,299.0,595000.0,0.002352941176470588,"Цена < 5 000 TRY, Цена < 1% местной медианы",исключить,1400.0,есть ≥2 аналога train,без изменений
34172,Komple Bina,3000000.0,,+,,4,Antalya/Kepez/Gülveren,TRY,,,,Комнаты не разобраны,оставить,3000000.0,аналогов train меньше 2,без изменений
34232,Komple Bina,3800000.0,999.0,+,,5,Trabzon/Ortahisar/Konaklar,TRY,5.0,1250000.0,3.04,Комнаты не разобраны,оставить,3800000.0,есть ≥2 аналога train,без изменений
34369,Daire,157000.0,90.0,2+1,12,4,Adana/Sarıçam/Çarkıpare,TRY,117.0,182000.0,0.8626373626373627,Этаж выше этажности,оставить,157000.0,есть ≥2 аналога train,этаж → пропуск
34378,Komple Bina,730000.0,289.0,+,,4,Mersin/Yenişehir/Hürriyet,TRY,3.0,730000.0,1.0,Комнаты не разобраны,оставить,730000.0,есть ≥2 аналога train,без изменений
34468,Komple Bina,1169420.0,,+,,2,Muğla/Marmaris/Tepe,USD,1.0,1169420.0,,Комнаты не разобраны,оставить,175000.0,аналогов train меньше 2,без изменений
34584,Daire,6400000.0,1050.0,10+0,,,Antalya/Serik/Belek,TRY,11.0,320000.0,20.0,Цена > 20 местных медиан,исключить,6400000.0,есть ≥2 аналога train,без изменений
34618,Komple Bina,695000.0,255.0,+,,3,Adana/Seyhan/Kocavezir,TRY,7.0,695000.0,1.0,Комнаты не разобраны,оставить,695000.0,есть ≥2 аналога train,без изменений
34632,Komple Bina,695000.0,255.0,+,,3,Adana/Seyhan/Kocavezir,TRY,7.0,695000.0,1.0,Комнаты не разобраны,оставить,695000.0,есть ≥2 аналога train,без изменений
34634,Komple Bina,1390000.0,120.0,+,,3,Antalya/Kepez/Altınova Orta,TRY,4.0,1390000.0,1.0,Комнаты не разобраны,оставить,1390000.0,есть ≥2 аналога train,без изменений
34672,Komple Bina,3000000.0,,+,,4,Antalya/Kepez/Gülveren,TRY,,,,Комнаты не разобраны,оставить,3000000.0,аналогов train меньше 2,без изменений
34676,Komple Bina,420000.0,370.0,+,,2,İzmir/Torbalı/Fevzi Çakmak,TRY,1.0,450000.0,,Комнаты не разобраны,оставить,420000.0,аналогов train меньше 2,без изменений
34745,Villa,1350000.0,1.0,3+1,Müstakil,1,Çanakkale/Bozcaada/Alaybey,TRY,1.0,1350000.0,,Неправдоподобная площадь,оставить,1350000.0,аналогов train меньше 2,площадь → пропуск
34814,Komple Bina,1200000.0,250.0,+,,,Aydın/Didim/Efeler,TRY,1.0,750000.0,,Комнаты не разобраны,оставить,1200000.0,аналогов train меньше 2,без изменений
34870,Komple Bina,2800000.0,,+,,3,Muğla/Fethiye/Foça,TRY,1.0,850000.0,,Комнаты не разобраны,оставить,2800000.0,аналогов train меньше 2,без изменений
35058,Komple Bina,749000.0,,+,,3,Mersin/Toroslar/Arpaçsakarlar,TRY,1.0,749000.0,,Комнаты не разобраны,оставить,749000.0,аналогов train меньше 2,без изменений
35076,Komple Bina,1950000.0,600.0,+,,3,Aydın/Didim/Çamlık,TRY,2.0,1050000.0,1.8571428571428572,Комнаты не разобраны,оставить,1950000.0,есть ≥2 аналога train,без изменений
35180,Komple Bina,1350000.0,440.0,+,,4,Trabzon/Yomra/Sancak,TRY,3.0,1350000.0,1.0,Комнаты не разобраны,оставить,1350000.0,есть ≥2 аналога train,без изменений
35188,Komple Bina,3800000.0,999.0,+,,5,Trabzon/Ortahisar/Konaklar,TRY,5.0,1250000.0,3.04,Комнаты не разобраны,оставить,3800000.0,есть ≥2 аналога train,без изменений
35350,Müstakil Ev,545000.0,3.0,2+1,Müstakil,2,Muğla/Bodrum/Cumhuriyet,TRY,2.0,532500.0,1.0234741784037558,Неправдоподобная площадь,оставить,545000.0,есть ≥2 аналога train,площадь → пропуск
35936,Daire,620000.0,1.0,3+1,3,3,Aydın/Didim/Mavişehir,TRY,76.0,310000.0,2.0,Неправдоподобная площадь,оставить,620000.0,есть ≥2 аналога train,площадь → пропуск
37130,Daire,620000.0,1.0,3+1,3,3,Aydın/Didim/Mavişehir,TRY,76.0,310000.0,2.0,Неправдоподобная площадь,оставить,620000.0,есть ≥2 аналога train,площадь → пропуск
37264,Villa,649000.0,1.0,4+1,Müstakil,2,Aydın/Didim/Efeler,TRY,747.0,510000.0,1.272549019607843,Неправдоподобная площадь,оставить,649000.0,есть ≥2 аналога train,площадь → пропуск
37333,Daire,460000.0,1.0,3+1,2,5,Aydın/Kuşadası/Ege,TRY,709.0,330000.0,1.393939393939394,Неправдоподобная площадь,оставить,460000.0,есть ≥2 аналога train,площадь → пропуск
37442,Villa,449000.0,180185.0,3+1,Müstakil,2,Aydın/Didim/Hisar,TRY,227.0,490000.0,0.9163265306122449,Неправдоподобная площадь,оставить,449000.0,есть ≥2 аналога train,площадь → пропуск
37832,Daire,189000.0,125.0,3+1,3,2,Antalya/Muratpaşa/Yeşildere,TRY,10.0,199000.0,0.949748743718593,Этаж выше этажности,оставить,189000.0,есть ≥2 аналога train,этаж → пропуск
37841,Villa,1450000.0,1.0,4+1,Müstakil,3,Aydın/Didim/Altınkum,TRY,499.0,745000.0,1.9463087248322148,Неправдоподобная площадь,оставить,1450000.0,есть ≥2 аналога train,площадь → пропуск
38213,Daire,330000.0,,3+1,13,10,Adana/Çukurova/Güzelyalı,TRY,211.0,395000.0,0.8354430379746836,Этаж выше этажности,оставить,330000.0,есть ≥2 аналога train,этаж → пропуск
38442,Daire,320000.0,1.0,3+1,1,2,Aydın/Didim/Altınkum,TRY,776.0,330000.0,0.9696969696969697,Неправдоподобная площадь,оставить,320000.0,есть ≥2 аналога train,площадь → пропуск
38583,Villa,200000.0,1.0,3+1,Müstakil,3,Balıkesir/Edremit/Akçay,TRY,44.0,600000.0,0.3333333333333333,Неправдоподобная площадь,оставить,200000.0,есть ≥2 аналога train,площадь → пропуск
39296,Villa,950000.0,1.0,3+1,Müstakil,2,İzmir/Çeşme/Alaçatı,TRY,235.0,1650000.0,0.5757575757575758,Неправдоподобная площадь,оставить,950000.0,есть ≥2 аналога train,площадь → пропуск
39443,Villa,649000.0,1.0,4+1,Müstakil,2,Aydın/Didim/Efeler,TRY,747.0,510000.0,1.272549019607843,Неправдоподобная площадь,оставить,649000.0,есть ≥2 аналога train,площадь → пропуск
39463,Villa,650000.0,1.0,3+1,Müstakil,2,Aydın/Didim/Efeler,TRY,747.0,510000.0,1.2745098039215685,Неправдоподобная площадь,оставить,650000.0,есть ≥2 аналога train,площадь → пропуск
39838,Daire,550000.0,,2+1,3,2,Muğla/Bodrum/Gümbet,TRY,20.0,650000.0,0.8461538461538461,Этаж выше этажности,оставить,550000.0,есть ≥2 аналога train,этаж → пропуск
40009,Villa,650000.0,1.0,3+1,Müstakil,2,Aydın/Didim/Efeler,TRY,747.0,510000.0,1.2745098039215685,Неправдоподобная площадь,оставить,650000.0,есть ≥2 аналога train,площадь → пропуск
40344,Daire,255000.0,60.0,1+1,5,2,Antalya/Muratpaşa/Çağlayan,TRY,499.0,475000.0,0.5368421052631579,Этаж выше этажности,оставить,255000.0,есть ≥2 аналога train,этаж → пропуск
40542,Villa,950000.0,1.0,3+1,Müstakil,2,İzmir/Çeşme/Alaçatı,TRY,235.0,1650000.0,0.5757575757575758,Неправдоподобная площадь,оставить,950000.0,есть ≥2 аналога train,площадь → пропуск
40611,Villa,449000.0,180185.0,3+1,Müstakil,2,Aydın/Didim/Hisar,TRY,227.0,490000.0,0.9163265306122449,Неправдоподобная площадь,оставить,449000.0,есть ≥2 аналога train,площадь → пропуск
40660,Müstakil Ev,1250000.0,1.0,3+1,Müstakil,1,Antalya/Konyaaltı/Çakırlar,TRY,1.0,1250000.0,,Неправдоподобная площадь,оставить,1250000.0,аналогов train меньше 2,площадь → пропуск
41299,Daire,27000.0,200.0,3+1,2,5,İstanbul/Beşiktaş/Ulus,TRY,83.0,3200000.0,0.0084375,Цена < 1% местной медианы,исключить,27000.0,есть ≥2 аналога train,без изменений
41452,Daire,128000.0,70.0,2+1,3,2,Antalya/Kepez/Teomanpaşa,TRY,61.0,128000.0,1.0,Этаж выше этажности,оставить,128000.0,есть ≥2 аналога train,этаж → пропуск
41892,Villa,200000.0,1.0,3+1,Müstakil,3,Balıkesir/Edremit/Akçay,TRY,44.0,600000.0,0.3333333333333333,Неправдоподобная площадь,оставить,200000.0,есть ≥2 аналога train,площадь → пропуск
41959,Villa,649000.0,1.0,3+1,Müstakil,2,Aydın/Didim/Altınkum,TRY,499.0,745000.0,0.8711409395973154,Неправдоподобная площадь,оставить,649000.0,есть ≥2 аналога train,площадь → пропуск
41970,Villa,245000.0,100.0,2+1,3,2,Aydın/Kuşadası/Kadınlar Denizi,TRY,331.0,420000.0,0.5833333333333334,Этаж выше этажности,оставить,245000.0,есть ≥2 аналога train,этаж → пропуск
42051,Daire,390000.0,80.0,2+1,5,2,İstanbul/Ümraniye/İstiklal,TRY,71.0,405000.0,0.9629629629629629,Этаж выше этажности,оставить,390000.0,есть ≥2 аналога train,этаж → пропуск
42809,Villa,650000.0,1.0,3+1,Müstakil,2,Aydın/Didim/Efeler,TRY,747.0,510000.0,1.2745098039215685,Неправдоподобная площадь,оставить,650000.0,есть ≥2 аналога train,площадь → пропуск
42840,Villa,649000.0,1.0,4+1,Müstakil,2,Aydın/Didim/Efeler,TRY,747.0,510000.0,1.272549019607843,Неправдоподобная площадь,оставить,649000.0,есть ≥2 аналога train,площадь → пропуск
43594,Villa,990000.0,1.0,5+1,Müstakil,2,Antalya/Manavgat/Seydiler,TRY,1.0,990000.0,,Неправдоподобная площадь,оставить,990000.0,аналогов train меньше 2,площадь → пропуск
43763,Daire,1000.0,140.0,3+1,3,4,Mersin/Yenişehir/Güvenevler,TRY,104.0,317000.0,0.0031545741324921135,"Цена < 5 000 TRY, Цена < 1% местной медианы",исключить,1000.0,есть ≥2 аналога train,без изменений
46012,Daire,210000.0,90.0,2+1,3,2,Aydın/Kuşadası/İkiçeşmelik,TRY,399.0,285000.0,0.7368421052631579,Этаж выше этажности,оставить,210000.0,есть ≥2 аналога train,этаж → пропуск
46202,Daire,330000.0,,4+1,3,2,Antalya/Kepez/Fabrikalar,TRY,24.0,270500.0,1.21996303142329,Этаж выше этажности,оставить,330000.0,есть ≥2 аналога train,этаж → пропуск
47280,Daire,320000.0,1.0,3+1,1,2,Aydın/Didim/Altınkum,TRY,776.0,330000.0,0.9696969696969697,Неправдоподобная площадь,оставить,320000.0,есть ≥2 аналога train,площадь → пропуск
47434,Daire,1250.0,100.0,3+1,2,4,Aydın/Didim/Efeler,TRY,1906.0,239900.0,0.005210504376823677,"Цена < 5 000 TRY, Цена < 1% местной медианы",исключить,1250.0,есть ≥2 аналога train,без изменений
48372,Daire,330000.0,,4+1,3,2,Antalya/Kepez/Fabrikalar,TRY,24.0,270500.0,1.21996303142329,Этаж выше этажности,оставить,330000.0,есть ≥2 аналога train,этаж → пропуск
48836,Daire,275000.0,90.0,2+1,7,1,Antalya/Muratpaşa/Doğuyaka,TRY,36.0,340000.0,0.8088235294117647,Этаж выше этажности,оставить,275000.0,есть ≥2 аналога train,этаж → пропуск
49112,Daire,635000.0,80.0,2+1,5,1,Antalya/Konyaaltı/Liman,TRY,273.0,355000.0,1.7887323943661972,Этаж выше этажности,оставить,635000.0,есть ≥2 аналога train,этаж → пропуск
49263,Daire,270000.0,126.0,3+1,5,1,Trabzon/Ortahisar/Kemerkaya,TRY,11.0,195000.0,1.3846153846153846,Этаж выше этажности,оставить,270000.0,есть ≥2 аналога train,этаж → пропуск
49483,Daire,900000.0,,4+1,7,6,İstanbul/Pendik/Bahçelievler,TRY,26.0,525000.0,1.7142857142857142,Этаж выше этажности,оставить,900000.0,есть ≥2 аналога train,этаж → пропуск
49992,Daire,360000.0,,2+1,4,2,Antalya/Muratpaşa/Güzeloba,TRY,467.0,355000.0,1.0140845070422535,Этаж выше этажности,оставить,360000.0,есть ≥2 аналога train,этаж → пропуск
50024,Daire,360000.0,,2+1,4,2,Antalya/Muratpaşa/Güzeloba,TRY,467.0,355000.0,1.0140845070422535,Этаж выше этажности,оставить,360000.0,есть ≥2 аналога train,этаж → пропуск
50243,Daire,305000.0,105.0,+,1,5,Antalya/Alanya/Oba,TRY,170.0,375000.0,0.8133333333333334,Комнаты не разобраны,оставить,305000.0,есть ≥2 аналога train,без изменений
50386,Rezidans,5211119.0052,2461.0,6+1,14,4,Ankara/Elmadağ/Hasanoğlan Havuzbaşı,USD,3.0,390000.0,13.361843603076922,Этаж выше этажности,оставить,969222.0,есть ≥2 аналога train,этаж → пропуск
50508,Daire,300000.0,210.0,4+1,4,3,Balıkesir/Edremit/Akçay,TRY,3930.0,220000.0,1.3636363636363635,Этаж выше этажности,оставить,300000.0,есть ≥2 аналога train,этаж → пропуск
50558,Daire,800.0,,3+1,3,4,Adana/Yüreğir/Kışla,TRY,6.0,549000.0,0.0014571948998178506,"Цена < 5 000 TRY, Цена < 1% местной медианы",исключить,800.0,есть ≥2 аналога train,без изменений
50925,Villa,1100000.0,140.0,4+1,4,3,Aydın/Didim/Altınkum,TRY,499.0,745000.0,1.476510067114094,Этаж выше этажности,оставить,1100000.0,есть ≥2 аналога train,этаж → пропуск
51153,Daire,850.0,,2+1,2,4,Antalya/Muratpaşa/Gebizli,TRY,114.0,240000.0,0.0035416666666666665,"Цена < 5 000 TRY, Цена < 1% местной медианы",исключить,850.0,есть ≥2 аналога train,без изменений
51543,Daire,475.0,140.0,4+1,Bahçe katı,3,İzmir/Dikili/Gazipaşa,TRY,47.0,260000.0,0.001826923076923077,"Цена < 5 000 TRY, Цена < 1% местной медианы",исключить,475.0,есть ≥2 аналога train,без изменений
51582,Daire,320000.0,,3+1,3,2,Muğla/Fethiye/Tuzla,TRY,52.0,380000.0,0.8421052631578947,Этаж выше этажности,оставить,320000.0,есть ≥2 аналога train,этаж → пропуск
51685,Daire,750000.0,125.0,3+1,8,5,İstanbul/Kadıköy/Kozyatağı,TRY,135.0,700000.0,1.0714285714285714,Этаж выше этажности,оставить,750000.0,есть ≥2 аналога train,этаж → пропуск
51737,Rezidans,360000.0,100.0,2+1,4,1,Antalya/Konyaaltı/Hurma,TRY,33.0,300000.0,1.2,Этаж выше этажности,оставить,360000.0,есть ≥2 аналога train,этаж → пропуск
51743,Daire,650000.0,90.0,2+1,3,2,İstanbul/Sarıyer/Maden,TRY,26.0,1125000.0,0.5777777777777777,Этаж выше этажности,оставить,650000.0,есть ≥2 аналога train,этаж → пропуск
51783,Daire,440000.0,140.0,3+1,4,2,İzmir/Buca/Yiğitler,TRY,61.0,253000.0,1.7391304347826086,Этаж выше этажности,оставить,440000.0,есть ≥2 аналога train,этаж → пропуск
52175,Villa,330000.0,1.0,3+1,Kot 1,3,İzmir/Seferihisar/Payamlı,TRY,8.0,425000.0,0.7764705882352941,Неправдоподобная площадь,оставить,330000.0,есть ≥2 аналога train,площадь → пропуск
52210,Müstakil Ev,210000.0,80.0,2+1,3,1,Manisa/Yunusemre/Üçpınar,TRY,2.0,205000.0,1.024390243902439,Этаж выше этажности,оставить,210000.0,есть ≥2 аналога train,этаж → пропуск
52503,Daire,220000.0,,3+1,4,1,Mersin/Mezitli/Akdeniz,TRY,677.0,299000.0,0.7357859531772575,Этаж выше этажности,оставить,220000.0,есть ≥2 аналога train,этаж → пропуск
52590,Daire,125000.0,50.0,1+1,4,3,Aydın/Kuşadası/Davutlar,TRY,561.0,183000.0,0.6830601092896175,Этаж выше этажности,оставить,125000.0,есть ≥2 аналога train,этаж → пропуск
52826,Daire,105000.0,150.0,3+1,6,5,Antalya/Kepez/Şelale,TRY,27.0,150000.0,0.7,Этаж выше этажности,оставить,105000.0,есть ≥2 аналога train,этаж → пропуск
52939,Daire,194000.0,1.0,2+1,1,2,Aydın/Didim/Efeler,TRY,1906.0,239900.0,0.8086702792830346,Неправдоподобная площадь,оставить,194000.0,есть ≥2 аналога train,площадь → пропуск
53350,Daire,1600.0,130.0,3+1,1,5,Aydın/Kuşadası/Ege,TRY,709.0,330000.0,0.0048484848484848485,"Цена < 5 000 TRY, Цена < 1% местной медианы",исключить,1600.0,есть ≥2 аналога train,без изменений
53585,Daire,259000.0,112.0,3+1,3,1,Antalya/Kepez/Mehmet Akif Ersoy,TRY,211.0,180000.0,1.4388888888888889,Этаж выше этажности,оставить,259000.0,есть ≥2 аналога train,этаж → пропуск
54085,Daire,194000.0,1.0,2+1,1,2,Aydın/Didim/Efeler,TRY,1906.0,239900.0,0.8086702792830346,Неправдоподобная площадь,оставить,194000.0,есть ≥2 аналога train,площадь → пропуск
54685,Daire,440000.0,140.0,3+1,4,2,İzmir/Buca/Yiğitler,TRY,61.0,253000.0,1.7391304347826086,Этаж выше этажности,оставить,440000.0,есть ≥2 аналога train,этаж → пропуск
54701,Daire,227000.0,115.0,3+1,12,3,Adana/Seyhan/Yeşilyurt,TRY,234.0,223000.0,1.0179372197309418,Этаж выше этажности,оставить,227000.0,есть ≥2 аналога train,этаж → пропуск
54867,Daire,1100.0,140.0,3+1,2,4,Aydın/Kuşadası/Kadınlar Denizi,TRY,285.0,265000.0,0.004150943396226415,"Цена < 5 000 TRY, Цена < 1% местной медианы",исключить,1100.0,есть ≥2 аналога train,без изменений
55541,Daire,155000.0,,2+1,3,2,Muğla/Dalaman/Bezkese,TRY,6.0,155000.0,1.0,Этаж выше этажности,оставить,155000.0,есть ≥2 аналога train,этаж → пропуск
55625,Daire,330000.0,1.0,3+1,1,3,Aydın/Didim/Altınkum,TRY,776.0,330000.0,1.0,Неправдоподобная площадь,оставить,330000.0,есть ≥2 аналога train,площадь → пропуск
56044,Daire,228000.0,,3+1,12,3,Adana/Çukurova/Huzurevleri,TRY,580.0,299000.0,0.7625418060200669,Этаж выше этажности,оставить,228000.0,есть ≥2 аналога train,этаж → пропуск
56165,Daire,440000.0,140.0,3+1,4,2,İzmir/Buca/Yiğitler,TRY,61.0,253000.0,1.7391304347826086,Этаж выше этажности,оставить,440000.0,есть ≥2 аналога train,этаж → пропуск
57013,Daire,330000.0,1.0,3+1,1,3,Aydın/Didim/Altınkum,TRY,776.0,330000.0,1.0,Неправдоподобная площадь,оставить,330000.0,есть ≥2 аналога train,площадь → пропуск
57113,Villa,1000.0,80.0,2+1,1,2,Aydın/Kuşadası/Kadınlar Denizi,TRY,331.0,420000.0,0.002380952380952381,"Цена < 5 000 TRY, Цена < 1% местной медианы",исключить,1000.0,есть ≥2 аналога train,без изменений
57408,Daire,400000.0,1.0,3+1,1,2,Aydın/Didim/Efeler,TRY,1906.0,239900.0,1.6673614005835764,Неправдоподобная площадь,оставить,400000.0,есть ≥2 аналога train,площадь → пропуск
58218,Daire,420000.0,160.0,3+1,5,3,Antalya/Konyaaltı/Öğretmenevleri,TRY,32.0,500000.0,0.84,Этаж выше этажности,оставить,420000.0,есть ≥2 аналога train,этаж → пропуск
58629,Daire,1300.0,,2+1,Kot 2,4,İzmir/Dikili/İsmetpaşa,TRY,24.0,275000.0,0.0047272727272727275,"Цена < 5 000 TRY, Цена < 1% местной медианы",исключить,1300.0,есть ≥2 аналога train,без изменений
58741,Daire,335999.0,,3+1,3,2,Antalya/Alanya/Konaklı,TRY,23.0,285999.0,1.1748257861041471,Этаж выше этажности,оставить,335999.0,есть ≥2 аналога train,этаж → пропуск
58910,Daire,350000.0,1.0,2+1,1,2,Aydın/Didim/Çamlık,TRY,1214.0,275000.0,1.2727272727272727,Неправдоподобная площадь,оставить,350000.0,есть ≥2 аналога train,площадь → пропуск
58931,Daire,305000.0,110.0,3+1,3,2,Antalya/Döşemealtı/Yeniköy,TRY,42.0,230000.0,1.326086956521739,Этаж выше этажности,оставить,305000.0,есть ≥2 аналога train,этаж → пропуск
59361,Daire,400000.0,1.0,3+1,1,2,Aydın/Didim/Efeler,TRY,1906.0,239900.0,1.6673614005835764,Неправдоподобная площадь,оставить,400000.0,есть ≥2 аналога train,площадь → пропуск
59372,Daire,620000.0,99.0,2+1,8,6,Antalya/Alanya/Tosmur,TRY,65.0,340000.0,1.8235294117647058,Этаж выше этажности,оставить,620000.0,есть ≥2 аналога train,этаж → пропуск
59618,Daire,194000.0,1.0,2+1,1,2,Aydın/Didim/Efeler,TRY,1906.0,239900.0,0.8086702792830346,Неправдоподобная площадь,оставить,194000.0,есть ≥2 аналога train,площадь → пропуск
59696,Daire,1750000.0,341.0,4+1,16,1,Mersin/Yenişehir/Akkent,TRY,179.0,232000.0,7.543103448275862,Этаж выше этажности,оставить,1750000.0,есть ≥2 аналога train,этаж → пропуск
59754,Daire,1500.0,90.0,2+1,2,3,Muğla/Fethiye/Foça,TRY,67.0,360000.0,0.004166666666666667,"Цена < 5 000 TRY, Цена < 1% местной медианы",исключить,1500.0,есть ≥2 аналога train,без изменений
60314,Daire,2850.0,,2+1,2,3,Muğla/Bodrum/Bitez,TRY,29.0,550000.0,0.0051818181818181815,"Цена < 5 000 TRY, Цена < 1% местной медианы",исключить,2850.0,есть ≥2 аналога train,без изменений
60416,Daire,270000.0,,3+1,3,2,Muğla/Dalaman/Söğütlüyurt,TRY,31.0,199500.0,1.3533834586466165,Этаж выше этажности,оставить,270000.0,есть ≥2 аналога train,этаж → пропуск
61162,Daire,320000.0,79.0,2+1,2,1,Aydın/Didim/Akbük,TRY,560.0,245000.0,1.3061224489795917,Этаж выше этажности,оставить,320000.0,есть ≥2 аналога train,этаж → пропуск
61164,Daire,320000.0,79.0,2+1,2,1,Aydın/Didim/Akbük,TRY,560.0,245000.0,1.3061224489795917,Этаж выше этажности,оставить,320000.0,есть ≥2 аналога train,этаж → пропуск
61166,Daire,325000.0,91.0,2+1,2,1,Antalya/Muratpaşa/Güzeloba,TRY,467.0,355000.0,0.9154929577464789,Этаж выше этажности,оставить,325000.0,есть ≥2 аналога train,этаж → пропуск
61169,Daire,210000.0,90.0,2+1,2,1,Muğla/Dalaman/Söğütlüyurt,TRY,31.0,199500.0,1.0526315789473684,Этаж выше этажности,оставить,210000.0,есть ≥2 аналога train,этаж → пропуск
61180,Daire,525000.0,100.0,2+1,2,1,Antalya/Kaş/Kalkan,TRY,10.0,712000.0,0.7373595505617978,Этаж выше этажности,оставить,525000.0,есть ≥2 аналога train,этаж → пропуск
61183,Daire,450000.0,135.0,2+1,2,1,Antalya/Aksu/Kundu,TRY,11.0,570000.0,0.7894736842105263,Этаж выше этажности,оставить,450000.0,есть ≥2 аналога train,этаж → пропуск
61191,Daire,175000.0,,1+1,2,1,Aydın/Didim/Akbük,TRY,560.0,245000.0,0.7142857142857143,Этаж выше этажности,оставить,175000.0,есть ≥2 аналога train,этаж → пропуск
61195,Daire,625000.0,100.0,2+1,2,1,Muğla/Marmaris/Kemeraltı,TRY,81.0,380000.0,1.644736842105263,Этаж выше этажности,оставить,625000.0,есть ≥2 аналога train,этаж → пропуск
61204,Daire,175000.0,,1+1,2,1,Aydın/Didim/Akbük,TRY,560.0,245000.0,0.7142857142857143,Этаж выше этажности,оставить,175000.0,есть ≥2 аналога train,этаж → пропуск
61212,Daire,325000.0,91.0,2+1,2,1,Antalya/Muratpaşa/Güzeloba,TRY,467.0,355000.0,0.9154929577464789,Этаж выше этажности,оставить,325000.0,есть ≥2 аналога train,этаж → пропуск
61217,Daire,109000.0,50.0,1+1,2,1,Aydın/Kuşadası/Davutlar,TRY,561.0,183000.0,0.5956284153005464,Этаж выше этажности,оставить,109000.0,есть ≥2 аналога train,этаж → пропуск
61235,Daire,325000.0,91.0,2+1,2,1,Antalya/Muratpaşa/Güzeloba,TRY,467.0,355000.0,0.9154929577464789,Этаж выше этажности,оставить,325000.0,есть ≥2 аналога train,этаж → пропуск
61241,Daire,1350000.0,,2+1,2,1,Muğla/Bodrum/Gündoğan,TRY,29.0,670000.0,2.014925373134328,Этаж выше этажности,оставить,1350000.0,есть ≥2 аналога train,этаж → пропуск
61247,Daire,175000.0,,1+1,2,1,Aydın/Didim/Akbük,TRY,560.0,245000.0,0.7142857142857143,Этаж выше этажности,оставить,175000.0,есть ≥2 аналога train,этаж → пропуск
61248,Daire,325000.0,91.0,2+1,2,1,Antalya/Muratpaşa/Güzeloba,TRY,467.0,355000.0,0.9154929577464789,Этаж выше этажности,оставить,325000.0,есть ≥2 аналога train,этаж → пропуск
61255,Daire,178000.0,85.0,2+1,2,1,Aydın/Didim/Efeler,TRY,1906.0,239900.0,0.7419758232596916,Этаж выше этажности,оставить,178000.0,есть ≥2 аналога train,этаж → пропуск
61257,Daire,129000.0,60.0,1+1,2,1,Aydın/Didim/Efeler,TRY,1906.0,239900.0,0.5377240516882034,Этаж выше этажности,оставить,129000.0,есть ≥2 аналога train,этаж → пропуск
61261,Daire,800.0,100.0,2+1,Kot 2,5,Muğla/Ortaca/Terzialiler,TRY,48.0,170000.0,0.004705882352941176,"Цена < 5 000 TRY, Цена < 1% местной медианы",исключить,800.0,есть ≥2 аналога train,без изменений
61275,Daire,200000.0,74.0,2+1,2,1,Aydın/Didim/Altınkum,TRY,776.0,330000.0,0.6060606060606061,Этаж выше этажности,оставить,200000.0,есть ≥2 аналога train,этаж → пропуск
61283,Daire,190000.0,90.0,2+1,2,1,Aydın/Didim/Cumhuriyet,TRY,622.0,199000.0,0.9547738693467337,Этаж выше этажности,оставить,190000.0,есть ≥2 аналога train,этаж → пропуск
61288,Daire,175000.0,,1+1,2,1,Aydın/Didim/Akbük,TRY,560.0,245000.0,0.7142857142857143,Этаж выше этажности,оставить,175000.0,есть ≥2 аналога train,этаж → пропуск
61296,Villa,625000.0,,3+1,2,1,Aydın/Kuşadası/Karaova,TRY,417.0,620000.0,1.0080645161290323,Этаж выше этажности,оставить,625000.0,есть ≥2 аналога train,этаж → пропуск
61312,Daire,330000.0,120.0,3+1,2,1,Aydın/Didim/Altınkum,TRY,776.0,330000.0,1.0,Этаж выше этажности,оставить,330000.0,есть ≥2 аналога train,этаж → пропуск
61326,Daire,800.0,100.0,2+1,Kot 2,5,Muğla/Ortaca/Terzialiler,TRY,48.0,170000.0,0.004705882352941176,"Цена < 5 000 TRY, Цена < 1% местной медианы",исключить,800.0,есть ≥2 аналога train,без изменений
62576,Daire,1500.0,130.0,3+1,Kot 2,8,Antalya/Konyaaltı/Sarısu,TRY,71.0,245000.0,0.006122448979591836,"Цена < 5 000 TRY, Цена < 1% местной медианы",исключить,1500.0,есть ≥2 аналога train,без изменений
62965,Daire,750000.0,1.0,3+1,2,2,Aydın/Didim/Altınkum,TRY,776.0,330000.0,2.272727272727273,Неправдоподобная площадь,оставить,750000.0,есть ≥2 аналога train,площадь → пропуск
63076,Daire,248000.0,,3+1,3,1,Antalya/Kepez/Mehmet Akif Ersoy,TRY,211.0,180000.0,1.3777777777777778,Этаж выше этажности,оставить,248000.0,есть ≥2 аналога train,этаж → пропуск
63780,Daire,287000.0,,2+1,4,2,Antalya/Muratpaşa/Güzeloba,TRY,467.0,355000.0,0.8084507042253521,Этаж выше этажности,оставить,287000.0,есть ≥2 аналога train,этаж → пропуск
63891,Daire,789000.0,125000.0,3+1,2,2,Aydın/Didim/Altınkum,TRY,776.0,330000.0,2.390909090909091,Неправдоподобная площадь,оставить,789000.0,есть ≥2 аналога train,площадь → пропуск
64258,Daire,550000.0,,2+1,3,2,Muğla/Bodrum/Gümbet,TRY,20.0,650000.0,0.8461538461538461,Этаж выше этажности,оставить,550000.0,есть ≥2 аналога train,этаж → пропуск
64326,Daire,187000.0,1.0,2+1,2,3,Aydın/Didim/Hisar,TRY,996.0,195000.0,0.958974358974359,Неправдоподобная площадь,оставить,187000.0,есть ≥2 аналога train,площадь → пропуск
64607,Daire,750000.0,1.0,3+1,2,2,Aydın/Didim/Altınkum,TRY,776.0,330000.0,2.272727272727273,Неправдоподобная площадь,оставить,750000.0,есть ≥2 аналога train,площадь → пропуск
64791,Daire,1100.0,85.0,2+1,Kot 2,2,Muğla/Fethiye/Foça,TRY,67.0,360000.0,0.0030555555555555557,"Цена < 5 000 TRY, Цена < 1% местной медианы",исключить,1100.0,есть ≥2 аналога train,без изменений
65832,Daire,329000.0,10.0,3+1,2,2,Aydın/Didim/Efeler,TRY,1906.0,239900.0,1.3714047519799917,Неправдоподобная площадь,оставить,329000.0,есть ≥2 аналога train,площадь → пропуск
66024,Daire,6868624.0,,2+1,2,3,Antalya/Serik/Belek,EUR,11.0,320000.0,21.46445,Цена > 20 местных медиан,исключить,980000.0,есть ≥2 аналога train,без изменений
66554,Daire,1250.0,100.0,2+1,2,3,Muğla/Dalaman/Karaçalı,TRY,80.0,219000.0,0.005707762557077625,"Цена < 5 000 TRY, Цена < 1% местной медианы",исключить,1250.0,есть ≥2 аналога train,без изменений
67456,Daire,187000.0,1.0,2+1,2,3,Aydın/Didim/Hisar,TRY,996.0,195000.0,0.958974358974359,Неправдоподобная площадь,оставить,187000.0,есть ≥2 аналога train,площадь → пропуск
67492,Daire,310000.0,1.0,2+1,2,3,Aydın/Didim/Mavişehir,TRY,76.0,310000.0,1.0,Неправдоподобная площадь,оставить,310000.0,есть ≥2 аналога train,площадь → пропуск
67662,Daire,320000.0,1.0,3+1,3,3,Aydın/Didim/Altınkum,TRY,776.0,330000.0,0.9696969696969697,Неправдоподобная площадь,оставить,320000.0,есть ≥2 аналога train,площадь → пропуск
67691,Daire,275000.0,120.0,2+1,3,2,Aydın/Didim/Hisar,TRY,996.0,195000.0,1.4102564102564104,Этаж выше этажности,оставить,275000.0,есть ≥2 аналога train,этаж → пропуск
68234,Daire,1200.0,,2+1,Kot 2,4,İzmir/Urla/Zeytinalanı,TRY,54.0,500000.0,0.0024,"Цена < 5 000 TRY, Цена < 1% местной медианы",исключить,1200.0,есть ≥2 аналога train,без изменений
68256,Daire,415000.0,,3+1,3,2,Antalya/Muratpaşa/Güzeloba,TRY,467.0,355000.0,1.1690140845070423,Этаж выше этажности,оставить,415000.0,есть ≥2 аналога train,этаж → пропуск
68494,Daire,287000.0,,2+1,4,2,Antalya/Muratpaşa/Güzeloba,TRY,467.0,355000.0,0.8084507042253521,Этаж выше этажности,оставить,287000.0,есть ≥2 аналога train,этаж → пропуск
68703,Daire,390000.0,90.0,2+1,3,2,Çanakkale/Ayvacık/Küçükkuyu Bld. (Mıhlı),TRY,64.0,375000.0,1.04,Этаж выше этажности,оставить,390000.0,есть ≥2 аналога train,этаж → пропуск
70098,Daire,349500.0,130.0,2+1,5,2,Antalya/Alanya/Cikcilli,TRY,130.0,340000.0,1.0279411764705881,Этаж выше этажности,оставить,349500.0,есть ≥2 аналога train,этаж → пропуск
70625,Daire,600.0,105.0,2+1,Yüksek Giriş,4,Antalya/Manavgat/Sarılar,TRY,717.0,135000.0,0.0044444444444444444,"Цена < 5 000 TRY, Цена < 1% местной медианы",исключить,600.0,есть ≥2 аналога train,без изменений
71268,Daire,220000.0,90.0,2+1,4,2,Antalya/Konyaaltı/Hurma,TRY,402.0,290000.0,0.7586206896551724,Этаж выше этажности,оставить,220000.0,есть ≥2 аналога train,этаж → пропуск
71459,Daire,270000.0,180.0,3+1,5,2,Mersin/Mezitli/Akdeniz,TRY,677.0,299000.0,0.903010033444816,Этаж выше этажности,оставить,270000.0,есть ≥2 аналога train,этаж → пропуск
71564,Daire,189000.0,125.0,3+1,3,2,Antalya/Muratpaşa/Yeşildere,TRY,10.0,199000.0,0.949748743718593,Этаж выше этажности,оставить,189000.0,есть ≥2 аналога train,этаж → пропуск
71706,Daire,360000.0,,2+1,4,2,Antalya/Muratpaşa/Güzeloba,TRY,467.0,355000.0,1.0140845070422535,Этаж выше этажности,оставить,360000.0,есть ≥2 аналога train,этаж → пропуск
71766,Daire,475000.0,285.0,6+1,5,4,Antalya/Alanya/Küçükhasbahçe,TRY,27.0,500000.0,0.95,Этаж выше этажности,оставить,475000.0,есть ≥2 аналога train,этаж → пропуск
71804,Villa,500000.0,,+,3,3,Aydın/Kuşadası/Yavansu,TRY,281.0,550000.0,0.9090909090909091,Комнаты не разобраны,оставить,500000.0,есть ≥2 аналога train,без изменений
73308,Daire,270000.0,180.0,3+1,5,2,Mersin/Mezitli/Akdeniz,TRY,677.0,299000.0,0.903010033444816,Этаж выше этажности,оставить,270000.0,есть ≥2 аналога train,этаж → пропуск
73376,Daire,650.0,,2+1,3,3,Mersin/Toroslar/Sağlık,TRY,52.0,139500.0,0.004659498207885305,"Цена < 5 000 TRY, Цена < 1% местной медианы",исключить,650.0,есть ≥2 аналога train,без изменений
73460,Daire,229000.0,1.0,2+1,Yüksek Giriş,2,Aydın/Didim/Efeler,TRY,1906.0,239900.0,0.9545644018340975,Неправдоподобная площадь,оставить,229000.0,есть ≥2 аналога train,площадь → пропуск
73540,Daire,287000.0,,2+1,4,2,Antalya/Muratpaşa/Güzeloba,TRY,467.0,355000.0,0.8084507042253521,Этаж выше этажности,оставить,287000.0,есть ≥2 аналога train,этаж → пропуск
73815,Daire,350000.0,78.0,2+1,5,1,İstanbul/Maltepe/Bağlarbaşı,TRY,165.0,400000.0,0.875,Этаж выше этажности,оставить,350000.0,есть ≥2 аналога train,этаж → пропуск
73864,Daire,215000.0,,2+1,4,3,Aydın/Didim/Altınkum,TRY,776.0,330000.0,0.6515151515151515,Этаж выше этажности,оставить,215000.0,есть ≥2 аналога train,этаж → пропуск
74405,Daire,225000.0,150.0,3+1,7,6,Adana/Çukurova/Toros,TRY,612.0,279000.0,0.8064516129032258,Этаж выше этажности,оставить,225000.0,есть ≥2 аналога train,этаж → пропуск
74735,Daire,275000.0,90.0,2+1,7,1,Antalya/Muratpaşa/Doğuyaka,TRY,36.0,340000.0,0.8088235294117647,Этаж выше этажности,оставить,275000.0,есть ≥2 аналога train,этаж → пропуск
74802,Villa,4675000.0,1.0,7+2,Bahçe katı,2,Sakarya/Serdivan/Kuruçeşme,TRY,1.0,4675000.0,,Неправдоподобная площадь,оставить,4675000.0,аналогов train меньше 2,площадь → пропуск
74897,Daire,194500.0,1.0,2+1,Yüksek Giriş,2,Aydın/Didim/Çamlık,TRY,1214.0,275000.0,0.7072727272727273,Неправдоподобная площадь,оставить,194500.0,есть ≥2 аналога train,площадь → пропуск
75108,Daire,330000.0,,3+1,13,10,Adana/Çukurova/Güzelyalı,TRY,211.0,395000.0,0.8354430379746836,Этаж выше этажности,оставить,330000.0,есть ≥2 аналога train,этаж → пропуск
75187,Daire,720000.0,,2+1,5,4,İstanbul/Maltepe/Feyzullah,TRY,117.0,550000.0,1.309090909090909,Этаж выше этажности,оставить,720000.0,есть ≥2 аналога train,этаж → пропуск
75395,Daire,225000.0,1.0,2+1,Yüksek Giriş,2,Aydın/Didim/Efeler,TRY,1906.0,239900.0,0.9378907878282617,Неправдоподобная площадь,оставить,225000.0,есть ≥2 аналога train,площадь → пропуск
75610,Villa,630000.0,200.0,3+1,4,3,Aydın/Didim/Altınkum,TRY,499.0,745000.0,0.8456375838926175,Этаж выше этажности,оставить,630000.0,есть ≥2 аналога train,этаж → пропуск
75639,Daire,145000.0,,+,Kot 4,4,Antalya/Kepez/Varsak Karşıyaka,TRY,867.0,157000.0,0.9235668789808917,Комнаты не разобраны,оставить,145000.0,есть ≥2 аналога train,без изменений
75673,Daire,200.0,,2+1,Yüksek Giriş,3,Aydın/Didim/Hisar,TRY,996.0,195000.0,0.0010256410256410256,"Цена < 5 000 TRY, Цена < 1% местной медианы",исключить,200.0,есть ≥2 аналога train,без изменений
76156,Daire,249000.0,,3+1,7,6,Adana/Çukurova/Huzurevleri,TRY,580.0,299000.0,0.8327759197324415,Этаж выше этажности,оставить,249000.0,есть ≥2 аналога train,этаж → пропуск
76398,Daire,249000.0,,3+1,7,6,Adana/Çukurova/Huzurevleri,TRY,580.0,299000.0,0.8327759197324415,Этаж выше этажности,оставить,249000.0,есть ≥2 аналога train,этаж → пропуск
76411,Daire,194500.0,1.0,2+1,Yüksek Giriş,2,Aydın/Didim/Çamlık,TRY,1214.0,275000.0,0.7072727272727273,Неправдоподобная площадь,оставить,194500.0,есть ≥2 аналога train,площадь → пропуск
77218,Müstakil Ev,390000.0,175.0,3+1,4,2,Aydın/Kuşadası/Kadınlar Denizi,TRY,56.0,455000.0,0.8571428571428571,Этаж выше этажности,оставить,390000.0,есть ≥2 аналога train,этаж → пропуск
77233,Daire,229000.0,1.0,2+1,Yüksek Giriş,2,Aydın/Didim/Efeler,TRY,1906.0,239900.0,0.9545644018340975,Неправдоподобная площадь,оставить,229000.0,есть ≥2 аналога train,площадь → пропуск
77316,Daire,152000.0,120.0,3+1,7,6,Mersin/Akdeniz/Bahçe,TRY,7.0,140000.0,1.0857142857142856,Этаж выше этажности,оставить,152000.0,есть ≥2 аналога train,этаж → пропуск
77369,Daire,310000.0,125.0,3+1,4,2,Antalya/Muratpaşa/Muratpaşa,TRY,94.0,298000.0,1.0402684563758389,Этаж выше этажности,оставить,310000.0,есть ≥2 аналога train,этаж → пропуск
78158,Daire,152000.0,75.0,2+1,3,2,Aydın/Didim/Cumhuriyet,TRY,622.0,199000.0,0.7638190954773869,Этаж выше этажности,оставить,152000.0,есть ≥2 аналога train,этаж → пропуск
78174,Daire,480000.0,,3+1,7,5,Mersin/Mezitli/Menderes,TRY,252.0,250000.0,1.92,Этаж выше этажности,оставить,480000.0,есть ≥2 аналога train,этаж → пропуск
78272,Daire,480000.0,,3+1,7,5,Mersin/Mezitli/Menderes,TRY,252.0,250000.0,1.92,Этаж выше этажности,оставить,480000.0,есть ≥2 аналога train,этаж → пропуск
78493,Daire,480000.0,,3+1,7,5,Mersin/Mezitli/Menderes,TRY,252.0,250000.0,1.92,Этаж выше этажности,оставить,480000.0,есть ≥2 аналога train,этаж → пропуск
78546,Daire,480000.0,,3+1,7,5,Mersin/Mezitli/Menderes,TRY,252.0,250000.0,1.92,Этаж выше этажности,оставить,480000.0,есть ≥2 аналога train,этаж → пропуск
78547,Daire,480000.0,,3+1,7,5,Mersin/Mezitli/Menderes,TRY,252.0,250000.0,1.92,Этаж выше этажности,оставить,480000.0,есть ≥2 аналога train,этаж → пропуск
78721,Daire,178000.0,,2+1,3,1,Aydın/Didim/Efeler,TRY,1906.0,239900.0,0.7419758232596916,Этаж выше этажности,оставить,178000.0,есть ≥2 аналога train,этаж → пропуск
78885,Daire,550000.0,,2+1,3,2,Muğla/Bodrum/Gümbet,TRY,20.0,650000.0,0.8461538461538461,Этаж выше этажности,оставить,550000.0,есть ≥2 аналога train,этаж → пропуск
79153,Daire,475000.0,285.0,6+1,5,4,Antalya/Alanya/Küçükhasbahçe,TRY,27.0,500000.0,0.95,Этаж выше этажности,оставить,475000.0,есть ≥2 аналога train,этаж → пропуск
79949,Villa,570000.0,120.0,3+1,4,2,Aydın/Kuşadası/Karaova,TRY,417.0,620000.0,0.9193548387096774,Этаж выше этажности,оставить,570000.0,есть ≥2 аналога train,этаж → пропуск
80004,Daire,240000.0,,2+1,5,1,Aydın/Kuşadası/Hacıfeyzullah,TRY,121.0,225000.0,1.0666666666666667,Этаж выше этажности,оставить,240000.0,есть ≥2 аналога train,этаж → пропуск
80059,Daire,330000.0,,3+1,13,10,Adana/Çukurova/Güzelyalı,TRY,211.0,395000.0,0.8354430379746836,Этаж выше этажности,оставить,330000.0,есть ≥2 аналога train,этаж → пропуск
80498,Daire,190000.0,75.0,2+1,3,2,Aydın/Didim/Efeler,TRY,1906.0,239900.0,0.7919966652771988,Этаж выше этажности,оставить,190000.0,есть ≥2 аналога train,этаж → пропуск
80533,Daire,360000.0,,2+1,4,2,Antalya/Muratpaşa/Güzeloba,TRY,467.0,355000.0,1.0140845070422535,Этаж выше этажности,оставить,360000.0,есть ≥2 аналога train,этаж → пропуск
80535,Daire,360000.0,,2+1,4,2,Antalya/Muratpaşa/Güzeloba,TRY,467.0,355000.0,1.0140845070422535,Этаж выше этажности,оставить,360000.0,есть ≥2 аналога train,этаж → пропуск
80694,Daire,530000.0,125.0,3+1,4,2,İstanbul/Bakırköy/Osmaniye,TRY,37.0,540000.0,0.9814814814814815,Этаж выше этажности,оставить,530000.0,есть ≥2 аналога train,этаж → пропуск
80704,Daire,350000.0,100.0,2+1,4,2,Antalya/Alanya/Güller Pınarı,TRY,28.0,282500.0,1.238938053097345,Этаж выше этажности,оставить,350000.0,есть ≥2 аналога train,этаж → пропуск
81518,Daire,345000.0,100.0,3+1,5,1,Antalya/Muratpaşa/Gençlik,TRY,42.0,392500.0,0.8789808917197452,Этаж выше этажности,оставить,345000.0,есть ≥2 аналога train,этаж → пропуск
81643,Daire,360000.0,,2+1,4,2,Antalya/Muratpaşa/Güzeloba,TRY,467.0,355000.0,1.0140845070422535,Этаж выше этажности,оставить,360000.0,есть ≥2 аналога train,этаж → пропуск
82156,Villa,540000.0,1.0,3+1,Müstakil,2,Aydın/Didim/Yalıköy,TRY,15.0,485000.0,1.1134020618556701,Неправдоподобная площадь,оставить,540000.0,есть ≥2 аналога train,площадь → пропуск
82159,Daire,1250.0,220.0,4+1,4,5,Antalya/Alanya/Oba,TRY,170.0,375000.0,0.0033333333333333335,"Цена < 5 000 TRY, Цена < 1% местной медианы",исключить,1250.0,есть ≥2 аналога train,без изменений
82362,Daire,175000.0,90.0,2+1,3,1,Antalya/Kepez/Emek,TRY,14.0,212000.0,0.8254716981132075,Этаж выше этажности,оставить,175000.0,есть ≥2 аналога train,этаж → пропуск
82397,Villa,550000.0,,3+1,3,2,Aydın/Kuşadası/Yavansu,TRY,281.0,550000.0,1.0,Этаж выше этажности,оставить,550000.0,есть ≥2 аналога train,этаж → пропуск
82434,Daire,250000.0,1.0,2+1,Bahçe katı,1,Gaziantep/Şahinbey/Yeditepe,TRY,119.0,188000.0,1.3297872340425532,Неправдоподобная площадь,оставить,250000.0,есть ≥2 аналога train,площадь → пропуск
83595,Daire,229000.0,1.0,2+1,Yüksek Giriş,2,Aydın/Didim/Efeler,TRY,1906.0,239900.0,0.9545644018340975,Неправдоподобная площадь,оставить,229000.0,есть ≥2 аналога train,площадь → пропуск
83673,Daire,595000.0,70.0,2+1,8,6,İstanbul/Kadıköy/Caddebostan,TRY,261.0,1750000.0,0.34,Этаж выше этажности,оставить,595000.0,есть ≥2 аналога train,этаж → пропуск
83773,Villa,4750000.0,1.0,10+0,Müstakil,4,Kayseri/Melikgazi/Becen,TRY,4.0,977500.0,4.859335038363171,Неправдоподобная площадь,оставить,4750000.0,есть ≥2 аналога train,площадь → пропуск
83831,Daire,3126062.8,,3+2,12,4,İstanbul/Avcılar/Cihangir,EUR,470.0,249000.0,12.554469076305221,Этаж выше этажности,оставить,457000.0,есть ≥2 аналога train,этаж → пропуск
84806,Daire,139000.0,45.0,1+1,3,2,İzmir/Buca/Adatepe,TRY,65.0,157500.0,0.8825396825396825,Этаж выше этажности,оставить,139000.0,есть ≥2 аналога train,этаж → пропуск
84844,Daire,275000.0,100.0,2+1,4,2,Aydın/Kuşadası/Ege,TRY,709.0,330000.0,0.8333333333333334,Этаж выше этажности,оставить,275000.0,есть ≥2 аналога train,этаж → пропуск
84967,Daire,320000.0,1.0,3+1,3,3,Aydın/Didim/Altınkum,TRY,776.0,330000.0,0.9696969696969697,Неправдоподобная площадь,оставить,320000.0,есть ≥2 аналога train,площадь → пропуск
85218,Daire,320000.0,1.0,3+1,3,3,Aydın/Didim/Altınkum,TRY,776.0,330000.0,0.9696969696969697,Неправдоподобная площадь,оставить,320000.0,есть ≥2 аналога train,площадь → пропуск
85354,Daire,390000.0,1.0,3+1,Çatı Katı,2,Aydın/Didim/Efeler,TRY,1906.0,239900.0,1.6256773655689871,Неправдоподобная площадь,оставить,390000.0,есть ≥2 аналога train,площадь → пропуск
85432,Daire,620000.0,1.0,3+1,Çatı Katı,2,Aydın/Didim/Mavişehir,TRY,76.0,310000.0,2.0,Неправдоподобная площадь,оставить,620000.0,есть ≥2 аналога train,площадь → пропуск
86386,Daire,390000.0,1.0,3+1,Çatı Katı,2,Aydın/Didim/Efeler,TRY,1906.0,239900.0,1.6256773655689871,Неправдоподобная площадь,оставить,390000.0,есть ≥2 аналога train,площадь → пропуск
86570,Daire,620000.0,1.0,3+1,Çatı Katı,2,Aydın/Didim/Mavişehir,TRY,76.0,310000.0,2.0,Неправдоподобная площадь,оставить,620000.0,есть ≥2 аналога train,площадь → пропуск
86582,Villa,649000.0,1.0,3+1,Müstakil,2,Aydın/Didim/Altınkum,TRY,499.0,745000.0,0.8711409395973154,Неправдоподобная площадь,оставить,649000.0,есть ≥2 аналога train,площадь → пропуск
86674,Daire,425000.0,,2+1,3,2,Antalya/Muratpaşa/Güzeloba,TRY,467.0,355000.0,1.1971830985915493,Этаж выше этажности,оставить,425000.0,есть ≥2 аналога train,этаж → пропуск
86737,Daire,620000.0,1.0,3+1,Çatı Katı,2,Aydın/Didim/Mavişehir,TRY,76.0,310000.0,2.0,Неправдоподобная площадь,оставить,620000.0,есть ≥2 аналога train,площадь → пропуск
86767,Daire,620000.0,1.0,3+1,Çatı Katı,2,Aydın/Didim/Mavişehir,TRY,76.0,310000.0,2.0,Неправдоподобная площадь,оставить,620000.0,есть ≥2 аналога train,площадь → пропуск
86845,Daire,275000.0,120.0,2+1,3,2,Aydın/Didim/Hisar,TRY,996.0,195000.0,1.4102564102564104,Этаж выше этажности,оставить,275000.0,есть ≥2 аналога train,этаж → пропуск
86887,Daire,750000.0,1.0,3+1,Çatı Katı,3,Aydın/Didim/Mavişehir,TRY,76.0,310000.0,2.4193548387096775,Неправдоподобная площадь,оставить,750000.0,есть ≥2 аналога train,площадь → пропуск
86940,Daire,330000.0,110.0,3+1,4,2,Aydın/Didim/Hisar,TRY,996.0,195000.0,1.6923076923076923,Этаж выше этажности,оставить,330000.0,есть ≥2 аналога train,этаж → пропуск
87021,Daire,225000.0,,2+1,3,2,Aydın/Didim/Çamlık,TRY,1214.0,275000.0,0.8181818181818182,Этаж выше этажности,оставить,225000.0,есть ≥2 аналога train,этаж → пропуск
87745,Daire,190000.0,75.0,2+1,3,2,Aydın/Didim/Efeler,TRY,1906.0,239900.0,0.7919966652771988,Этаж выше этажности,оставить,190000.0,есть ≥2 аналога train,этаж → пропуск
88042,Daire,409904.0,1.0,2+1,5,10,Antalya/Alanya/Mahmutlar,EUR,581.0,277000.0,1.479797833935018,Неправдоподобная площадь,оставить,68000.0,есть ≥2 аналога train,площадь → пропуск
88059,Villa,145000000.0,250.0,4+1,Müstakil,3,Aydın/Didim/Altınkum,TRY,499.0,745000.0,194.63087248322148,"Цена > 50 млн TRY, Цена > 20 местных медиан",исключить,145000000.0,есть ≥2 аналога train,без изменений
88451,Daire,475000.0,285.0,6+1,5,4,Antalya/Alanya/Küçükhasbahçe,TRY,27.0,500000.0,0.95,Этаж выше этажности,оставить,475000.0,есть ≥2 аналога train,этаж → пропуск
88459,Villa,360000.0,1.0,6+1,Müstakil,3,Aydın/Kuşadası/Kadınlar Denizi,TRY,331.0,420000.0,0.8571428571428571,Неправдоподобная площадь,оставить,360000.0,есть ≥2 аналога train,площадь → пропуск
88869,Daire,350000.0,78.0,2+1,5,1,İstanbul/Maltepe/Bağlarbaşı,TRY,165.0,400000.0,0.875,Этаж выше этажности,оставить,350000.0,есть ≥2 аналога train,этаж → пропуск
90038,Daire,270000.0,75.0,2+1,4,3,Aydın/Didim/Yeni,TRY,1008.0,250000.0,1.08,Этаж выше этажности,оставить,270000.0,есть ≥2 аналога train,этаж → пропуск
90324,Daire,1000.0,60.0,1+1,3,,Balıkesir/Edremit/Altınkum,TRY,180.0,210000.0,0.004761904761904762,"Цена < 5 000 TRY, Цена < 1% местной медианы",исключить,1000.0,есть ≥2 аналога train,без изменений
90673,Komple Bina,250000.0,,+,,2,İzmir/Karabağlar/Maliyeciler,TRY,2.0,250000.0,1.0,Комнаты не разобраны,оставить,250000.0,есть ≥2 аналога train,без изменений
90707,Komple Bina,750000.0,,+,,4,Kocaeli/Darıca/Abdi İpekçi,TRY,4.0,750000.0,1.0,Комнаты не разобраны,оставить,750000.0,есть ≥2 аналога train,без изменений
90755,Komple Bina,19000.0,,+,,7,İstanbul/Ümraniye/Çamlık,TRY,1.0,19000.0,,Комнаты не разобраны,оставить,19000.0,аналогов train меньше 2,без изменений
90835,Komple Bina,1800000.0,,+,,3,Kayseri/Melikgazi/Mimarsinanfatih,TRY,,,,Комнаты не разобраны,оставить,1800000.0,аналогов train меньше 2,без изменений
90857,Komple Bina,3000000.0,435.0,+,,7,İstanbul/Fatih/Yavuz Sultan Selim,TRY,4.0,3000000.0,1.0,Комнаты не разобраны,оставить,3000000.0,есть ≥2 аналога train,без изменений
90865,Komple Bina,1000000.0,,+,,4,Kocaeli/Çayırova/Emek,TRY,1.0,1000000.0,,Комнаты не разобраны,оставить,1000000.0,аналогов train меньше 2,без изменений
90905,Komple Bina,700000.0,,+,,3,Kayseri/Kocasinan/Yeni,TRY,,,,Комнаты не разобраны,оставить,700000.0,аналогов train меньше 2,без изменений
90927,Komple Bina,2800000.0,,+,,3,Samsun/Atakum/Mimarsinan,TRY,9.0,2800000.0,1.0,Комнаты не разобраны,оставить,2800000.0,есть ≥2 аналога train,без изменений
90935,Komple Bina,20000000.0,,+,,7,İstanbul/Kağıthane/Sultan Selim,TRY,3.0,12500000.0,1.6,Комнаты не разобраны,оставить,20000000.0,есть ≥2 аналога train,без изменений
90941,Komple Bina,12500000.0,900.0,+,,7,İstanbul/Kağıthane/Sultan Selim,TRY,3.0,12500000.0,1.0,Комнаты не разобраны,оставить,12500000.0,есть ≥2 аналога train,без изменений
90973,Köşk / Konak / Yalı,150000000.0,1628.0,8+4,,5,İstanbul/Üsküdar/Kandilli,TRY,4.0,240621900.0,0.6233846545139906,Цена > 50 млн TRY,оставить,150000000.0,есть ≥2 аналога train,без изменений
90983,Komple Bina,900000.0,440.0,+,,4,İstanbul/Silivri/Fevzipaşa,TRY,1.0,900000.0,,Комнаты не разобраны,оставить,900000.0,аналогов train меньше 2,без изменений
91003,Komple Bina,2950000.0,175.0,+,,8,Mersin/Yenişehir/Menteş,TRY,1.0,1900000.0,,Комнаты не разобраны,оставить,2950000.0,аналогов train меньше 2,без изменений
91011,Komple Bina,235000.0,,+,,1,Tekirdağ/Saray/Yeni,TRY,,,,Комнаты не разобраны,оставить,235000.0,аналогов train меньше 2,без изменений
91029,Komple Bina,1900000.0,,+,,7,Mersin/Yenişehir/Menteş,TRY,1.0,1900000.0,,Комнаты не разобраны,оставить,1900000.0,аналогов train меньше 2,без изменений
91043,Komple Bina,500000.0,98.0,+,,3,İzmir/Buca/Fırat,TRY,2.0,660000.0,0.7575757575757576,Комнаты не разобраны,оставить,500000.0,есть ≥2 аналога train,без изменений
91125,Komple Bina,1000000.0,600.0,+,,5,İstanbul/Gaziosmanpaşa/Karayolları,TRY,1.0,1000000.0,,Комнаты не разобраны,оставить,1000000.0,аналогов train меньше 2,без изменений
91165,Komple Bina,850000.0,250.0,+,,1,Konya/Meram/Kozağaç,TRY,1.0,850000.0,,Комнаты не разобраны,оставить,850000.0,аналогов train меньше 2,без изменений
91167,Daire,1234.0,,1+1,10,20 ve üzeri,Adıyaman/Çelikhan/Cami,TRY,,,,Цена < 5 000 TRY,исключить,1234.0,аналогов train меньше 2,без изменений
91189,Komple Bina,1450000.0,,+,,1,İstanbul/Sultangazi/Cebeci,TRY,6.0,1450000.0,1.0,Комнаты не разобраны,оставить,1450000.0,есть ≥2 аналога train,без изменений
91191,Komple Bina,2800000.0,,+,,3,Samsun/Atakum/Mimarsinan,TRY,9.0,2800000.0,1.0,Комнаты не разобраны,оставить,2800000.0,есть ≥2 аналога train,без изменений
91221,Komple Bina,680000.0,,+,,3,Denizli/Pamukkale/Kayıhan,TRY,1.0,680000.0,,Комнаты не разобраны,оставить,680000.0,аналогов train меньше 2,без изменений
91231,Komple Bina,520000.0,,+,,4,Tekirdağ/Çorlu/Zafer,TRY,4.0,520000.0,1.0,Комнаты не разобраны,оставить,520000.0,есть ≥2 аналога train,без изменений
91239,Komple Bina,900000.0,85.0,+,,3,İstanbul/Ümraniye/Kazım Karabekir,TRY,1.0,900000.0,,Комнаты не разобраны,оставить,900000.0,аналогов train меньше 2,без изменений
91241,Komple Bina,3450000.0,850.0,+,,2,Denizli/Merkezefendi/Gültepe,TRY,7.0,3450000.0,1.0,Комнаты не разобраны,оставить,3450000.0,есть ≥2 аналога train,без изменений
91255,Komple Bina,2250000.0,840.0,+,,7,İstanbul/Bahçelievler/Kocasinan Merkez,TRY,5.0,2250000.0,1.0,Комнаты не разобраны,оставить,2250000.0,есть ≥2 аналога train,без изменений
91269,Komple Bina,9700000.0,2700.0,+,,8,İstanbul/Beylikdüzü/Yakuplu,TRY,3.0,4800000.0,2.0208333333333335,Комнаты не разобраны,оставить,9700000.0,есть ≥2 аналога train,без изменений
91389,Villa,10000.0,,5+1,,3,İstanbul/Beykoz/Acarlar,TRY,41.0,8500000.0,0.001176470588235294,Цена < 1% местной медианы,исключить,10000.0,есть ≥2 аналога train,без изменений
91405,Komple Bina,2000000.0,700.0,+,,4,İstanbul/Büyükçekmece/Fatih,TRY,1.0,2000000.0,,Комнаты не разобраны,оставить,2000000.0,аналогов train меньше 2,без изменений
91411,Komple Bina,1750000.0,730.0,+,,4,İstanbul/Esenyurt/İncirtepe,TRY,3.0,1750000.0,1.0,Комнаты не разобраны,оставить,1750000.0,есть ≥2 аналога train,без изменений
91423,Komple Bina,1650000.0,,+,,5,İstanbul/Büyükçekmece/Ekinoba,TRY,1.0,1650000.0,,Комнаты не разобраны,оставить,1650000.0,аналогов train меньше 2,без изменений
91429,Komple Bina,2750000.0,,+,,5,İstanbul/Kadıköy/Osmanağa,TRY,5.0,1800000.0,1.5277777777777777,Комнаты не разобраны,оставить,2750000.0,есть ≥2 аналога train,без изменений
91443,Komple Bina,350000.0,,+,,2,Kocaeli/Darıca/Emek,TRY,1.0,350000.0,,Комнаты не разобраны,оставить,350000.0,аналогов train меньше 2,без изменений
91447,Daire,1000000.0,220.0,4+1,10,1,Mersin/Yenişehir/Eğriçam,TRY,61.0,315000.0,3.1746031746031744,Этаж выше этажности,оставить,1000000.0,есть ≥2 аналога train,этаж → пропуск
91479,Komple Bina,525000.0,,+,,2,Gaziantep/Şahinbey/75. Yıl,TRY,,,,Комнаты не разобраны,оставить,525000.0,аналогов train меньше 2,без изменений
91489,Komple Bina,3200000.0,,+,,8,Ankara/Etimesgut/Bağlıca,TRY,3.0,3200000.0,1.0,Комнаты не разобраны,оставить,3200000.0,есть ≥2 аналога train,без изменений
91505,Daire,325000.0,165.0,4+1,10,5,Kayseri/Melikgazi/Nurihas,TRY,5.0,325000.0,1.0,Этаж выше этажности,оставить,325000.0,есть ≥2 аналога train,этаж → пропуск
91515,Komple Bina,625000.0,190.0,+,,2,Eskişehir/Tepebaşı/Sazova,TRY,1.0,1000000.0,,Комнаты не разобраны,оставить,625000.0,аналогов train меньше 2,без изменений
91521,Komple Bina,1650000.0,,+,,5,Kocaeli/İzmit/Kadıköy,TRY,1.0,315000.0,,Комнаты не разобраны,оставить,1650000.0,аналогов train меньше 2,без изменений
91546,Daire,247500.0,5.0,3+1,2,3,Samsun/Atakum/İstiklal,TRY,121.0,225000.0,1.1,Неправдоподобная площадь,оставить,247500.0,есть ≥2 аналога train,площадь → пропуск
91547,Komple Bina,6000000.0,,+,,8,İstanbul/Fatih/Cerrahpaşa,TRY,6.0,6000000.0,1.0,Комнаты не разобраны,оставить,6000000.0,есть ≥2 аналога train,без изменений
91607,Komple Bina,7700000.0,1700.0,+,,7,İstanbul/Silivri/Piri Mehmet Paşa,TRY,6.0,1300000.0,5.923076923076923,Комнаты не разобраны,оставить,7700000.0,есть ≥2 аналога train,без изменений
91609,Komple Bina,675000.0,90.0,+,,1,İstanbul/Silivri/Sancaktepe,TRY,,,,Комнаты не разобраны,оставить,675000.0,аналогов train меньше 2,без изменений
91611,Komple Bina,2800000.0,,+,,5,İstanbul/Büyükçekmece/Kamiloba,TRY,6.0,2800000.0,1.0,Комнаты не разобраны,оставить,2800000.0,есть ≥2 аналога train,без изменений
91649,Komple Bina,550000.0,,+,,4,Isparta/Merkez/Vatan,TRY,5.0,550000.0,1.0,Комнаты не разобраны,оставить,550000.0,есть ≥2 аналога train,без изменений
91671,Komple Bina,1000000.0,111111.0,+,,9,İstanbul/Kadıköy/Osmanağa,TRY,5.0,1800000.0,0.5555555555555556,"Неправдоподобная площадь, Комнаты не разобраны",оставить,1000000.0,есть ≥2 аналога train,площадь → пропуск
91679,Komple Bina,550000.0,,+,,4,Isparta/Merkez/Vatan,TRY,5.0,550000.0,1.0,Комнаты не разобраны,оставить,550000.0,есть ≥2 аналога train,без изменений
91693,Komple Bina,25000000.0,8500.0,+,,9,İstanbul/Büyükçekmece/Mimaroba,TRY,,,,Комнаты не разобраны,оставить,25000000.0,аналогов train меньше 2,без изменений
91695,Komple Bina,940000.0,,+,,2,Ordu/Altınordu/Cumhuriyet,TRY,,,,Комнаты не разобраны,оставить,940000.0,аналогов train меньше 2,без изменений
91709,Komple Bina,550000.0,,+,,4,Isparta/Merkez/Vatan,TRY,5.0,550000.0,1.0,Комнаты не разобраны,оставить,550000.0,есть ≥2 аналога train,без изменений
91721,Komple Bina,245000.0,180.0,+,,2,Erzurum/Yakutiye/Ömer Nasuhi Bilmen,TRY,1.0,450000.0,,Комнаты не разобраны,оставить,245000.0,аналогов train меньше 2,без изменений
91737,Komple Bina,1350000.0,,+,,2,Kocaeli/Darıca/Kazım Karabekir,TRY,,,,Комнаты не разобраны,оставить,1350000.0,аналогов train меньше 2,без изменений
91761,Komple Bina,550000.0,,+,,4,Isparta/Merkez/Vatan,TRY,5.0,550000.0,1.0,Комнаты не разобраны,оставить,550000.0,есть ≥2 аналога train,без изменений
91793,Komple Bina,525000.0,450.0,+,,3,Sakarya/Adapazarı/Yenigün,TRY,7.0,525000.0,1.0,Комнаты не разобраны,оставить,525000.0,есть ≥2 аналога train,без изменений
91803,Komple Bina,850000.0,,+,,4,Kilis/Merkez/Osman Gazi,TRY,3.0,850000.0,1.0,Комнаты не разобраны,оставить,850000.0,есть ≥2 аналога train,без изменений
91873,Komple Bina,2200000.0,127.0,+,,3,İstanbul/Kadıköy/Acıbadem,TRY,1.0,1750000.0,,Комнаты не разобраны,оставить,2200000.0,аналогов train меньше 2,без изменений
91879,Daire,280000.0,180.0,3+1,10,6,Mersin/Mezitli/Viranşehir,TRY,232.0,219000.0,1.278538812785388,Этаж выше этажности,оставить,280000.0,есть ≥2 аналога train,этаж → пропуск
91881,Villa,70000.0,1.0,3+1,,1,Kayseri/Kocasinan/Fatih,TRY,3.0,140000.0,0.5,Неправдоподобная площадь,оставить,70000.0,есть ≥2 аналога train,площадь → пропуск
91913,Komple Bina,3450000.0,850.0,+,,2,Denizli/Merkezefendi/Gültepe,TRY,7.0,3450000.0,1.0,Комнаты не разобраны,оставить,3450000.0,есть ≥2 аналога train,без изменений
91923,Komple Bina,1000000.0,,+,,2,Konya/Selçuklu/Selçuk,TRY,1.0,1000000.0,,Комнаты не разобраны,оставить,1000000.0,аналогов train меньше 2,без изменений
91943,Komple Bina,700000.0,1417.0,+,,2,Konya/Meram/Hatıp,TRY,1.0,700000.0,,Комнаты не разобраны,оставить,700000.0,аналогов train меньше 2,без изменений
92009,Daire,280000.0,180.0,3+1,10,6,Mersin/Mezitli/Viranşehir,TRY,232.0,219000.0,1.278538812785388,Этаж выше этажности,оставить,280000.0,есть ≥2 аналога train,этаж → пропуск
92073,Komple Bina,1200000.0,160.0,+,,3,Denizli/Merkezefendi/Şemikler,TRY,1.0,1200000.0,,Комнаты не разобраны,оставить,1200000.0,аналогов train меньше 2,без изменений
92075,Komple Bina,235000.0,,+,,1,Tekirdağ/Saray/Yeni,TRY,,,,Комнаты не разобраны,оставить,235000.0,аналогов train меньше 2,без изменений
92099,Komple Bina,2000000.0,,+,,2,Eskişehir/Odunpazarı/Büyükdere,TRY,,,,Комнаты не разобраны,оставить,2000000.0,аналогов train меньше 2,без изменений
92107,Komple Bina,1450000.0,,+,,1,İstanbul/Sultangazi/Cebeci,TRY,6.0,1450000.0,1.0,Комнаты не разобраны,оставить,1450000.0,есть ≥2 аналога train,без изменений
92111,Komple Bina,940000.0,,+,,2,Ordu/Altınordu/Cumhuriyet,TRY,,,,Комнаты не разобраны,оставить,940000.0,аналогов train меньше 2,без изменений
92117,Komple Bina,1200000.0,59.0,+,,4,İstanbul/Kağıthane/Gültepe,TRY,5.0,950000.0,1.263157894736842,Комнаты не разобраны,оставить,1200000.0,есть ≥2 аналога train,без изменений
92149,Komple Bina,25000000.0,1600.0,+,,7,İstanbul/Fatih/Akşemsettin,TRY,4.0,2750000.0,9.090909090909092,Комнаты не разобраны,оставить,25000000.0,есть ≥2 аналога train,без изменений
92165,Komple Bina,4500000.0,,+,,4,Kocaeli/Kartepe/Dumlupınar,TRY,,,,Комнаты не разобраны,оставить,4500000.0,аналогов train меньше 2,без изменений
92179,Komple Bina,445000.0,360.0,+,,3,Kocaeli/Darıca/Nenehatun,TRY,5.0,445000.0,1.0,Комнаты не разобраны,оставить,445000.0,есть ≥2 аналога train,без изменений
92207,Komple Bina,2400000.0,306.0,+,,2,Bursa/Yıldırım/Vatan,TRY,1.0,2400000.0,,Комнаты не разобраны,оставить,2400000.0,аналогов train меньше 2,без изменений
92223,Daire,355000.0,169.0,4+1,10,2,Ankara/Keçiören/Şehit Kubilay,TRY,168.0,184000.0,1.9293478260869565,Этаж выше этажности,оставить,355000.0,есть ≥2 аналога train,этаж → пропуск
92228,Daire,335000.0,1.0,3+1,2,3,Burdur/Merkez/Şirinevler,TRY,7.0,335000.0,1.0,Неправдоподобная площадь,оставить,335000.0,есть ≥2 аналога train,площадь → пропуск
92229,Komple Bina,1500000.0,,+,,4,Mersin/Toroslar/Zeki Ayan,TRY,1.0,1500000.0,,Комнаты не разобраны,оставить,1500000.0,аналогов train меньше 2,без изменений
92255,Komple Bina,445000.0,360.0,+,,3,Kocaeli/Darıca/Nenehatun,TRY,5.0,445000.0,1.0,Комнаты не разобраны,оставить,445000.0,есть ≥2 аналога train,без изменений
92287,Komple Bina,2950000.0,,+,,4,İstanbul/Zeytinburnu/Telsiz,TRY,1.0,1600000.0,,Комнаты не разобраны,оставить,2950000.0,аналогов train меньше 2,без изменений
92361,Komple Bina,575000.0,120.0,+,,3,Eskişehir/Tepebaşı/Cumhuriye,TRY,4.0,575000.0,1.0,Комнаты не разобраны,оставить,575000.0,есть ≥2 аналога train,без изменений
92373,Komple Bina,850000.0,,+,,4,Kilis/Merkez/Osman Gazi,TRY,3.0,850000.0,1.0,Комнаты не разобраны,оставить,850000.0,есть ≥2 аналога train,без изменений
92383,Komple Bina,850000.0,,+,,4,Kilis/Merkez/Osman Gazi,TRY,3.0,850000.0,1.0,Комнаты не разобраны,оставить,850000.0,есть ≥2 аналога train,без изменений
92413,Komple Bina,1500000.0,,+,,3,İstanbul/Beykoz/Rüzgarlıbahçe,TRY,2.0,1500000.0,1.0,Комнаты не разобраны,оставить,1500000.0,есть ≥2 аналога train,без изменений
92431,Komple Bina,1500000.0,,+,,3,İstanbul/Beykoz/Rüzgarlıbahçe,TRY,2.0,1500000.0,1.0,Комнаты не разобраны,оставить,1500000.0,есть ≥2 аналога train,без изменений
92441,Komple Bina,600000.0,450.0,+,,2,Tekirdağ/Ergene/Marmaracık,TRY,1.0,600000.0,,Комнаты не разобраны,оставить,600000.0,аналогов train меньше 2,без изменений
92443,Komple Bina,933000.0,400.0,+,,3,Kocaeli/İzmit/Akçakoca,TRY,4.0,933000.0,1.0,Комнаты не разобраны,оставить,933000.0,есть ≥2 аналога train,без изменений
92465,Komple Bina,910000.0,980.0,+,,4,Denizli/Merkezefendi/Karahasanlı,TRY,1.0,910000.0,,Комнаты не разобраны,оставить,910000.0,аналогов train меньше 2,без изменений
92515,Komple Bina,235000.0,,+,,1,Tekirdağ/Saray/Yeni,TRY,,,,Комнаты не разобраны,оставить,235000.0,аналогов train меньше 2,без изменений
92541,Komple Bina,285000.0,95.0,+,,2,Bursa/Osmangazi/İstiklal,TRY,7.0,285000.0,1.0,Комнаты не разобраны,оставить,285000.0,есть ≥2 аналога train,без изменений
92547,Komple Bina,480000.0,,+,,3,Bilecik/Bozüyük/Çarşı,TRY,1.0,480000.0,,Комнаты не разобраны,оставить,480000.0,аналогов train меньше 2,без изменений
92571,Daire,560000.0,,3+1,10,6,İstanbul/Küçükçekmece/Cumhuriyet,TRY,98.0,327500.0,1.7099236641221374,Этаж выше этажности,оставить,560000.0,есть ≥2 аналога train,этаж → пропуск
92579,Komple Bina,325000.0,99.0,+,,2,Bursa/Osmangazi/Adalet,TRY,11.0,325000.0,1.0,Комнаты не разобраны,оставить,325000.0,есть ≥2 аналога train,без изменений
92593,Komple Bina,800000.0,500.0,+,,3,Denizli/Pamukkale/Deliktaş,TRY,,,,Комнаты не разобраны,оставить,800000.0,аналогов train меньше 2,без изменений
92601,Komple Bina,7000000.0,1000.0,+,,6,İstanbul/Bahçelievler/Şirinevler,TRY,1.0,7000000.0,,Комнаты не разобраны,оставить,7000000.0,аналогов train меньше 2,без изменений
92617,Komple Bina,1350000.0,,+,,3,Mersin/Yenişehir/Dumlupınar,TRY,5.0,1350000.0,1.0,Комнаты не разобраны,оставить,1350000.0,есть ≥2 аналога train,без изменений
92625,Komple Bina,650000.0,,+,,3,Balıkesir/Bandırma/Paşakonak,TRY,1.0,650000.0,,Комнаты не разобраны,оставить,650000.0,аналогов train меньше 2,без изменений
92653,Komple Bina,10000000.0,1400.0,+,,4,İstanbul/Güngören/Tozkoparan,TRY,8.0,10000000.0,1.0,Комнаты не разобраны,оставить,10000000.0,есть ≥2 аналога train,без изменений
92657,Komple Bina,545000.0,300.0,+,,2,Tokat/Merkez/Alipaşa,TRY,3.0,545000.0,1.0,Комнаты не разобраны,оставить,545000.0,есть ≥2 аналога train,без изменений
92675,Komple Bina,4500000.0,,+,,4,Yalova/Çınarcık/Taşliman,TRY,,,,Комнаты не разобраны,оставить,4500000.0,аналогов train меньше 2,без изменений
92690,Daire,480000.0,77.0,2+1,12,8,İstanbul/Kartal/Soğanlık Yeni,TRY,59.0,465000.0,1.032258064516129,Этаж выше этажности,оставить,480000.0,есть ≥2 аналога train,этаж → пропуск
92723,Komple Bina,750000.0,,+,,3,Çanakkale/Merkez/Fevzipaşa,TRY,1.0,750000.0,,Комнаты не разобраны,оставить,750000.0,аналогов train меньше 2,без изменений
92737,Çiftlik Evi,55000000.0,,6+2,,3,İstanbul/Pendik/Emirli,TRY,2.0,34375000.0,1.6,Цена > 50 млн TRY,оставить,55000000.0,есть ≥2 аналога train,без изменений
92743,Daire,200000.0,138.0,3+1,10,2,Mersin/Mezitli/Menderes,TRY,252.0,250000.0,0.8,Этаж выше этажности,оставить,200000.0,есть ≥2 аналога train,этаж → пропуск
92755,Komple Bina,1500000.0,,+,,3,Aksaray/Merkez/Nakkaş,TRY,,,,Комнаты не разобраны,оставить,1500000.0,аналогов train меньше 2,без изменений
92769,Komple Bina,499999.0,167.0,+,,4,İstanbul/Arnavutköy/Nenehatun,TRY,1.0,1200000.0,,Комнаты не разобраны,оставить,499999.0,аналогов train меньше 2,без изменений
92781,Komple Bina,1100000.0,341.0,+,,4,İstanbul/Kartal/Hürriyet,TRY,2.0,805000.0,1.3664596273291925,Комнаты не разобраны,оставить,1100000.0,есть ≥2 аналога train,без изменений
92803,Komple Bina,10000000.0,3086.0,+,,6,Ankara/Çankaya/Huzur,TRY,1.0,10000000.0,,Комнаты не разобраны,оставить,10000000.0,аналогов train меньше 2,без изменений
92805,Komple Bina,1550000.0,,+,,3,İstanbul/Ataşehir/Ferhatpaşa,TRY,3.0,3000000.0,0.5166666666666667,Комнаты не разобраны,оставить,1550000.0,есть ≥2 аналога train,без изменений
92853,Komple Bina,2550000.0,,+,,3,İstanbul/Beşiktaş/Kuruçeşme,TRY,3.0,2550000.0,1.0,Комнаты не разобраны,оставить,2550000.0,есть ≥2 аналога train,без изменений
92867,Komple Bina,1250000.0,65.0,+,,4,Sakarya/Serdivan/Otuziki Evler,TRY,1.0,1250000.0,,Комнаты не разобраны,оставить,1250000.0,аналогов train меньше 2,без изменений
92877,Komple Bina,450000.0,,+,,3,Adıyaman/Kahta/Hürriyet,TRY,2.0,450000.0,1.0,Комнаты не разобраны,оставить,450000.0,есть ≥2 аналога train,без изменений
92881,Komple Bina,940000.0,,+,,2,Ordu/Altınordu/Cumhuriyet,TRY,,,,Комнаты не разобраны,оставить,940000.0,аналогов train меньше 2,без изменений
92921,Komple Bina,1250000.0,85.0,+,,3,İstanbul/Fatih/Hırka-i Şerif,TRY,2.0,1250000.0,1.0,Комнаты не разобраны,оставить,1250000.0,есть ≥2 аналога train,без изменений
92923,Komple Bina,850000.0,525.0,+,,3,Sakarya/Adapazarı/Tuzla,TRY,1.0,669000.0,,Комнаты не разобраны,оставить,850000.0,аналогов train меньше 2,без изменений
92933,Komple Bina,3000000.0,750.0,+,,5,İstanbul/Küçükçekmece/Mehmet Akif,TRY,1.0,2250000.0,,Комнаты не разобраны,оставить,3000000.0,аналогов train меньше 2,без изменений
92937,Komple Bina,1250000.0,135.0,+,,5,Samsun/Atakum/Yeşildere,TRY,2.0,1250000.0,1.0,Комнаты не разобраны,оставить,1250000.0,есть ≥2 аналога train,без изменений
92983,Komple Bina,855000.0,216.0,+,,3,Burdur/Merkez/Atatürk,TRY,1.0,855000.0,,Комнаты не разобраны,оставить,855000.0,аналогов train меньше 2,без изменений
92991,Komple Bina,850000.0,525.0,+,,3,Sakarya/Adapazarı/Tuzla,TRY,1.0,669000.0,,Комнаты не разобраны,оставить,850000.0,аналогов train меньше 2,без изменений
93007,Komple Bina,560000.0,,+,,3,Gaziantep/Şahinbey/Yeditepe,TRY,,,,Комнаты не разобраны,оставить,560000.0,аналогов train меньше 2,без изменений
93011,Komple Bina,1390000.0,,+,,3,Kocaeli/Başiskele/Barbaros,TRY,,,,Комнаты не разобраны,оставить,1390000.0,аналогов train меньше 2,без изменений
93045,Komple Bina,1330000.0,,+,,3,İzmir/Bornova/Atatürk,TRY,3.0,1330000.0,1.0,Комнаты не разобраны,оставить,1330000.0,есть ≥2 аналога train,без изменений
93047,Daire,299000.0,185.0,3+1,10,6,Adana/Çukurova/Huzurevleri,TRY,580.0,299000.0,1.0,Этаж выше этажности,оставить,299000.0,есть ≥2 аналога train,этаж → пропуск
93061,Komple Bina,6500000.0,2250.0,+,,6,Bursa/Nilüfer/Beşevler,TRY,1.0,6500000.0,,Комнаты не разобраны,оставить,6500000.0,аналогов train меньше 2,без изменений
93069,Komple Bina,525000.0,450.0,+,,3,Sakarya/Adapazarı/Yenigün,TRY,7.0,525000.0,1.0,Комнаты не разобраны,оставить,525000.0,есть ≥2 аналога train,без изменений
93093,Komple Bina,1400000.0,230.0,+,,6,İstanbul/Beyoğlu/Çukur,TRY,,,,Комнаты не разобраны,оставить,1400000.0,аналогов train меньше 2,без изменений
93129,Komple Bina,1500000.0,,+,,4,İstanbul/Esenler/Havaalanı,TRY,2.0,1500000.0,1.0,Комнаты не разобраны,оставить,1500000.0,есть ≥2 аналога train,без изменений
93143,Komple Bina,2600000.0,90.0,+,,4,İstanbul/Fatih/Atikali,TRY,3.0,2600000.0,1.0,Комнаты не разобраны,оставить,2600000.0,есть ≥2 аналога train,без изменений
93165,Komple Bina,1600000.0,,+,,6,İstanbul/Şişli/Bozkurt,TRY,10.0,1600000.0,1.0,Комнаты не разобраны,оставить,1600000.0,есть ≥2 аналога train,без изменений
93179,Komple Bina,2150000.0,,+,,3,Erzincan/Merkez/İnönü,TRY,1.0,2150000.0,,Комнаты не разобраны,оставить,2150000.0,аналогов train меньше 2,без изменений
93189,Komple Bina,2850000.0,55.0,+,,4,Denizli/Pamukkale/Bağbaşı,TRY,3.0,900000.0,3.1666666666666665,Комнаты не разобраны,оставить,2850000.0,есть ≥2 аналога train,без изменений
93215,Komple Bina,850000.0,525.0,+,,3,Sakarya/Adapazarı/Tuzla,TRY,1.0,669000.0,,Комнаты не разобраны,оставить,850000.0,аналогов train меньше 2,без изменений
93223,Komple Bina,750000.0,275.0,+,,4,Trabzon/Ortahisar/Toklu,TRY,3.0,650000.0,1.1538461538461537,Комнаты не разобраны,оставить,750000.0,есть ≥2 аналога train,без изменений
93241,Komple Bina,465000.0,,+,,2,Sakarya/Erenler/Küpçüler,TRY,3.0,465000.0,1.0,Комнаты не разобраны,оставить,465000.0,есть ≥2 аналога train,без изменений
93259,Komple Bina,680000.0,100.0,+,,2,Kocaeli/Körfez/Çamlıtepe,TRY,1.0,680000.0,,Комнаты не разобраны,оставить,680000.0,аналогов train меньше 2,без изменений
93275,Komple Bina,450000.0,130.0,+,,3,Eskişehir/Tepebaşı/Cumhuriye,TRY,4.0,575000.0,0.782608695652174,Комнаты не разобраны,оставить,450000.0,есть ≥2 аналога train,без изменений
93286,Daire,220000.0,115.0,3+1,12,6,Samsun/İlkadım/Kışla,TRY,90.0,215000.0,1.0232558139534884,Этаж выше этажности,оставить,220000.0,есть ≥2 аналога train,этаж → пропуск
93315,Daire,200000.0,138.0,3+1,10,2,Mersin/Mezitli/Menderes,TRY,252.0,250000.0,0.8,Этаж выше этажности,оставить,200000.0,есть ≥2 аналога train,этаж → пропуск
93327,Komple Bina,475000.0,220.0,+,,3,Bursa/Osmangazi/Doğanevler,TRY,1.0,475000.0,,Комнаты не разобраны,оставить,475000.0,аналогов train меньше 2,без изменений
93333,Komple Bina,1500000.0,,+,,3,Gaziantep/Şahinbey/Binevler,TRY,5.0,1500000.0,1.0,Комнаты не разобраны,оставить,1500000.0,есть ≥2 аналога train,без изменений
93409,Komple Bina,5300000.0,,+,,6,Trabzon/Ortahisar/Pelitli,TRY,5.0,5250000.0,1.0095238095238095,Комнаты не разобраны,оставить,5300000.0,есть ≥2 аналога train,без изменений
93461,Komple Bina,1000000.0,,+,,4,İstanbul/Bağcılar/Kirazlı,TRY,3.0,1000000.0,1.0,Комнаты не разобраны,оставить,1000000.0,есть ≥2 аналога train,без изменений
93477,Komple Bina,510000.0,169.0,+,,3,İstanbul/Kartal/Hürriyet,TRY,2.0,805000.0,0.6335403726708074,Комнаты не разобраны,оставить,510000.0,есть ≥2 аналога train,без изменений
93487,Komple Bina,1350000.0,,+,,3,İstanbul/Silivri/Piri Mehmet Paşa,TRY,6.0,1300000.0,1.0384615384615385,Комнаты не разобраны,оставить,1350000.0,есть ≥2 аналога train,без изменений
93541,Komple Bina,1600000.0,,+,,6,İstanbul/Şişli/Bozkurt,TRY,10.0,1600000.0,1.0,Комнаты не разобраны,оставить,1600000.0,есть ≥2 аналога train,без изменений
93587,Komple Bina,875000.0,55.0,+,,2,İstanbul/Fatih/Ayvansaray,TRY,1.0,875000.0,,Комнаты не разобраны,оставить,875000.0,аналогов train меньше 2,без изменений
93597,Komple Bina,1050000.0,,+,,3,Eskişehir/Tepebaşı/Çamlıca,TRY,3.0,950000.0,1.105263157894737,Комнаты не разобраны,оставить,1050000.0,есть ≥2 аналога train,без изменений
93627,Komple Bina,1500000.0,400.0,+,,4,İstanbul/Tuzla/Cami,TRY,1.0,1500000.0,,Комнаты не разобраны,оставить,1500000.0,аналогов train меньше 2,без изменений
93637,Komple Bina,940000.0,,+,,2,Ordu/Altınordu/Cumhuriyet,TRY,,,,Комнаты не разобраны,оставить,940000.0,аналогов train меньше 2,без изменений
93653,Komple Bina,275000.0,110.0,+,,4,Kocaeli/Derince/Çınarlı,TRY,5.0,425000.0,0.6470588235294118,Комнаты не разобраны,оставить,275000.0,есть ≥2 аналога train,без изменений
93677,Komple Bina,360000.0,100.0,+,,3,Bursa/Osmangazi/Yenibağlar,TRY,1.0,360000.0,,Комнаты не разобраны,оставить,360000.0,аналогов train меньше 2,без изменений
93681,Komple Bina,8700000.0,550.0,+,,6,İstanbul/Avcılar/Merkez,TRY,2.0,5150000.0,1.6893203883495145,Комнаты не разобраны,оставить,8700000.0,есть ≥2 аналога train,без изменений
93697,Komple Bina,1350000.0,,+,,3,Mersin/Yenişehir/Dumlupınar,TRY,5.0,1350000.0,1.0,Комнаты не разобраны,оставить,1350000.0,есть ≥2 аналога train,без изменений
93705,Komple Bina,1600000.0,,+,,6,İstanbul/Şişli/Bozkurt,TRY,10.0,1600000.0,1.0,Комнаты не разобраны,оставить,1600000.0,есть ≥2 аналога train,без изменений
93725,Komple Bina,2800000.0,,+,,3,Samsun/Atakum/Mimarsinan,TRY,9.0,2800000.0,1.0,Комнаты не разобраны,оставить,2800000.0,есть ≥2 аналога train,без изменений
93729,Komple Bina,1650000.0,200.0,+,,2,Sakarya/Erenler/Yeni,TRY,1.0,1650000.0,,Комнаты не разобраны,оставить,1650000.0,аналогов train меньше 2,без изменений
93735,Komple Bina,1550000.0,,+,,6,İstanbul/Esenyurt/Turgut Özal,TRY,11.0,1550000.0,1.0,Комнаты не разобраны,оставить,1550000.0,есть ≥2 аналога train,без изменений
93739,Komple Bina,700000.0,320.0,+,,3,Bursa/Nilüfer/Kültür,TRY,,,,Комнаты не разобраны,оставить,700000.0,аналогов train меньше 2,без изменений
93743,Komple Bina,520000.0,,+,,4,Tekirdağ/Çorlu/Zafer,TRY,4.0,520000.0,1.0,Комнаты не разобраны,оставить,520000.0,есть ≥2 аналога train,без изменений
93751,Komple Bina,1350000.0,,+,,3,Mersin/Yenişehir/Dumlupınar,TRY,5.0,1350000.0,1.0,Комнаты не разобраны,оставить,1350000.0,есть ≥2 аналога train,без изменений
93755,Komple Bina,8000000.0,,+,,3,İstanbul/Fatih/Küçük Ayasofya,TRY,3.0,8000000.0,1.0,Комнаты не разобраны,оставить,8000000.0,есть ≥2 аналога train,без изменений
93787,Komple Bina,1600000.0,,+,,6,İstanbul/Şişli/Bozkurt,TRY,10.0,1600000.0,1.0,Комнаты не разобраны,оставить,1600000.0,есть ≥2 аналога train,без изменений
93801,Komple Bina,575000.0,120.0,+,,3,Eskişehir/Tepebaşı/Cumhuriye,TRY,4.0,575000.0,1.0,Комнаты не разобраны,оставить,575000.0,есть ≥2 аналога train,без изменений
93815,Komple Bina,660000.0,,+,,3,Kocaeli/Başiskele/Vezirçiftliği,TRY,1.0,660000.0,,Комнаты не разобраны,оставить,660000.0,аналогов train меньше 2,без изменений
93843,Komple Bina,18000000.0,,+,,4,İstanbul/Güngören/Mehmet Nesih Özmen,TRY,5.0,8000000.0,2.25,Комнаты не разобраны,оставить,18000000.0,есть ≥2 аналога train,без изменений
93855,Komple Bina,2000000.0,500.0,+,,3,Balıkesir/Bandırma/100. Yıl,TRY,4.0,1107500.0,1.8058690744920993,Комнаты не разобраны,оставить,2000000.0,есть ≥2 аналога train,без изменений
93907,Komple Bina,1200000.0,,+,,5,İstanbul/Ümraniye/Esenkent,TRY,3.0,1200000.0,1.0,Комнаты не разобраны,оставить,1200000.0,есть ≥2 аналога train,без изменений
93909,Komple Bina,10000000.0,,+,,4,İstanbul/Güngören/Tozkoparan,TRY,8.0,10000000.0,1.0,Комнаты не разобраны,оставить,10000000.0,есть ≥2 аналога train,без изменений
93915,Komple Bina,595000.0,160.0,+,,1,Bursa/Mudanya/Şükrüçavuş,TRY,1.0,595000.0,,Комнаты не разобраны,оставить,595000.0,аналогов train меньше 2,без изменений
93929,Komple Bina,850000.0,525.0,+,,3,Sakarya/Adapazarı/Tuzla,TRY,1.0,669000.0,,Комнаты не разобраны,оставить,850000.0,аналогов train меньше 2,без изменений
93942,Daire,420000.0,,4+1,13,8,Adana/Çukurova/Kurttepe,TRY,41.0,495000.0,0.8484848484848485,Этаж выше этажности,оставить,420000.0,есть ≥2 аналога train,этаж → пропуск
93949,Komple Bina,9500000.0,200.0,+,,7,Trabzon/Ortahisar/Soğuksu,TRY,,,,Комнаты не разобраны,оставить,9500000.0,аналогов train меньше 2,без изменений
93961,Komple Bina,2750000.0,120.0,+,,5,İstanbul/Fatih/Akşemsettin,TRY,4.0,2750000.0,1.0,Комнаты не разобраны,оставить,2750000.0,есть ≥2 аналога train,без изменений
93984,Daire,187500.0,115.0,3+1,13,3,Adana/Çukurova/Yüzüncüyıl,TRY,661.0,228000.0,0.8223684210526315,Этаж выше этажности,оставить,187500.0,есть ≥2 аналога train,этаж → пропуск
94005,Prefabrik Ev,100000.0,100.0,+,,2,Kayseri/Melikgazi/Becen,TRY,,,,Комнаты не разобраны,оставить,100000.0,аналогов train меньше 2,без изменений
94017,Komple Bina,260000.0,,+,,2,Bursa/Osmangazi/Küplüpınar,TRY,,,,Комнаты не разобраны,оставить,260000.0,аналогов train меньше 2,без изменений
94029,Komple Bina,4250000.0,1500.0,+,,4,Ankara/Etimesgut/Bağlıca,TRY,3.0,3200000.0,1.328125,Комнаты не разобраны,оставить,4250000.0,есть ≥2 аналога train,без изменений
94055,Komple Bina,650000.0,,+,,3,Sakarya/Adapazarı/Ozanlar,TRY,1.0,650000.0,,Комнаты не разобраны,оставить,650000.0,аналогов train меньше 2,без изменений
94059,Komple Bina,515000.0,,+,,3,Sakarya/Adapazarı/Mithatpaşa,TRY,2.0,500000.0,1.03,Комнаты не разобраны,оставить,515000.0,есть ≥2 аналога train,без изменений
94091,Komple Bina,950000.0,700.0,+,,3,Denizli/Pamukkale/Kınıklı,TRY,3.0,1400000.0,0.6785714285714286,Комнаты не разобраны,оставить,950000.0,есть ≥2 аналога train,без изменений
94135,Komple Bina,900000.0,450.0,+,,3,Eskişehir/Tepebaşı/Şirintepe,TRY,3.0,280000.0,3.2142857142857144,Комнаты не разобраны,оставить,900000.0,есть ≥2 аналога train,без изменений
94143,Komple Bina,560000.0,450.0,+,,3,Bursa/Yıldırım/Değirmenönü,TRY,,,,Комнаты не разобраны,оставить,560000.0,аналогов train меньше 2,без изменений
94168,Daire,282000.0,,2+1,13,2,Mersin/Mezitli/Merkez,TRY,416.0,280000.0,1.0071428571428571,Этаж выше этажности,оставить,282000.0,есть ≥2 аналога train,этаж → пропуск
94169,Komple Bina,1950000.0,,+,,3,Isparta/Merkez/Pirimehmet,TRY,,,,Комнаты не разобраны,оставить,1950000.0,аналогов train меньше 2,без изменений
94174,Daire,315000.0,148.0,4+1,13,8,Mersin/Mezitli/Akdeniz,TRY,677.0,299000.0,1.0535117056856187,Этаж выше этажности,оставить,315000.0,есть ≥2 аналога train,этаж → пропуск
94177,Komple Bina,510000.0,,+,,3,Sakarya/Adapazarı/Tığcılar,TRY,2.0,780000.0,0.6538461538461539,Комнаты не разобраны,оставить,510000.0,есть ≥2 аналога train,без изменений
94187,Komple Bina,2900000.0,800.0,+,,4,Diyarbakır/Kayapınar/Barış,TRY,1.0,2900000.0,,Комнаты не разобраны,оставить,2900000.0,аналогов train меньше 2,без изменений
94195,Komple Bina,1600000.0,,+,,6,İstanbul/Şişli/Bozkurt,TRY,10.0,1600000.0,1.0,Комнаты не разобраны,оставить,1600000.0,есть ≥2 аналога train,без изменений
94197,Komple Bina,1600000.0,,+,,2,İstanbul/Kadıköy/Koşuyolu,TRY,1.0,1600000.0,,Комнаты не разобраны,оставить,1600000.0,аналогов train меньше 2,без изменений
94226,Daire,615000.0,195.0,4+1,13,6,Ankara/Çankaya/Yaşamkent,TRY,102.0,587500.0,1.0468085106382978,Этаж выше этажности,оставить,615000.0,есть ≥2 аналога train,этаж → пропуск
94227,Komple Bina,790000.0,,+,,3,Afyonkarahisar/Merkez/Cumhuriyet,TRY,4.0,790000.0,1.0,Комнаты не разобраны,оставить,790000.0,есть ≥2 аналога train,без изменений
94275,Komple Bina,4800000.0,380.0,+,,6,İstanbul/Beylikdüzü/Cumhuriyet,TRY,1.0,4800000.0,,Комнаты не разобраны,оставить,4800000.0,аналогов train меньше 2,без изменений
94289,Komple Bina,4950000.0,450.0,+,,6,İstanbul/Esenyurt/Güzelyurt,TRY,2.0,3725000.0,1.3288590604026846,Комнаты не разобраны,оставить,4950000.0,есть ≥2 аналога train,без изменений
94301,Komple Bina,790000.0,,+,,3,Afyonkarahisar/Merkez/Cumhuriyet,TRY,4.0,790000.0,1.0,Комнаты не разобраны,оставить,790000.0,есть ≥2 аналога train,без изменений
94307,Komple Bina,650000.0,367.0,+,,3,Kocaeli/Derince/Mersincik,TRY,2.0,585000.0,1.1111111111111112,Комнаты не разобраны,оставить,650000.0,есть ≥2 аналога train,без изменений
94353,Komple Bina,650000.0,,+,,3,İstanbul/Şişli/İnönü,TRY,3.0,1200000.0,0.5416666666666666,Комнаты не разобраны,оставить,650000.0,есть ≥2 аналога train,без изменений
94361,Komple Bina,1750000.0,200.0,+,,3,İstanbul/Bahçelievler/Kocasinan Merkez,TRY,5.0,2250000.0,0.7777777777777778,Комнаты не разобраны,оставить,1750000.0,есть ≥2 аналога train,без изменений
94377,Daire,3000.0,,2+1,,3,Kocaeli/İzmit/Turgut,TRY,24.0,272500.0,0.011009174311926606,Цена < 5 000 TRY,исключить,3000.0,есть ≥2 аналога train,без изменений
94381,Komple Bina,530000.0,,+,,5,Nevşehir/Merkez/Emek,TRY,1.0,530000.0,,Комнаты не разобраны,оставить,530000.0,аналогов train меньше 2,без изменений
94387,Komple Bina,1025000.0,,+,,3,İstanbul/Ataşehir/İçerenköy,TRY,1.0,1025000.0,,Комнаты не разобраны,оставить,1025000.0,аналогов train меньше 2,без изменений
94413,Komple Bina,950000.0,,+,,3,Sakarya/Sapanca/Rüstempaşa,TRY,2.0,1775000.0,0.5352112676056338,Комнаты не разобраны,оставить,950000.0,есть ≥2 аналога train,без изменений
94414,Daire,282000.0,,2+1,13,2,Mersin/Mezitli/Merkez,TRY,416.0,280000.0,1.0071428571428571,Этаж выше этажности,оставить,282000.0,есть ≥2 аналога train,этаж → пропуск
94454,Daire,282000.0,,2+1,13,2,Mersin/Mezitli/Merkez,TRY,416.0,280000.0,1.0071428571428571,Этаж выше этажности,оставить,282000.0,есть ≥2 аналога train,этаж → пропуск
94493,Daire,169000.0,70.0,2+1,11,7,Adana/Çukurova/Yüzüncüyıl,TRY,661.0,228000.0,0.7412280701754386,Этаж выше этажности,оставить,169000.0,есть ≥2 аналога train,этаж → пропуск
94525,Komple Bina,1500000.0,,+,,3,İstanbul/Tuzla/Aydıntepe,TRY,4.0,1500000.0,1.0,Комнаты не разобраны,оставить,1500000.0,есть ≥2 аналога train,без изменений
94545,Komple Bina,470000.0,200.0,+,,2,Kocaeli/İzmit/Sanayi,TRY,,,,Комнаты не разобраны,оставить,470000.0,аналогов train меньше 2,без изменений
94549,Komple Bina,10000000.0,,+,,4,İstanbul/Güngören/Tozkoparan,TRY,8.0,10000000.0,1.0,Комнаты не разобраны,оставить,10000000.0,есть ≥2 аналога train,без изменений
94565,Komple Bina,300000.0,250.0,+,,3,Gaziantep/Şahinbey/Yeşilevler,TRY,,,,Комнаты не разобраны,оставить,300000.0,аналогов train меньше 2,без изменений
94594,Daire,165500.0,100.0,2+1,13,10,Adana/Seyhan/2000 Evler,TRY,125.0,220000.0,0.7522727272727273,Этаж выше этажности,оставить,165500.0,есть ≥2 аналога train,этаж → пропуск
94627,Komple Bina,1300000.0,50.0,+,,4,Edirne/Merkez/Abdurrahman,TRY,,,,Комнаты не разобраны,оставить,1300000.0,аналогов train меньше 2,без изменений
94631,Komple Bina,335000.0,140.0,+,,3,Sakarya/Adapazarı/Hızırtepe,TRY,3.0,350000.0,0.9571428571428572,Комнаты не разобраны,оставить,335000.0,есть ≥2 аналога train,без изменений
94650,Daire,315000.0,148.0,4+1,13,8,Mersin/Mezitli/Akdeniz,TRY,677.0,299000.0,1.0535117056856187,Этаж выше этажности,оставить,315000.0,есть ≥2 аналога train,этаж → пропуск
94687,Komple Bina,1350000.0,,+,,3,Mersin/Yenişehir/Dumlupınar,TRY,5.0,1350000.0,1.0,Комнаты не разобраны,оставить,1350000.0,есть ≥2 аналога train,без изменений
94729,Komple Bina,1850000.0,,+,,3,Kocaeli/Başiskele/Yeşilyurt,TRY,3.0,1850000.0,1.0,Комнаты не разобраны,оставить,1850000.0,есть ≥2 аналога train,без изменений
94737,Komple Bina,1850000.0,,+,,3,Kocaeli/Başiskele/Yeşilyurt,TRY,3.0,1850000.0,1.0,Комнаты не разобраны,оставить,1850000.0,есть ≥2 аналога train,без изменений
94749,Komple Bina,430000.0,199.0,+,,2,İstanbul/Sultanbeyli/Yavuz Selim,TRY,3.0,410000.0,1.048780487804878,Комнаты не разобраны,оставить,430000.0,есть ≥2 аналога train,без изменений
94761,Komple Bina,10500000.0,650.0,+,,6,İstanbul/Üsküdar/Burhaniye,TRY,2.0,9000000.0,1.1666666666666667,Комнаты не разобраны,оставить,10500000.0,есть ≥2 аналога train,без изменений
94765,Komple Bina,750000.0,410.0,+,,3,Konya/Selçuklu/Buhara,TRY,1.0,750000.0,,Комнаты не разобраны,оставить,750000.0,аналогов train меньше 2,без изменений
94770,Daire,315000.0,148.0,4+1,13,8,Mersin/Mezitli/Akdeniz,TRY,677.0,299000.0,1.0535117056856187,Этаж выше этажности,оставить,315000.0,есть ≥2 аналога train,этаж → пропуск
94779,Komple Bina,325000.0,99.0,+,,2,Bursa/Osmangazi/Adalet,TRY,11.0,325000.0,1.0,Комнаты не разобраны,оставить,325000.0,есть ≥2 аналога train,без изменений
94803,Komple Bina,650000.0,,+,,3,Burdur/Merkez/Zafer,TRY,,,,Комнаты не разобраны,оставить,650000.0,аналогов train меньше 2,без изменений
94805,Komple Bina,1300000.0,800.0,+,,2,Kocaeli/İzmit/Tüysüzler,TRY,1.0,1300000.0,,Комнаты не разобраны,оставить,1300000.0,аналогов train меньше 2,без изменений
94851,Komple Bina,2900000.0,,+,,3,Sakarya/Serdivan/Arabacıalanı,TRY,4.0,1160000.0,2.5,Комнаты не разобраны,оставить,2900000.0,есть ≥2 аналога train,без изменений
94875,Komple Bina,1050000.0,,+,,3,Sakarya/Adapazarı/Tığcılar,TRY,2.0,780000.0,1.3461538461538463,Комнаты не разобраны,оставить,1050000.0,есть ≥2 аналога train,без изменений
94887,Daire,445000.0,135.0,3+1,11,4,İstanbul/Esenyurt/Mevlana,TRY,14.0,402500.0,1.1055900621118013,Этаж выше этажности,оставить,445000.0,есть ≥2 аналога train,этаж → пропуск
94909,Komple Bina,860000.0,450.0,+,,4,Kocaeli/İzmit/Erenler,TRY,,,,Комнаты не разобраны,оставить,860000.0,аналогов train меньше 2,без изменений
94913,Daire,470000.0,160.0,3+1,11,10,Gaziantep/Şehitkamil/Osmangazi,TRY,20.0,670000.0,0.7014925373134329,Этаж выше этажности,оставить,470000.0,есть ≥2 аналога train,этаж → пропуск
94934,Daire,195000.0,120.0,3+1,14,2,Adana/Sarıçam/Çarkıpare,TRY,117.0,182000.0,1.0714285714285714,Этаж выше этажности,оставить,195000.0,есть ≥2 аналога train,этаж → пропуск
94943,Daire,310000.0,120.0,4+1,11,3,Adana/Çukurova/Belediye Evleri,TRY,205.0,269000.0,1.1524163568773234,Этаж выше этажности,оставить,310000.0,есть ≥2 аналога train,этаж → пропуск
94944,Daire,360000.0,170.0,3+1,14,9,Gaziantep/Şahinbey/Şahintepe,TRY,68.0,295000.0,1.2203389830508475,Этаж выше этажности,оставить,360000.0,есть ≥2 аналога train,этаж → пропуск
94960,Daire,170000.0,90.0,2+1,14,7,Mersin/Mezitli/Akdeniz,TRY,677.0,299000.0,0.568561872909699,Этаж выше этажности,оставить,170000.0,есть ≥2 аналога train,этаж → пропуск
94973,Komple Bina,1100000.0,,+,,3,Tekirdağ/Kapaklı/Bahçelievler,TRY,5.0,685000.0,1.6058394160583942,Комнаты не разобраны,оставить,1100000.0,есть ≥2 аналога train,без изменений
95008,Daire,5621247.2195999995,633.0,9+2,14,4,Ankara/Elmadağ/Hasanoğlan Havuzbaşı,GBP,68.0,575000.0,9.776082121043478,Этаж выше этажности,оставить,825222.0,есть ≥2 аналога train,этаж → пропуск
95013,Daire,169000.0,70.0,2+1,11,7,Adana/Çukurova/Yüzüncüyıl,TRY,661.0,228000.0,0.7412280701754386,Этаж выше этажности,оставить,169000.0,есть ≥2 аналога train,этаж → пропуск
95021,Komple Bina,1200000.0,105.0,+,,4,Gaziantep/Şahinbey/Deniz,TRY,1.0,1200000.0,,Комнаты не разобраны,оставить,1200000.0,аналогов train меньше 2,без изменений
95041,Komple Bina,135000.0,,+,,2,Tekirdağ/Saray/Büyükyoncalı,TRY,2.0,135000.0,1.0,Комнаты не разобраны,оставить,135000.0,есть ≥2 аналога train,без изменений
95047,Komple Bina,12000000.0,,+,,3,İstanbul/Sultangazi/Uğur Mumcu,TRY,4.0,6600000.0,1.8181818181818181,Комнаты не разобраны,оставить,12000000.0,есть ≥2 аналога train,без изменений
95081,Komple Bina,24974100.0,,+,,10-20 arası,İstanbul/Kağıthane/Çağlayan,USD,2.0,24974100.0,1.0,Комнаты не разобраны,оставить,4500000.0,есть ≥2 аналога train,без изменений
95093,Komple Bina,312000.0,,+,,4,Bursa/Yıldırım/Hacivat,TRY,,,,Комнаты не разобраны,оставить,312000.0,аналогов train меньше 2,без изменений
95117,Komple Bina,2300000.0,350.0,+,,6,İstanbul/Üsküdar/Sultantepe,TRY,1.0,2300000.0,,Комнаты не разобраны,оставить,2300000.0,аналогов train меньше 2,без изменений
95161,Komple Bina,3000000.0,1300.0,+,,4,İstanbul/Pendik/Kurtköy,TRY,2.0,272500.0,11.009174311926605,Комнаты не разобраны,оставить,3000000.0,есть ≥2 аналога train,без изменений
95186,Daire,169000.0,125.0,2+1,14,10,Trabzon/Ortahisar/Yenicuma,TRY,26.0,168750.0,1.0014814814814814,Этаж выше этажности,оставить,169000.0,есть ≥2 аналога train,этаж → пропуск
95227,Komple Bina,1190000.0,,+,,4,Kocaeli/Darıca/Cami,TRY,1.0,1190000.0,,Комнаты не разобраны,оставить,1190000.0,аналогов train меньше 2,без изменений
95229,Komple Bina,2250000.0,550.0,+,,4,İstanbul/Kağıthane/Merkez,TRY,1.0,2250000.0,,Комнаты не разобраны,оставить,2250000.0,аналогов train меньше 2,без изменений
95245,Komple Bina,675000.0,180.0,+,,2,Eskişehir/Tepebaşı/Işıklar,TRY,,,,Комнаты не разобраны,оставить,675000.0,аналогов train меньше 2,без изменений
95259,Komple Bina,24974100.0,,+,,10-20 arası,İstanbul/Kağıthane/Çağlayan,USD,2.0,24974100.0,1.0,Комнаты не разобраны,оставить,4500000.0,есть ≥2 аналога train,без изменений
95279,Daire,1050000.0,230.0,3+2,11,10,İstanbul/Başakşehir/Başak,TRY,161.0,439000.0,2.3917995444191344,Этаж выше этажности,оставить,1050000.0,есть ≥2 аналога train,этаж → пропуск
95288,Daire,1250000.0,165.0,3+1,14,7,İstanbul/Zeytinburnu/Seyitnizam,TRY,13.0,770000.0,1.6233766233766234,Этаж выше этажности,оставить,1250000.0,есть ≥2 аналога train,этаж → пропуск
95295,Komple Bina,1200000.0,400.0,+,,4,İstanbul/Beykoz/Paşabahçe,TRY,2.0,1200000.0,1.0,Комнаты не разобраны,оставить,1200000.0,есть ≥2 аналога train,без изменений
95310,Daire,170000.0,90.0,2+1,14,7,Mersin/Mezitli/Akdeniz,TRY,677.0,299000.0,0.568561872909699,Этаж выше этажности,оставить,170000.0,есть ≥2 аналога train,этаж → пропуск
95341,Komple Bina,1750000.0,730.0,+,,4,İstanbul/Esenyurt/İncirtepe,TRY,3.0,1750000.0,1.0,Комнаты не разобраны,оставить,1750000.0,есть ≥2 аналога train,без изменений
95399,Komple Bina,1600000.0,,+,,6,İstanbul/Şişli/Bozkurt,TRY,10.0,1600000.0,1.0,Комнаты не разобраны,оставить,1600000.0,есть ≥2 аналога train,без изменений
95434,Daire,560000.0,150.0,4+1,14,1,Ankara/Çankaya/Dodurga,TRY,19.0,395000.0,1.4177215189873418,Этаж выше этажности,оставить,560000.0,есть ≥2 аналога train,этаж → пропуск
95451,Komple Bina,285000.0,95.0,+,,2,Bursa/Osmangazi/İstiklal,TRY,7.0,285000.0,1.0,Комнаты не разобраны,оставить,285000.0,есть ≥2 аналога train,без изменений
95461,Komple Bina,4184924.0,,+,,6,İstanbul/Beyoğlu/Cihangir,USD,1.0,4184924.0,,Комнаты не разобраны,оставить,680000.0,аналогов train меньше 2,без изменений
95499,Komple Bina,325000.0,,+,,3,Bursa/Osmangazi/Bağlarbaşı,TRY,3.0,385000.0,0.8441558441558441,Комнаты не разобраны,оставить,325000.0,есть ≥2 аналога train,без изменений
95528,Daire,640000.0,120.0,3+1,15,3,İstanbul/Bağcılar/Güneşli,TRY,119.0,475000.0,1.3473684210526315,Этаж выше этажности,оставить,640000.0,есть ≥2 аналога train,этаж → пропуск
95559,Komple Bina,900000.0,150.0,+,,3,İstanbul/Fatih/Derviş Ali,TRY,2.0,1587780.0,0.5668291576918717,Комнаты не разобраны,оставить,900000.0,есть ≥2 аналога train,без изменений
95561,Komple Bina,775000.0,,+,,2,İzmir/Buca/Çamlıkule,TRY,1.0,775000.0,,Комнаты не разобраны,оставить,775000.0,аналогов train меньше 2,без изменений
95585,Daire,280000.0,100.0,+,,,İstanbul/Bahçelievler/Kocasinan Merkez,TRY,264.0,360000.0,0.7777777777777778,Комнаты не разобраны,оставить,280000.0,есть ≥2 аналога train,без изменений
95623,Komple Bina,750000.0,200.0,+,,4,İzmir/Bornova/Mevlana,TRY,,,,Комнаты не разобраны,оставить,750000.0,аналогов train меньше 2,без изменений
95691,Komple Bina,550000.0,700.0,+,,4,Kocaeli/Gölcük/Şehitler,TRY,2.0,600000.0,0.9166666666666666,Комнаты не разобраны,оставить,550000.0,есть ≥2 аналога train,без изменений
95717,Komple Bina,1500000.0,,+,,3,Gaziantep/Şahinbey/Binevler,TRY,5.0,1500000.0,1.0,Комнаты не разобраны,оставить,1500000.0,есть ≥2 аналога train,без изменений
95734,Daire,100000.0,1.0,1+0,15,8,İstanbul/Başakşehir/Başak,TRY,161.0,439000.0,0.22779043280182232,"Неправдоподобная площадь, Этаж выше этажности",оставить,100000.0,есть ≥2 аналога train,площадь и этаж → пропуск
95771,Komple Bina,2800000.0,,+,,5,İstanbul/Büyükçekmece/Kamiloba,TRY,6.0,2800000.0,1.0,Комнаты не разобраны,оставить,2800000.0,есть ≥2 аналога train,без изменений
95776,Daire,245000.0,,3+1,15,10,Adana/Çukurova/Yüzüncüyıl,TRY,661.0,228000.0,1.0745614035087718,Этаж выше этажности,оставить,245000.0,есть ≥2 аналога train,этаж → пропуск
95785,Komple Bina,420000.0,341.0,+,,3,Tekirdağ/Ergene/Sağlık,TRY,2.0,510000.0,0.8235294117647058,Комнаты не разобраны,оставить,420000.0,есть ≥2 аналога train,без изменений
95819,Komple Bina,1100000.0,250.0,+,,3,İstanbul/Tuzla/Yayla,TRY,2.0,1700000.0,0.6470588235294118,Комнаты не разобраны,оставить,1100000.0,есть ≥2 аналога train,без изменений
95824,Daire,168000.0,120.0,3+1,15,7,Adana/Sarıçam/Gültepe,TRY,94.0,148250.0,1.1332209106239461,Этаж выше этажности,оставить,168000.0,есть ≥2 аналога train,этаж → пропуск
95829,Komple Bina,6750000.0,640.0,+,,4,İstanbul/Şişli/İnönü,TRY,3.0,1200000.0,5.625,Комнаты не разобраны,оставить,6750000.0,есть ≥2 аналога train,без изменений
95985,Komple Bina,465000.0,,+,,2,Sakarya/Erenler/Küpçüler,TRY,3.0,465000.0,1.0,Комнаты не разобраны,оставить,465000.0,есть ≥2 аналога train,без изменений
96029,Komple Bina,2600000.0,495.0,+,,3,Sakarya/Sapanca/Rüstempaşa,TRY,2.0,1775000.0,1.4647887323943662,Комнаты не разобраны,оставить,2600000.0,есть ≥2 аналога train,без изменений
96043,Komple Bina,545000.0,300.0,+,,2,Tokat/Merkez/Alipaşa,TRY,3.0,545000.0,1.0,Комнаты не разобраны,оставить,545000.0,есть ≥2 аналога train,без изменений
96073,Komple Bina,3200000.0,,+,,8,Ankara/Etimesgut/Bağlıca,TRY,3.0,3200000.0,1.0,Комнаты не разобраны,оставить,3200000.0,есть ≥2 аналога train,без изменений
96093,Komple Bina,2800000.0,,+,,3,Samsun/Atakum/Mimarsinan,TRY,9.0,2800000.0,1.0,Комнаты не разобраны,оставить,2800000.0,есть ≥2 аналога train,без изменений
96133,Komple Bina,495000.0,305.0,+,,3,Kocaeli/Körfez/Kirazlıyalı,TRY,1.0,495000.0,,Комнаты не разобраны,оставить,495000.0,аналогов train меньше 2,без изменений
96149,Komple Bina,2500000.0,130.0,+,,4,İstanbul/Beykoz/Yavuz Selim,TRY,2.0,2500000.0,1.0,Комнаты не разобраны,оставить,2500000.0,есть ≥2 аналога train,без изменений
96157,Komple Bina,940000.0,,+,,2,Ordu/Altınordu/Cumhuriyet,TRY,,,,Комнаты не разобраны,оставить,940000.0,аналогов train меньше 2,без изменений
96175,Komple Bina,325000.0,99.0,+,,2,Bursa/Osmangazi/Adalet,TRY,11.0,325000.0,1.0,Комнаты не разобраны,оставить,325000.0,есть ≥2 аналога train,без изменений
96192,Daire,450000.0,145.0,3+1,17,8,Gaziantep/Şehitkamil/Fıstıklık,TRY,43.0,360000.0,1.25,Этаж выше этажности,оставить,450000.0,есть ≥2 аналога train,этаж → пропуск
96229,Komple Bina,535000.0,,+,,3,Afyonkarahisar/Merkez/Ertuğrul Gazi,TRY,10.0,360000.0,1.4861111111111112,Комнаты не разобраны,оставить,535000.0,есть ≥2 аналога train,без изменений
96231,Komple Bina,5250000.0,165.0,+,,6,Trabzon/Ortahisar/Pelitli,TRY,5.0,5250000.0,1.0,Комнаты не разобраны,оставить,5250000.0,есть ≥2 аналога train,без изменений
96283,Müstakil Ev,65000000.0,850.0,6+3,,,İstanbul/Sarıyer/Emirgan,TRY,3.0,7500000.0,8.666666666666666,Цена > 50 млн TRY,оставить,65000000.0,есть ≥2 аналога train,без изменений
96285,Daire,205000.0,145.0,2+1,11,2,Adana/Seyhan/Gürselpaşa,TRY,547.0,294000.0,0.6972789115646258,Этаж выше этажности,оставить,205000.0,есть ≥2 аналога train,этаж → пропуск
96363,Komple Bina,1550000.0,,+,,6,İstanbul/Esenyurt/Turgut Özal,TRY,11.0,1550000.0,1.0,Комнаты не разобраны,оставить,1550000.0,есть ≥2 аналога train,без изменений
96377,Komple Bina,450000.0,,+,,3,Kocaeli/Darıca/Nenehatun,TRY,5.0,445000.0,1.0112359550561798,Комнаты не разобраны,оставить,450000.0,есть ≥2 аналога train,без изменений
96409,Komple Bina,137500.0,,+,,2,Tekirdağ/Çerkezköy/Veliköy,TRY,1.0,137500.0,,Комнаты не разобраны,оставить,137500.0,аналогов train меньше 2,без изменений
96425,Komple Bina,525000.0,450.0,+,,3,Sakarya/Adapazarı/Yenigün,TRY,7.0,525000.0,1.0,Комнаты не разобраны,оставить,525000.0,есть ≥2 аналога train,без изменений
96497,Komple Bina,1750000.0,95.0,+,,4,İzmir/Buca/Hürriyet,TRY,,,,Комнаты не разобраны,оставить,1750000.0,аналогов train меньше 2,без изменений
96501,Komple Bina,720000.0,155.0,+,,4,Adıyaman/Merkez/Yeni,TRY,1.0,720000.0,,Комнаты не разобраны,оставить,720000.0,аналогов train меньше 2,без изменений
96505,Komple Bina,470000.0,,+,,2,İzmir/Buca/Atatürk,TRY,1.0,470000.0,,Комнаты не разобраны,оставить,470000.0,аналогов train меньше 2,без изменений
96517,Komple Bina,1600000.0,250.0,+,,4,İzmir/Menemen/Uğur Mumcu,TRY,1.0,1600000.0,,Комнаты не разобраны,оставить,1600000.0,аналогов train меньше 2,без изменений
96523,Komple Bina,499000.0,,+,,2,İstanbul/Sancaktepe/Kemal Türkler,TRY,,,,Комнаты не разобраны,оставить,499000.0,аналогов train меньше 2,без изменений
96637,Komple Bina,550000.0,160.0,+,,3,Samsun/İlkadım/Rasathane,TRY,1.0,550000.0,,Комнаты не разобраны,оставить,550000.0,аналогов train меньше 2,без изменений
96649,Komple Bina,525000.0,,+,,3,Kocaeli/Körfez/Mimar Sinan,TRY,,,,Комнаты не разобраны,оставить,525000.0,аналогов train меньше 2,без изменений
96661,Komple Bina,350000.0,153.0,+,,3,İstanbul/Çatalca/Karacaköy Merkez,TRY,,,,Комнаты не разобраны,оставить,350000.0,аналогов train меньше 2,без изменений
96673,Komple Bina,185000.0,95.0,+,,1,Çanakkale/Biga/Şirintepe,TRY,6.0,220000.0,0.8409090909090909,Комнаты не разобраны,оставить,185000.0,есть ≥2 аналога train,без изменений
96679,Komple Bina,3250000.0,740.0,+,,4,İstanbul/Esenyurt/İstiklal,TRY,1.0,1370000.0,,Комнаты не разобраны,оставить,3250000.0,аналогов train меньше 2,без изменений
96693,Komple Bina,12000000.0,,+,,4,İstanbul/Bakırköy/Cevizlik,TRY,5.0,2750000.0,4.363636363636363,Комнаты не разобраны,оставить,12000000.0,есть ≥2 аналога train,без изменений
96713,Komple Bina,320000.0,300.0,+,,4,Sakarya/Karasu/Yalı,TRY,,,,Комнаты не разобраны,оставить,320000.0,аналогов train меньше 2,без изменений
96737,Komple Bina,1600000.0,,+,,6,İstanbul/Kartal/Orta,TRY,1.0,1600000.0,,Комнаты не разобраны,оставить,1600000.0,аналогов train меньше 2,без изменений
96809,Villa,1150000.0,1.0,5+1,,3,İstanbul/Büyükçekmece/Türkoba,TRY,23.0,1500000.0,0.7666666666666667,Неправдоподобная площадь,оставить,1150000.0,есть ≥2 аналога train,площадь → пропуск
96823,Komple Bina,445000.0,360.0,+,,3,Kocaeli/Darıca/Nenehatun,TRY,5.0,445000.0,1.0,Комнаты не разобраны,оставить,445000.0,есть ≥2 аналога train,без изменений
96833,Komple Bina,380000.0,300.0,+,,4,Ordu/Altınordu/Şarkiye,TRY,4.0,815000.0,0.4662576687116564,Комнаты не разобраны,оставить,380000.0,есть ≥2 аналога train,без изменений
96845,Komple Bina,325000.0,99.0,+,,2,Bursa/Osmangazi/Adalet,TRY,11.0,325000.0,1.0,Комнаты не разобраны,оставить,325000.0,есть ≥2 аналога train,без изменений
96867,Komple Bina,725000.0,,+,,3,Eskişehir/Odunpazarı/Emek,TRY,8.0,747500.0,0.9698996655518395,Комнаты не разобраны,оставить,725000.0,есть ≥2 аналога train,без изменений
96885,Komple Bina,285000.0,95.0,+,,2,Bursa/Osmangazi/İstiklal,TRY,7.0,285000.0,1.0,Комнаты не разобраны,оставить,285000.0,есть ≥2 аналога train,без изменений
96891,Müstakil Ev,800000.0,1.0,3+1,,2,Sakarya/Serdivan/Reşadiye,TRY,2.0,800000.0,1.0,Неправдоподобная площадь,оставить,800000.0,есть ≥2 аналога train,площадь → пропуск
96897,Komple Bina,1600000.0,,+,,6,İstanbul/Şişli/Bozkurt,TRY,10.0,1600000.0,1.0,Комнаты не разобраны,оставить,1600000.0,есть ≥2 аналога train,без изменений
96899,Komple Bina,3450000.0,850.0,+,,2,Denizli/Merkezefendi/Gültepe,TRY,7.0,3450000.0,1.0,Комнаты не разобраны,оставить,3450000.0,есть ≥2 аналога train,без изменений
96909,Komple Bina,1550000.0,,+,,6,İstanbul/Esenyurt/Turgut Özal,TRY,11.0,1550000.0,1.0,Комнаты не разобраны,оставить,1550000.0,есть ≥2 аналога train,без изменений
96955,Daire,3000.0,,2+1,,3,Kocaeli/İzmit/Turgut,TRY,24.0,272500.0,0.011009174311926606,Цена < 5 000 TRY,исключить,3000.0,есть ≥2 аналога train,без изменений
96979,Komple Bina,670000.0,,+,,5,Bursa/Yıldırım/Baruthane,TRY,1.0,670000.0,,Комнаты не разобраны,оставить,670000.0,аналогов train меньше 2,без изменений
97003,Komple Bina,7500000.0,380.0,+,,4,İstanbul/Ataşehir/Küçükbakkalköy,TRY,1.0,7500000.0,,Комнаты не разобраны,оставить,7500000.0,аналогов train меньше 2,без изменений
97017,Komple Bina,2550000.0,,+,,3,İstanbul/Beşiktaş/Kuruçeşme,TRY,3.0,2550000.0,1.0,Комнаты не разобраны,оставить,2550000.0,есть ≥2 аналога train,без изменений
97037,Komple Bina,2600000.0,360.0,+,,4,İstanbul/Sarıyer/Reşitpaşa,TRY,1.0,2500000.0,,Комнаты не разобраны,оставить,2600000.0,аналогов train меньше 2,без изменений
97067,Komple Bina,950000.0,116.0,+,,3,İzmir/Menderes/Cüneytbey,TRY,1.0,950000.0,,Комнаты не разобраны,оставить,950000.0,аналогов train меньше 2,без изменений
97093,Komple Bina,2700000.0,100.0,+,,5,İstanbul/Fatih/Akşemsettin,TRY,4.0,2750000.0,0.9818181818181818,Комнаты не разобраны,оставить,2700000.0,есть ≥2 аналога train,без изменений
97099,Komple Bina,525000.0,400.0,+,,3,Düzce/Merkez/Azmimilli,TRY,,,,Комнаты не разобраны,оставить,525000.0,аналогов train меньше 2,без изменений
97103,Komple Bina,1600000.0,,+,,6,İstanbul/Şişli/Bozkurt,TRY,10.0,1600000.0,1.0,Комнаты не разобраны,оставить,1600000.0,есть ≥2 аналога train,без изменений
97115,Komple Bina,620000.0,87.0,+,,4,İstanbul/Gaziosmanpaşa/Bağlarbaşı,TRY,1.0,620000.0,,Комнаты не разобраны,оставить,620000.0,аналогов train меньше 2,без изменений
97125,Komple Bina,650000.0,,+,,2,Tekirdağ/Ergene/Velimeşe,TRY,4.0,650000.0,1.0,Комнаты не разобраны,оставить,650000.0,есть ≥2 аналога train,без изменений
97165,Komple Bina,650000.0,,+,,4,Kocaeli/Gebze/Mimar Sinan,TRY,,,,Комнаты не разобраны,оставить,650000.0,аналогов train меньше 2,без изменений
97177,Komple Bina,2500000.0,,+,,3,Sakarya/Adapazarı/Cumhuriyet,TRY,,,,Комнаты не разобраны,оставить,2500000.0,аналогов train меньше 2,без изменений
97191,Komple Bina,1250000.0,104.0,+,,4,Kocaeli/Darıca/Bağlarbaşı,TRY,1.0,1250000.0,,Комнаты не разобраны,оставить,1250000.0,аналогов train меньше 2,без изменений
97199,Komple Bina,550000.0,,+,,2,İzmir/Buca/Yıldız,TRY,,,,Комнаты не разобраны,оставить,550000.0,аналогов train меньше 2,без изменений
97323,Komple Bina,4288880.0,100.0,+,,,İstanbul/Fatih/Şehremini,USD,,,,Комнаты не разобраны,оставить,800000.0,аналогов train меньше 2,без изменений
97347,Komple Bina,455000.0,50.0,+,,3,Denizli/Pamukkale/Zeytinköy,TRY,1.0,455000.0,,Комнаты не разобраны,оставить,455000.0,аналогов train меньше 2,без изменений
97371,Komple Bina,725000.0,205.0,+,,4,İstanbul/Beyoğlu/Bülbül,TRY,,,,Комнаты не разобраны,оставить,725000.0,аналогов train меньше 2,без изменений
97379,Komple Bina,1400000.0,401.0,+,,3,Denizli/Pamukkale/Kınıklı,TRY,3.0,1400000.0,1.0,Комнаты не разобраны,оставить,1400000.0,есть ≥2 аналога train,без изменений
97389,Komple Bina,4500000.0,,+,,4,İstanbul/Sancaktepe/Kemal Türkler,TRY,,,,Комнаты не разобраны,оставить,4500000.0,аналогов train меньше 2,без изменений
97411,Komple Bina,1300000.0,100.0,+,,3,İstanbul/Fatih/Derviş Ali,TRY,2.0,1587780.0,0.818753227777148,Комнаты не разобраны,оставить,1300000.0,есть ≥2 аналога train,без изменений
97417,Komple Bina,1750000.0,105.0,+,,4,Bursa/Osmangazi/Bahar,TRY,3.0,163000.0,10.736196319018404,Комнаты не разобраны,оставить,1750000.0,есть ≥2 аналога train,без изменений
97427,Komple Bina,1300000.0,,+,,4,Sakarya/Serdivan/Beşköprü,TRY,,,,Комнаты не разобраны,оставить,1300000.0,аналогов train меньше 2,без изменений
97467,Komple Bina,2000000.0,500.0,+,,3,Balıkesir/Bandırma/100. Yıl,TRY,4.0,1107500.0,1.8058690744920993,Комнаты не разобраны,оставить,2000000.0,есть ≥2 аналога train,без изменений
97527,Prefabrik Ev,88000.0,110.0,+,,2,Ankara/Çankaya/Kültür,TRY,68.0,90000.0,0.9777777777777777,Комнаты не разобраны,оставить,88000.0,есть ≥2 аналога train,без изменений
97601,Komple Bina,325000.0,99.0,+,,2,Bursa/Osmangazi/Adalet,TRY,11.0,325000.0,1.0,Комнаты не разобраны,оставить,325000.0,есть ≥2 аналога train,без изменений
97603,Daire,3000.0,,2+1,,3,Kocaeli/İzmit/Turgut,TRY,24.0,272500.0,0.011009174311926606,Цена < 5 000 TRY,исключить,3000.0,есть ≥2 аналога train,без изменений
97629,Komple Bina,1250000.0,90.0,+,,4,İstanbul/Fatih/Topkapı,TRY,,,,Комнаты не разобраны,оставить,1250000.0,аналогов train меньше 2,без изменений
97695,Komple Bina,10000000.0,544.0,+,,3,İstanbul/Beykoz/Kanlıca,TRY,1.0,10000000.0,,Комнаты не разобраны,оставить,10000000.0,аналогов train меньше 2,без изменений
97709,Komple Bina,875000.0,450.0,+,,4,Kocaeli/Çayırova/Atatürk,TRY,1.0,875000.0,,Комнаты не разобраны,оставить,875000.0,аналогов train меньше 2,без изменений
97735,Prefabrik Ev,105000.0,,+,,2,Ankara/Çankaya/Kızılay,TRY,2.0,142500.0,0.7368421052631579,Комнаты не разобраны,оставить,105000.0,есть ≥2 аналога train,без изменений
97747,Komple Bina,4600000.0,395.0,+,,6,İstanbul/Fatih/Mimar Hayrettin,TRY,,,,Комнаты не разобраны,оставить,4600000.0,аналогов train меньше 2,без изменений
97767,Komple Bina,375000.0,285.0,+,,3,Kocaeli/İzmit/Çukurbağ,TRY,,,,Комнаты не разобраны,оставить,375000.0,аналогов train меньше 2,без изменений
97771,Komple Bina,10500000.0,390.0,+,,5,Samsun/Çarşamba/Sarıcalı,TRY,3.0,315000.0,33.333333333333336,"Цена > 20 местных медиан, Комнаты не разобраны",оставить,10500000.0,есть ≥2 аналога train,без изменений
97787,Komple Bina,3500000.0,,+,,4,Kayseri/Melikgazi/Kıranardı Cumhuriyet,TRY,3.0,3500000.0,1.0,Комнаты не разобраны,оставить,3500000.0,есть ≥2 аналога train,без изменений
97791,Komple Bina,2800000.0,,+,,5,İstanbul/Büyükçekmece/Kamiloba,TRY,6.0,2800000.0,1.0,Комнаты не разобраны,оставить,2800000.0,есть ≥2 аналога train,без изменений
97843,Komple Bina,750000.0,,+,,4,Kocaeli/Darıca/Abdi İpekçi,TRY,4.0,750000.0,1.0,Комнаты не разобраны,оставить,750000.0,есть ≥2 аналога train,без изменений
97849,Komple Bina,111111111.0,,1+1,,,Ankara/Yenimahalle/Ostim,TRY,1.0,111111111.0,,Цена > 50 млн TRY,оставить,111111111.0,аналогов train меньше 2,без изменений
97857,Komple Bina,825000.0,,+,,3,Bursa/Osmangazi/Güneştepe,TRY,2.0,1412500.0,0.584070796460177,Комнаты не разобраны,оставить,825000.0,есть ≥2 аналога train,без изменений
97863,Komple Bina,1150000.0,300.0,+,,3,Balıkesir/Altıeylül/Dinkçiler,TRY,2.0,1150000.0,1.0,Комнаты не разобраны,оставить,1150000.0,есть ≥2 аналога train,без изменений
97871,Komple Bina,465000.0,385.0,+,,3,İstanbul/Avcılar/Yeşilkent,TRY,,,,Комнаты не разобраны,оставить,465000.0,аналогов train меньше 2,без изменений
97897,Komple Bina,2750000.0,675.0,+,,5,İstanbul/Kartal/Karlıktepe,TRY,5.0,2750000.0,1.0,Комнаты не разобраны,оставить,2750000.0,есть ≥2 аналога train,без изменений
97919,Komple Bina,2000000.0,53.0,+,,2,Balıkesir/Bandırma/Ayyıldız,TRY,3.0,2000000.0,1.0,Комнаты не разобраны,оставить,2000000.0,есть ≥2 аналога train,без изменений
97927,Komple Bina,545000.0,355.0,+,,3,Afyonkarahisar/Merkez/Kanlıca,TRY,1.0,545000.0,,Комнаты не разобраны,оставить,545000.0,аналогов train меньше 2,без изменений
97931,Komple Bina,750000.0,100.0,+,,3,Samsun/İlkadım/Ulugazi,TRY,1.0,750000.0,,Комнаты не разобраны,оставить,750000.0,аналогов train меньше 2,без изменений
98041,Komple Bina,940000.0,,+,,2,Ordu/Altınordu/Cumhuriyet,TRY,,,,Комнаты не разобраны,оставить,940000.0,аналогов train меньше 2,без изменений
98049,Komple Bina,1550000.0,320.0,+,,4,İstanbul/Kadıköy/Suadiye,TRY,3.0,1550000.0,1.0,Комнаты не разобраны,оставить,1550000.0,есть ≥2 аналога train,без изменений
98117,Komple Bina,950000.0,360.0,+,,3,İstanbul/Beykoz/Fatih,TRY,2.0,950000.0,1.0,Комнаты не разобраны,оставить,950000.0,есть ≥2 аналога train,без изменений
98139,Komple Bina,2300000.0,350.0,+,,6,İstanbul/Beşiktaş/Türkali,TRY,2.0,2300000.0,1.0,Комнаты не разобраны,оставить,2300000.0,есть ≥2 аналога train,без изменений
98149,Komple Bina,2750000.0,675.0,+,,5,İstanbul/Kartal/Karlıktepe,TRY,5.0,2750000.0,1.0,Комнаты не разобраны,оставить,2750000.0,есть ≥2 аналога train,без изменений
98157,Komple Bina,1500000.0,,+,,3,İstanbul/Tuzla/Aydıntepe,TRY,4.0,1500000.0,1.0,Комнаты не разобраны,оставить,1500000.0,есть ≥2 аналога train,без изменений
98185,Komple Bina,10000000.0,1400.0,+,,4,İstanbul/Güngören/Tozkoparan,TRY,8.0,10000000.0,1.0,Комнаты не разобраны,оставить,10000000.0,есть ≥2 аналога train,без изменений
98187,Komple Bina,1600000.0,810.0,+,,5,İstanbul/Arnavutköy/Anadolu,TRY,6.0,2490000.0,0.642570281124498,Комнаты не разобраны,оставить,1600000.0,есть ≥2 аналога train,без изменений
98215,Komple Bina,1700000.0,135.0,+,,4,Denizli/Merkezefendi/Bahçelievler,TRY,1.0,1700000.0,,Комнаты не разобраны,оставить,1700000.0,аналогов train меньше 2,без изменений
98305,Komple Bina,1200000.0,,+,,3,Bursa/Osmangazi/Nalbantoğlu,TRY,4.0,1200000.0,1.0,Комнаты не разобраны,оставить,1200000.0,есть ≥2 аналога train,без изменений
98307,Komple Bina,1300000.0,350.0,+,,3,İstanbul/Avcılar/Cihangir,TRY,2.0,12059255.0,0.10780102087566769,Комнаты не разобраны,оставить,1300000.0,есть ≥2 аналога train,без изменений
98369,Komple Bina,315000.0,,+,,2,Eskişehir/Tepebaşı/Zafer,TRY,2.0,255000.0,1.2352941176470589,Комнаты не разобраны,оставить,315000.0,есть ≥2 аналога train,без изменений
98377,Daire,195000.0,,3+1,11,8,Kahramanmaraş/Onikişubat/Üngüt,TRY,37.0,220000.0,0.8863636363636364,Этаж выше этажности,оставить,195000.0,есть ≥2 аналога train,этаж → пропуск
98381,Komple Bina,285000.0,95.0,+,,2,Bursa/Osmangazi/İstiklal,TRY,7.0,285000.0,1.0,Комнаты не разобраны,оставить,285000.0,есть ≥2 аналога train,без изменений
98387,Komple Bina,850000.0,,+,,3,Denizli/Merkezefendi/Değirmenönü,TRY,1.0,850000.0,,Комнаты не разобраны,оставить,850000.0,аналогов train меньше 2,без изменений
98429,Komple Bina,550000.0,,+,,3,İstanbul/Zeytinburnu/Çırpıcı,TRY,3.0,550000.0,1.0,Комнаты не разобраны,оставить,550000.0,есть ≥2 аналога train,без изменений
98453,Komple Bina,2000000.0,500.0,+,,5,Mersin/Mezitli/Akdeniz,TRY,3.0,2000000.0,1.0,Комнаты не разобраны,оставить,2000000.0,есть ≥2 аналога train,без изменений
98461,Komple Bina,1180000.0,,+,,2,Bursa/Nilüfer/Fethiye,TRY,2.0,1200000.0,0.9833333333333333,Комнаты не разобраны,оставить,1180000.0,есть ≥2 аналога train,без изменений
98489,Komple Bina,10000000.0,200.0,+,,4,İstanbul/Beyoğlu/Pürtelaş Hasan Efendi,TRY,2.0,10000000.0,1.0,Комнаты не разобраны,оставить,10000000.0,есть ≥2 аналога train,без изменений
98523,Komple Bina,3500000.0,,+,,5,İstanbul/Sancaktepe/Abdurrahmangazi,TRY,3.0,3500000.0,1.0,Комнаты не разобраны,оставить,3500000.0,есть ≥2 аналога train,без изменений
98533,Komple Bina,1700000.0,980.0,+,,4,Kocaeli/Derince/Sırrıpaşa,TRY,3.0,750000.0,2.2666666666666666,Комнаты не разобраны,оставить,1700000.0,есть ≥2 аналога train,без изменений
98551,Komple Bina,650000.0,,+,,4,Kocaeli/Gebze/Mimar Sinan,TRY,,,,Комнаты не разобраны,оставить,650000.0,аналогов train меньше 2,без изменений
98555,Komple Bina,1375000.0,90.0,+,,3,Denizli/Merkezefendi/Gümüşçay,TRY,2.0,1375000.0,1.0,Комнаты не разобраны,оставить,1375000.0,есть ≥2 аналога train,без изменений
98561,Komple Bina,1250000.0,60.0,+,,3,Uşak/Merkez/Kurtuluş,TRY,2.0,1250000.0,1.0,Комнаты не разобраны,оставить,1250000.0,есть ≥2 аналога train,без изменений
98579,Komple Bina,535000.0,,+,,3,Afyonkarahisar/Merkez/Ertuğrul Gazi,TRY,10.0,360000.0,1.4861111111111112,Комнаты не разобраны,оставить,535000.0,есть ≥2 аналога train,без изменений
98611,Komple Bina,900000.0,,+,,3,Sakarya/Adapazarı/Akıncılar,TRY,1.0,900000.0,,Комнаты не разобраны,оставить,900000.0,аналогов train меньше 2,без изменений
98617,Komple Bina,360000.0,200.0,+,,2,Sakarya/Serdivan/Köprübaşı,TRY,1.0,750000.0,,Комнаты не разобраны,оставить,360000.0,аналогов train меньше 2,без изменений
98623,Komple Bina,2000000.0,445.0,+,,3,Bursa/Osmangazi/Güneştepe,TRY,2.0,1412500.0,1.415929203539823,Комнаты не разобраны,оставить,2000000.0,есть ≥2 аналога train,без изменений
98635,Komple Bina,195000.0,,+,,3,Yalova/Merkez/Bağlarbaşı,TRY,1.0,195000.0,,Комнаты не разобраны,оставить,195000.0,аналогов train меньше 2,без изменений
98655,Komple Bina,1550000.0,,+,,6,İstanbul/Esenyurt/Turgut Özal,TRY,11.0,1550000.0,1.0,Комнаты не разобраны,оставить,1550000.0,есть ≥2 аналога train,без изменений
98675,Komple Bina,1100000.0,500.0,+,,5,İstanbul/Arnavutköy/Anadolu,TRY,6.0,2490000.0,0.44176706827309237,Комнаты не разобраны,оставить,1100000.0,есть ≥2 аналога train,без изменений
98687,Komple Bina,325000.0,99.0,+,,2,Bursa/Osmangazi/Adalet,TRY,11.0,325000.0,1.0,Комнаты не разобраны,оставить,325000.0,есть ≥2 аналога train,без изменений
98703,Komple Bina,2900000.0,360.0,+,,4,İstanbul/Fatih/Ali Kuşçu,TRY,3.0,3000000.0,0.9666666666666667,Комнаты не разобраны,оставить,2900000.0,есть ≥2 аналога train,без изменений
98723,Komple Bina,5164900.0,149.0,+,,10,Mersin/Mezitli/Yeni,USD,1.0,5164900.0,,Комнаты не разобраны,оставить,1000000.0,аналогов train меньше 2,без изменений
98725,Komple Bina,1550000.0,300.0,+,,4,İstanbul/Kadıköy/Suadiye,TRY,3.0,1550000.0,1.0,Комнаты не разобраны,оставить,1550000.0,есть ≥2 аналога train,без изменений
98753,Komple Bina,4300000.0,1650.0,+,,4,İstanbul/Silivri/Selimpaşa,TRY,1.0,4300000.0,,Комнаты не разобраны,оставить,4300000.0,аналогов train меньше 2,без изменений
98761,Komple Bina,1700000.0,595.0,+,,4,İstanbul/Ümraniye/Çakmak,TRY,1.0,1700000.0,,Комнаты не разобраны,оставить,1700000.0,аналогов train меньше 2,без изменений
98793,Komple Bina,11500000.0,650.0,+,,4,İstanbul/Fatih/Küçük Ayasofya,TRY,3.0,8000000.0,1.4375,Комнаты не разобраны,оставить,11500000.0,есть ≥2 аналога train,без изменений
98799,Komple Bina,4000000.0,,+,,5,İstanbul/Sultanbeyli/Necip Fazıl,TRY,1.0,4000000.0,,Комнаты не разобраны,оставить,4000000.0,аналогов train меньше 2,без изменений
98801,Komple Bina,1600000.0,300.0,+,,5,Trabzon/Ortahisar/Pelitli,TRY,5.0,5250000.0,0.3047619047619048,Комнаты не разобраны,оставить,1600000.0,есть ≥2 аналога train,без изменений
98803,Komple Bina,1150000.0,400.0,+,,3,Balıkesir/Altıeylül/Dinkçiler,TRY,2.0,1150000.0,1.0,Комнаты не разобраны,оставить,1150000.0,есть ≥2 аналога train,без изменений
98805,Komple Bina,2500000.0,600.0,+,,4,İstanbul/Beşiktaş/Vişnezade,TRY,2.0,1875000.0,1.3333333333333333,Комнаты не разобраны,оставить,2500000.0,есть ≥2 аналога train,без изменений
98831,Komple Bina,1650000.0,400.0,+,,4,Aydın/Kuşadası/Kadınlar Denizi,TRY,3.0,1650000.0,1.0,Комнаты не разобраны,оставить,1650000.0,есть ≥2 аналога train,без изменений
98839,Komple Bina,8200000.0,,+,,6,İstanbul/Kağıthane/Gürsel,TRY,1.0,8200000.0,,Комнаты не разобраны,оставить,8200000.0,аналогов train меньше 2,без изменений
98853,Komple Bina,575000.0,120.0,+,,3,Eskişehir/Tepebaşı/Cumhuriye,TRY,4.0,575000.0,1.0,Комнаты не разобраны,оставить,575000.0,есть ≥2 аналога train,без изменений
98855,Komple Bina,2200000.0,,+,,3,İstanbul/Bayrampaşa/Kartaltepe,TRY,,,,Комнаты не разобраны,оставить,2200000.0,аналогов train меньше 2,без изменений
98875,Komple Bina,425000.0,,+,,4,Çorum/Merkez/Gülabibey,TRY,1.0,425000.0,,Комнаты не разобраны,оставить,425000.0,аналогов train меньше 2,без изменений
98879,Komple Bina,3000000.0,435.0,+,,7,İstanbul/Fatih/Yavuz Sultan Selim,TRY,4.0,3000000.0,1.0,Комнаты не разобраны,оставить,3000000.0,есть ≥2 аналога train,без изменений
98893,Komple Bina,750000.0,140.0,+,,4,İzmir/Buca/Yıldız,TRY,,,,Комнаты не разобраны,оставить,750000.0,аналогов train меньше 2,без изменений
98905,Komple Bina,2000000.0,,+,,3,Kocaeli/Başiskele/Fatih,TRY,,,,Комнаты не разобраны,оставить,2000000.0,аналогов train меньше 2,без изменений
98909,Komple Bina,475000.0,300.0,+,,3,Kocaeli/Başiskele/Sepetlipınar,TRY,,,,Комнаты не разобраны,оставить,475000.0,аналогов train меньше 2,без изменений
98911,Komple Bina,40000000.0,1500.0,+,,4,İstanbul/Üsküdar/Çengelköy,TRY,,,,Комнаты не разобраны,оставить,40000000.0,аналогов train меньше 2,без изменений
98915,Daire,3000.0,,2+1,,3,Kocaeli/İzmit/Turgut,TRY,24.0,272500.0,0.011009174311926606,Цена < 5 000 TRY,исключить,3000.0,есть ≥2 аналога train,без изменений
98923,Komple Bina,4250000.0,599.0,+,,3,İstanbul/Üsküdar/Kısıklı,TRY,1.0,4250000.0,,Комнаты не разобраны,оставить,4250000.0,аналогов train меньше 2,без изменений
98935,Komple Bina,6750000.0,380.0,+,,4,İstanbul/Sultanbeyli/Abdurrahmangazi,TRY,1.0,6750000.0,,Комнаты не разобраны,оставить,6750000.0,аналогов train меньше 2,без изменений
98953,Komple Bina,4250000.0,1050.0,+,,3,Bursa/Osmangazi/Demirtaş Dumlupınar,TRY,,,,Комнаты не разобраны,оставить,4250000.0,аналогов train меньше 2,без изменений
98971,Komple Bina,3250000.0,,+,,5,İstanbul/Ataşehir/Ferhatpaşa,TRY,3.0,3000000.0,1.0833333333333333,Комнаты не разобраны,оставить,3250000.0,есть ≥2 аналога train,без изменений
98975,Komple Bina,12000000.0,550.0,+,,4,İstanbul/Bakırköy/Cevizlik,TRY,5.0,2750000.0,4.363636363636363,Комнаты не разобраны,оставить,12000000.0,есть ≥2 аналога train,без изменений
98987,Komple Bina,1250000.0,135.0,+,,5,Samsun/Atakum/Yeşildere,TRY,2.0,1250000.0,1.0,Комнаты не разобраны,оставить,1250000.0,есть ≥2 аналога train,без изменений
99009,Komple Bina,2500000.0,,+,,3,Ankara/Altındağ/Ali Ersoy,TRY,2.0,2500000.0,1.0,Комнаты не разобраны,оставить,2500000.0,есть ≥2 аналога train,без изменений
99019,Komple Bina,790000.0,,+,,3,Afyonkarahisar/Merkez/Cumhuriyet,TRY,4.0,790000.0,1.0,Комнаты не разобраны,оставить,790000.0,есть ≥2 аналога train,без изменений
99037,Komple Bina,685000.0,,+,,4,Tekirdağ/Kapaklı/Bahçelievler,TRY,5.0,685000.0,1.0,Комнаты не разобраны,оставить,685000.0,есть ≥2 аналога train,без изменений
99039,Komple Bina,1750000.0,350.0,+,,5,İstanbul/Kadıköy/Acıbadem,TRY,1.0,1750000.0,,Комнаты не разобраны,оставить,1750000.0,аналогов train меньше 2,без изменений
99053,Komple Bina,3500000.0,,+,,7,Kayseri/Kocasinan/Gevhernesibe,TRY,2.0,2037500.0,1.7177914110429449,Комнаты не разобраны,оставить,3500000.0,есть ≥2 аналога train,без изменений
99077,Komple Bina,850000.0,165.0,+,,3,Bursa/Gemlik/Umurbey,TRY,,,,Комнаты не разобраны,оставить,850000.0,аналогов train меньше 2,без изменений
99079,Komple Bina,325000.0,230.0,+,,2,Çanakkale/Biga/Şirintepe,TRY,6.0,220000.0,1.4772727272727273,Комнаты не разобраны,оставить,325000.0,есть ≥2 аналога train,без изменений
99111,Komple Bina,10000000.0,200.0,+,,4,İstanbul/Beyoğlu/Pürtelaş Hasan Efendi,TRY,2.0,10000000.0,1.0,Комнаты не разобраны,оставить,10000000.0,есть ≥2 аналога train,без изменений
99117,Komple Bina,1250000.0,434.0,+,,5,Trabzon/Ortahisar/1 Nolu Erdoğdu,TRY,2.0,770000.0,1.6233766233766234,Комнаты не разобраны,оставить,1250000.0,есть ≥2 аналога train,без изменений
99137,Komple Bina,1050000.0,390.0,+,,4,Eskişehir/Odunpazarı/İstiklal,TRY,1.0,1650000.0,,Комнаты не разобраны,оставить,1050000.0,аналогов train меньше 2,без изменений
99157,Komple Bina,1100000.0,330.0,+,,4,İstanbul/Kartal/Hürriyet,TRY,2.0,805000.0,1.3664596273291925,Комнаты не разобраны,оставить,1100000.0,есть ≥2 аналога train,без изменений
99199,Komple Bina,3000000.0,800.0,+,,4,Diyarbakır/Kayapınar/Mezopotamya,TRY,1.0,3000000.0,,Комнаты не разобраны,оставить,3000000.0,аналогов train меньше 2,без изменений
99217,Komple Bina,2750000.0,660.0,+,,6,Yalova/Çınarcık/Koru Bld. (Cumhuriyet),TRY,1.0,2750000.0,,Комнаты не разобраны,оставить,2750000.0,аналогов train меньше 2,без изменений
99249,Komple Bina,1000000.0,360.0,+,,4,Bursa/Nilüfer/Üçevler,TRY,2.0,1000000.0,1.0,Комнаты не разобраны,оставить,1000000.0,есть ≥2 аналога train,без изменений
99257,Komple Bina,450000.0,170.0,+,,3,İstanbul/Bayrampaşa/Vatan,TRY,,,,Комнаты не разобраны,оставить,450000.0,аналогов train меньше 2,без изменений
99271,Komple Bina,1150000.0,350.0,+,,4,İstanbul/Bahçelievler/Fevzi Çakmak,TRY,1.0,1150000.0,,Комнаты не разобраны,оставить,1150000.0,аналогов train меньше 2,без изменений
99289,Komple Bina,1200000.0,,+,,3,Bursa/Osmangazi/Nalbantoğlu,TRY,4.0,1200000.0,1.0,Комнаты не разобраны,оставить,1200000.0,есть ≥2 аналога train,без изменений
99293,Komple Bina,2950000.0,200.0,+,,2,İstanbul/Beşiktaş/Arnavutköy,TRY,1.0,4500000.0,,Комнаты не разобраны,оставить,2950000.0,аналогов train меньше 2,без изменений
99321,Komple Bina,2750000.0,390.0,+,,3,İstanbul/Büyükçekmece/Kamiloba,TRY,6.0,2800000.0,0.9821428571428571,Комнаты не разобраны,оставить,2750000.0,есть ≥2 аналога train,без изменений
99335,Komple Bina,1000000.0,,+,,5,İstanbul/Bağcılar/15 Temmuz,TRY,1.0,1250000.0,,Комнаты не разобраны,оставить,1000000.0,аналогов train меньше 2,без изменений
99377,Komple Bina,2250000.0,930.0,+,,7,İstanbul/Bahçelievler/Kocasinan Merkez,TRY,5.0,2250000.0,1.0,Комнаты не разобраны,оставить,2250000.0,есть ≥2 аналога train,без изменений
99384,Daire,900.0,,1+1,Bahçe katı,3,İstanbul/Küçükçekmece/Gültepe,TRY,21.0,255000.0,0.0035294117647058825,"Цена < 5 000 TRY, Цена < 1% местной медианы",исключить,900.0,есть ≥2 аналога train,без изменений
99389,Komple Bina,900000.0,500.0,+,,4,Bursa/Osmangazi/Kavaklı,TRY,1.0,900000.0,,Комнаты не разобраны,оставить,900000.0,аналогов train меньше 2,без изменений
99395,Villa,1125000.0,1.0,4+1,,2,Gaziantep/Şahinbey/Küçükkızılhisar,TRY,7.0,850000.0,1.3235294117647058,Неправдоподобная площадь,оставить,1125000.0,есть ≥2 аналога train,площадь → пропуск
99413,Köşk / Konak / Yalı,190000000.0,,5+2,,3,İstanbul/Sarıyer/Yeniköy,TRY,1.0,12750000.0,,Цена > 50 млн TRY,оставить,190000000.0,аналогов train меньше 2,без изменений
99447,Köşk / Konak / Yalı,85000000.0,,6+2,,3,İstanbul/Beykoz/Gümüşsuyu,TRY,1.0,85000000.0,,Цена > 50 млн TRY,оставить,85000000.0,аналогов train меньше 2,без изменений
99455,Komple Bina,690000.0,,+,,4,Denizli/Merkezefendi/Gültepe,TRY,7.0,3450000.0,0.2,Комнаты не разобраны,оставить,690000.0,есть ≥2 аналога train,без изменений
99457,Köşk / Konak / Yalı,100000000.0,800.0,10+0,,4,İstanbul/Üsküdar/Sultantepe,TRY,,,,Цена > 50 млн TRY,оставить,100000000.0,аналогов train меньше 2,без изменений
99467,Komple Bina,1250000.0,90.0,+,,4,İstanbul/Fatih/Topkapı,TRY,,,,Комнаты не разобраны,оставить,1250000.0,аналогов train меньше 2,без изменений
99483,Komple Bina,445000.0,360.0,+,,3,Kocaeli/Darıca/Nenehatun,TRY,5.0,445000.0,1.0,Комнаты не разобраны,оставить,445000.0,есть ≥2 аналога train,без изменений
99495,Komple Bina,700000.0,112.0,+,,5,İstanbul/Sultangazi/Esentepe,TRY,2.0,707500.0,0.9893992932862191,Комнаты не разобраны,оставить,700000.0,есть ≥2 аналога train,без изменений
99503,Komple Bina,2250000.0,980.0,+,,4,İstanbul/Tuzla/Yayla,TRY,2.0,1700000.0,1.3235294117647058,Комнаты не разобраны,оставить,2250000.0,есть ≥2 аналога train,без изменений
99521,Komple Bina,55000000.0,525.0,10+0,,3,İstanbul/Sarıyer/Emirgan,TRY,1.0,55000000.0,,Цена > 50 млн TRY,оставить,55000000.0,аналогов train меньше 2,без изменений
99527,Komple Bina,26000000.0,,+,,4,İstanbul/Esenler/Mimar Sinan,TRY,1.0,26000000.0,,Комнаты не разобраны,оставить,26000000.0,аналогов train меньше 2,без изменений
99539,Komple Bina,385000.0,115.0,+,,2,Bursa/Osmangazi/Bağlarbaşı,TRY,3.0,385000.0,1.0,Комнаты не разобраны,оставить,385000.0,есть ≥2 аналога train,без изменений
99545,Komple Bina,285000.0,95.0,+,,2,Bursa/Osmangazi/İstiklal,TRY,7.0,285000.0,1.0,Комнаты не разобраны,оставить,285000.0,есть ≥2 аналога train,без изменений
99547,Komple Bina,750000.0,,+,,4,Kocaeli/Darıca/Abdi İpekçi,TRY,4.0,750000.0,1.0,Комнаты не разобраны,оставить,750000.0,есть ≥2 аналога train,без изменений
99559,Rezidans,118084000.0,,1+0,20 ve üzeri,20 ve üzeri,Artvin/Kemalpaşa/Uzunyalı,USD,1.0,118084000.0,,Цена > 50 млн TRY,оставить,20000000.0,аналогов train меньше 2,без изменений
99803,Müstakil Ev,18991035.0,,6+2,Komple,4,İstanbul/Eyüpsultan/Göktürk Merkez,USD,2.0,867500.0,21.891682997118156,Цена > 20 местных медиан,оставить,3150000.0,есть ≥2 аналога train,без изменений
100412,Daire,130000.0,1.0,1+1,Bahçe katı,5,Burdur/Merkez/Bahçelievler,TRY,30.0,265000.0,0.49056603773584906,Неправдоподобная площадь,оставить,130000.0,есть ≥2 аналога train,площадь → пропуск
100578,Daire,130000.0,1.0,1+1,Bahçe katı,5,Burdur/Merkez/Bahçelievler,TRY,30.0,265000.0,0.49056603773584906,Неправдоподобная площадь,оставить,130000.0,есть ≥2 аналога train,площадь → пропуск
100693,Müstakil Ev,18991035.0,,6+2,Komple,4,İstanbul/Eyüpsultan/Göktürk Merkez,USD,2.0,867500.0,21.891682997118156,Цена > 20 местных медиан,оставить,3150000.0,есть ≥2 аналога train,без изменений
101703,Müstakil Ev,18991035.0,,6+2,Komple,4,İstanbul/Eyüpsultan/Göktürk Merkez,USD,2.0,867500.0,21.891682997118156,Цена > 20 местных медиан,оставить,3150000.0,есть ≥2 аналога train,без изменений
101827,Daire,750.0,165.0,3+1,,,Adıyaman/Merkez/Turgut Reis,TRY,29.0,235000.0,0.0031914893617021275,"Цена < 5 000 TRY, Цена < 1% местной медианы",исключить,750.0,есть ≥2 аналога train,без изменений
102113,Daire,3082710.3018,3277.0,1+0,Asma Kat,10,İstanbul/Pendik/Ahmet Yesevi,EUR,112.0,257500.0,11.971690492427184,Неправдоподобная площадь,оставить,510222.0,есть ≥2 аналога train,площадь → пропуск
102307,Daire,250.0,,4+1,En Üst Kat,4,Ankara/Mamak/Mutlu,TRY,124.0,153000.0,0.0016339869281045752,"Цена < 5 000 TRY, Цена < 1% местной медианы",исключить,250.0,есть ≥2 аналога train,без изменений
102815,Daire,450.0,299.0,6+2,En Üst Kat,5,Zonguldak/Ereğli/Müftü,TRY,8.0,252500.0,0.0017821782178217822,"Цена < 5 000 TRY, Цена < 1% местной медианы",исключить,450.0,есть ≥2 аналога train,без изменений
103043,Rezidans,943213.0,909039.0,7+1,En Üst Kat,5,İstanbul/Güngören/Tozkoparan,TRY,1.0,943213.0,,Неправдоподобная площадь,оставить,943213.0,аналогов train меньше 2,площадь → пропуск
103347,Daire,4000.0,270.0,6+2,,,İstanbul/Bakırköy/Yeşilköy,TRY,81.0,2650000.0,0.0015094339622641509,"Цена < 5 000 TRY, Цена < 1% местной медианы",исключить,4000.0,есть ≥2 аналога train,без изменений
103705,Komple Bina,250000000.0,,+,,10-20 arası,Adana/Yumurtalık/Akyuva,TRY,1.0,250000000.0,,"Цена > 50 млн TRY, Комнаты не разобраны",оставить,250000000.0,аналогов train меньше 2,без изменений
103795,Komple Bina,600000.0,,+,,10-20 arası,Sakarya/Serdivan/Kazımpaşa,TRY,1.0,600000.0,,Комнаты не разобраны,оставить,600000.0,аналогов train меньше 2,без изменений
103803,Komple Bina,10000000.0,,+,,4,İstanbul/Güngören/Tozkoparan,TRY,8.0,10000000.0,1.0,Комнаты не разобраны,оставить,10000000.0,есть ≥2 аналога train,без изменений
103827,Komple Bina,933000.0,400.0,+,,3,Kocaeli/İzmit/Akçakoca,TRY,4.0,933000.0,1.0,Комнаты не разобраны,оставить,933000.0,есть ≥2 аналога train,без изменений
103843,Komple Bina,1500000.0,800.0,+,,5,Aydın/Efeler/Meşrutiyet,TRY,1.0,830000.0,,Комнаты не разобраны,оставить,1500000.0,аналогов train меньше 2,без изменений
103847,Komple Bina,295000.0,225.0,+,,1,Bursa/İznik/Çakırca,TRY,1.0,295000.0,,Комнаты не разобраны,оставить,295000.0,аналогов train меньше 2,без изменений
103887,Komple Bina,430000.0,170.0,+,,2,İstanbul/Sultanbeyli/Ahmet Yesevi,TRY,,,,Комнаты не разобраны,оставить,430000.0,аналогов train меньше 2,без изменений
103889,Komple Bina,2500000.0,,+,,5,İstanbul/Beyoğlu/Keçeci Piri,TRY,1.0,2500000.0,,Комнаты не разобраны,оставить,2500000.0,аналогов train меньше 2,без изменений
103935,Komple Bina,1250000.0,,+,,4,Yalova/Merkez/Süleyman Bey,TRY,,,,Комнаты не разобраны,оставить,1250000.0,аналогов train меньше 2,без изменений
103957,Komple Bina,265000.0,180.0,+,,2,Çanakkale/Biga/Şirintepe,TRY,6.0,220000.0,1.2045454545454546,Комнаты не разобраны,оставить,265000.0,есть ≥2 аналога train,без изменений
103961,Komple Bina,1200000.0,550.0,+,,4,Trabzon/Ortahisar/Kalkınma,TRY,8.0,1200000.0,1.0,Комнаты не разобраны,оставить,1200000.0,есть ≥2 аналога train,без изменений
103965,Komple Bina,1150000.0,280.0,+,,3,Balıkesir/Altıeylül/Dinkçiler,TRY,2.0,1150000.0,1.0,Комнаты не разобраны,оставить,1150000.0,есть ≥2 аналога train,без изменений
103979,Komple Bina,760000.0,110.0,+,,5,İstanbul/Sultangazi/Esentepe,TRY,2.0,707500.0,1.0742049469964665,Комнаты не разобраны,оставить,760000.0,есть ≥2 аналога train,без изменений
103995,Köşk / Konak / Yalı,10659652.006000001,336684.0,4+2,,20 ve üzeri,Ankara/Elmadağ/Hasanoğlan Havuzbaşı,EUR,,,,Неправдоподобная площадь,оставить,1750066.0,аналогов train меньше 2,площадь → пропуск
103999,Komple Bina,13500000.0,2000.0,+,,6,İstanbul/Kadıköy/Sahrayı Cedit,TRY,3.0,13500000.0,1.0,Комнаты не разобраны,оставить,13500000.0,есть ≥2 аналога train,без изменений
104019,Komple Bina,1499000.0,,+,,4,Kocaeli/Çayırova/Çayırova,TRY,1.0,1499000.0,,Комнаты не разобраны,оставить,1499000.0,аналогов train меньше 2,без изменений
104029,Komple Bina,7000000.0,650.0,+,,6,İstanbul/Şişli/Fulya,TRY,1.0,7000000.0,,Комнаты не разобраны,оставить,7000000.0,аналогов train меньше 2,без изменений
104030,Daire,165000.0,13.0,3+1,Bahçe katı,3,Konya/Selçuklu/Sakarya,TRY,3.0,185000.0,0.8918918918918919,Неправдоподобная площадь,оставить,165000.0,есть ≥2 аналога train,площадь → пропуск
104033,Komple Bina,1350000.0,480.0,+,,4,İstanbul/Avcılar/Firuzköy,TRY,2.0,1150000.0,1.173913043478261,Комнаты не разобраны,оставить,1350000.0,есть ≥2 аналога train,без изменений
104063,Komple Bina,1250000.0,300.0,+,,5,İstanbul/Fatih/Haseki Sultan,TRY,1.0,2900000.0,,Комнаты не разобраны,оставить,1250000.0,аналогов train меньше 2,без изменений
104101,Çiftlik Evi,60000000.0,850.0,6+2,,3,İstanbul/Pendik/Emirli,TRY,2.0,34375000.0,1.7454545454545454,Цена > 50 млн TRY,оставить,60000000.0,есть ≥2 аналога train,без изменений
104121,Komple Bina,2800000.0,,+,,3,Samsun/Atakum/Mimarsinan,TRY,9.0,2800000.0,1.0,Комнаты не разобраны,оставить,2800000.0,есть ≥2 аналога train,без изменений
104191,Komple Bina,2500000.0,,+,,5,İstanbul/Beykoz/Çubuklu,TRY,5.0,2500000.0,1.0,Комнаты не разобраны,оставить,2500000.0,есть ≥2 аналога train,без изменений
104209,Komple Bina,933000.0,400.0,+,,3,Kocaeli/İzmit/Akçakoca,TRY,4.0,933000.0,1.0,Комнаты не разобраны,оставить,933000.0,есть ≥2 аналога train,без изменений
104263,Komple Bina,2550000.0,,+,,3,İstanbul/Beşiktaş/Kuruçeşme,TRY,3.0,2550000.0,1.0,Комнаты не разобраны,оставить,2550000.0,есть ≥2 аналога train,без изменений
104307,Komple Bina,270000.0,,+,,3,Kocaeli/Gebze/Mevlana,TRY,2.0,377500.0,0.7152317880794702,Комнаты не разобраны,оставить,270000.0,есть ≥2 аналога train,без изменений
104353,Komple Bina,13500000.0,2000.0,+,,6,İstanbul/Kadıköy/Sahrayı Cedit,TRY,3.0,13500000.0,1.0,Комнаты не разобраны,оставить,13500000.0,есть ≥2 аналога train,без изменений
104359,Komple Bina,1999999.0,1300.0,+,,3,Kayseri/Kocasinan/Örnekevler,TRY,,,,Комнаты не разобраны,оставить,1999999.0,аналогов train меньше 2,без изменений
104385,Komple Bina,1050000.0,50.0,+,,4,Eskişehir/Tepebaşı/Tunalı,TRY,,,,Комнаты не разобраны,оставить,1050000.0,аналогов train меньше 2,без изменений
104405,Komple Bina,1200000.0,,+,,5,İstanbul/Ümraniye/Esenkent,TRY,3.0,1200000.0,1.0,Комнаты не разобраны,оставить,1200000.0,есть ≥2 аналога train,без изменений
104407,Komple Bina,550000.0,700.0,+,,4,Kocaeli/Gölcük/Şehitler,TRY,2.0,600000.0,0.9166666666666666,Комнаты не разобраны,оставить,550000.0,есть ≥2 аналога train,без изменений
104411,Komple Bina,1950000.0,1.0,+,,,Sakarya/Erenler/Yeşiltepe,TRY,,,,"Неправдоподобная площадь, Комнаты не разобраны",оставить,1950000.0,аналогов train меньше 2,площадь → пропуск
104433,Komple Bina,1600000.0,350.0,+,,5,Samsun/İlkadım/19 Mayıs,TRY,1.0,1600000.0,,Комнаты не разобраны,оставить,1600000.0,аналогов train меньше 2,без изменений
104437,Komple Bina,1750000.0,110.0,+,,5,İstanbul/Arnavutköy/Arnavutköy Merkez,TRY,1.0,1750000.0,,Комнаты не разобраны,оставить,1750000.0,аналогов train меньше 2,без изменений
104501,Komple Bina,3250000.0,175.0,+,,6,Trabzon/Ortahisar/Konaklar,TRY,5.0,1250000.0,2.6,Комнаты не разобраны,оставить,3250000.0,есть ≥2 аналога train,без изменений
104539,Komple Bina,13500000.0,,+,,6,İstanbul/Şişli/Kaptan Paşa,TRY,4.0,78000000.0,0.17307692307692307,Комнаты не разобраны,оставить,13500000.0,есть ≥2 аналога train,без изменений
104541,Komple Bina,1330000.0,,+,,3,İzmir/Bornova/Atatürk,TRY,3.0,1330000.0,1.0,Комнаты не разобраны,оставить,1330000.0,есть ≥2 аналога train,без изменений
104543,Komple Bina,260000.0,,+,,2,Bursa/Osmangazi/Küplüpınar,TRY,,,,Комнаты не разобраны,оставить,260000.0,аналогов train меньше 2,без изменений
104575,Komple Bina,600000.0,,+,,4,Kocaeli/Gölcük/Şehitler,TRY,2.0,600000.0,1.0,Комнаты не разобраны,оставить,600000.0,есть ≥2 аналога train,без изменений
104597,Komple Bina,7500000.0,1338.0,+,,6,İstanbul/Ümraniye/Armağanevler,TRY,1.0,7500000.0,,Комнаты не разобраны,оставить,7500000.0,аналогов train меньше 2,без изменений
104609,Komple Bina,2300000.0,470.0,+,,5,Bursa/Yıldırım/Kurtoğlu,TRY,,,,Комнаты не разобраны,оставить,2300000.0,аналогов train меньше 2,без изменений
104623,Komple Bina,650000.0,,+,,4,Kocaeli/Gebze/Mimar Sinan,TRY,,,,Комнаты не разобраны,оставить,650000.0,аналогов train меньше 2,без изменений
104635,Komple Bina,1200000.0,,+,,3,Bursa/Osmangazi/Nalbantoğlu,TRY,4.0,1200000.0,1.0,Комнаты не разобраны,оставить,1200000.0,есть ≥2 аналога train,без изменений
104641,Komple Bina,10000000.0,,+,,4,İstanbul/Güngören/Tozkoparan,TRY,8.0,10000000.0,1.0,Комнаты не разобраны,оставить,10000000.0,есть ≥2 аналога train,без изменений
104699,Komple Bina,2000000.0,50.0,+,,3,Balıkesir/Bandırma/100. Yıl,TRY,4.0,1107500.0,1.8058690744920993,Комнаты не разобраны,оставить,2000000.0,есть ≥2 аналога train,без изменений
104711,Komple Bina,950000.0,85.0,+,,3,Balıkesir/Bandırma/17 Eylül,TRY,7.0,170000.0,5.588235294117647,Комнаты не разобраны,оставить,950000.0,есть ≥2 аналога train,без изменений
104721,Komple Bina,2850000.0,110.0,+,,5,İstanbul/Pendik/Bahçelievler,TRY,1.0,2850000.0,,Комнаты не разобраны,оставить,2850000.0,аналогов train меньше 2,без изменений
104747,Komple Bina,2750000.0,,+,,5,İstanbul/Bakırköy/Cevizlik,TRY,5.0,2750000.0,1.0,Комнаты не разобраны,оставить,2750000.0,есть ≥2 аналога train,без изменений
104759,Komple Bina,1100000.0,430.0,+,,4,İstanbul/Kartal/Gümüşpınar,TRY,,,,Комнаты не разобраны,оставить,1100000.0,аналогов train меньше 2,без изменений
104781,Komple Bina,930000.0,135.0,+,,3,Denizli/Pamukkale/İncilipınar,TRY,3.0,999000.0,0.9309309309309309,Комнаты не разобраны,оставить,930000.0,есть ≥2 аналога train,без изменений
104823,Komple Bina,875000.0,80.0,+,,2,İstanbul/Fatih/Ayvansaray,TRY,1.0,875000.0,,Комнаты не разобраны,оставить,875000.0,аналогов train меньше 2,без изменений
104827,Komple Bina,220000.0,173.0,+,,2,Sakarya/Adapazarı/Yahyalar,TRY,1.0,595000.0,,Комнаты не разобраны,оставить,220000.0,аналогов train меньше 2,без изменений
104961,Komple Bina,2500000.0,105.0,+,,4,Ordu/Altınordu/Şarkiye,TRY,4.0,815000.0,3.067484662576687,Комнаты не разобраны,оставить,2500000.0,есть ≥2 аналога train,без изменений
104965,Komple Bina,280000.0,,+,,2,Eskişehir/Tepebaşı/Şirintepe,TRY,3.0,280000.0,1.0,Комнаты не разобраны,оставить,280000.0,есть ≥2 аналога train,без изменений
104999,Komple Bina,387000.0,209.0,+,,4,Kayseri/Melikgazi/Osmanlı,TRY,1.0,387000.0,,Комнаты не разобраны,оставить,387000.0,аналогов train меньше 2,без изменений
105017,Komple Bina,1250000.0,300.0,+,,3,Trabzon/Ortahisar/Üniversite,TRY,1.0,2800000.0,,Комнаты не разобраны,оставить,1250000.0,аналогов train меньше 2,без изменений
105025,Komple Bina,2000000.0,400.0,+,,2,İstanbul/Beykoz/Anadolu Kavağı,TRY,3.0,2000000.0,1.0,Комнаты не разобраны,оставить,2000000.0,есть ≥2 аналога train,без изменений
105111,Komple Bina,960000.0,150.0,+,,4,Trabzon/Ortahisar/2 Nolu Bostancı,TRY,1.0,960000.0,,Комнаты не разобраны,оставить,960000.0,аналогов train меньше 2,без изменений
105129,Komple Bina,380000.0,300.0,+,,4,Ordu/Altınordu/Şarkiye,TRY,4.0,815000.0,0.4662576687116564,Комнаты не разобраны,оставить,380000.0,есть ≥2 аналога train,без изменений
105189,Komple Bina,7500000.0,1000.0,+,,5,İstanbul/Ataşehir/Kayışdağı,TRY,,,,Комнаты не разобраны,оставить,7500000.0,аналогов train меньше 2,без изменений
105201,Komple Bina,30000000.0,950.0,+,,8,İstanbul/Fatih/Mimar Kemalettin,TRY,1.0,30000000.0,,Комнаты не разобраны,оставить,30000000.0,аналогов train меньше 2,без изменений
105209,Komple Bina,900000.0,470.0,+,,5,İstanbul/Sultangazi/Cebeci,TRY,6.0,1450000.0,0.6206896551724138,Комнаты не разобраны,оставить,900000.0,есть ≥2 аналога train,без изменений
105219,Çiftlik Evi,60000000.0,850.0,6+2,,3,İstanbul/Pendik/Emirli,TRY,2.0,34375000.0,1.7454545454545454,Цена > 50 млн TRY,оставить,60000000.0,есть ≥2 аналога train,без изменений
105285,Komple Bina,2500000.0,,+,,3,Sakarya/Adapazarı/Cumhuriyet,TRY,,,,Комнаты не разобраны,оставить,2500000.0,аналогов train меньше 2,без изменений
105297,Komple Bina,850000.0,122.0,+,,5,İstanbul/Arnavutköy/İmrahor,TRY,,,,Комнаты не разобраны,оставить,850000.0,аналогов train меньше 2,без изменений
105335,Komple Bina,1100000.0,157.0,+,,2,Denizli/Merkezefendi/Sırakapılar,TRY,,,,Комнаты не разобраны,оставить,1100000.0,аналогов train меньше 2,без изменений
105349,Komple Bina,950000.0,510.0,+,,3,Adıyaman/Merkez/Cumhuriyet,TRY,2.0,2350000.0,0.40425531914893614,Комнаты не разобраны,оставить,950000.0,есть ≥2 аналога train,без изменений
105365,Komple Bina,2000000.0,65.0,+,,3,İstanbul/Beyoğlu/Şahkulu,TRY,1.0,2000000.0,,Комнаты не разобраны,оставить,2000000.0,аналогов train меньше 2,без изменений
105369,Komple Bina,330000.0,115.0,+,,5,Samsun/Canik/Gaziosmanpaşa,TRY,1.0,330000.0,,Комнаты не разобраны,оставить,330000.0,аналогов train меньше 2,без изменений
105379,Komple Bina,650000.0,,+,,2,Tekirdağ/Ergene/Velimeşe,TRY,4.0,650000.0,1.0,Комнаты не разобраны,оставить,650000.0,есть ≥2 аналога train,без изменений
105389,Komple Bina,550000.0,100.0,+,,5,İstanbul/Sultanbeyli/Akşemsettin,TRY,,,,Комнаты не разобраны,оставить,550000.0,аналогов train меньше 2,без изменений
105391,Komple Bina,800.0,65.0,1+1,,4,Balıkesir/Bandırma/600 Evler,TRY,4.0,145000.0,0.005517241379310344,"Цена < 5 000 TRY, Цена < 1% местной медианы",исключить,800.0,есть ≥2 аналога train,без изменений
105443,Komple Bina,3500000.0,,+,,4,Kayseri/Melikgazi/Kıranardı Cumhuriyet,TRY,3.0,3500000.0,1.0,Комнаты не разобраны,оставить,3500000.0,есть ≥2 аналога train,без изменений
105451,Komple Bina,1500000.0,,+,,3,Gaziantep/Şahinbey/Binevler,TRY,5.0,1500000.0,1.0,Комнаты не разобраны,оставить,1500000.0,есть ≥2 аналога train,без изменений
105513,Komple Bina,2000000.0,,+,,5,Isparta/Merkez/Pirimehmet,TRY,,,,Комнаты не разобраны,оставить,2000000.0,аналогов train меньше 2,без изменений
105559,Komple Bina,900000.0,,+,,5,İstanbul/Kartal/Yakacık Yeni,TRY,,,,Комнаты не разобраны,оставить,900000.0,аналогов train меньше 2,без изменений
105571,Komple Bina,2750000.0,120.0,+,,5,İstanbul/Fatih/Akşemsettin,TRY,4.0,2750000.0,1.0,Комнаты не разобраны,оставить,2750000.0,есть ≥2 аналога train,без изменений
105573,Komple Bina,330000.0,120.0,+,,3,Bursa/Yıldırım/Sıracevizler,TRY,1.0,450000.0,,Комнаты не разобраны,оставить,330000.0,аналогов train меньше 2,без изменений
105593,Komple Bina,1750000.0,95.0,+,,4,İzmir/Buca/Hürriyet,TRY,,,,Комнаты не разобраны,оставить,1750000.0,аналогов train меньше 2,без изменений
105603,Komple Bina,265000.0,124.0,+,,,Balıkesir/Karesi/Kayabey,TRY,2.0,265000.0,1.0,Комнаты не разобраны,оставить,265000.0,есть ≥2 аналога train,без изменений
105661,Daire,565000.0,,3+1,9,6,İstanbul/Beylikdüzü/Cumhuriyet,TRY,2089.0,180000.0,3.138888888888889,Этаж выше этажности,оставить,565000.0,есть ≥2 аналога train,этаж → пропуск
105663,Komple Bina,885000.0,120.0,+,,5,İstanbul/Sultanbeyli/Mehmet Akif,TRY,1.0,885000.0,,Комнаты не разобраны,оставить,885000.0,аналогов train меньше 2,без изменений
105677,Komple Bina,23750000.0,1700.0,+,,7,İstanbul/Kağıthane/Sultan Selim,TRY,3.0,12500000.0,1.9,Комнаты не разобраны,оставить,23750000.0,есть ≥2 аналога train,без изменений
105697,Komple Bina,1500000.0,,+,,4,Denizli/Merkezefendi/Karaman,TRY,,,,Комнаты не разобраны,оставить,1500000.0,аналогов train меньше 2,без изменений
105707,Komple Bina,345000.0,160.0,+,,2,Kocaeli/İzmit/Turgut,TRY,,,,Комнаты не разобраны,оставить,345000.0,аналогов train меньше 2,без изменений
105739,Komple Bina,700000.0,250.0,+,,2,Afyonkarahisar/Merkez/Osman Gazi,TRY,,,,Комнаты не разобраны,оставить,700000.0,аналогов train меньше 2,без изменений
105759,Komple Bina,3500000.0,300.0,+,,6,İstanbul/Kadıköy/Rasimpaşa,TRY,3.0,3500000.0,1.0,Комнаты не разобраны,оставить,3500000.0,есть ≥2 аналога train,без изменений
105805,Komple Bina,1350000.0,,+,,4,Denizli/Merkezefendi/Gültepe,TRY,7.0,3450000.0,0.391304347826087,Комнаты не разобраны,оставить,1350000.0,есть ≥2 аналога train,без изменений
105855,Komple Bina,4100000.0,55.0,+,,5,Bolu/Merkez/Borazanlar,TRY,,,,Комнаты не разобраны,оставить,4100000.0,аналогов train меньше 2,без изменений
105889,Komple Bina,790000.0,,+,,3,Eskişehir/Tepebaşı/Çamlıca,TRY,3.0,950000.0,0.8315789473684211,Комнаты не разобраны,оставить,790000.0,есть ≥2 аналога train,без изменений
105925,Komple Bina,650000.0,398.0,+,,4,Burdur/Merkez/Aydınlıkevler,TRY,4.0,315000.0,2.0634920634920637,Комнаты не разобраны,оставить,650000.0,есть ≥2 аналога train,без изменений
105933,Komple Bina,6750000.0,1500.0,+,,3,Antalya/Konyaaltı/Molla Yusuf,TRY,,,,Комнаты не разобраны,оставить,6750000.0,аналогов train меньше 2,без изменений
105975,Komple Bina,850000.0,,+,,4,Malatya/Battalgazi/Tandoğan,TRY,1.0,850000.0,,Комнаты не разобраны,оставить,850000.0,аналогов train меньше 2,без изменений
105999,Komple Bina,25000000.0,7500.0,+,,6,Sakarya/Hendek/Yeni,TRY,2.0,12580000.0,1.987281399046105,Комнаты не разобраны,оставить,25000000.0,есть ≥2 аналога train,без изменений
106009,Komple Bina,750000.0,,+,,4,Zonguldak/Ereğli/Süleymanlar,TRY,3.0,175000.0,4.285714285714286,Комнаты не разобраны,оставить,750000.0,есть ≥2 аналога train,без изменений
106045,Komple Bina,535000.0,,+,,3,Afyonkarahisar/Merkez/Ertuğrul Gazi,TRY,10.0,360000.0,1.4861111111111112,Комнаты не разобраны,оставить,535000.0,есть ≥2 аналога train,без изменений
106051,Komple Bina,11150000.0,570.0,+,,3,İstanbul/Bağcılar/Çınar,TRY,1.0,11150000.0,,Комнаты не разобраны,оставить,11150000.0,аналогов train меньше 2,без изменений
106071,Komple Bina,440000.0,,+,,4,Bursa/İnegöl/Sinanbey,TRY,,,,Комнаты не разобраны,оставить,440000.0,аналогов train меньше 2,без изменений
106133,Komple Bina,1800000.0,114.0,+,,2,İstanbul/Beykoz/Anadolu Kavağı,TRY,3.0,2000000.0,0.9,Комнаты не разобраны,оставить,1800000.0,есть ≥2 аналога train,без изменений
106195,Komple Bina,13000000.0,750.0,+,,2,Gaziantep/Şehitkamil/Güvenevler,TRY,1.0,13000000.0,,Комнаты не разобраны,оставить,13000000.0,аналогов train меньше 2,без изменений
106205,Komple Bina,2650000.0,100.0,+,,4,Balıkesir/Karesi/Mirzabey,TRY,2.0,2650000.0,1.0,Комнаты не разобраны,оставить,2650000.0,есть ≥2 аналога train,без изменений
106208,Villa,850000.0,5.0,4+1,Bahçe katı,2,Gaziantep/Şehitkamil/Yığınlı,TRY,4.0,664000.0,1.2801204819277108,Неправдоподобная площадь,оставить,850000.0,есть ≥2 аналога train,площадь → пропуск
106211,Komple Bina,900000.0,,+,,3,İzmir/Torbalı/Atatürk,TRY,1.0,350000.0,,Комнаты не разобраны,оставить,900000.0,аналогов train меньше 2,без изменений
106255,Komple Bina,1500000.0,650.0,+,,4,Trabzon/Ortahisar/Fatih,TRY,4.0,737500.0,2.0338983050847457,Комнаты не разобраны,оставить,1500000.0,есть ≥2 аналога train,без изменений
106275,Komple Bina,7500000.0,,+,,7,Trabzon/Ortahisar/Gülbaharhatun,TRY,,,,Комнаты не разобраны,оставить,7500000.0,аналогов train меньше 2,без изменений
106307,Komple Bina,5500000.0,270.0,+,,6,İstanbul/Beyoğlu/Gümüşsuyu,TRY,1.0,5500000.0,,Комнаты не разобраны,оставить,5500000.0,аналогов train меньше 2,без изменений
106327,Komple Bina,550000.0,700.0,+,,4,Kocaeli/Gölcük/Şehitler,TRY,2.0,600000.0,0.9166666666666666,Комнаты не разобраны,оставить,550000.0,есть ≥2 аналога train,без изменений
106349,Komple Bina,850000.0,199.0,+,,5,Samsun/İlkadım/Kılıçdede,TRY,1.0,850000.0,,Комнаты не разобраны,оставить,850000.0,аналогов train меньше 2,без изменений
106355,Komple Bina,2200000.0,90.0,+,,6,İstanbul/Pendik/Esenler,TRY,,,,Комнаты не разобраны,оставить,2200000.0,аналогов train меньше 2,без изменений
106361,Komple Bina,1200000.0,59.0,+,,4,İstanbul/Kağıthane/Gültepe,TRY,5.0,950000.0,1.263157894736842,Комнаты не разобраны,оставить,1200000.0,есть ≥2 аналога train,без изменений
106377,Prefabrik Ev,180000.0,,+,,2,Ankara/Çankaya/Kızılay,TRY,2.0,142500.0,1.263157894736842,Комнаты не разобраны,оставить,180000.0,есть ≥2 аналога train,без изменений
106415,Komple Bina,750000.0,,+,,4,Kocaeli/Darıca/Abdi İpekçi,TRY,4.0,750000.0,1.0,Комнаты не разобраны,оставить,750000.0,есть ≥2 аналога train,без изменений
106439,Komple Bina,325000.0,99.0,+,,2,Bursa/Osmangazi/Adalet,TRY,11.0,325000.0,1.0,Комнаты не разобраны,оставить,325000.0,есть ≥2 аналога train,без изменений
106443,Komple Bina,950000.0,,+,,5,İstanbul/Sultangazi/Esentepe,TRY,2.0,707500.0,1.342756183745583,Комнаты не разобраны,оставить,950000.0,есть ≥2 аналога train,без изменений
106485,Komple Bina,1200000.0,,+,,4,İstanbul/Sancaktepe/İnönü,TRY,1.0,1200000.0,,Комнаты не разобраны,оставить,1200000.0,аналогов train меньше 2,без изменений
106487,Komple Bina,2500000.0,150.0,+,,3,İstanbul/Sarıyer/Reşitpaşa,TRY,1.0,2500000.0,,Комнаты не разобраны,оставить,2500000.0,аналогов train меньше 2,без изменений
106489,Komple Bina,2750000.0,675.0,+,,5,İstanbul/Kartal/Karlıktepe,TRY,5.0,2750000.0,1.0,Комнаты не разобраны,оставить,2750000.0,есть ≥2 аналога train,без изменений
106517,Komple Bina,650000.0,,+,,4,Kocaeli/Gebze/Mimar Sinan,TRY,,,,Комнаты не разобраны,оставить,650000.0,аналогов train меньше 2,без изменений
106531,Komple Bina,600000.0,,+,,3,Bursa/Gürsu/Kurtuluş,TRY,1.0,600000.0,,Комнаты не разобраны,оставить,600000.0,аналогов train меньше 2,без изменений
106545,Komple Bina,1000000.0,500.0,+,,5,Trabzon/Ortahisar/Konaklar,TRY,5.0,1250000.0,0.8,Комнаты не разобраны,оставить,1000000.0,есть ≥2 аналога train,без изменений
106603,Komple Bina,600000.0,,+,,4,Kocaeli/Gölcük/Şehitler,TRY,2.0,600000.0,1.0,Комнаты не разобраны,оставить,600000.0,есть ≥2 аналога train,без изменений
106645,Komple Bina,450000.0,280.0,+,,3,Erzurum/Palandöken/Müftü Solakzade,TRY,1.0,450000.0,,Комнаты не разобраны,оставить,450000.0,аналогов train меньше 2,без изменений
106661,Daire,130000.0,,+,,,İstanbul/Esenyurt/İnönü,TRY,322.0,170000.0,0.7647058823529411,Комнаты не разобраны,оставить,130000.0,есть ≥2 аналога train,без изменений
106737,Komple Bina,4800000.0,115.0,+,,6,İstanbul/Beylikdüzü/Yakuplu,TRY,3.0,4800000.0,1.0,Комнаты не разобраны,оставить,4800000.0,есть ≥2 аналога train,без изменений
106745,Komple Bina,800000.0,650.0,+,,4,Konya/Selçuklu/İhsaniye,TRY,1.0,800000.0,,Комнаты не разобраны,оставить,800000.0,аналогов train меньше 2,без изменений
106773,Komple Bina,950000.0,,+,,6,İstanbul/Gaziosmanpaşa/Karayolları,TRY,1.0,1000000.0,,Комнаты не разобраны,оставить,950000.0,аналогов train меньше 2,без изменений
106807,Komple Bina,5300000.0,,+,,6,Trabzon/Ortahisar/Pelitli,TRY,5.0,5250000.0,1.0095238095238095,Комнаты не разобраны,оставить,5300000.0,есть ≥2 аналога train,без изменений
106815,Komple Bina,590000.0,,+,,4,Samsun/İlkadım/İlyasköy,TRY,,,,Комнаты не разобраны,оставить,590000.0,аналогов train меньше 2,без изменений
106885,Komple Bina,1200000.0,500.0,+,,5,İstanbul/Kağıthane/Çeliktepe,TRY,1.0,1200000.0,,Комнаты не разобраны,оставить,1200000.0,аналогов train меньше 2,без изменений
106903,Komple Bina,450000.0,,+,,4,Bursa/Osmangazi/İstiklal,TRY,7.0,285000.0,1.5789473684210527,Комнаты не разобраны,оставить,450000.0,есть ≥2 аналога train,без изменений
106939,Komple Bina,2800000.0,,+,,5,İstanbul/Büyükçekmece/Kamiloba,TRY,6.0,2800000.0,1.0,Комнаты не разобраны,оставить,2800000.0,есть ≥2 аналога train,без изменений
106957,Komple Bina,2350000.0,130.0,+,,6,İstanbul/Beyoğlu/Yahya Kahya,TRY,2.0,1465000.0,1.6040955631399318,Комнаты не разобраны,оставить,2350000.0,есть ≥2 аналога train,без изменений
106975,Komple Bina,2600000.0,90.0,+,,4,İstanbul/Fatih/Atikali,TRY,3.0,2600000.0,1.0,Комнаты не разобраны,оставить,2600000.0,есть ≥2 аналога train,без изменений
106991,Komple Bina,75000000.0,,+,,4,İstanbul/Sarıyer/Rumeli Hisarı,TRY,1.0,13000000.0,,"Цена > 50 млн TRY, Комнаты не разобраны",оставить,75000000.0,аналогов train меньше 2,без изменений
107009,Komple Bina,760000.0,110.0,+,,4,İstanbul/Esenyurt/Selahaddin Eyyubi,TRY,1.0,760000.0,,Комнаты не разобраны,оставить,760000.0,аналогов train меньше 2,без изменений
107059,Komple Bina,1350000.0,,+,,4,Yalova/Çınarcık/Koru Bld. (Cumhuriyet),TRY,1.0,2750000.0,,Комнаты не разобраны,оставить,1350000.0,аналогов train меньше 2,без изменений
107081,Komple Bina,650000.0,,+,,2,Tekirdağ/Ergene/Velimeşe,TRY,4.0,650000.0,1.0,Комнаты не разобраны,оставить,650000.0,есть ≥2 аналога train,без изменений
107127,Komple Bina,950000.0,,+,,6,İstanbul/Gaziosmanpaşa/Karayolları,TRY,1.0,1000000.0,,Комнаты не разобраны,оставить,950000.0,аналогов train меньше 2,без изменений
107129,Komple Bina,410000.0,,+,,2,İstanbul/Sultanbeyli/Yavuz Selim,TRY,3.0,410000.0,1.0,Комнаты не разобраны,оставить,410000.0,есть ≥2 аналога train,без изменений
107141,Komple Bina,4500000.0,350.0,+,,4,İstanbul/Kadıköy/Rasimpaşa,TRY,3.0,3500000.0,1.2857142857142858,Комнаты не разобраны,оставить,4500000.0,есть ≥2 аналога train,без изменений
107159,Komple Bina,260000.0,,+,,2,Bursa/Osmangazi/Küplüpınar,TRY,,,,Комнаты не разобраны,оставить,260000.0,аналогов train меньше 2,без изменений
107171,Komple Bina,12750000.0,,+,,6,İstanbul/Kadıköy/Sahrayı Cedit,TRY,3.0,13500000.0,0.9444444444444444,Комнаты не разобраны,оставить,12750000.0,есть ≥2 аналога train,без изменений
107175,Komple Bina,1550000.0,,+,,6,İstanbul/Esenyurt/Turgut Özal,TRY,11.0,1550000.0,1.0,Комнаты не разобраны,оставить,1550000.0,есть ≥2 аналога train,без изменений
107219,Köşk / Konak / Yalı,53000000.0,,6+2,,4,İstanbul/Beykoz/Paşabahçe,TRY,,,,Цена > 50 млн TRY,оставить,53000000.0,аналогов train меньше 2,без изменений
107279,Komple Bina,2500000.0,130.0,+,,4,İstanbul/Beykoz/Yavuz Selim,TRY,2.0,2500000.0,1.0,Комнаты не разобраны,оставить,2500000.0,есть ≥2 аналога train,без изменений
107341,Komple Bina,700000.0,320.0,+,,3,Bursa/Nilüfer/Kültür,TRY,,,,Комнаты не разобраны,оставить,700000.0,аналогов train меньше 2,без изменений
107379,Komple Bina,1200000.0,,+,,5,İstanbul/Ümraniye/Esenkent,TRY,3.0,1200000.0,1.0,Комнаты не разобраны,оставить,1200000.0,есть ≥2 аналога train,без изменений
107385,Komple Bina,450000.0,,+,,3,Bursa/Yıldırım/Sıracevizler,TRY,1.0,450000.0,,Комнаты не разобраны,оставить,450000.0,аналогов train меньше 2,без изменений
107401,Komple Bina,1200000.0,,+,,2,Balıkesir/Karesi/1. Sakarya,TRY,1.0,1200000.0,,Комнаты не разобраны,оставить,1200000.0,аналогов train меньше 2,без изменений
107431,Komple Bina,950000.0,,+,,5,İstanbul/Sultangazi/Esentepe,TRY,2.0,707500.0,1.342756183745583,Комнаты не разобраны,оставить,950000.0,есть ≥2 аналога train,без изменений
107435,Komple Bina,1800000.0,,+,,6,İstanbul/Şişli/Bozkurt,TRY,10.0,1600000.0,1.125,Комнаты не разобраны,оставить,1800000.0,есть ≥2 аналога train,без изменений
107437,Komple Bina,2450000.0,,+,,4,İzmir/Gaziemir/Menderes,TRY,1.0,2450000.0,,Комнаты не разобраны,оставить,2450000.0,аналогов train меньше 2,без изменений
107459,Komple Bina,520000.0,,+,,3,Kocaeli/Derince/Mersincik,TRY,2.0,585000.0,0.8888888888888888,Комнаты не разобраны,оставить,520000.0,есть ≥2 аналога train,без изменений
107469,Komple Bina,720000.0,120.0,+,,3,İstanbul/Beykoz/İncirköy,TRY,2.0,720000.0,1.0,Комнаты не разобраны,оставить,720000.0,есть ≥2 аналога train,без изменений
107483,Komple Bina,4495000.0,,+,,4,Sakarya/Adapazarı/Yenigün,TRY,7.0,525000.0,8.561904761904762,Комнаты не разобраны,оставить,4495000.0,есть ≥2 аналога train,без изменений
107527,Komple Bina,10000000.0,1400.0,+,,4,İstanbul/Güngören/Tozkoparan,TRY,8.0,10000000.0,1.0,Комнаты не разобраны,оставить,10000000.0,есть ≥2 аналога train,без изменений
107561,Komple Bina,1550000.0,330.0,+,,4,İstanbul/Eyüpsultan/Çırçır,TRY,,,,Комнаты не разобраны,оставить,1550000.0,аналогов train меньше 2,без изменений
107571,Komple Bina,575000.0,120.0,+,,3,Isparta/Merkez/Yedişehitler,TRY,1.0,575000.0,,Комнаты не разобраны,оставить,575000.0,аналогов train меньше 2,без изменений
107595,Komple Bina,550000.0,340.0,+,,4,Denizli/Merkezefendi/Göveçlik,TRY,1.0,550000.0,,Комнаты не разобраны,оставить,550000.0,аналогов train меньше 2,без изменений
107603,Komple Bina,520000.0,300.0,+,,4,Tekirdağ/Çorlu/Zafer,TRY,4.0,520000.0,1.0,Комнаты не разобраны,оставить,520000.0,есть ≥2 аналога train,без изменений
107637,Komple Bina,800000.0,244.0,+,,2,Mersin/Yenişehir/Akkent,TRY,1.0,800000.0,,Комнаты не разобраны,оставить,800000.0,аналогов train меньше 2,без изменений
107641,Komple Bina,1200000.0,380.0,+,,4,İstanbul/Esenler/Tuna,TRY,,,,Комнаты не разобраны,оставить,1200000.0,аналогов train меньше 2,без изменений
107653,Daire,225000.0,,2+1,9,3,Adana/Seyhan/Reşatbey,TRY,30.0,347000.0,0.6484149855907781,Этаж выше этажности,оставить,225000.0,есть ≥2 аналога train,этаж → пропуск
107675,Komple Bina,1250000.0,120.0,+,,5,İstanbul/Bağcılar/15 Temmuz,TRY,1.0,1250000.0,,Комнаты не разобраны,оставить,1250000.0,аналогов train меньше 2,без изменений
107713,Komple Bina,1550000.0,,+,,5,İstanbul/Beylikdüzü/Yakuplu,TRY,3.0,4800000.0,0.3229166666666667,Комнаты не разобраны,оставить,1550000.0,есть ≥2 аналога train,без изменений
107721,Komple Bina,830000.0,110.0,+,,4,İstanbul/Bağcılar/Demirkapı,TRY,3.0,830000.0,1.0,Комнаты не разобраны,оставить,830000.0,есть ≥2 аналога train,без изменений
107723,Komple Bina,940000.0,,+,,2,Ordu/Altınordu/Cumhuriyet,TRY,,,,Комнаты не разобраны,оставить,940000.0,аналогов train меньше 2,без изменений
107741,Komple Bina,1850000.0,,+,,4,İstanbul/Tuzla/Postane,TRY,2.0,1850000.0,1.0,Комнаты не разобраны,оставить,1850000.0,есть ≥2 аналога train,без изменений
107745,Komple Bina,1450000.0,172.0,+,,4,İstanbul/Bağcılar/Demirkapı,TRY,3.0,830000.0,1.7469879518072289,Комнаты не разобраны,оставить,1450000.0,есть ≥2 аналога train,без изменений
107775,Komple Bina,955000.0,350.0,+,,3,Sakarya/Adapazarı/Tuzla,TRY,1.0,669000.0,,Комнаты не разобраны,оставить,955000.0,аналогов train меньше 2,без изменений
107791,Komple Bina,3500000.0,,+,,5,İstanbul/Sancaktepe/Abdurrahmangazi,TRY,3.0,3500000.0,1.0,Комнаты не разобраны,оставить,3500000.0,есть ≥2 аналога train,без изменений
107795,Komple Bina,175000.0,,+,,3,Trabzon/Ortahisar/Fatih,TRY,4.0,737500.0,0.23728813559322035,Комнаты не разобраны,оставить,175000.0,есть ≥2 аналога train,без изменений
107831,Komple Bina,2580000.0,220.0,+,,5,İstanbul/Beykoz/Çubuklu,TRY,5.0,2500000.0,1.032,Комнаты не разобраны,оставить,2580000.0,есть ≥2 аналога train,без изменений
107861,Komple Bina,650000.0,,+,,5,Tekirdağ/Çorlu/Cemaliye,TRY,1.0,650000.0,,Комнаты не разобраны,оставить,650000.0,аналогов train меньше 2,без изменений
107873,Komple Bina,1250000.0,235.0,+,,5,İstanbul/Sultangazi/Sultançiftliği,TRY,1.0,1250000.0,,Комнаты не разобраны,оставить,1250000.0,аналогов train меньше 2,без изменений
107911,Komple Bina,2750000.0,,+,,5,İstanbul/Bakırköy/Cevizlik,TRY,5.0,2750000.0,1.0,Комнаты не разобраны,оставить,2750000.0,есть ≥2 аналога train,без изменений
107915,Komple Bina,850000.0,525.0,+,,3,Sakarya/Adapazarı/Tuzla,TRY,1.0,669000.0,,Комнаты не разобраны,оставить,850000.0,аналогов train меньше 2,без изменений
107921,Komple Bina,2500000.0,,+,,3,Sakarya/Adapazarı/Cumhuriyet,TRY,,,,Комнаты не разобраны,оставить,2500000.0,аналогов train меньше 2,без изменений
107951,Komple Bina,1800000.0,,+,,4,İstanbul/Ümraniye/Altınşehir,TRY,1.0,1800000.0,,Комнаты не разобраны,оставить,1800000.0,аналогов train меньше 2,без изменений
107973,Komple Bina,4495000.0,,+,,4,Sakarya/Adapazarı/Yenigün,TRY,7.0,525000.0,8.561904761904762,Комнаты не разобраны,оставить,4495000.0,есть ≥2 аналога train,без изменений
107997,Komple Bina,1750000.0,730.0,+,,4,İstanbul/Esenyurt/İncirtepe,TRY,3.0,1750000.0,1.0,Комнаты не разобраны,оставить,1750000.0,есть ≥2 аналога train,без изменений
108001,Komple Bina,325000.0,110.0,+,,2,Sakarya/Adapazarı/Papuççular,TRY,,,,Комнаты не разобраны,оставить,325000.0,аналогов train меньше 2,без изменений
108005,Komple Bina,1500000.0,,+,,4,Düzce/Merkez/Cedidiye,TRY,1.0,1500000.0,,Комнаты не разобраны,оставить,1500000.0,аналогов train меньше 2,без изменений
108033,Komple Bina,490000.0,400.0,+,,3,Adıyaman/Merkez/Sümerevler,TRY,,,,Комнаты не разобраны,оставить,490000.0,аналогов train меньше 2,без изменений
108037,Komple Bina,2000000.0,400.0,+,,2,İstanbul/Beykoz/Anadolu Kavağı,TRY,3.0,2000000.0,1.0,Комнаты не разобраны,оставить,2000000.0,есть ≥2 аналога train,без изменений
108047,Komple Bina,2650000.0,200.0,+,,4,Balıkesir/Karesi/Mirzabey,TRY,2.0,2650000.0,1.0,Комнаты не разобраны,оставить,2650000.0,есть ≥2 аналога train,без изменений
108059,Komple Bina,275000.0,110.0,+,,4,Kocaeli/Derince/Çınarlı,TRY,5.0,425000.0,0.6470588235294118,Комнаты не разобраны,оставить,275000.0,есть ≥2 аналога train,без изменений
108081,Komple Bina,7500000.0,,+,,4,İstanbul/Üsküdar/Burhaniye,TRY,2.0,9000000.0,0.8333333333333334,Комнаты не разобраны,оставить,7500000.0,есть ≥2 аналога train,без изменений
108091,Komple Bina,940000.0,,+,,2,Ordu/Altınordu/Cumhuriyet,TRY,,,,Комнаты не разобраны,оставить,940000.0,аналогов train меньше 2,без изменений
108121,Komple Bina,550000.0,,+,,3,İstanbul/Zeytinburnu/Çırpıcı,TRY,3.0,550000.0,1.0,Комнаты не разобраны,оставить,550000.0,есть ≥2 аналога train,без изменений
108129,Komple Bina,1600000.0,,+,,6,İstanbul/Şişli/Bozkurt,TRY,10.0,1600000.0,1.0,Комнаты не разобраны,оставить,1600000.0,есть ≥2 аналога train,без изменений
108181,Komple Bina,13000000.0,300.0,+,,4,İstanbul/Bakırköy/Yeşilköy,TRY,3.0,13000000.0,1.0,Комнаты не разобраны,оставить,13000000.0,есть ≥2 аналога train,без изменений
108251,Komple Bina,1200000.0,900.0,+,,4,Bursa/Yıldırım/Erikli,TRY,1.0,1200000.0,,Комнаты не разобраны,оставить,1200000.0,аналогов train меньше 2,без изменений
108255,Komple Bina,2750000.0,675.0,+,,5,İstanbul/Kartal/Karlıktepe,TRY,5.0,2750000.0,1.0,Комнаты не разобраны,оставить,2750000.0,есть ≥2 аналога train,без изменений
108261,Komple Bina,4950000.0,564.0,+,,5,İstanbul/Fatih/Atikali,TRY,3.0,2600000.0,1.9038461538461537,Комнаты не разобраны,оставить,4950000.0,есть ≥2 аналога train,без изменений
108283,Komple Bina,1050000.0,,+,,5,İstanbul/Gaziosmanpaşa/Sarıgöl,TRY,,,,Комнаты не разобраны,оставить,1050000.0,аналогов train меньше 2,без изменений
108313,Komple Bina,1550000.0,,+,,6,İstanbul/Esenyurt/Turgut Özal,TRY,11.0,1550000.0,1.0,Комнаты не разобраны,оставить,1550000.0,есть ≥2 аналога train,без изменений
108337,Komple Bina,260000.0,,+,,2,Bursa/Osmangazi/Küplüpınar,TRY,,,,Комнаты не разобраны,оставить,260000.0,аналогов train меньше 2,без изменений
108349,Komple Bina,1475000.0,,+,,4,Gaziantep/Şahinbey/Yeşilevler,TRY,,,,Комнаты не разобраны,оставить,1475000.0,аналогов train меньше 2,без изменений
108371,Komple Bina,3750000.0,300.0,+,,5,İstanbul/Beşiktaş/Türkali,TRY,2.0,2300000.0,1.6304347826086956,Комнаты не разобраны,оставить,3750000.0,есть ≥2 аналога train,без изменений
108385,Komple Bina,955000.0,350.0,+,,3,Sakarya/Adapazarı/Tuzla,TRY,1.0,669000.0,,Комнаты не разобраны,оставить,955000.0,аналогов train меньше 2,без изменений
108393,Daire,135000.0,82.0,1+1,9,3,İstanbul/Esenyurt/Yeşilkent,TRY,269.0,198000.0,0.6818181818181818,Этаж выше этажности,оставить,135000.0,есть ≥2 аналога train,этаж → пропуск
108437,Komple Bina,195000.0,95.0,+,,1,Çanakkale/Biga/Şirintepe,TRY,6.0,220000.0,0.8863636363636364,Комнаты не разобраны,оставить,195000.0,есть ≥2 аналога train,без изменений
108467,Komple Bina,1000000.0,,+,,4,İstanbul/Bağcılar/Kirazlı,TRY,3.0,1000000.0,1.0,Комнаты не разобраны,оставить,1000000.0,есть ≥2 аналога train,без изменений
108487,Komple Bina,1900000.0,440.0,+,,2,Yalova/Merkez/Samanlı Köyü,TRY,1.0,1900000.0,,Комнаты не разобраны,оставить,1900000.0,аналогов train меньше 2,без изменений
108489,Komple Bina,950000.0,,+,,6,İstanbul/Gaziosmanpaşa/Karayolları,TRY,1.0,1000000.0,,Комнаты не разобраны,оставить,950000.0,аналогов train меньше 2,без изменений
108533,Komple Bina,2450000.0,650.0,+,,5,İstanbul/Bayrampaşa/Kocatepe,TRY,,,,Комнаты не разобраны,оставить,2450000.0,аналогов train меньше 2,без изменений
108567,Komple Bina,2800000.0,,+,,3,Samsun/Atakum/Mimarsinan,TRY,9.0,2800000.0,1.0,Комнаты не разобраны,оставить,2800000.0,есть ≥2 аналога train,без изменений
108571,Komple Bina,2250000.0,700.0,+,,5,Bursa/Osmangazi/Emek Adnan Menderes,TRY,1.0,2250000.0,,Комнаты не разобраны,оставить,2250000.0,аналогов train меньше 2,без изменений
108579,Komple Bina,4650000.0,,+,,4,Malatya/Yeşilyurt/Özalper,TRY,1.0,4650000.0,,Комнаты не разобраны,оставить,4650000.0,аналогов train меньше 2,без изменений
108595,Komple Bina,13000000.0,300.0,+,,4,İstanbul/Bakırköy/Yeşilköy,TRY,3.0,13000000.0,1.0,Комнаты не разобраны,оставить,13000000.0,есть ≥2 аналога train,без изменений
108603,Komple Bina,1550000.0,,+,,4,İstanbul/Kadıköy/Suadiye,TRY,3.0,1550000.0,1.0,Комнаты не разобраны,оставить,1550000.0,есть ≥2 аналога train,без изменений
108607,Komple Bina,2000000.0,340.0,+,,3,Balıkesir/Bandırma/100. Yıl,TRY,4.0,1107500.0,1.8058690744920993,Комнаты не разобраны,оставить,2000000.0,есть ≥2 аналога train,без изменений
108611,Komple Bina,12000000.0,500.0,+,,4,İstanbul/Bakırköy/Cevizlik,TRY,5.0,2750000.0,4.363636363636363,Комнаты не разобраны,оставить,12000000.0,есть ≥2 аналога train,без изменений
108655,Daire,115000.0,52.0,1+1,9,5,Aydın/Nazilli/Cumhuriyet,TRY,24.0,153000.0,0.7516339869281046,Этаж выше этажности,оставить,115000.0,есть ≥2 аналога train,этаж → пропуск
108667,Komple Bina,1850000.0,199.0,+,,4,İstanbul/Tuzla/Postane,TRY,2.0,1850000.0,1.0,Комнаты не разобраны,оставить,1850000.0,есть ≥2 аналога train,без изменений
108681,Komple Bina,3750000.0,300.0,+,,5,İstanbul/Beşiktaş/Türkali,TRY,2.0,2300000.0,1.6304347826086956,Комнаты не разобраны,оставить,3750000.0,есть ≥2 аналога train,без изменений
108689,Komple Bina,1740000.0,45.0,+,,2,Denizli/Pamukkale/Siteler,TRY,1.0,1740000.0,,Комнаты не разобраны,оставить,1740000.0,аналогов train меньше 2,без изменений
108709,Komple Bina,700000.0,98.0,+,,2,İzmir/Buca/Yenigün,TRY,2.0,700000.0,1.0,Комнаты не разобраны,оставить,700000.0,есть ≥2 аналога train,без изменений
108761,Komple Bina,500000.0,100.0,+,,4,Tekirdağ/Çorlu/Şeyh Sinan,TRY,2.0,1100000.0,0.45454545454545453,Комнаты не разобраны,оставить,500000.0,есть ≥2 аналога train,без изменений
108769,Komple Bina,880000.0,425.0,+,,4,İstanbul/Şile/İmrenli,TRY,1.0,880000.0,,Комнаты не разобраны,оставить,880000.0,аналогов train меньше 2,без изменений
108791,Komple Bina,5000000.0,900.0,+,,3,Sakarya/Sapanca/Kırkpınar Hasanpaşa,TRY,1.0,5000000.0,,Комнаты не разобраны,оставить,5000000.0,аналогов train меньше 2,без изменений
108797,Komple Bina,1200000.0,270.0,+,,4,Eskişehir/Odunpazarı/Emek,TRY,8.0,747500.0,1.605351170568562,Комнаты не разобраны,оставить,1200000.0,есть ≥2 аналога train,без изменений
108811,Daire,135000.0,82.0,1+1,9,6,İstanbul/Esenyurt/Mehterçeşme,TRY,229.0,180000.0,0.75,Этаж выше этажности,оставить,135000.0,есть ≥2 аналога train,этаж → пропуск
108823,Komple Bina,1100000.0,500.0,+,,5,İstanbul/Arnavutköy/Anadolu,TRY,6.0,2490000.0,0.44176706827309237,Комнаты не разобраны,оставить,1100000.0,есть ≥2 аналога train,без изменений
108917,Komple Bina,1350000.0,,+,,3,Mersin/Yenişehir/Dumlupınar,TRY,5.0,1350000.0,1.0,Комнаты не разобраны,оставить,1350000.0,есть ≥2 аналога train,без изменений
108959,Komple Bina,1220000.0,509.0,+,,4,Bursa/Nilüfer/Fethiye,TRY,2.0,1200000.0,1.0166666666666666,Комнаты не разобраны,оставить,1220000.0,есть ≥2 аналога train,без изменений
108989,Komple Bina,130000.0,,+,,2,Kocaeli/Körfez/Kuzey,TRY,3.0,130000.0,1.0,Комнаты не разобраны,оставить,130000.0,есть ≥2 аналога train,без изменений
109007,Komple Bina,250000.0,,+,,2,İzmir/Karabağlar/Maliyeciler,TRY,2.0,250000.0,1.0,Комнаты не разобраны,оставить,250000.0,есть ≥2 аналога train,без изменений
109023,Komple Bina,1250000.0,60.0,+,,4,İstanbul/Üsküdar/İcadiye,TRY,1.0,1250000.0,,Комнаты не разобраны,оставить,1250000.0,аналогов train меньше 2,без изменений
109065,Komple Bina,700000.0,,+,,3,Afyonkarahisar/Merkez/Orhangazi,TRY,1.0,700000.0,,Комнаты не разобраны,оставить,700000.0,аналогов train меньше 2,без изменений
109069,Komple Bina,580000.0,44.0,+,,4,İstanbul/Beyoğlu/Yahya Kahya,TRY,2.0,1465000.0,0.39590443686006827,Комнаты не разобраны,оставить,580000.0,есть ≥2 аналога train,без изменений
109073,Komple Bina,660000.0,115.0,+,,2,İzmir/Buca/Fırat,TRY,2.0,660000.0,1.0,Комнаты не разобраны,оставить,660000.0,есть ≥2 аналога train,без изменений
109075,Komple Bina,12000000.0,500.0,+,,4,İstanbul/Bakırköy/Cevizlik,TRY,5.0,2750000.0,4.363636363636363,Комнаты не разобраны,оставить,12000000.0,есть ≥2 аналога train,без изменений
109119,Komple Bina,1370000.0,,+,,5,İstanbul/Esenyurt/İstiklal,TRY,1.0,1370000.0,,Комнаты не разобраны,оставить,1370000.0,аналогов train меньше 2,без изменений
109143,Komple Bina,410000.0,,+,,2,İstanbul/Sultanbeyli/Yavuz Selim,TRY,3.0,410000.0,1.0,Комнаты не разобраны,оставить,410000.0,есть ≥2 аналога train,без изменений
109185,Komple Bina,4495000.0,,+,,4,Sakarya/Adapazarı/Yenigün,TRY,7.0,525000.0,8.561904761904762,Комнаты не разобраны,оставить,4495000.0,есть ≥2 аналога train,без изменений
109187,Komple Bina,325000.0,99.0,+,,2,Bursa/Osmangazi/Adalet,TRY,11.0,325000.0,1.0,Комнаты не разобраны,оставить,325000.0,есть ≥2 аналога train,без изменений
109195,Villa,9600000.0,,+,,4,İstanbul/Kartal/Orhantepe,TRY,9.0,12000000.0,0.8,Комнаты не разобраны,оставить,9600000.0,есть ≥2 аналога train,без изменений
109197,Komple Bina,725000.0,110.0,+,,4,Tekirdağ/Kapaklı/Bahçelievler,TRY,5.0,685000.0,1.0583941605839415,Комнаты не разобраны,оставить,725000.0,есть ≥2 аналога train,без изменений
109207,Komple Bina,1600000.0,,+,,3,Sakarya/Serdivan/Arabacıalanı,TRY,4.0,1160000.0,1.3793103448275863,Комнаты не разобраны,оставить,1600000.0,есть ≥2 аналога train,без изменений
109211,Komple Bina,2000000.0,,+,,5,Isparta/Merkez/Pirimehmet,TRY,,,,Комнаты не разобраны,оставить,2000000.0,аналогов train меньше 2,без изменений
109219,Komple Bina,650000.0,190.0,+,,5,Erzurum/Yakutiye/Lalapaşa,TRY,4.0,875000.0,0.7428571428571429,Комнаты не разобраны,оставить,650000.0,есть ≥2 аналога train,без изменений
109251,Komple Bina,3450000.0,850.0,+,,2,Denizli/Merkezefendi/Gültepe,TRY,7.0,3450000.0,1.0,Комнаты не разобраны,оставить,3450000.0,есть ≥2 аналога train,без изменений
109303,Komple Bina,1200000.0,,+,,3,Bursa/Osmangazi/Nalbantoğlu,TRY,4.0,1200000.0,1.0,Комнаты не разобраны,оставить,1200000.0,есть ≥2 аналога train,без изменений
109307,Komple Bina,750000.0,,+,,5,Kocaeli/Kartepe/Emekevler,TRY,2.0,750000.0,1.0,Комнаты не разобраны,оставить,750000.0,есть ≥2 аналога train,без изменений
109329,Komple Bina,470000.0,114.0,+,,5,Samsun/İlkadım/Adalet,TRY,1.0,470000.0,,Комнаты не разобраны,оставить,470000.0,аналогов train меньше 2,без изменений
109333,Komple Bina,1055000.0,50.0,+,,3,Kocaeli/İzmit/Tepecik,TRY,1.0,1055000.0,,Комнаты не разобраны,оставить,1055000.0,аналогов train меньше 2,без изменений
109361,Komple Bina,800.0,65.0,1+1,,4,Balıkesir/Bandırma/600 Evler,TRY,4.0,145000.0,0.005517241379310344,"Цена < 5 000 TRY, Цена < 1% местной медианы",исключить,800.0,есть ≥2 аналога train,без изменений
109449,Komple Bina,325000.0,99.0,+,,2,Bursa/Osmangazi/Adalet,TRY,11.0,325000.0,1.0,Комнаты не разобраны,оставить,325000.0,есть ≥2 аналога train,без изменений
109455,Komple Bina,900000.0,599.0,+,,4,Denizli/Pamukkale/Bağbaşı,TRY,3.0,900000.0,1.0,Комнаты не разобраны,оставить,900000.0,есть ≥2 аналога train,без изменений
109457,Komple Bina,2590000.0,550.0,+,,5,İstanbul/Ataşehir/İnönü,TRY,1.0,2590000.0,,Комнаты не разобраны,оставить,2590000.0,аналогов train меньше 2,без изменений
109531,Komple Bina,1550000.0,,+,,6,İstanbul/Esenyurt/Turgut Özal,TRY,11.0,1550000.0,1.0,Комнаты не разобраны,оставить,1550000.0,есть ≥2 аналога train,без изменений
109545,Komple Bina,660000.0,115.0,+,,2,İzmir/Buca/Fırat,TRY,2.0,660000.0,1.0,Комнаты не разобраны,оставить,660000.0,есть ≥2 аналога train,без изменений
109551,Rezidans,145000.0,72.0,1+1,9,6,İstanbul/Esenyurt/İncirtepe,TRY,1.0,145000.0,,Этаж выше этажности,оставить,145000.0,аналогов train меньше 2,этаж → пропуск
109557,Komple Bina,1550000.0,500.0,+,,4,Sakarya/Serdivan/İstiklal,TRY,1.0,1550000.0,,Комнаты не разобраны,оставить,1550000.0,аналогов train меньше 2,без изменений
109579,Komple Bina,430000.0,,+,,4,Balıkesir/Karesi/2. Sakarya,TRY,,,,Комнаты не разобраны,оставить,430000.0,аналогов train меньше 2,без изменений
109625,Komple Bina,450000.0,,+,,4,Erzurum/Yakutiye/Ömer Nasuhi Bilmen,TRY,1.0,450000.0,,Комнаты не разобраны,оставить,450000.0,аналогов train меньше 2,без изменений
109639,Komple Bina,2300000.0,1180.0,+,,4,İstanbul/Pendik/Kurtköy,TRY,2.0,272500.0,8.440366972477063,Комнаты не разобраны,оставить,2300000.0,есть ≥2 аналога train,без изменений
109685,Komple Bina,1200000.0,,+,,4,Rize/Merkez/Çarşı,TRY,1.0,1200000.0,,Комнаты не разобраны,оставить,1200000.0,аналогов train меньше 2,без изменений
109737,Komple Bina,1550000.0,,+,,6,İstanbul/Esenyurt/Turgut Özal,TRY,11.0,1550000.0,1.0,Комнаты не разобраны,оставить,1550000.0,есть ≥2 аналога train,без изменений
109739,Komple Bina,933000.0,400.0,+,,3,Kocaeli/İzmit/Akçakoca,TRY,4.0,933000.0,1.0,Комнаты не разобраны,оставить,933000.0,есть ≥2 аналога train,без изменений
109751,Komple Bina,6000000.0,170.0,+,,4,Mersin/Mezitli/Viranşehir,TRY,1.0,6000000.0,,Комнаты не разобраны,оставить,6000000.0,аналогов train меньше 2,без изменений
109763,Komple Bina,5000000.0,,+,,2,Sakarya/Sapanca/Kırkpınar Hasanpaşa,TRY,1.0,5000000.0,,Комнаты не разобраны,оставить,5000000.0,аналогов train меньше 2,без изменений
109767,Komple Bina,450000.0,100.0,+,,3,Çorum/Merkez/Kale,TRY,1.0,450000.0,,Комнаты не разобраны,оставить,450000.0,аналогов train меньше 2,без изменений
109781,Daire,135000.0,82.0,1+1,9,6,İstanbul/Esenyurt/Cumhuriyet,TRY,182.0,258000.0,0.5232558139534884,Этаж выше этажности,оставить,135000.0,есть ≥2 аналога train,этаж → пропуск
109789,Komple Bina,4200000.0,,+,,3,Sakarya/Pamukova/Yenice,TRY,1.0,4200000.0,,Комнаты не разобраны,оставить,4200000.0,аналогов train меньше 2,без изменений
109819,Komple Bina,1500000.0,450.0,+,,5,Trabzon/Ortahisar/Konaklar,TRY,5.0,1250000.0,1.2,Комнаты не разобраны,оставить,1500000.0,есть ≥2 аналога train,без изменений
109857,Komple Bina,1400000.0,90.0,+,,4,İstanbul/Esenler/Kemer,TRY,2.0,1400000.0,1.0,Комнаты не разобраны,оставить,1400000.0,есть ≥2 аналога train,без изменений
109881,Komple Bina,135000.0,,+,,2,Tekirdağ/Saray/Büyükyoncalı,TRY,2.0,135000.0,1.0,Комнаты не разобраны,оставить,135000.0,есть ≥2 аналога train,без изменений
109889,Komple Bina,2100000.0,450.0,+,,4,İstanbul/Fatih/Zeyrek,TRY,2.0,2100000.0,1.0,Комнаты не разобраны,оставить,2100000.0,есть ≥2 аналога train,без изменений
109895,Komple Bina,1550000.0,,+,,6,İstanbul/Esenyurt/Turgut Özal,TRY,11.0,1550000.0,1.0,Комнаты не разобраны,оставить,1550000.0,есть ≥2 аналога train,без изменений
109903,Komple Bina,720000.0,420.0,+,,5,İstanbul/Tuzla/Şifa,TRY,,,,Комнаты не разобраны,оставить,720000.0,аналогов train меньше 2,без изменений
109913,Komple Bina,3600000.0,223.0,+,,1,İstanbul/Ataşehir/Barbaros,TRY,1.0,3600000.0,,Комнаты не разобраны,оставить,3600000.0,аналогов train меньше 2,без изменений
109925,Komple Bina,700000.0,95.0,+,,2,İzmir/Buca/Yenigün,TRY,2.0,700000.0,1.0,Комнаты не разобраны,оставить,700000.0,есть ≥2 аналога train,без изменений
109929,Komple Bina,600000.0,65.0,+,,4,İstanbul/Fatih/Koca Mustafapaşa,TRY,3.0,600000.0,1.0,Комнаты не разобраны,оставить,600000.0,есть ≥2 аналога train,без изменений
109969,Komple Bina,10000000.0,460.0,+,,3,İstanbul/Üsküdar/Beylerbeyi,TRY,1.0,10000000.0,,Комнаты не разобраны,оставить,10000000.0,аналогов train меньше 2,без изменений
109987,Komple Bina,550000.0,,+,,2,Tekirdağ/Çorlu/Havuzlar,TRY,,,,Комнаты не разобраны,оставить,550000.0,аналогов train меньше 2,без изменений
110033,Komple Bina,1200000.0,,+,,4,Bursa/Yıldırım/Esenevler,TRY,1.0,1200000.0,,Комнаты не разобраны,оставить,1200000.0,аналогов train меньше 2,без изменений
110051,Komple Bina,715000.0,105.0,+,,5,İstanbul/Sultangazi/Esentepe,TRY,2.0,707500.0,1.010600706713781,Комнаты не разобраны,оставить,715000.0,есть ≥2 аналога train,без изменений
110061,Komple Bina,1500000.0,100.0,+,,6,İstanbul/Gaziosmanpaşa/Yıldıztabya,TRY,,,,Комнаты не разобраны,оставить,1500000.0,аналогов train меньше 2,без изменений
110079,Komple Bina,545000.0,300.0,+,,2,Tokat/Merkez/Alipaşa,TRY,3.0,545000.0,1.0,Комнаты не разобраны,оставить,545000.0,есть ≥2 аналога train,без изменений
110081,Komple Bina,1250000.0,100.0,+,,6,İstanbul/Bağcılar/Yenimahalle,TRY,1.0,1250000.0,,Комнаты не разобраны,оставить,1250000.0,аналогов train меньше 2,без изменений
110113,Komple Bina,12000000.0,,+,,5,İstanbul/Maltepe/Girne,TRY,1.0,12000000.0,,Комнаты не разобраны,оставить,12000000.0,аналогов train меньше 2,без изменений
110127,Komple Bina,720000.0,,+,,3,Sakarya/Serdivan/Arabacıalanı,TRY,4.0,1160000.0,0.6206896551724138,Комнаты не разобраны,оставить,720000.0,есть ≥2 аналога train,без изменений
110131,Komple Bina,7500000.0,,+,,5,Düzce/Merkez/Yörük Köyü,TRY,,,,Комнаты не разобраны,оставить,7500000.0,аналогов train меньше 2,без изменений
110139,Komple Bina,975000.0,,+,,2,İstanbul/Beykoz/Çubuklu,TRY,5.0,2500000.0,0.39,Комнаты не разобраны,оставить,975000.0,есть ≥2 аналога train,без изменений
110147,Komple Bina,1300000.0,45.0,+,,3,Edirne/Merkez/Meydan,TRY,,,,Комнаты не разобраны,оставить,1300000.0,аналогов train меньше 2,без изменений
110157,Komple Bina,750000.0,,+,,4,Erzurum/Yakutiye/Lalapaşa,TRY,4.0,875000.0,0.8571428571428571,Комнаты не разобраны,оставить,750000.0,есть ≥2 аналога train,без изменений
110161,Komple Bina,2250000.0,670.0,+,,3,Yalova/Merkez/Adnan Menderes,TRY,1.0,2250000.0,,Комнаты не разобраны,оставить,2250000.0,аналогов train меньше 2,без изменений
110242,Daire,130000.0,8.0,2+1,Bahçe katı,4,İstanbul/Beylikdüzü/Cumhuriyet,TRY,2089.0,180000.0,0.7222222222222222,Неправдоподобная площадь,оставить,130000.0,есть ≥2 аналога train,площадь → пропуск
110285,Komple Bina,900000.0,470.0,+,,5,İstanbul/Sultangazi/Cebeci,TRY,6.0,1450000.0,0.6206896551724138,Комнаты не разобраны,оставить,900000.0,есть ≥2 аналога train,без изменений
110311,Komple Bina,1400000.0,230.0,+,,6,İstanbul/Beyoğlu/Çukur,TRY,,,,Комнаты не разобраны,оставить,1400000.0,аналогов train меньше 2,без изменений
110319,Köşk / Konak / Yalı,55000000.0,,10+1,,5,İstanbul/Beşiktaş/Bebek,TRY,2.0,36500000.0,1.5068493150684932,Цена > 50 млн TRY,оставить,55000000.0,есть ≥2 аналога train,без изменений
110325,Komple Bina,1000000.0,,+,,5,Erzurum/Yakutiye/Lalapaşa,TRY,4.0,875000.0,1.1428571428571428,Комнаты не разобраны,оставить,1000000.0,есть ≥2 аналога train,без изменений
110331,Komple Bina,850000.0,,+,,4,İstanbul/Ümraniye/Atatürk,TRY,1.0,850000.0,,Комнаты не разобраны,оставить,850000.0,аналогов train меньше 2,без изменений
110341,Komple Bina,1950000.0,,+,,3,Isparta/Merkez/Pirimehmet,TRY,,,,Комнаты не разобраны,оставить,1950000.0,аналогов train меньше 2,без изменений
110349,Komple Bina,450000.0,,+,,3,Adıyaman/Kahta/Hürriyet,TRY,2.0,450000.0,1.0,Комнаты не разобраны,оставить,450000.0,есть ≥2 аналога train,без изменений
110371,Komple Bina,2000000.0,,+,,5,Bursa/Yıldırım/Arabayatağı,TRY,1.0,2000000.0,,Комнаты не разобраны,оставить,2000000.0,аналогов train меньше 2,без изменений
110401,Komple Bina,499000.0,180.0,+,,2,İstanbul/Sancaktepe/Kemal Türkler,TRY,,,,Комнаты не разобраны,оставить,499000.0,аналогов train меньше 2,без изменений
110405,Komple Bina,6000000.0,175.0,+,,4,Mersin/Mezitli/Viranşehir,TRY,1.0,6000000.0,,Комнаты не разобраны,оставить,6000000.0,аналогов train меньше 2,без изменений
110412,Daire,200.0,100.0,2+1,Bahçe katı,5,İstanbul/Sultangazi/Cebeci,TRY,335.0,250000.0,0.0008,"Цена < 5 000 TRY, Цена < 1% местной медианы",исключить,200.0,есть ≥2 аналога train,без изменений
110421,Komple Bina,34450000.0,1100.0,+,,4,İstanbul/Şişli/Esentepe,TRY,1.0,34450000.0,,Комнаты не разобраны,оставить,34450000.0,аналогов train меньше 2,без изменений
110449,Villa,1200.0,255.0,5+2,,3,İzmir/Ödemiş/Gölcük,TRY,4.0,787500.0,0.0015238095238095239,"Цена < 5 000 TRY, Цена < 1% местной медианы",исключить,1200.0,есть ≥2 аналога train,без изменений
110501,Komple Bina,1600000.0,105.0,+,,5,İstanbul/Bahçelievler/Kocasinan Merkez,TRY,5.0,2250000.0,0.7111111111111111,Комнаты не разобраны,оставить,1600000.0,есть ≥2 аналога train,без изменений
110561,Komple Bina,450000.0,80.0,+,,4,İstanbul/Beyoğlu/Sururi Mehmet Efendi,TRY,2.0,467500.0,0.9625668449197861,Комнаты не разобраны,оставить,450000.0,есть ≥2 аналога train,без изменений
110585,Komple Bina,535000.0,,+,,3,Afyonkarahisar/Merkez/Ertuğrul Gazi,TRY,10.0,360000.0,1.4861111111111112,Комнаты не разобраны,оставить,535000.0,есть ≥2 аналога train,без изменений
110609,Komple Bina,1000000.0,360.0,+,,4,Bursa/Nilüfer/Üçevler,TRY,2.0,1000000.0,1.0,Комнаты не разобраны,оставить,1000000.0,есть ≥2 аналога train,без изменений
110637,Komple Bina,1400000.0,,+,,5,Bursa/Gemlik/Kumla,TRY,1.0,1400000.0,,Комнаты не разобраны,оставить,1400000.0,аналогов train меньше 2,без изменений
110657,Komple Bina,1000000.0,111111.0,+,,9,İstanbul/Kadıköy/Osmanağa,TRY,5.0,1800000.0,0.5555555555555556,"Неправдоподобная площадь, Комнаты не разобраны",оставить,1000000.0,есть ≥2 аналога train,площадь → пропуск
110671,Komple Bina,1300000.0,125.0,+,,4,İstanbul/Sultanbeyli/Battalgazi,TRY,5.0,335000.0,3.8805970149253732,Комнаты не разобраны,оставить,1300000.0,есть ≥2 аналога train,без изменений
110693,Köşk / Konak / Yalı,53000000.0,,6+2,,4,İstanbul/Beykoz/Paşabahçe,TRY,,,,Цена > 50 млн TRY,оставить,53000000.0,аналогов train меньше 2,без изменений
110697,Komple Bina,11000000.0,250.0,+,,4,İstanbul/Pendik/Güzelyalı,TRY,1.0,11000000.0,,Комнаты не разобраны,оставить,11000000.0,аналогов train меньше 2,без изменений
110711,Komple Bina,3150000.0,290.0,+,,5,İstanbul/Beykoz/Kavacık,TRY,3.0,3150000.0,1.0,Комнаты не разобраны,оставить,3150000.0,есть ≥2 аналога train,без изменений
110713,Komple Bina,11500000.0,,+,,5,İstanbul/Ataşehir/İnönü,TRY,1.0,2590000.0,,Комнаты не разобраны,оставить,11500000.0,аналогов train меньше 2,без изменений
110891,Komple Bina,110000.0,,+,,2,Bursa/Gemlik/Dr. Ziya Kaya,TRY,1.0,110000.0,,Комнаты не разобраны,оставить,110000.0,аналогов train меньше 2,без изменений
110897,Komple Bina,1050000.0,380.0,+,,3,Sakarya/Sapanca/Çayiçi,TRY,2.0,1125000.0,0.9333333333333333,Комнаты не разобраны,оставить,1050000.0,есть ≥2 аналога train,без изменений
110907,Komple Bina,1500000.0,800.0,+,,5,Aydın/Efeler/Meşrutiyet,TRY,1.0,830000.0,,Комнаты не разобраны,оставить,1500000.0,аналогов train меньше 2,без изменений
110919,Komple Bina,2300000.0,99.0,+,,6,İstanbul/Beşiktaş/Türkali,TRY,2.0,2300000.0,1.0,Комнаты не разобраны,оставить,2300000.0,есть ≥2 аналога train,без изменений
110941,Komple Bina,2000000.0,129.0,+,,3,İzmir/Bornova/Yeşilova,TRY,1.0,2000000.0,,Комнаты не разобраны,оставить,2000000.0,аналогов train меньше 2,без изменений
110999,Daire,170000.0,,+,,4,Sakarya/Hendek/Yeni,TRY,62.0,170000.0,1.0,Комнаты не разобраны,оставить,170000.0,есть ≥2 аналога train,без изменений
111001,Komple Bina,2800000.0,,+,,5,İstanbul/Büyükçekmece/Kamiloba,TRY,6.0,2800000.0,1.0,Комнаты не разобраны,оставить,2800000.0,есть ≥2 аналога train,без изменений
111013,Komple Bina,1000000.0,,+,,5,İstanbul/Bağcılar/15 Temmuz,TRY,1.0,1250000.0,,Комнаты не разобраны,оставить,1000000.0,аналогов train меньше 2,без изменений
111025,Komple Bina,750000.0,600.0,+,,4,Ordu/Altınordu/Kumbaşı,TRY,1.0,750000.0,,Комнаты не разобраны,оставить,750000.0,аналогов train меньше 2,без изменений
111071,Komple Bina,2200000.0,140.0,+,,4,Denizli/Pamukkale/Fatih,TRY,2.0,1875000.0,1.1733333333333333,Комнаты не разобраны,оставить,2200000.0,есть ≥2 аналога train,без изменений
111097,Komple Bina,750000.0,12.0,+,,4,Kocaeli/Derince/Sırrıpaşa,TRY,3.0,750000.0,1.0,"Неправдоподобная площадь, Комнаты не разобраны",оставить,750000.0,есть ≥2 аналога train,площадь → пропуск
111145,Köşk / Konak / Yalı,82000000.0,,10+3,,4,İstanbul/Sarıyer/Emirgan,TRY,2.0,75000000.0,1.0933333333333333,Цена > 50 млн TRY,оставить,82000000.0,есть ≥2 аналога train,без изменений
111155,Köşk / Konak / Yalı,100000000.0,800.0,10+0,,4,İstanbul/Üsküdar/Sultantepe,TRY,,,,Цена > 50 млн TRY,оставить,100000000.0,аналогов train меньше 2,без изменений
111207,Komple Bina,2587171.0,,+,,3,Denizli/Merkezefendi/Gümüşçay,USD,2.0,1375000.0,1.8815789090909092,Комнаты не разобраны,оставить,395000.0,есть ≥2 аналога train,без изменений
111221,Daire,195000.0,,3+1,9,2,Samsun/Canik/Kuzey Yıldızı,TRY,15.0,193000.0,1.0103626943005182,Этаж выше этажности,оставить,195000.0,есть ≥2 аналога train,этаж → пропуск
111267,Komple Bina,1100000.0,,+,,3,Çanakkale/Merkez/Kepez Bld. (Cumhuriyet),TRY,1.0,1100000.0,,Комнаты не разобраны,оставить,1100000.0,аналогов train меньше 2,без изменений
111291,Komple Bina,675000.0,620.0,+,,5,İstanbul/Bahçelievler/Kocasinan Merkez,TRY,5.0,2250000.0,0.3,Комнаты не разобраны,оставить,675000.0,есть ≥2 аналога train,без изменений
111313,Komple Bina,1650000.0,,+,,5,İstanbul/Fatih/Şehremini,TRY,,,,Комнаты не разобраны,оставить,1650000.0,аналогов train меньше 2,без изменений
111351,Komple Bina,5200000.0,,+,,2,İstanbul/Maltepe/Çınar,TRY,1.0,5200000.0,,Комнаты не разобраны,оставить,5200000.0,аналогов train меньше 2,без изменений
111395,Komple Bina,1880000.0,185.0,+,,4,İstanbul/Sancaktepe/Osmangazi,TRY,,,,Комнаты не разобраны,оставить,1880000.0,аналогов train меньше 2,без изменений
111401,Komple Bina,1250000.0,200.0,+,,2,İstanbul/Beykoz/Zerzavatçı,TRY,,,,Комнаты не разобраны,оставить,1250000.0,аналогов train меньше 2,без изменений
111403,Komple Bina,510000.0,140.0,+,,3,Eskişehir/Odunpazarı/Gökmeydan,TRY,1.0,510000.0,,Комнаты не разобраны,оставить,510000.0,аналогов train меньше 2,без изменений
111413,Komple Bina,1350000.0,380.0,+,,5,Trabzon/Ortahisar/Kalkınma,TRY,8.0,1200000.0,1.125,Комнаты не разобраны,оставить,1350000.0,есть ≥2 аналога train,без изменений
111423,Komple Bina,950000.0,85.0,+,,3,Balıkesir/Bandırma/17 Eylül,TRY,7.0,170000.0,5.588235294117647,Комнаты не разобраны,оставить,950000.0,есть ≥2 аналога train,без изменений
111433,Komple Bina,685000.0,,+,,4,Tekirdağ/Kapaklı/Bahçelievler,TRY,5.0,685000.0,1.0,Комнаты не разобраны,оставить,685000.0,есть ≥2 аналога train,без изменений
111437,Komple Bina,2100000.0,250.0,+,,4,Kırklareli/Merkez/İstasyon,TRY,,,,Комнаты не разобраны,оставить,2100000.0,аналогов train меньше 2,без изменений
111439,Komple Bina,2100000.0,250.0,+,,4,Kırklareli/Merkez/İstasyon,TRY,,,,Комнаты не разобраны,оставить,2100000.0,аналогов train меньше 2,без изменений
111443,Komple Bina,3500000.0,,+,,4,Kayseri/Melikgazi/Kıranardı Cumhuriyet,TRY,3.0,3500000.0,1.0,Комнаты не разобраны,оставить,3500000.0,есть ≥2 аналога train,без изменений
111477,Komple Bina,675000.0,265.0,+,,3,Samsun/Atakum/Mimarsinan,TRY,9.0,2800000.0,0.24107142857142858,Комнаты не разобраны,оставить,675000.0,есть ≥2 аналога train,без изменений
111483,Komple Bina,750000.0,100.0,+,,4,Konya/Selçuklu/İhsaniye,TRY,1.0,800000.0,,Комнаты не разобраны,оставить,750000.0,аналогов train меньше 2,без изменений
111543,Daire,269000.0,125.0,3+1,9,5,Adana/Çukurova/Huzurevleri,TRY,580.0,299000.0,0.8996655518394648,Этаж выше этажности,оставить,269000.0,есть ≥2 аналога train,этаж → пропуск
111549,Komple Bina,245000.0,105.0,+,,1,Çanakkale/Biga/Şirintepe,TRY,6.0,220000.0,1.1136363636363635,Комнаты не разобраны,оставить,245000.0,есть ≥2 аналога train,без изменений
111553,Komple Bina,1650000.0,400.0,+,,4,Aydın/Kuşadası/Kadınlar Denizi,TRY,3.0,1650000.0,1.0,Комнаты не разобраны,оставить,1650000.0,есть ≥2 аналога train,без изменений
111619,Daire,320000.0,,3+1,9,6,Mersin/Mezitli/Viranşehir,TRY,232.0,219000.0,1.461187214611872,Этаж выше этажности,оставить,320000.0,есть ≥2 аналога train,этаж → пропуск
111653,Komple Bina,24750000.0,1380.0,+,,4,İstanbul/Şişli/Meşrutiyet,TRY,,,,Комнаты не разобраны,оставить,24750000.0,аналогов train меньше 2,без изменений
111681,Komple Bina,145000.0,,+,,4,Kırklareli/Babaeski/Gazikemal,TRY,1.0,145000.0,,Комнаты не разобраны,оставить,145000.0,аналогов train меньше 2,без изменений
111691,Komple Bina,1500000.0,,+,,3,İstanbul/Tuzla/Aydıntepe,TRY,4.0,1500000.0,1.0,Комнаты не разобраны,оставить,1500000.0,есть ≥2 аналога train,без изменений
111697,Komple Bina,2200000.0,,+,,5,Trabzon/Ortahisar/Konaklar,TRY,5.0,1250000.0,1.76,Комнаты не разобраны,оставить,2200000.0,есть ≥2 аналога train,без изменений
111713,Komple Bina,1699000.0,,+,,5,İstanbul/Esenler/Oruçreis,TRY,,,,Комнаты не разобраны,оставить,1699000.0,аналогов train меньше 2,без изменений
111729,Komple Bina,1750000.0,580.0,+,,4,İstanbul/Ümraniye/Ihlamurkuyu,TRY,1.0,1750000.0,,Комнаты не разобраны,оставить,1750000.0,аналогов train меньше 2,без изменений
111733,Komple Bina,1500000.0,,+,,4,İstanbul/Esenler/Havaalanı,TRY,2.0,1500000.0,1.0,Комнаты не разобраны,оставить,1500000.0,есть ≥2 аналога train,без изменений
111763,Komple Bina,495000.0,,+,,3,Isparta/Merkez/Fatih,TRY,1.0,1800000.0,,Комнаты не разобраны,оставить,495000.0,аналогов train меньше 2,без изменений
111837,Komple Bina,2000000.0,500.0,+,,5,Mersin/Mezitli/Akdeniz,TRY,3.0,2000000.0,1.0,Комнаты не разобраны,оставить,2000000.0,есть ≥2 аналога train,без изменений
111841,Komple Bina,1100000.0,500.0,+,,5,İstanbul/Arnavutköy/Anadolu,TRY,6.0,2490000.0,0.44176706827309237,Комнаты не разобраны,оставить,1100000.0,есть ≥2 аналога train,без изменений
111843,Komple Bina,525000.0,450.0,+,,3,Sakarya/Adapazarı/Yenigün,TRY,7.0,525000.0,1.0,Комнаты не разобраны,оставить,525000.0,есть ≥2 аналога train,без изменений
111851,Komple Bina,1500000.0,410.0,+,,3,Ordu/Altınordu/Bahçelievler,TRY,1.0,1500000.0,,Комнаты не разобраны,оставить,1500000.0,аналогов train меньше 2,без изменений
111875,Daire,330000.0,,3+1,9,8,İzmir/Buca/Kuruçeşme,TRY,132.0,150000.0,2.2,Этаж выше этажности,оставить,330000.0,есть ≥2 аналога train,этаж → пропуск
111881,Komple Bina,325000.0,99.0,+,,2,Bursa/Osmangazi/Adalet,TRY,11.0,325000.0,1.0,Комнаты не разобраны,оставить,325000.0,есть ≥2 аналога train,без изменений
111895,Daire,280000.0,140.0,3+1,9,2,Samsun/Atakum/Yenimahalle,TRY,911.0,265000.0,1.0566037735849056,Этаж выше этажности,оставить,280000.0,есть ≥2 аналога train,этаж → пропуск
111913,Komple Bina,1300000.0,580.0,+,,4,Adıyaman/Merkez/Yavuz Selim,TRY,2.0,1300000.0,1.0,Комнаты не разобраны,оставить,1300000.0,есть ≥2 аналога train,без изменений
111921,Komple Bina,3000000.0,70.0,+,,5,İstanbul/Şişli/Ergenekon,TRY,1.0,3000000.0,,Комнаты не разобраны,оставить,3000000.0,аналогов train меньше 2,без изменений
111939,Komple Bina,195000.0,95.0,+,,1,Çanakkale/Biga/Şirintepe,TRY,6.0,220000.0,0.8863636363636364,Комнаты не разобраны,оставить,195000.0,есть ≥2 аналога train,без изменений
111943,Komple Bina,220000.0,173.0,+,,2,Sakarya/Adapazarı/Yahyalar,TRY,1.0,595000.0,,Комнаты не разобраны,оставить,220000.0,аналогов train меньше 2,без изменений
111949,Komple Bina,1350000.0,275.0,+,,3,İzmir/Bornova/Atatürk,TRY,3.0,1330000.0,1.0150375939849625,Комнаты не разобраны,оставить,1350000.0,есть ≥2 аналога train,без изменений
111957,Komple Bina,13000000.0,300.0,+,,4,İstanbul/Bakırköy/Yeşilköy,TRY,3.0,13000000.0,1.0,Комнаты не разобраны,оставить,13000000.0,есть ≥2 аналога train,без изменений
111963,Komple Bina,2150000.0,90.0,+,,4,Mersin/Yenişehir/Batıkent,TRY,2.0,2150000.0,1.0,Комнаты не разобраны,оставить,2150000.0,есть ≥2 аналога train,без изменений
111973,Daire,305000.0,125.0,3+1,9,3,İstanbul/Ümraniye/Madenler,TRY,69.0,350000.0,0.8714285714285714,Этаж выше этажности,оставить,305000.0,есть ≥2 аналога train,этаж → пропуск
111983,Komple Bina,520000.0,,+,,4,Tekirdağ/Çorlu/Zafer,TRY,4.0,520000.0,1.0,Комнаты не разобраны,оставить,520000.0,есть ≥2 аналога train,без изменений
111993,Komple Bina,725000.0,,+,,4,Sakarya/Adapazarı/Hızırtepe,TRY,3.0,350000.0,2.0714285714285716,Комнаты не разобраны,оставить,725000.0,есть ≥2 аналога train,без изменений
112005,Köşk / Konak / Yalı,185000000.0,,10+0,,3,İstanbul/Beşiktaş/Etiler,TRY,2.0,185000000.0,1.0,Цена > 50 млн TRY,оставить,185000000.0,есть ≥2 аналога train,без изменений
112033,Komple Bina,1699000.0,,+,,5,İstanbul/Esenler/Oruçreis,TRY,,,,Комнаты не разобраны,оставить,1699000.0,аналогов train меньше 2,без изменений
112037,Komple Bina,650000.0,100.0,+,,5,İstanbul/Arnavutköy/İslambey,TRY,1.0,900000.0,,Комнаты не разобраны,оставить,650000.0,аналогов train меньше 2,без изменений
112103,Komple Bina,700000.0,320.0,+,,3,Bursa/Nilüfer/Kültür,TRY,,,,Комнаты не разобраны,оставить,700000.0,аналогов train меньше 2,без изменений
112105,Komple Bina,1150000.0,,+,,2,İstanbul/Tuzla/Yayla,TRY,2.0,1700000.0,0.6764705882352942,Комнаты не разобраны,оставить,1150000.0,есть ≥2 аналога train,без изменений
112113,Komple Bina,1300000.0,580.0,+,,4,Adıyaman/Merkez/Yavuz Selim,TRY,2.0,1300000.0,1.0,Комнаты не разобраны,оставить,1300000.0,есть ≥2 аналога train,без изменений
112131,Komple Bina,830000.0,,+,,3,Kayseri/Kocasinan/Oymaağaç,TRY,1.0,830000.0,,Комнаты не разобраны,оставить,830000.0,аналогов train меньше 2,без изменений
112151,Komple Bina,130000.0,130.0,+,,2,Kocaeli/Körfez/Kuzey,TRY,3.0,130000.0,1.0,Комнаты не разобраны,оставить,130000.0,есть ≥2 аналога train,без изменений
112163,Komple Bina,1300000.0,,+,,3,İstanbul/Pendik/Fevzi Çakmak,TRY,2.0,1300000.0,1.0,Комнаты не разобраны,оставить,1300000.0,есть ≥2 аналога train,без изменений
112179,Komple Bina,2800000.0,345.0,+,,5,Trabzon/Ortahisar/Üniversite,TRY,1.0,2800000.0,,Комнаты не разобраны,оставить,2800000.0,аналогов train меньше 2,без изменений
112181,Komple Bina,10000000.0,1400.0,+,,4,İstanbul/Güngören/Tozkoparan,TRY,8.0,10000000.0,1.0,Комнаты не разобраны,оставить,10000000.0,есть ≥2 аналога train,без изменений
112185,Komple Bina,1250000.0,85.0,+,,3,İstanbul/Fatih/Hırka-i Şerif,TRY,2.0,1250000.0,1.0,Комнаты не разобраны,оставить,1250000.0,есть ≥2 аналога train,без изменений
112221,Komple Bina,2750000.0,675.0,+,,5,İstanbul/Kartal/Karlıktepe,TRY,5.0,2750000.0,1.0,Комнаты не разобраны,оставить,2750000.0,есть ≥2 аналога train,без изменений
112235,Komple Bina,6850000.0,,+,,5,İstanbul/Ümraniye/Atakent,TRY,,,,Комнаты не разобраны,оставить,6850000.0,аналогов train меньше 2,без изменений
112253,Daire,565000.0,,3+1,9,6,İstanbul/Beylikdüzü/Cumhuriyet,TRY,2089.0,180000.0,3.138888888888889,Этаж выше этажности,оставить,565000.0,есть ≥2 аналога train,этаж → пропуск
112269,Komple Bina,2750000.0,,+,,5,İstanbul/Bakırköy/Cevizlik,TRY,5.0,2750000.0,1.0,Комнаты не разобраны,оставить,2750000.0,есть ≥2 аналога train,без изменений
112275,Komple Bina,1550000.0,350.0,+,,4,İstanbul/Sancaktepe/Merve,TRY,,,,Комнаты не разобраны,оставить,1550000.0,аналогов train меньше 2,без изменений
112277,Komple Bina,460000.0,,+,,2,İzmir/Buca/Yeşilbağlar,TRY,,,,Комнаты не разобраны,оставить,460000.0,аналогов train меньше 2,без изменений
112283,Komple Bina,2000000.0,53.0,+,,2,Balıkesir/Bandırma/Ayyıldız,TRY,3.0,2000000.0,1.0,Комнаты не разобраны,оставить,2000000.0,есть ≥2 аналога train,без изменений
112295,Komple Bina,6500000.0,,+,,5,Samsun/Atakum/Yenimahalle,TRY,7.0,295000.0,22.033898305084747,"Цена > 20 местных медиан, Комнаты не разобраны",оставить,6500000.0,есть ≥2 аналога train,без изменений
112331,Komple Bina,118000000.0,4000.0,+,,1,İstanbul/Kadıköy/Caferağa,TRY,2.0,118000000.0,1.0,"Цена > 50 млн TRY, Комнаты не разобраны",оставить,118000000.0,есть ≥2 аналога train,без изменений
112423,Komple Bina,660000.0,400.0,+,,3,Nevşehir/Merkez/Bahçelievler,TRY,1.0,660000.0,,Комнаты не разобраны,оставить,660000.0,аналогов train меньше 2,без изменений
112427,Komple Bina,350000.0,200.0,+,,2,Malatya/Battalgazi/İstiklal,TRY,2.0,1400000.0,0.25,Комнаты не разобраны,оставить,350000.0,есть ≥2 аналога train,без изменений
112457,Komple Bina,2800000.0,,+,,3,Samsun/Atakum/Mimarsinan,TRY,9.0,2800000.0,1.0,Комнаты не разобраны,оставить,2800000.0,есть ≥2 аналога train,без изменений
112461,Komple Bina,3750000.0,300.0,+,,5,İstanbul/Beşiktaş/Türkali,TRY,2.0,2300000.0,1.6304347826086956,Комнаты не разобраны,оставить,3750000.0,есть ≥2 аналога train,без изменений
112509,Komple Bina,725000.0,500.0,+,,4,Kocaeli/Gebze/Köşklü Çeşme,TRY,1.0,725000.0,,Комнаты не разобраны,оставить,725000.0,аналогов train меньше 2,без изменений
112525,Komple Bina,1500000.0,,+,,3,İstanbul/Tuzla/Aydıntepe,TRY,4.0,1500000.0,1.0,Комнаты не разобраны,оставить,1500000.0,есть ≥2 аналога train,без изменений
112557,Komple Bina,2500000.0,450.0,+,,7,İstanbul/Fatih/Haseki Sultan,TRY,1.0,2900000.0,,Комнаты не разобраны,оставить,2500000.0,аналогов train меньше 2,без изменений
112567,Komple Bina,580000.0,250.0,+,,3,Bursa/Osmangazi/İvazpaşa,TRY,,,,Комнаты не разобраны,оставить,580000.0,аналогов train меньше 2,без изменений
112595,Komple Bina,495000.0,,+,,3,Isparta/Merkez/Fatih,TRY,1.0,1800000.0,,Комнаты не разобраны,оставить,495000.0,аналогов train меньше 2,без изменений
112597,Komple Bina,1300000.0,500.0,+,,5,Trabzon/Ortahisar/Yalıncak,TRY,3.0,1300000.0,1.0,Комнаты не разобраны,оставить,1300000.0,есть ≥2 аналога train,без изменений
112605,Komple Bina,2300000.0,780.0,+,,5,İstanbul/Maltepe/Zümrütevler,TRY,1.0,2300000.0,,Комнаты не разобраны,оставить,2300000.0,аналогов train меньше 2,без изменений
112631,Köşk / Konak / Yalı,190000000.0,,5+2,,3,İstanbul/Sarıyer/Yeniköy,TRY,1.0,12750000.0,,Цена > 50 млн TRY,оставить,190000000.0,аналогов train меньше 2,без изменений
112643,Komple Bina,990000.0,,+,,5,İstanbul/Eyüpsultan/Silahtarağa,TRY,1.0,990000.0,,Комнаты не разобраны,оставить,990000.0,аналогов train меньше 2,без изменений
112653,Komple Bina,2700000.0,,+,,8,Tekirdağ/Çerkezköy/İstasyon,TRY,1.0,2700000.0,,Комнаты не разобраны,оставить,2700000.0,аналогов train меньше 2,без изменений
112679,Daire,135000.0,8.0,1+1,9,3,İstanbul/Esenyurt/İnönü,TRY,322.0,170000.0,0.7941176470588235,"Неправдоподобная площадь, Этаж выше этажности",оставить,135000.0,есть ≥2 аналога train,площадь и этаж → пропуск
112695,Komple Bina,365000.0,,+,,2,Kocaeli/Darıca/Osman Gazi,TRY,3.0,440000.0,0.8295454545454546,Комнаты не разобраны,оставить,365000.0,есть ≥2 аналога train,без изменений
112733,Komple Bina,6200000.0,,+,,5,İstanbul/Kartal/Atalar,TRY,2.0,18100000.0,0.3425414364640884,Комнаты не разобраны,оставить,6200000.0,есть ≥2 аналога train,без изменений
112737,Komple Bina,1500000.0,,+,,3,Gaziantep/Şahinbey/Binevler,TRY,5.0,1500000.0,1.0,Комнаты не разобраны,оставить,1500000.0,есть ≥2 аналога train,без изменений
112759,Komple Bina,2000000.0,500.0,+,,5,Mersin/Mezitli/Akdeniz,TRY,3.0,2000000.0,1.0,Комнаты не разобраны,оставить,2000000.0,есть ≥2 аналога train,без изменений
112773,Köşk / Konak / Yalı,185000000.0,,10+0,,3,İstanbul/Beşiktaş/Etiler,TRY,2.0,185000000.0,1.0,Цена > 50 млн TRY,оставить,185000000.0,есть ≥2 аналога train,без изменений
112793,Komple Bina,6000000.0,,+,,8,İstanbul/Fatih/Cerrahpaşa,TRY,6.0,6000000.0,1.0,Комнаты не разобраны,оставить,6000000.0,есть ≥2 аналога train,без изменений
112795,Daire,3000.0,,2+1,,3,Kocaeli/İzmit/Turgut,TRY,24.0,272500.0,0.011009174311926606,Цена < 5 000 TRY,исключить,3000.0,есть ≥2 аналога train,без изменений
112849,Komple Bina,950000.0,242.0,+,,3,İstanbul/Avcılar/Firuzköy,TRY,2.0,1150000.0,0.8260869565217391,Комнаты не разобраны,оставить,950000.0,есть ≥2 аналога train,без изменений
112861,Komple Bina,715000.0,,+,,1,İzmir/Karşıyaka/Bostanlı,TRY,1.0,6500000.0,,Комнаты не разобраны,оставить,715000.0,аналогов train меньше 2,без изменений
112881,Komple Bina,2100000.0,850.0,+,,5,Kırklareli/Lüleburgaz/İnönü,TRY,,,,Комнаты не разобраны,оставить,2100000.0,аналогов train меньше 2,без изменений
112905,Komple Bina,650000.0,45.0,+,,4,İstanbul/Fatih/Koca Mustafapaşa,TRY,3.0,600000.0,1.0833333333333333,Комнаты не разобраны,оставить,650000.0,есть ≥2 аналога train,без изменений
112915,Komple Bina,760000.0,110.0,+,,5,İstanbul/Sultangazi/Esentepe,TRY,2.0,707500.0,1.0742049469964665,Комнаты не разобраны,оставить,760000.0,есть ≥2 аналога train,без изменений
112917,Komple Bina,1250000.0,60.0,+,,3,Uşak/Merkez/Kurtuluş,TRY,2.0,1250000.0,1.0,Комнаты не разобраны,оставить,1250000.0,есть ≥2 аналога train,без изменений
112935,Komple Bina,1000000.0,,+,,5,Erzurum/Yakutiye/Lalapaşa,TRY,4.0,875000.0,1.1428571428571428,Комнаты не разобраны,оставить,1000000.0,есть ≥2 аналога train,без изменений
112997,Komple Bina,2500000.0,,+,,3,Ankara/Altındağ/Ali Ersoy,TRY,2.0,2500000.0,1.0,Комнаты не разобраны,оставить,2500000.0,есть ≥2 аналога train,без изменений
113019,Daire,205000.0,150.0,3+1,10,5,Erzurum/Yakutiye/Şükrüpaşa,TRY,31.0,175000.0,1.1714285714285715,Этаж выше этажности,оставить,205000.0,есть ≥2 аналога train,этаж → пропуск
113033,Komple Bina,550000.0,,+,,3,Tekirdağ/Çorlu/Havuzlar,TRY,,,,Комнаты не разобраны,оставить,550000.0,аналогов train меньше 2,без изменений
113035,Komple Bina,2800000.0,,+,,3,Samsun/Atakum/Mimarsinan,TRY,9.0,2800000.0,1.0,Комнаты не разобраны,оставить,2800000.0,есть ≥2 аналога train,без изменений
113051,Komple Bina,2150000.0,85.0,+,,4,Mersin/Yenişehir/Batıkent,TRY,2.0,2150000.0,1.0,Комнаты не разобраны,оставить,2150000.0,есть ≥2 аналога train,без изменений
113061,Komple Bina,950000.0,230.0,+,,3,Sakarya/Sapanca/Rüstempaşa,TRY,2.0,1775000.0,0.5352112676056338,Комнаты не разобраны,оставить,950000.0,есть ≥2 аналога train,без изменений
113095,Komple Bina,1950000.0,1.0,+,,,Sakarya/Erenler/Yeşiltepe,TRY,,,,"Неправдоподобная площадь, Комнаты не разобраны",оставить,1950000.0,аналогов train меньше 2,площадь → пропуск
113105,Komple Bina,2100000.0,130.0,+,,5,İzmir/Gaziemir/Irmak,TRY,1.0,2100000.0,,Комнаты не разобраны,оставить,2100000.0,аналогов train меньше 2,без изменений
113121,Komple Bina,615000.0,,+,,2,Kocaeli/Darıca/Kazım Karabekir,TRY,,,,Комнаты не разобраны,оставить,615000.0,аналогов train меньше 2,без изменений
113167,Daire,950.0,134.0,3+1,10,,Ankara/Etimesgut/30 Ağustos,TRY,98.0,172499.5,0.00550726233989084,"Цена < 5 000 TRY, Цена < 1% местной медианы",исключить,950.0,есть ≥2 аналога train,без изменений
113177,Komple Bina,30000000.0,1800.0,+,,8,İstanbul/Şişli/Cumhuriyet,TRY,1.0,30000000.0,,Комнаты не разобраны,оставить,30000000.0,аналогов train меньше 2,без изменений
113201,Komple Bina,1150000.0,300.0,+,,5,Bursa/Kestel/Vanimehmet,TRY,1.0,1150000.0,,Комнаты не разобраны,оставить,1150000.0,аналогов train меньше 2,без изменений
113209,Daire,2100000.0,,4+1,10,2,İstanbul/Kadıköy/Erenköy,TRY,281.0,920000.0,2.282608695652174,Этаж выше этажности,оставить,2100000.0,есть ≥2 аналога train,этаж → пропуск
113215,Komple Bina,2000000.0,94.0,+,,5,İstanbul/Gaziosmanpaşa/Şemsipaşa,TRY,1.0,2000000.0,,Комнаты не разобраны,оставить,2000000.0,аналогов train меньше 2,без изменений
113233,Komple Bina,1625000.0,460.0,+,,8,İstanbul/Zeytinburnu/Gökalp,TRY,1.0,1625000.0,,Комнаты не разобраны,оставить,1625000.0,аналогов train меньше 2,без изменений
113247,Komple Bina,510000.0,197.0,+,,3,Kocaeli/Gebze/İstasyon,TRY,1.0,510000.0,,Комнаты не разобраны,оставить,510000.0,аналогов train меньше 2,без изменений
113263,Komple Bina,1900000.0,160.0,+,,3,Denizli/Pamukkale/Zeytinköy,TRY,1.0,455000.0,,Комнаты не разобраны,оставить,1900000.0,аналогов train меньше 2,без изменений
113275,Komple Bina,800000.0,300.0,+,,4,İzmir/Buca/Fırat,TRY,2.0,660000.0,1.2121212121212122,Комнаты не разобраны,оставить,800000.0,есть ≥2 аналога train,без изменений
113293,Komple Bina,395000.0,,+,,2,Manisa/Akhisar/Hürriyet,TRY,1.0,395000.0,,Комнаты не разобраны,оставить,395000.0,аналогов train меньше 2,без изменений
113303,Komple Bina,3000000.0,,+,,4,İstanbul/Ataşehir/Ferhatpaşa,TRY,3.0,3000000.0,1.0,Комнаты не разобраны,оставить,3000000.0,есть ≥2 аналога train,без изменений
113329,Komple Bina,1100000.0,570.0,+,,4,Sakarya/Ferizli/İnönü,TRY,,,,Комнаты не разобраны,оставить,1100000.0,аналогов train меньше 2,без изменений
113353,Komple Bina,2250000.0,840.0,+,,7,İstanbul/Bahçelievler/Kocasinan Merkez,TRY,5.0,2250000.0,1.0,Комнаты не разобраны,оставить,2250000.0,есть ≥2 аналога train,без изменений
113361,Komple Bina,3150000.0,290.0,+,,5,İstanbul/Beykoz/Kavacık,TRY,3.0,3150000.0,1.0,Комнаты не разобраны,оставить,3150000.0,есть ≥2 аналога train,без изменений
113369,Komple Bina,12000000.0,500.0,+,,4,İstanbul/Bakırköy/Cevizlik,TRY,5.0,2750000.0,4.363636363636363,Комнаты не разобраны,оставить,12000000.0,есть ≥2 аналога train,без изменений
113391,Daire,2100000.0,,4+1,10,2,İstanbul/Kadıköy/Erenköy,TRY,281.0,920000.0,2.282608695652174,Этаж выше этажности,оставить,2100000.0,есть ≥2 аналога train,этаж → пропуск
113393,Komple Bina,1250000.0,120.0,+,,4,Ordu/Altınordu/Şarkiye,TRY,4.0,815000.0,1.5337423312883436,Комнаты не разобраны,оставить,1250000.0,есть ≥2 аналога train,без изменений
113409,Komple Bina,1400000.0,90.0,+,,4,İstanbul/Esenler/Kemer,TRY,2.0,1400000.0,1.0,Комнаты не разобраны,оставить,1400000.0,есть ≥2 аналога train,без изменений
113445,Villa,1025000.0,1.0,4+1,,1,Kayseri/Melikgazi/Becen,TRY,4.0,977500.0,1.0485933503836318,Неправдоподобная площадь,оставить,1025000.0,есть ≥2 аналога train,площадь → пропуск
113481,Komple Bina,830000.0,110.0,+,,4,İstanbul/Bağcılar/Demirkapı,TRY,3.0,830000.0,1.0,Комнаты не разобраны,оставить,830000.0,есть ≥2 аналога train,без изменений
113583,Komple Bina,1699000.0,,+,,5,İstanbul/Esenler/Oruçreis,TRY,,,,Комнаты не разобраны,оставить,1699000.0,аналогов train меньше 2,без изменений
113609,Komple Bina,1250000.0,800.0,+,,5,Trabzon/Ortahisar/Konaklar,TRY,5.0,1250000.0,1.0,Комнаты не разобраны,оставить,1250000.0,есть ≥2 аналога train,без изменений
113625,Komple Bina,118000000.0,4000.0,+,,1,İstanbul/Kadıköy/Caferağa,TRY,2.0,118000000.0,1.0,"Цена > 50 млн TRY, Комнаты не разобраны",оставить,118000000.0,есть ≥2 аналога train,без изменений
113651,Daire,2100000.0,,4+1,10,2,İstanbul/Kadıköy/Erenköy,TRY,281.0,920000.0,2.282608695652174,Этаж выше этажности,оставить,2100000.0,есть ≥2 аналога train,этаж → пропуск
113653,Komple Bina,980000.0,80.0,+,,5,Kırklareli/Demirköy/İğneada Bld. (Deniz),TRY,1.0,980000.0,,Комнаты не разобраны,оставить,980000.0,аналогов train меньше 2,без изменений
113661,Komple Bina,16553250.0,,+,,8,Manisa/Turgutlu/Selvilitepe,USD,1.0,16553250.0,,Комнаты не разобраны,оставить,2500000.0,аналогов train меньше 2,без изменений
113665,Komple Bina,6000000.0,,+,,8,İstanbul/Fatih/Cerrahpaşa,TRY,6.0,6000000.0,1.0,Комнаты не разобраны,оставить,6000000.0,есть ≥2 аналога train,без изменений
113667,Komple Bina,2500000.0,550.0,+,,5,İstanbul/Esenyurt/Güzelyurt,TRY,2.0,3725000.0,0.6711409395973155,Комнаты не разобраны,оставить,2500000.0,есть ≥2 аналога train,без изменений
113703,Komple Bina,2580000.0,220.0,+,,5,İstanbul/Beykoz/Çubuklu,TRY,5.0,2500000.0,1.032,Комнаты не разобраны,оставить,2580000.0,есть ≥2 аналога train,без изменений
113715,Daire,415000.0,165.0,3+1,10,9,Ankara/Etimesgut/Ahi Mesut,TRY,133.0,390000.0,1.064102564102564,Этаж выше этажности,оставить,415000.0,есть ≥2 аналога train,этаж → пропуск
113719,Komple Bina,2000000.0,290.0,+,,2,Balıkesir/Bandırma/Ayyıldız,TRY,3.0,2000000.0,1.0,Комнаты не разобраны,оставить,2000000.0,есть ≥2 аналога train,без изменений
113733,Komple Bina,4900000.0,,+,,1,İstanbul/Zeytinburnu/Maltepe,TRY,1.0,4900000.0,,Комнаты не разобраны,оставить,4900000.0,аналогов train меньше 2,без изменений
113785,Komple Bina,1450000.0,,+,,1,İstanbul/Sultangazi/Cebeci,TRY,6.0,1450000.0,1.0,Комнаты не разобраны,оставить,1450000.0,есть ≥2 аналога train,без изменений
113791,Komple Bina,720000.0,70.0,+,,3,Sakarya/Serdivan/Arabacıalanı,TRY,4.0,1160000.0,0.6206896551724138,Комнаты не разобраны,оставить,720000.0,есть ≥2 аналога train,без изменений
113841,Komple Bina,2600000.0,400.0,+,,5,İstanbul/Fatih/Akşemsettin,TRY,4.0,2750000.0,0.9454545454545454,Комнаты не разобраны,оставить,2600000.0,есть ≥2 аналога train,без изменений
113859,Komple Bina,830000.0,110.0,+,,4,İstanbul/Bağcılar/Demirkapı,TRY,3.0,830000.0,1.0,Комнаты не разобраны,оставить,830000.0,есть ≥2 аналога train,без изменений
113879,Daire,1100000.0,220.0,4+1,10,9,İstanbul/Kadıköy/Bostancı,TRY,141.0,730000.0,1.5068493150684932,Этаж выше этажности,оставить,1100000.0,есть ≥2 аналога train,этаж → пропуск
113923,Komple Bina,285000.0,95.0,+,,2,Bursa/Osmangazi/İstiklal,TRY,7.0,285000.0,1.0,Комнаты не разобраны,оставить,285000.0,есть ≥2 аналога train,без изменений
113957,Komple Bina,7500000.0,1000.0,+,,5,İstanbul/Kadıköy/Erenköy,TRY,1.0,7500000.0,,Комнаты не разобраны,оставить,7500000.0,аналогов train меньше 2,без изменений
113969,Komple Bina,750000.0,130.0,+,,5,Kocaeli/Kartepe/Emekevler,TRY,2.0,750000.0,1.0,Комнаты не разобраны,оставить,750000.0,есть ≥2 аналога train,без изменений
113997,Daire,3000.0,,2+1,,3,Kocaeli/İzmit/Turgut,TRY,24.0,272500.0,0.011009174311926606,Цена < 5 000 TRY,исключить,3000.0,есть ≥2 аналога train,без изменений
114017,Komple Bina,820000.0,120.0,+,,5,İstanbul/Sancaktepe/Osmangazi,TRY,,,,Комнаты не разобраны,оставить,820000.0,аналогов train меньше 2,без изменений
114129,Komple Bina,3750000.0,300.0,+,,5,İstanbul/Beşiktaş/Türkali,TRY,2.0,2300000.0,1.6304347826086956,Комнаты не разобраны,оставить,3750000.0,есть ≥2 аналога train,без изменений
114133,Komple Bina,790000.0,,+,,3,Afyonkarahisar/Merkez/Cumhuriyet,TRY,4.0,790000.0,1.0,Комнаты не разобраны,оставить,790000.0,есть ≥2 аналога train,без изменений
114157,Komple Bina,6750000.0,,+,,5,İstanbul/Kartal/Cevizli,TRY,2.0,4062500.0,1.6615384615384616,Комнаты не разобраны,оставить,6750000.0,есть ≥2 аналога train,без изменений
114179,Komple Bina,6850000.0,,+,,5,İstanbul/Şişli/İnönü,TRY,3.0,1200000.0,5.708333333333333,Комнаты не разобраны,оставить,6850000.0,есть ≥2 аналога train,без изменений
114207,Komple Bina,230000.0,450.0,+,,5,Samsun/İlkadım/Fatih,TRY,1.0,230000.0,,Комнаты не разобраны,оставить,230000.0,аналогов train меньше 2,без изменений
114213,Komple Bina,4500000.0,,+,,5,İzmir/Bornova/Evka 3,TRY,,,,Комнаты не разобраны,оставить,4500000.0,аналогов train меньше 2,без изменений
114249,Komple Bina,650000.0,,+,,2,Tekirdağ/Ergene/Velimeşe,TRY,4.0,650000.0,1.0,Комнаты не разобраны,оставить,650000.0,есть ≥2 аналога train,без изменений
114255,Komple Bina,1900000.0,140.0,+,,4,İstanbul/Fatih/Koca Mustafapaşa,TRY,3.0,600000.0,3.1666666666666665,Комнаты не разобраны,оставить,1900000.0,есть ≥2 аналога train,без изменений
114285,Komple Bina,669000.0,300.0,+,,3,Sakarya/Adapazarı/Tuzla,TRY,1.0,669000.0,,Комнаты не разобраны,оставить,669000.0,аналогов train меньше 2,без изменений
114289,Komple Bina,2500000.0,220.0,+,,5,İstanbul/Beykoz/Çubuklu,TRY,5.0,2500000.0,1.0,Комнаты не разобраны,оставить,2500000.0,есть ≥2 аналога train,без изменений
114323,Komple Bina,1600000.0,,+,,5,İstanbul/Avcılar/Merkez,TRY,2.0,5150000.0,0.3106796116504854,Комнаты не разобраны,оставить,1600000.0,есть ≥2 аналога train,без изменений
114365,Komple Bina,7500000.0,,+,,7,Trabzon/Ortahisar/Gülbaharhatun,TRY,,,,Комнаты не разобраны,оставить,7500000.0,аналогов train меньше 2,без изменений
114489,Komple Bina,1375000.0,90.0,+,,3,Denizli/Merkezefendi/Gümüşçay,TRY,2.0,1375000.0,1.0,Комнаты не разобраны,оставить,1375000.0,есть ≥2 аналога train,без изменений
114515,Komple Bina,8000000.0,,+,,3,İstanbul/Fatih/Küçük Ayasofya,TRY,3.0,8000000.0,1.0,Комнаты не разобраны,оставить,8000000.0,есть ≥2 аналога train,без изменений
114541,Daire,178000.0,10.0,2+1,,5,İstanbul/Bağcılar/Çınar,TRY,22.0,206000.0,0.8640776699029126,Неправдоподобная площадь,оставить,178000.0,есть ≥2 аналога train,площадь → пропуск
114565,Daire,365000.0,130.0,3+1,10,3,İstanbul/Esenyurt/Cumhuriyet,TRY,182.0,258000.0,1.4147286821705427,Этаж выше этажности,оставить,365000.0,есть ≥2 аналога train,этаж → пропуск
114577,Komple Bina,1450000.0,,+,,1,İstanbul/Sultangazi/Cebeci,TRY,6.0,1450000.0,1.0,Комнаты не разобраны,оставить,1450000.0,есть ≥2 аналога train,без изменений
114615,Komple Bina,235000.0,,+,,1,Tekirdağ/Saray/Yeni,TRY,,,,Комнаты не разобраны,оставить,235000.0,аналогов train меньше 2,без изменений
114645,Komple Bina,2550000.0,800.0,+,,5,İstanbul/Fatih/Koca Mustafapaşa,TRY,3.0,600000.0,4.25,Комнаты не разобраны,оставить,2550000.0,есть ≥2 аналога train,без изменений
114651,Komple Bina,2350000.0,1200.0,+,,3,Ankara/Altındağ/Önder,TRY,,,,Комнаты не разобраны,оставить,2350000.0,аналогов train меньше 2,без изменений
114685,Komple Bina,750000.0,12.0,+,,4,Kocaeli/Derince/Sırrıpaşa,TRY,3.0,750000.0,1.0,"Неправдоподобная площадь, Комнаты не разобраны",оставить,750000.0,есть ≥2 аналога train,площадь → пропуск
114705,Komple Bina,1990000.0,1408.0,+,,8,Kayseri/Kocasinan/Sanayi,TRY,1.0,1990000.0,,Комнаты не разобраны,оставить,1990000.0,аналогов train меньше 2,без изменений
114707,Komple Bina,340000.0,,+,,2,Sivas/Merkez/Şeyh Şamil,TRY,1.0,340000.0,,Комнаты не разобраны,оставить,340000.0,аналогов train меньше 2,без изменений
114709,Komple Bina,1200000.0,270.0,+,,3,Eskişehir/Odunpazarı/Sümer,TRY,1.0,1200000.0,,Комнаты не разобраны,оставить,1200000.0,аналогов train меньше 2,без изменений
114747,Komple Bina,2275000.0,160.0,+,,8,Denizli/Merkezefendi/Karaman,TRY,,,,Комнаты не разобраны,оставить,2275000.0,аналогов train меньше 2,без изменений
114755,Komple Bina,2200000.0,127.0,+,,3,İstanbul/Kadıköy/Acıbadem,TRY,1.0,1750000.0,,Комнаты не разобраны,оставить,2200000.0,аналогов train меньше 2,без изменений
114769,Komple Bina,3000000.0,435.0,+,,7,İstanbul/Fatih/Yavuz Sultan Selim,TRY,4.0,3000000.0,1.0,Комнаты не разобраны,оставить,3000000.0,есть ≥2 аналога train,без изменений
114775,Komple Bina,3000000.0,435.0,+,,7,İstanbul/Fatih/Yavuz Sultan Selim,TRY,4.0,3000000.0,1.0,Комнаты не разобраны,оставить,3000000.0,есть ≥2 аналога train,без изменений
114787,Komple Bina,975000.0,600.0,+,,3,Adıyaman/Merkez/Yeni Sanayi,TRY,2.0,255000.0,3.823529411764706,Комнаты не разобраны,оставить,975000.0,есть ≥2 аналога train,без изменений
114817,Komple Bina,1350000.0,,+,,3,İstanbul/Silivri/Piri Mehmet Paşa,TRY,6.0,1300000.0,1.0384615384615385,Комнаты не разобраны,оставить,1350000.0,есть ≥2 аналога train,без изменений
114871,Komple Bina,1200000.0,400.0,+,,4,İstanbul/Beykoz/Paşabahçe,TRY,2.0,1200000.0,1.0,Комнаты не разобраны,оставить,1200000.0,есть ≥2 аналога train,без изменений
114893,Daire,2100000.0,,4+1,10,2,İstanbul/Kadıköy/Erenköy,TRY,281.0,920000.0,2.282608695652174,Этаж выше этажности,оставить,2100000.0,есть ≥2 аналога train,этаж → пропуск
114913,Komple Bina,2000000.0,,+,,5,Isparta/Merkez/Pirimehmet,TRY,,,,Комнаты не разобраны,оставить,2000000.0,аналогов train меньше 2,без изменений
114927,Komple Bina,2100000.0,450.0,+,,4,İstanbul/Fatih/Zeyrek,TRY,2.0,2100000.0,1.0,Комнаты не разобраны,оставить,2100000.0,есть ≥2 аналога train,без изменений
114949,Daire,3000.0,,2+1,,3,Kocaeli/İzmit/Turgut,TRY,24.0,272500.0,0.011009174311926606,Цена < 5 000 TRY,исключить,3000.0,есть ≥2 аналога train,без изменений
114951,Daire,375000.0,135.0,3+1,10,3,İstanbul/Esenyurt/Cumhuriyet,TRY,182.0,258000.0,1.4534883720930232,Этаж выше этажности,оставить,375000.0,есть ≥2 аналога train,этаж → пропуск
114953,Komple Bina,720000.0,120.0,+,,3,İstanbul/Beykoz/İncirköy,TRY,2.0,720000.0,1.0,Комнаты не разобраны,оставить,720000.0,есть ≥2 аналога train,без изменений
114955,Komple Bina,550000.0,,+,,4,Isparta/Merkez/Vatan,TRY,5.0,550000.0,1.0,Комнаты не разобраны,оставить,550000.0,есть ≥2 аналога train,без изменений
114961,Komple Bina,500000.0,125.0,+,,2,Uşak/Merkez/Kemalöz,TRY,,,,Комнаты не разобраны,оставить,500000.0,аналогов train меньше 2,без изменений
114963,Daire,3000.0,,2+1,,3,Kocaeli/İzmit/Turgut,TRY,24.0,272500.0,0.011009174311926606,Цена < 5 000 TRY,исключить,3000.0,есть ≥2 аналога train,без изменений
115019,Komple Bina,265000.0,124.0,+,,,Balıkesir/Karesi/Kayabey,TRY,2.0,265000.0,1.0,Комнаты не разобраны,оставить,265000.0,есть ≥2 аналога train,без изменений
115171,Komple Bina,550000.0,,+,,3,İstanbul/Zeytinburnu/Çırpıcı,TRY,3.0,550000.0,1.0,Комнаты не разобраны,оставить,550000.0,есть ≥2 аналога train,без изменений
115173,Komple Bina,1250000.0,150.0,+,,5,Trabzon/Ortahisar/Konaklar,TRY,5.0,1250000.0,1.0,Комнаты не разобраны,оставить,1250000.0,есть ≥2 аналога train,без изменений
115203,Komple Bina,6000000.0,,+,,8,İstanbul/Fatih/Cerrahpaşa,TRY,6.0,6000000.0,1.0,Комнаты не разобраны,оставить,6000000.0,есть ≥2 аналога train,без изменений
115207,Daire,2100000.0,294.0,+,,4,İstanbul/Beykoz/Çubuklu,TRY,3.0,695000.0,3.0215827338129495,Комнаты не разобраны,оставить,2100000.0,есть ≥2 аналога train,без изменений
115213,Villa,60000000.0,810.0,8+2,,4,İstanbul/Beşiktaş/Ulus,TRY,1.0,7000000.0,,Цена > 50 млн TRY,оставить,60000000.0,аналогов train меньше 2,без изменений
115219,Komple Bina,1600000.0,375.0,+,,4,İstanbul/Zeytinburnu/Telsiz,TRY,1.0,1600000.0,,Комнаты не разобраны,оставить,1600000.0,аналогов train меньше 2,без изменений
115257,Komple Bina,220000.0,173.0,+,,2,Sakarya/Adapazarı/Yahyalar,TRY,1.0,595000.0,,Комнаты не разобраны,оставить,220000.0,аналогов train меньше 2,без изменений
115261,Komple Bina,375000.0,100.0,+,,3,Ankara/Çubuk/Atatürk,TRY,,,,Комнаты не разобраны,оставить,375000.0,аналогов train меньше 2,без изменений
115273,Komple Bina,415000.0,,+,,3,Bursa/Osmangazi/Yunuseli,TRY,1.0,415000.0,,Комнаты не разобраны,оставить,415000.0,аналогов train меньше 2,без изменений
115285,Komple Bina,325000.0,99.0,+,,2,Bursa/Osmangazi/Adalet,TRY,11.0,325000.0,1.0,Комнаты не разобраны,оставить,325000.0,есть ≥2 аналога train,без изменений
115297,Komple Bina,2000000.0,50.0,+,,3,Balıkesir/Bandırma/100. Yıl,TRY,4.0,1107500.0,1.8058690744920993,Комнаты не разобраны,оставить,2000000.0,есть ≥2 аналога train,без изменений
115301,Daire,2100000.0,,4+1,10,2,İstanbul/Kadıköy/Erenköy,TRY,281.0,920000.0,2.282608695652174,Этаж выше этажности,оставить,2100000.0,есть ≥2 аналога train,этаж → пропуск
115341,Komple Bina,6000000.0,,+,,8,İstanbul/Fatih/Cerrahpaşa,TRY,6.0,6000000.0,1.0,Комнаты не разобраны,оставить,6000000.0,есть ≥2 аналога train,без изменений
115393,Komple Bina,12000000.0,,+,,3,İstanbul/Sultangazi/Uğur Mumcu,TRY,4.0,6600000.0,1.8181818181818181,Комнаты не разобраны,оставить,12000000.0,есть ≥2 аналога train,без изменений
115449,Köşk / Konak / Yalı,82000000.0,,10+3,,4,İstanbul/Sarıyer/Emirgan,TRY,2.0,75000000.0,1.0933333333333333,Цена > 50 млн TRY,оставить,82000000.0,есть ≥2 аналога train,без изменений
115455,Komple Bina,12500000.0,1044.0,+,,7,İstanbul/Kağıthane/Sultan Selim,TRY,3.0,12500000.0,1.0,Комнаты не разобраны,оставить,12500000.0,есть ≥2 аналога train,без изменений
115469,Komple Bina,950000.0,360.0,+,,3,İstanbul/Beykoz/Fatih,TRY,2.0,950000.0,1.0,Комнаты не разобраны,оставить,950000.0,есть ≥2 аналога train,без изменений
115485,Komple Bina,350000.0,153.0,+,,3,İstanbul/Çatalca/Karacaköy Merkez,TRY,,,,Комнаты не разобраны,оставить,350000.0,аналогов train меньше 2,без изменений
115491,Komple Bina,1350000.0,165.0,+,,4,Kocaeli/Çayırova/Özgürlük,TRY,,,,Комнаты не разобраны,оставить,1350000.0,аналогов train меньше 2,без изменений
115517,Komple Bina,315000.0,280.0,+,,3,Denizli/Merkezefendi/Değirmenönü,TRY,1.0,850000.0,,Комнаты не разобраны,оставить,315000.0,аналогов train меньше 2,без изменений
115565,Komple Bina,230000.0,2800.0,+,,7,İstanbul/Beylikdüzü/Yakuplu,TRY,3.0,4800000.0,0.04791666666666667,Комнаты не разобраны,оставить,230000.0,есть ≥2 аналога train,без изменений
116050,Daire,275000.0,4.0,2+1,Bahçe katı,5,İstanbul/Bayrampaşa/Altıntepsi,TRY,25.0,270000.0,1.0185185185185186,Неправдоподобная площадь,оставить,275000.0,есть ≥2 аналога train,площадь → пропуск
117039,Daire,170000.0,1.0,2+1,Kot 1,,Kocaeli/Başiskele/Barbaros,TRY,44.0,257000.0,0.6614785992217899,Неправдоподобная площадь,оставить,170000.0,есть ≥2 аналога train,площадь → пропуск
119876,Müstakil Ev,290000.0,298.0,+,Kot 1,2,Bursa/Osmangazi/Kuruçeşme,TRY,2.0,89000.0,3.258426966292135,Комнаты не разобраны,оставить,290000.0,есть ≥2 аналога train,без изменений
120027,Daire,200000.0,7000.0,3+1,Kot 2,3,Sakarya/Akyazı/Ömercikler,TRY,20.0,160000.0,1.25,Неправдоподобная площадь,оставить,200000.0,есть ≥2 аналога train,площадь → пропуск
120199,Daire,200000.0,7000.0,3+1,Kot 2,3,Sakarya/Akyazı/Ömercikler,TRY,20.0,160000.0,1.25,Неправдоподобная площадь,оставить,200000.0,есть ≥2 аналога train,площадь → пропуск
120218,Daire,200000.0,7000.0,3+1,Kot 2,3,Sakarya/Akyazı/Ömercikler,TRY,20.0,160000.0,1.25,Неправдоподобная площадь,оставить,200000.0,есть ≥2 аналога train,площадь → пропуск
120502,Daire,200000.0,7000.0,3+1,Kot 2,3,Sakarya/Akyazı/Ömercikler,TRY,20.0,160000.0,1.25,Неправдоподобная площадь,оставить,200000.0,есть ≥2 аналога train,площадь → пропуск
120662,Daire,750.0,,3+1,Kot 2,4,Isparta/Merkez/Ayazmana,TRY,15.0,255000.0,0.0029411764705882353,"Цена < 5 000 TRY, Цена < 1% местной медианы",исключить,750.0,есть ≥2 аналога train,без изменений
120805,Daire,2000.0,,3+1,Kot 2,3,İstanbul/Ataşehir/İnönü,TRY,31.0,355000.0,0.005633802816901409,"Цена < 5 000 TRY, Цена < 1% местной медианы",исключить,2000.0,есть ≥2 аналога train,без изменений
121645,Daire,420000.0,220000.0,4+1,Kot 2,5,Gaziantep/Şehitkamil/Ulus,TRY,9.0,390000.0,1.0769230769230769,Неправдоподобная площадь,оставить,420000.0,есть ≥2 аналога train,площадь → пропуск
121693,Daire,750.0,100.0,3+1,Kot 2,3,Kocaeli/İzmit/Tepeköy,TRY,3.0,155000.0,0.004838709677419355,"Цена < 5 000 TRY, Цена < 1% местной медианы",исключить,750.0,есть ≥2 аналога train,без изменений
121838,Daire,250.0,,3+1,Kot 2,3,Aksaray/Merkez/Küçük Bölcek,TRY,30.0,282500.0,0.0008849557522123894,"Цена < 5 000 TRY, Цена < 1% местной медианы",исключить,250.0,есть ≥2 аналога train,без изменений
121887,Daire,200000.0,7000.0,3+1,Kot 2,3,Sakarya/Akyazı/Ömercikler,TRY,20.0,160000.0,1.25,Неправдоподобная площадь,оставить,200000.0,есть ≥2 аналога train,площадь → пропуск
122075,Daire,250.0,,3+1,Kot 2,3,Aksaray/Merkez/Küçük Bölcek,TRY,30.0,282500.0,0.0008849557522123894,"Цена < 5 000 TRY, Цена < 1% местной медианы",исключить,250.0,есть ≥2 аналога train,без изменений
122345,Daire,180000.0,10.0,2+1,Kot 2,5,İstanbul/Avcılar/Üniversite,TRY,52.0,233500.0,0.7708779443254818,Неправдоподобная площадь,оставить,180000.0,есть ≥2 аналога train,площадь → пропуск
122580,Daire,200000.0,7000.0,3+1,Kot 2,3,Sakarya/Akyazı/Ömercikler,TRY,20.0,160000.0,1.25,Неправдоподобная площадь,оставить,200000.0,есть ≥2 аналога train,площадь → пропуск
122894,Daire,255000.0,10.0,2+1,Kot 3,5,İstanbul/Güngören/Akıncılar,TRY,30.0,315000.0,0.8095238095238095,Неправдоподобная площадь,оставить,255000.0,есть ≥2 аналога train,площадь → пропуск
123219,Daire,470.0,90.0,2+1,Kot 3,5,İstanbul/Üsküdar/Cumhuriyet,TRY,28.0,400000.0,0.001175,"Цена < 5 000 TRY, Цена < 1% местной медианы",исключить,470.0,есть ≥2 аналога train,без изменений
123735,Rezidans,3000.0,176.0,3+1,Kot 3,3,İzmir/Gaziemir/Irmak,TRY,,,,Цена < 5 000 TRY,исключить,3000.0,аналогов train меньше 2,без изменений
123793,Daire,198000.0,12.0,3+1,Kot 3,9,İstanbul/Beylikdüzü/Beylikdüzü OSB,TRY,737.0,169000.0,1.1715976331360947,Неправдоподобная площадь,оставить,198000.0,есть ≥2 аналога train,площадь → пропуск
123991,Daire,285.0,,4+1,Kot 3,3,Aksaray/Merkez/Hasas,TRY,85.0,280000.0,0.0010178571428571428,"Цена < 5 000 TRY, Цена < 1% местной медианы",исключить,285.0,есть ≥2 аналога train,без изменений
124333,Daire,285.0,,4+1,Kot 3,3,Aksaray/Merkez/Hasas,TRY,85.0,280000.0,0.0010178571428571428,"Цена < 5 000 TRY, Цена < 1% местной медианы",исключить,285.0,есть ≥2 аналога train,без изменений
124498,Daire,430000.0,130.0,+,Kot 3,3,İstanbul/Bağcılar/Hürriyet,TRY,49.0,375000.0,1.1466666666666667,Комнаты не разобраны,оставить,430000.0,есть ≥2 аналога train,без изменений
124963,Daire,235000.0,1.0,2+1,Kot 4,5,İstanbul/Sultanbeyli/Mimar Sinan,TRY,168.0,258000.0,0.9108527131782945,Неправдоподобная площадь,оставить,235000.0,есть ≥2 аналога train,площадь → пропуск
125365,Daire,2600000.0,900.0,3+1,Kot 4,4,Nevşehir/Merkez/350 Evler,TRY,7.0,70000.0,37.142857142857146,Цена > 20 местных медиан,исключить,2600000.0,есть ≥2 аналога train,без изменений
125427,Daire,310.0,175.0,4+1,Kot 4,7,Şanlıurfa/Haliliye/Veysel Karani,TRY,12.0,182500.0,0.0016986301369863014,"Цена < 5 000 TRY, Цена < 1% местной медианы",исключить,310.0,есть ≥2 аналога train,без изменений
125937,Villa,6600000.0,1.0,7+2,Müstakil,2,İstanbul/Büyükçekmece/Alkent 2000,TRY,44.0,7000000.0,0.9428571428571428,Неправдоподобная площадь,оставить,6600000.0,есть ≥2 аналога train,площадь → пропуск
126062,Müstakil Ev,1.0,200.0,4+1,Müstakil,2,Kocaeli/Gölcük/Körfez,TRY,,,,Цена < 5 000 TRY,исключить,1.0,аналогов train меньше 2,без изменений
126310,Daire,127.0,130.0,2+1,Müstakil,4,İstanbul/Sancaktepe/Mevlana,TRY,153.0,208000.0,0.0006105769230769231,"Цена < 5 000 TRY, Цена < 1% местной медианы",исключить,127.0,есть ≥2 аналога train,без изменений
126376,Villa,58238345.0,,5+1,Müstakil,2,İstanbul/Beykoz/Riva,USD,6.0,2600000.0,22.39936346153846,"Цена > 50 млн TRY, Цена > 20 местных медиан",исключить,9350000.0,есть ≥2 аналога train,без изменений
126479,Daire,1668398.8976,948235.0,9+5,Müstakil,3,Ankara/Elmadağ/Hasanoğlan Havuzbaşı,USD,68.0,575000.0,2.901563300173913,Неправдоподобная площадь,оставить,311222.0,есть ≥2 аналога train,площадь → пропуск
126599,Müstakil Ev,225000.0,110000.0,4+2,Müstakil,2,Kocaeli/Kartepe/Ertuğrul Gazi,TRY,6.0,225000.0,1.0,Неправдоподобная площадь,оставить,225000.0,есть ≥2 аналога train,площадь → пропуск
126734,Müstakil Ev,225000.0,110000.0,4+2,Müstakil,2,Kocaeli/Kartepe/Ertuğrul Gazi,TRY,6.0,225000.0,1.0,Неправдоподобная площадь,оставить,225000.0,есть ≥2 аналога train,площадь → пропуск
126739,Müstakil Ev,225000.0,110000.0,4+2,Müstakil,2,Kocaeli/Kartepe/Ertuğrul Gazi,TRY,6.0,225000.0,1.0,Неправдоподобная площадь,оставить,225000.0,есть ≥2 аналога train,площадь → пропуск
126901,Müstakil Ev,225000.0,110000.0,4+2,Müstakil,2,Kocaeli/Kartepe/Ertuğrul Gazi,TRY,6.0,225000.0,1.0,Неправдоподобная площадь,оставить,225000.0,есть ≥2 аналога train,площадь → пропуск
126907,Müstakil Ev,225000.0,110000.0,4+2,Müstakil,2,Kocaeli/Kartepe/Ertuğrul Gazi,TRY,6.0,225000.0,1.0,Неправдоподобная площадь,оставить,225000.0,есть ≥2 аналога train,площадь → пропуск
127591,Villa,5300000.0,1.0,5+2,Müstakil,3,İstanbul/Beykoz/Çiftlik,TRY,3.0,3750000.0,1.4133333333333333,Неправдоподобная площадь,оставить,5300000.0,есть ≥2 аналога train,площадь → пропуск
127993,Müstakil Ev,300000.0,1.0,6+1,Müstakil,2,İstanbul/Sancaktepe/Mevlana,TRY,1.0,300000.0,,Неправдоподобная площадь,оставить,300000.0,аналогов train меньше 2,площадь → пропуск
128421,Villa,9000000.0,3.0,6+1,Müstakil,2,İstanbul/Büyükçekmece/Alkent 2000,TRY,44.0,7000000.0,1.2857142857142858,Неправдоподобная площадь,оставить,9000000.0,есть ≥2 аналога train,площадь → пропуск
129004,Müstakil Ev,225000.0,110000.0,4+2,Müstakil,2,Kocaeli/Kartepe/Ertuğrul Gazi,TRY,6.0,225000.0,1.0,Неправдоподобная площадь,оставить,225000.0,есть ≥2 аналога train,площадь → пропуск
129775,Villa,10000000.0,1.0,3+1,Müstakil,2,İstanbul/Tuzla/Postane,TRY,23.0,2600000.0,3.8461538461538463,Неправдоподобная площадь,оставить,10000000.0,есть ≥2 аналога train,площадь → пропуск
130042,Villa,63000.0,,7+2,Müstakil,3,İstanbul/Eyüpsultan/Göktürk Merkez,TRY,36.0,9875000.0,0.006379746835443038,Цена < 1% местной медианы,исключить,63000.0,есть ≥2 аналога train,без изменений
132776,Daire,95.0,90.0,3+1,Giriş Katı,,Elazığ/Merkez/Yeni,TRY,10.0,260000.0,0.0003653846153846154,"Цена < 5 000 TRY, Цена < 1% местной медианы",исключить,95.0,есть ≥2 аналога train,без изменений
133369,Daire,2200.0,120.0,3+1,Giriş Katı,5,İstanbul/Bakırköy/Zuhuratbaba,TRY,72.0,935000.0,0.002352941176470588,"Цена < 5 000 TRY, Цена < 1% местной медианы",исключить,2200.0,есть ≥2 аналога train,без изменений
134018,Daire,220.0,130.0,3+1,Giriş Katı,4,İstanbul/Sancaktepe/Safa,TRY,182.0,255000.0,0.0008627450980392157,"Цена < 5 000 TRY, Цена < 1% местной медианы",исключить,220.0,есть ≥2 аналога train,без изменений
134869,Daire,90000.0,1.0,3+1,Giriş Katı,4,Ankara/Altındağ/Beşikkaya,TRY,89.0,138950.0,0.647715005397625,Неправдоподобная площадь,оставить,90000.0,есть ≥2 аналога train,площадь → пропуск
135368,Daire,800.0,80.0,2+1,Giriş Katı,2,Ankara/Çankaya/Murat,TRY,5.0,188000.0,0.00425531914893617,"Цена < 5 000 TRY, Цена < 1% местной медианы",исключить,800.0,есть ≥2 аналога train,без изменений
135520,Daire,113000.0,8.0,2+1,Giriş Katı,4,Tekirdağ/Kapaklı/Cumhuriyet,TRY,93.0,135000.0,0.837037037037037,Неправдоподобная площадь,оставить,113000.0,есть ≥2 аналога train,площадь → пропуск
135909,Daire,600.0,125.0,2+1,Giriş Katı,4,Malatya/Battalgazi/Hacı Abdi,TRY,35.0,145000.0,0.004137931034482759,"Цена < 5 000 TRY, Цена < 1% местной медианы",исключить,600.0,есть ≥2 аналога train,без изменений
136919,Daire,125000.0,10.0,3+1,Giriş Katı,2,Ankara/Keçiören/İncirli,TRY,139.0,188000.0,0.6648936170212766,Неправдоподобная площадь,оставить,125000.0,есть ≥2 аналога train,площадь → пропуск
137059,Daire,145.0,,1+1,Giriş Katı,4,İzmir/Buca/Kuruçeşme,TRY,132.0,150000.0,0.0009666666666666667,"Цена < 5 000 TRY, Цена < 1% местной медианы",исключить,145.0,есть ≥2 аналога train,без изменений
137112,Daire,700.0,,1+1,Giriş Katı,4,Çanakkale/Biga/Sakarya,TRY,24.0,167500.0,0.00417910447761194,"Цена < 5 000 TRY, Цена < 1% местной медианы",исключить,700.0,есть ≥2 аналога train,без изменений
137839,Daire,172.0,,2+1,Giriş Katı,4,Manisa/Turgutlu/Altay,TRY,10.0,224000.0,0.0007678571428571428,"Цена < 5 000 TRY, Цена < 1% местной медианы",исключить,172.0,есть ≥2 аналога train,без изменений
138084,Daire,890.0,,1+1,Giriş Katı,5,Samsun/Atakum/Körfez,TRY,485.0,145000.0,0.006137931034482759,"Цена < 5 000 TRY, Цена < 1% местной медианы",исключить,890.0,есть ≥2 аналога train,без изменений
138088,Daire,481506.4836,41347.0,8+3,Giriş Katı,9,İstanbul/Beşiktaş/Akat,GBP,28.0,4675000.0,0.10299603927272727,Неправдоподобная площадь,оставить,72756.0,есть ≥2 аналога train,площадь → пропуск
138717,Daire,800.0,,3+1,Giriş Katı,5,Bursa/Mudanya/Altıntaş,TRY,4.0,360000.0,0.0022222222222222222,"Цена < 5 000 TRY, Цена < 1% местной медианы",исключить,800.0,есть ≥2 аналога train,без изменений
140083,Daire,139000.0,1.0,2+1,Yüksek Giriş,4,İstanbul/Sancaktepe/Mevlana,TRY,153.0,208000.0,0.6682692307692307,Неправдоподобная площадь,оставить,139000.0,есть ≥2 аналога train,площадь → пропуск
141150,Daire,1000.0,90.0,2+1,Yüksek Giriş,4,İstanbul/Gaziosmanpaşa/Sarıgöl,TRY,43.0,285000.0,0.0035087719298245615,"Цена < 5 000 TRY, Цена < 1% местной медианы",исключить,1000.0,есть ≥2 аналога train,без изменений
141456,Daire,220000.0,1.0,2+1,Yüksek Giriş,4,Burdur/Merkez/Emek,TRY,74.0,185000.0,1.1891891891891893,Неправдоподобная площадь,оставить,220000.0,есть ≥2 аналога train,площадь → пропуск
141741,Daire,157500.0,1.0,2+1,Yüksek Giriş,4,İstanbul/Sancaktepe/İnönü,TRY,36.0,262500.0,0.6,Неправдоподобная площадь,оставить,157500.0,есть ≥2 аналога train,площадь → пропуск
141944,Daire,157500.0,1.0,2+1,Yüksek Giriş,4,İstanbul/Sancaktepe/İnönü,TRY,36.0,262500.0,0.6,Неправдоподобная площадь,оставить,157500.0,есть ≥2 аналога train,площадь → пропуск
142434,Daire,1350.0,,3+1,Yüksek Giriş,4,İstanbul/Maltepe/Cevizli,TRY,133.0,440000.0,0.003068181818181818,"Цена < 5 000 TRY, Цена < 1% местной медианы",исключить,1350.0,есть ≥2 аналога train,без изменений
142519,Daire,150000.0,1.0,3+1,Yüksek Giriş,4,İstanbul/Sancaktepe/Atatürk,TRY,82.0,230000.0,0.6521739130434783,Неправдоподобная площадь,оставить,150000.0,есть ≥2 аналога train,площадь → пропуск
142593,Daire,150000.0,1.0,3+1,Yüksek Giriş,4,İstanbul/Sancaktepe/Abdurrahmangazi,TRY,325.0,239000.0,0.6276150627615062,Неправдоподобная площадь,оставить,150000.0,есть ≥2 аналога train,площадь → пропуск
142598,Daire,210000.0,1.0,2+1,Yüksek Giriş,4,İstanbul/Sancaktepe/Kemal Türkler,TRY,70.0,225000.0,0.9333333333333333,Неправдоподобная площадь,оставить,210000.0,есть ≥2 аналога train,площадь → пропуск
142963,Daire,145000.0,1.0,3+1,Yüksek Giriş,4,İstanbul/Sancaktepe/Kemal Türkler,TRY,70.0,225000.0,0.6444444444444445,Неправдоподобная площадь,оставить,145000.0,есть ≥2 аналога train,площадь → пропуск
143090,Daire,150000.0,1.0,3+1,Yüksek Giriş,4,İstanbul/Sancaktepe/Abdurrahmangazi,TRY,325.0,239000.0,0.6276150627615062,Неправдоподобная площадь,оставить,150000.0,есть ≥2 аналога train,площадь → пропуск
143311,Daire,103.0,,3+1,Yüksek Giriş,4,Malatya/Yeşilyurt/Koyunoğlu,TRY,30.0,130000.0,0.0007923076923076923,"Цена < 5 000 TRY, Цена < 1% местной медианы",исключить,103.0,есть ≥2 аналога train,без изменений
143333,Daire,145000.0,1.0,3+1,Yüksek Giriş,4,İstanbul/Sancaktepe/Kemal Türkler,TRY,70.0,225000.0,0.6444444444444445,Неправдоподобная площадь,оставить,145000.0,есть ≥2 аналога train,площадь → пропуск
143360,Daire,150000.0,1.0,3+1,Yüksek Giriş,4,İstanbul/Sancaktepe/Atatürk,TRY,82.0,230000.0,0.6521739130434783,Неправдоподобная площадь,оставить,150000.0,есть ≥2 аналога train,площадь → пропуск
144730,Daire,262000.0,10000.0,1+1,Yüksek Giriş,8,İstanbul/Bağcılar/Merkez,TRY,23.0,520000.0,0.5038461538461538,Неправдоподобная площадь,оставить,262000.0,есть ≥2 аналога train,площадь → пропуск
145449,Daire,235000.0,4.0,1+1,Yüksek Giriş,3,İstanbul/Ümraniye/Yamanevler,TRY,25.0,390000.0,0.6025641025641025,Неправдоподобная площадь,оставить,235000.0,есть ≥2 аналога train,площадь → пропуск
146284,Daire,149000.0,1.0,1+1,Yüksek Giriş,6,İstanbul/Çekmeköy/Aydınlar,TRY,108.0,250000.0,0.596,Неправдоподобная площадь,оставить,149000.0,есть ≥2 аналога train,площадь → пропуск
146635,Daire,235000.0,1.0,3+1,Yüksek Giriş,3,Kocaeli/Derince/Sırrıpaşa,TRY,31.0,215000.0,1.0930232558139534,Неправдоподобная площадь,оставить,235000.0,есть ≥2 аналога train,площадь → пропуск
147210,Daire,900.0,80.0,2+1,Yüksek Giriş,3,İzmir/Menderes/Kemalpaşa,TRY,58.0,310000.0,0.002903225806451613,"Цена < 5 000 TRY, Цена < 1% местной медианы",исключить,900.0,есть ≥2 аналога train,без изменений
147480,Daire,149000.0,1.0,1+1,Yüksek Giriş,6,İstanbul/Çekmeköy/Aydınlar,TRY,108.0,250000.0,0.596,Неправдоподобная площадь,оставить,149000.0,есть ≥2 аналога train,площадь → пропуск
148151,Daire,259000.0,10.0,2+1,Yüksek Giriş,5,İstanbul/Güngören/Güneştepe,TRY,28.0,280436.5,0.9235602355613481,Неправдоподобная площадь,оставить,259000.0,есть ≥2 аналога train,площадь → пропуск
149186,Daire,300000.0,1.0,2+1,Yüksek Giriş,5,İstanbul/Eyüpsultan/Yeşilpınar,TRY,15.0,240000.0,1.25,Неправдоподобная площадь,оставить,300000.0,есть ≥2 аналога train,площадь → пропуск
149753,Daire,210000.0,1.0,2+1,Yüksek Giriş,4,İstanbul/Sancaktepe/Kemal Türkler,TRY,70.0,225000.0,0.9333333333333333,Неправдоподобная площадь,оставить,210000.0,есть ≥2 аналога train,площадь → пропуск
151454,Daire,120000.0,1.0,3+1,Yüksek Giriş,4,Kocaeli/Körfez/İlimtepe,TRY,8.0,115000.0,1.0434782608695652,Неправдоподобная площадь,оставить,120000.0,есть ≥2 аналога train,площадь → пропуск
151897,Daire,150000.0,1.0,3+1,Yüksek Giriş,4,İstanbul/Sancaktepe/Atatürk,TRY,82.0,230000.0,0.6521739130434783,Неправдоподобная площадь,оставить,150000.0,есть ≥2 аналога train,площадь → пропуск
152119,Daire,210000.0,1.0,2+1,Yüksek Giriş,4,İstanbul/Sancaktepe/Kemal Türkler,TRY,70.0,225000.0,0.9333333333333333,Неправдоподобная площадь,оставить,210000.0,есть ≥2 аналога train,площадь → пропуск
152214,Daire,139000.0,1.0,2+1,Yüksek Giriş,4,İstanbul/Sancaktepe/Mevlana,TRY,153.0,208000.0,0.6682692307692307,Неправдоподобная площадь,оставить,139000.0,есть ≥2 аналога train,площадь → пропуск
152459,Daire,253000.0,10.0,2+1,Yüksek Giriş,5,İstanbul/Güngören/Güneştepe,TRY,28.0,280436.5,0.9021650177491161,Неправдоподобная площадь,оставить,253000.0,есть ≥2 аналога train,площадь → пропуск
152677,Daire,198000.0,10.0,2+1,Yüksek Giriş,5,İstanbul/Güngören/Güneştepe,TRY,28.0,280436.5,0.7060421878036561,Неправдоподобная площадь,оставить,198000.0,есть ≥2 аналога train,площадь → пропуск
152833,Daire,225000.0,10.0,2+1,Yüksek Giriş,5,İstanbul/Güngören/Güneştepe,TRY,28.0,280436.5,0.8023206679587,Неправдоподобная площадь,оставить,225000.0,есть ≥2 аналога train,площадь → пропуск
152858,Daire,139000.0,1.0,2+1,Yüksek Giriş,4,İstanbul/Sancaktepe/Mevlana,TRY,153.0,208000.0,0.6682692307692307,Неправдоподобная площадь,оставить,139000.0,есть ≥2 аналога train,площадь → пропуск
153414,Daire,150000.0,1.0,3+1,Yüksek Giriş,4,İstanbul/Sancaktepe/Abdurrahmangazi,TRY,325.0,239000.0,0.6276150627615062,Неправдоподобная площадь,оставить,150000.0,есть ≥2 аналога train,площадь → пропуск
153416,Daire,150000.0,1.0,3+1,Yüksek Giriş,4,İstanbul/Sancaktepe/Atatürk,TRY,82.0,230000.0,0.6521739130434783,Неправдоподобная площадь,оставить,150000.0,есть ≥2 аналога train,площадь → пропуск
153600,Daire,355000.0,1.0,5+1,Çatı Katı,3,Aydın/Efeler/Efeler,TRY,80.0,277500.0,1.2792792792792793,Неправдоподобная площадь,оставить,355000.0,есть ≥2 аналога train,площадь → пропуск
153651,Daire,128000.0,1.0,2+1,Çatı Katı,3,Kocaeli/Başiskele/Körfez,TRY,14.0,230000.0,0.5565217391304348,Неправдоподобная площадь,оставить,128000.0,есть ≥2 аналога train,площадь → пропуск
153983,Daire,1500.0,,3+1,Çatı Katı,3,İstanbul/Çekmeköy/Çamlık,TRY,37.0,290000.0,0.005172413793103448,"Цена < 5 000 TRY, Цена < 1% местной медианы",исключить,1500.0,есть ≥2 аналога train,без изменений
154258,Daire,128000.0,1.0,2+1,Çatı Katı,3,Kocaeli/Başiskele/Körfez,TRY,14.0,230000.0,0.5565217391304348,Неправдоподобная площадь,оставить,128000.0,есть ≥2 аналога train,площадь → пропуск
154899,Daire,355000.0,1.0,5+1,Çatı Katı,3,Aydın/Efeler/Efeler,TRY,80.0,277500.0,1.2792792792792793,Неправдоподобная площадь,оставить,355000.0,есть ≥2 аналога train,площадь → пропуск
155598,Rezidans,3817864.3788,514783.0,2+1,1,10-20 arası,İstanbul/Sarıyer/Maslak,GBP,164.0,1500000.0,2.5452429192,Неправдоподобная площадь,оставить,570222.0,есть ≥2 аналога train,площадь → пропуск
155733,Daire,99000.0,1.0,1+1,1,3,Burdur/Merkez/Emek,TRY,74.0,185000.0,0.5351351351351351,Неправдоподобная площадь,оставить,99000.0,есть ≥2 аналога train,площадь → пропуск
156524,Daire,250000.0,120000.0,3+1,1,,Eskişehir/Tepebaşı/Kumlubel,TRY,137.0,225000.0,1.1111111111111112,Неправдоподобная площадь,оставить,250000.0,есть ≥2 аналога train,площадь → пропуск
157160,Daire,270000.0,1.0,3+1,1,3,Aydın/Efeler/Efeler,TRY,80.0,277500.0,0.972972972972973,Неправдоподобная площадь,оставить,270000.0,есть ≥2 аналога train,площадь → пропуск
158439,Daire,900.0,,3+1,1,3,Aksaray/Merkez/Çerdiğin,TRY,15.0,225000.0,0.004,"Цена < 5 000 TRY, Цена < 1% местной медианы",исключить,900.0,есть ≥2 аналога train,без изменений
158763,Daire,750.0,,1+1,1,3,Denizli/Pamukkale/15 Mayıs,TRY,37.0,110000.0,0.006818181818181818,"Цена < 5 000 TRY, Цена < 1% местной медианы",исключить,750.0,есть ≥2 аналога train,без изменений
159010,Daire,308000.0,10.0,2+1,1,5,İstanbul/Güngören/Gençosman,TRY,31.0,350000.0,0.88,Неправдоподобная площадь,оставить,308000.0,есть ≥2 аналога train,площадь → пропуск
159225,Daire,350000.0,1.0,3+1,1,5,Burdur/Merkez/Bahçelievler,TRY,30.0,265000.0,1.320754716981132,Неправдоподобная площадь,оставить,350000.0,есть ≥2 аналога train,площадь → пропуск
159878,Daire,330000.0,1.0,3+1,1,5,Burdur/Merkez/Bahçelievler,TRY,30.0,265000.0,1.2452830188679245,Неправдоподобная площадь,оставить,330000.0,есть ≥2 аналога train,площадь → пропуск
159942,Daire,330000.0,1.0,3+1,1,5,Burdur/Merkez/Bahçelievler,TRY,30.0,265000.0,1.2452830188679245,Неправдоподобная площадь,оставить,330000.0,есть ≥2 аналога train,площадь → пропуск
159967,Daire,350000.0,1.0,3+1,1,5,Burdur/Merkez/Bahçelievler,TRY,30.0,265000.0,1.320754716981132,Неправдоподобная площадь,оставить,350000.0,есть ≥2 аналога train,площадь → пропуск
160682,Daire,265.0,155.0,4+1,1,1,Ankara/Keçiören/Uyanış,TRY,89.0,220000.0,0.0012045454545454545,"Цена < 5 000 TRY, Цена < 1% местной медианы",исключить,265.0,есть ≥2 аналога train,без изменений
161362,Daire,270000.0,1.0,3+1,1,3,Aydın/Efeler/Girne,TRY,114.0,250000.0,1.08,Неправдоподобная площадь,оставить,270000.0,есть ≥2 аналога train,площадь → пропуск
163408,Daire,2000.0,132.0,3+1,1,4,İstanbul/Bakırköy/Yeşilköy,TRY,81.0,2650000.0,0.0007547169811320754,"Цена < 5 000 TRY, Цена < 1% местной медианы",исключить,2000.0,есть ≥2 аналога train,без изменений
163817,Daire,235000.0,5.0,2+1,1,4,İstanbul/Esenler/Menderes,TRY,46.0,282000.0,0.8333333333333334,Неправдоподобная площадь,оставить,235000.0,есть ≥2 аналога train,площадь → пропуск
167688,Daire,1200.0,90.0,2+1,1,4,İzmir/Buca/Güven,TRY,21.0,240000.0,0.005,"Цена < 5 000 TRY, Цена < 1% местной медианы",исключить,1200.0,есть ≥2 аналога train,без изменений
167894,Daire,235000.0,5.0,2+1,1,4,İstanbul/Esenler/Menderes,TRY,46.0,282000.0,0.8333333333333334,Неправдоподобная площадь,оставить,235000.0,есть ≥2 аналога train,площадь → пропуск
168323,Daire,235000.0,5.0,2+1,1,4,İstanbul/Esenler/Menderes,TRY,46.0,282000.0,0.8333333333333334,Неправдоподобная площадь,оставить,235000.0,есть ≥2 аналога train,площадь → пропуск
170300,Daire,750.0,,2+1,1,5,Ankara/Etimesgut/İstasyon,TRY,247.0,199000.0,0.0037688442211055275,"Цена < 5 000 TRY, Цена < 1% местной медианы",исключить,750.0,есть ≥2 аналога train,без изменений
170752,Daire,270000.0,1.0,3+1,1,5,İstanbul/Esenyurt/Güzelyurt,TRY,342.0,199000.0,1.35678391959799,Неправдоподобная площадь,оставить,270000.0,есть ≥2 аналога train,площадь → пропуск
171082,Daire,125000000.0,,2+1,1,5,Kayseri/Melikgazi/Aydınlıkevler,TRY,14.0,290000.0,431.0344827586207,"Цена > 50 млн TRY, Цена > 20 местных медиан",исключить,125000000.0,есть ≥2 аналога train,без изменений
171831,Daire,390000.0,8275.0,2+1,1,4,İstanbul/Üsküdar/Kısıklı,TRY,72.0,420000.0,0.9285714285714286,Неправдоподобная площадь,оставить,390000.0,есть ≥2 аналога train,площадь → пропуск
172608,Daire,750.0,,2+1,1,5,Ankara/Etimesgut/İstasyon,TRY,247.0,199000.0,0.0037688442211055275,"Цена < 5 000 TRY, Цена < 1% местной медианы",исключить,750.0,есть ≥2 аналога train,без изменений
172889,Daire,125000000.0,,2+1,1,5,Kayseri/Melikgazi/Aydınlıkevler,TRY,14.0,290000.0,431.0344827586207,"Цена > 50 млн TRY, Цена > 20 местных медиан",исключить,125000000.0,есть ≥2 аналога train,без изменений
173178,Daire,290000.0,10.0,3+1,1,2,Ankara/Çankaya/Osman Temiz,TRY,20.0,309500.0,0.9369951534733441,Неправдоподобная площадь,оставить,290000.0,есть ≥2 аналога train,площадь → пропуск
173559,Daire,170.0,120.0,3+1,1,4,Ankara/Mamak/Durali Alıç,TRY,66.0,250000.0,0.00068,"Цена < 5 000 TRY, Цена < 1% местной медианы",исключить,170.0,есть ≥2 аналога train,без изменений
174421,Daire,800.0,,2+1,1,5,Malatya/Battalgazi/Hacı Abdi,TRY,35.0,145000.0,0.005517241379310344,"Цена < 5 000 TRY, Цена < 1% местной медианы",исключить,800.0,есть ≥2 аналога train,без изменений
175451,Daire,800.0,90.0,3+1,1,2,Ankara/Altındağ/Aydınlıkevler,TRY,95.0,250000.0,0.0032,"Цена < 5 000 TRY, Цена < 1% местной медианы",исключить,800.0,есть ≥2 аналога train,без изменений
175485,Daire,260000.0,1.0,3+1,1,6,İstanbul/Esenyurt/İncirtepe,TRY,235.0,190000.0,1.368421052631579,Неправдоподобная площадь,оставить,260000.0,есть ≥2 аналога train,площадь → пропуск
175793,Daire,335000.0,3.0,3+1,1,6,İstanbul/Bahçelievler/Soğanlı,TRY,338.0,325000.0,1.0307692307692307,Неправдоподобная площадь,оставить,335000.0,есть ≥2 аналога train,площадь → пропуск
177035,Daire,295000.0,10.0,2+1,1,5,İstanbul/Güngören/Güneştepe,TRY,28.0,280436.5,1.0519315424347402,Неправдоподобная площадь,оставить,295000.0,есть ≥2 аналога train,площадь → пропуск
178671,Daire,600.0,141.0,+,1,3,Ankara/Pursaklar/Saray Cumhuriyet,TRY,51.0,237500.0,0.0025263157894736842,"Цена < 5 000 TRY, Цена < 1% местной медианы, Комнаты не разобраны",исключить,600.0,есть ≥2 аналога train,без изменений
179129,Daire,260000.0,1.0,3+1,1,6,İstanbul/Esenyurt/İncirtepe,TRY,235.0,190000.0,1.368421052631579,Неправдоподобная площадь,оставить,260000.0,есть ≥2 аналога train,площадь → пропуск
179402,Daire,207000.0,1.0,3+1,1,3,Kocaeli/Körfez/Yavuz Sultan Selim,TRY,94.0,131000.0,1.5801526717557253,Неправдоподобная площадь,оставить,207000.0,есть ≥2 аналога train,площадь → пропуск
179719,Daire,1750.0,195.0,3+1,1,3,Gaziantep/Şehitkamil/Pancarlı,TRY,12.0,880000.0,0.0019886363636363634,"Цена < 5 000 TRY, Цена < 1% местной медианы",исключить,1750.0,есть ≥2 аналога train,без изменений
180050,Daire,260000.0,1.0,3+1,1,6,İstanbul/Esenyurt/İncirtepe,TRY,235.0,190000.0,1.368421052631579,Неправдоподобная площадь,оставить,260000.0,есть ≥2 аналога train,площадь → пропуск
180304,Daire,305000.0,10.0,2+1,1,5,İstanbul/Güngören/Güneştepe,TRY,28.0,280436.5,1.0875902387884602,Неправдоподобная площадь,оставить,305000.0,есть ≥2 аналога train,площадь → пропуск
180739,Daire,325000.0,3.0,2+1,1,6,İstanbul/Pendik/Güzelyalı,TRY,150.0,305000.0,1.0655737704918034,Неправдоподобная площадь,оставить,325000.0,есть ≥2 аналога train,площадь → пропуск
182028,Daire,250000.0,105.0,3+1,2,1,Afyonkarahisar/Merkez/Yeşilyurt,TRY,1.0,230000.0,,Этаж выше этажности,оставить,250000.0,аналогов train меньше 2,этаж → пропуск
182029,Daire,430000.0,100.0,3+1,2,1,İstanbul/Küçükçekmece/Cumhuriyet,TRY,98.0,327500.0,1.3129770992366412,Этаж выше этажности,оставить,430000.0,есть ≥2 аналога train,этаж → пропуск
182032,Daire,350000.0,85.0,2+1,2,1,İstanbul/Pendik/Sapan Bağları,TRY,23.0,375000.0,0.9333333333333333,Этаж выше этажности,оставить,350000.0,есть ≥2 аналога train,этаж → пропуск
182033,Daire,430000.0,100.0,3+1,2,1,İstanbul/Küçükçekmece/Cumhuriyet,TRY,98.0,327500.0,1.3129770992366412,Этаж выше этажности,оставить,430000.0,есть ≥2 аналога train,этаж → пропуск
182035,Daire,199000.0,,2+1,2,1,İstanbul/Sancaktepe/Abdurrahmangazi,TRY,325.0,239000.0,0.8326359832635983,Этаж выше этажности,оставить,199000.0,есть ≥2 аналога train,этаж → пропуск
182037,Daire,156000.0,120.0,3+1,2,1,Kayseri/Melikgazi/Hürriyet,TRY,24.0,172500.0,0.9043478260869565,Этаж выше этажности,оставить,156000.0,есть ≥2 аналога train,этаж → пропуск
182042,Daire,235000.0,120.0,3+1,2,1,Eskişehir/Tepebaşı/Çamlıca,TRY,331.0,189000.0,1.2433862433862435,Этаж выше этажности,оставить,235000.0,есть ≥2 аналога train,этаж → пропуск
182043,Daire,195000.0,115.0,3+1,2,1,Sakarya/Adapazarı/Yağcılar,TRY,32.0,240000.0,0.8125,Этаж выше этажности,оставить,195000.0,есть ≥2 аналога train,этаж → пропуск
182044,Müstakil Ev,360000.0,120.0,2+1,2,1,Malatya/Yeşilyurt/Cevatpaşa,TRY,,,,Этаж выше этажности,оставить,360000.0,аналогов train меньше 2,этаж → пропуск
182045,Daire,80000.0,,1+1,2,1,Sakarya/Karasu/Aziziye,TRY,442.0,89500.0,0.8938547486033519,Этаж выше этажности,оставить,80000.0,есть ≥2 аналога train,этаж → пропуск
182046,Daire,350000.0,,2+1,2,1,İstanbul/Ümraniye/Armağanevler,TRY,179.0,425000.0,0.8235294117647058,Этаж выше этажности,оставить,350000.0,есть ≥2 аналога train,этаж → пропуск
182049,Daire,310000.0,81.0,2+1,2,1,İstanbul/Eyüpsultan/Karadolap,TRY,53.0,345000.0,0.8985507246376812,Этаж выше этажности,оставить,310000.0,есть ≥2 аналога train,этаж → пропуск
182051,Daire,420000.0,,2+1,2,1,İstanbul/Avcılar/Mustafa Kemal Paşa,TRY,451.0,190000.0,2.210526315789474,Этаж выше этажности,оставить,420000.0,есть ≥2 аналога train,этаж → пропуск
182054,Daire,240000.0,122.0,3+1,2,1,İstanbul/Esenyurt/Pınar,TRY,355.0,165000.0,1.4545454545454546,Этаж выше этажности,оставить,240000.0,есть ≥2 аналога train,этаж → пропуск
182056,Daire,350000.0,,2+1,2,1,İstanbul/Ümraniye/Armağanevler,TRY,179.0,425000.0,0.8235294117647058,Этаж выше этажности,оставить,350000.0,есть ≥2 аналога train,этаж → пропуск
182059,Daire,295000.0,125.0,3+1,2,1,Tekirdağ/Çorlu/Rumeli,TRY,54.0,230000.0,1.2826086956521738,Этаж выше этажности,оставить,295000.0,есть ≥2 аналога train,этаж → пропуск
182063,Daire,245000.0,200.0,3+1,2,1,Sivas/Merkez/Cami-İ Kebir,TRY,7.0,199000.0,1.2311557788944723,Этаж выше этажности,оставить,245000.0,есть ≥2 аналога train,этаж → пропуск
182064,Daire,196000.0,,3+1,2,1,Ankara/Mamak/General Zeki Doğan,TRY,200.0,165000.0,1.187878787878788,Этаж выше этажности,оставить,196000.0,есть ≥2 аналога train,этаж → пропуск
182072,Daire,125000.0,90.0,1+1,2,1,İstanbul/Esenyurt/Gökevler,TRY,34.0,317500.0,0.3937007874015748,Этаж выше этажности,оставить,125000.0,есть ≥2 аналога train,этаж → пропуск
182074,Daire,250000.0,120.0,3+1,2,1,İstanbul/Sultangazi/Cebeci,TRY,335.0,250000.0,1.0,Этаж выше этажности,оставить,250000.0,есть ≥2 аналога train,этаж → пропуск
182075,Daire,700000.0,130.0,3+1,2,1,Ankara/Altındağ/Çamlık,TRY,71.0,136000.0,5.147058823529412,Этаж выше этажности,оставить,700000.0,есть ≥2 аналога train,этаж → пропуск
182076,Daire,195000.0,120.0,3+1,2,1,Kocaeli/Kartepe/Fatih Sultan Mehmet,TRY,53.0,260000.0,0.75,Этаж выше этажности,оставить,195000.0,есть ≥2 аналога train,этаж → пропуск
182079,Daire,350000.0,,2+1,2,1,İstanbul/Ümraniye/Armağanevler,TRY,179.0,425000.0,0.8235294117647058,Этаж выше этажности,оставить,350000.0,есть ≥2 аналога train,этаж → пропуск
182084,Daire,160000.0,,1+1,2,1,Balıkesir/Altıeylül/Gümüsçesme,TRY,8.0,230000.0,0.6956521739130435,Этаж выше этажности,оставить,160000.0,есть ≥2 аналога train,этаж → пропуск
182089,Daire,235000.0,115.0,2+1,2,1,Uşak/Merkez/Fatih,TRY,15.0,210000.0,1.119047619047619,Этаж выше этажности,оставить,235000.0,есть ≥2 аналога train,этаж → пропуск
182090,Daire,189000.0,,3+1,2,1,Kocaeli/Darıca/Emek,TRY,36.0,225000.0,0.84,Этаж выше этажности,оставить,189000.0,есть ≥2 аналога train,этаж → пропуск
182092,Daire,350000.0,,2+1,2,1,İstanbul/Ümraniye/Armağanevler,TRY,179.0,425000.0,0.8235294117647058,Этаж выше этажности,оставить,350000.0,есть ≥2 аналога train,этаж → пропуск
182093,Daire,250000.0,95.0,2+1,2,1,İstanbul/Sultangazi/İsmetpaşa,TRY,466.0,257500.0,0.970873786407767,Этаж выше этажности,оставить,250000.0,есть ≥2 аналога train,этаж → пропуск
182095,Daire,132000.0,45.0,1+1,2,1,Edirne/Merkez/Medrese Ali Bey,TRY,25.0,155000.0,0.8516129032258064,Этаж выше этажности,оставить,132000.0,есть ≥2 аналога train,этаж → пропуск
182098,Daire,475000.0,120.0,3+1,2,1,Afyonkarahisar/Merkez/Selçuklu,TRY,89.0,315000.0,1.507936507936508,Этаж выше этажности,оставить,475000.0,есть ≥2 аналога train,этаж → пропуск
182100,Daire,189000.0,,3+1,2,1,Ankara/Pursaklar/Merkez,TRY,90.0,168000.0,1.125,Этаж выше этажности,оставить,189000.0,есть ≥2 аналога train,этаж → пропуск
182102,Daire,365000.0,66.0,1+1,2,1,İstanbul/Eyüpsultan/Sakarya,TRY,7.0,310000.0,1.1774193548387097,Этаж выше этажности,оставить,365000.0,есть ≥2 аналога train,этаж → пропуск
182103,Daire,289000.0,,2+1,2,1,İstanbul/Beylikdüzü/Cumhuriyet,TRY,2089.0,180000.0,1.6055555555555556,Этаж выше этажности,оставить,289000.0,есть ≥2 аналога train,этаж → пропуск
182105,Daire,195000.0,115.0,3+1,2,1,Sakarya/Adapazarı/Yağcılar,TRY,32.0,240000.0,0.8125,Этаж выше этажности,оставить,195000.0,есть ≥2 аналога train,этаж → пропуск
182112,Daire,350000.0,,2+1,2,1,İstanbul/Ümraniye/Armağanevler,TRY,179.0,425000.0,0.8235294117647058,Этаж выше этажности,оставить,350000.0,есть ≥2 аналога train,этаж → пропуск
182113,Daire,340000.0,120.0,3+1,2,1,İstanbul/Sancaktepe/İnönü,TRY,36.0,262500.0,1.2952380952380953,Этаж выше этажности,оставить,340000.0,есть ≥2 аналога train,этаж → пропуск
182115,Yazlık,70000.0,,1+1,2,1,Sakarya/Karasu/Aziziye,TRY,131.0,106000.0,0.660377358490566,Этаж выше этажности,оставить,70000.0,есть ≥2 аналога train,этаж → пропуск
182117,Daire,275000.0,135.0,3+1,2,1,Adıyaman/Merkez/Altınşehir,TRY,129.0,275000.0,1.0,Этаж выше этажности,оставить,275000.0,есть ≥2 аналога train,этаж → пропуск
182175,Daire,1999.0,95.0,3+1,2,,İstanbul/Maltepe/Bağlarbaşı,TRY,165.0,400000.0,0.0049975,"Цена < 5 000 TRY, Цена < 1% местной медианы",исключить,1999.0,есть ≥2 аналога train,без изменений
182462,Daire,1300.0,100.0,2+1,2,10-20 arası,İstanbul/Beylikdüzü/Cumhuriyet,TRY,2089.0,180000.0,0.007222222222222222,"Цена < 5 000 TRY, Цена < 1% местной медианы",исключить,1300.0,есть ≥2 аналога train,без изменений
182876,Daire,52000.0,280.0,4+1,2,,İstanbul/Beşiktaş/Bebek,TRY,25.0,9500000.0,0.0054736842105263155,Цена < 1% местной медианы,исключить,52000.0,есть ≥2 аналога train,без изменений
183722,Daire,2600000.0,1.0,8+1,2,2,Mersin/Mezitli/Merkez,TRY,416.0,280000.0,9.285714285714286,Неправдоподобная площадь,оставить,2600000.0,есть ≥2 аналога train,площадь → пропуск
185666,Daire,329000.0,10.0,3+1,2,3,Ankara/Keçiören/Yayla,TRY,114.0,246500.0,1.3346855983772818,Неправдоподобная площадь,оставить,329000.0,есть ≥2 аналога train,площадь → пропуск
185941,Daire,335000.0,1.0,3+1,2,3,Burdur/Merkez/Şirinevler,TRY,7.0,335000.0,1.0,Неправдоподобная площадь,оставить,335000.0,есть ≥2 аналога train,площадь → пропуск
187311,Daire,158000.0,80.0,2+1,3,2,Afyonkarahisar/Merkez/Nazmi Saatçi,TRY,36.0,171000.0,0.9239766081871345,Этаж выше этажности,оставить,158000.0,есть ≥2 аналога train,этаж → пропуск
188166,Daire,182000.0,115.0,3+1,3,2,Kocaeli/İzmit/Körfez,TRY,3.0,60000.0,3.033333333333333,Этаж выше этажности,оставить,182000.0,есть ≥2 аналога train,этаж → пропуск
188631,Daire,170000.0,100.0,2+1,3,1,İstanbul/Beylikdüzü/Beylikdüzü OSB,TRY,737.0,169000.0,1.0059171597633136,Этаж выше этажности,оставить,170000.0,есть ≥2 аналога train,этаж → пропуск
188950,Daire,160000.0,80.0,3+1,3,2,İstanbul/Esenyurt/Balıkyolu,TRY,240.0,165000.0,0.9696969696969697,Этаж выше этажности,оставить,160000.0,есть ≥2 аналога train,этаж → пропуск
189012,Daire,375000.0,,3+1,3,2,Aydın/Efeler/Mimar Sinan,TRY,101.0,350000.0,1.0714285714285714,Этаж выше этажности,оставить,375000.0,есть ≥2 аналога train,этаж → пропуск
189042,Daire,1450.0,,3+1,3,5,İstanbul/Çekmeköy/Mimar Sinan,TRY,54.0,378000.0,0.003835978835978836,"Цена < 5 000 TRY, Цена < 1% местной медианы",исключить,1450.0,есть ≥2 аналога train,без изменений
189757,Daire,235000.0,1.0,3+1,3,3,Burdur/Merkez/Şirinevler,TRY,7.0,335000.0,0.7014925373134329,Неправдоподобная площадь,оставить,235000.0,есть ≥2 аналога train,площадь → пропуск
190358,Daire,77000.0,75.0,2+1,3,1,Sakarya/Karasu/Yalı,TRY,704.0,110000.0,0.7,Этаж выше этажности,оставить,77000.0,есть ≥2 аналога train,этаж → пропуск
190713,Daire,285000.0,105.0,2+1,3,2,Manisa/Salihli/Cumhuriyet,TRY,75.0,285000.0,1.0,Этаж выше этажности,оставить,285000.0,есть ≥2 аналога train,этаж → пропуск
190740,Daire,310000.0,,3+1,3,1,Tekirdağ/Çorlu/Rumeli,TRY,54.0,230000.0,1.3478260869565217,Этаж выше этажности,оставить,310000.0,есть ≥2 аналога train,этаж → пропуск
191015,Daire,280000.0,135.0,3+1,3,2,Ankara/Etimesgut/Ahi Mesut,TRY,133.0,390000.0,0.717948717948718,Этаж выше этажности,оставить,280000.0,есть ≥2 аналога train,этаж → пропуск
191637,Daire,77000.0,75.0,2+1,3,1,Sakarya/Karasu/Yalı,TRY,704.0,110000.0,0.7,Этаж выше этажности,оставить,77000.0,есть ≥2 аналога train,этаж → пропуск
191727,Daire,158000.0,90.0,2+1,3,2,Düzce/Merkez/Fatih,TRY,6.0,134500.0,1.174721189591078,Этаж выше этажности,оставить,158000.0,есть ≥2 аналога train,этаж → пропуск
191916,Daire,158000.0,80.0,2+1,3,2,Afyonkarahisar/Merkez/Nazmi Saatçi,TRY,36.0,171000.0,0.9239766081871345,Этаж выше этажности,оставить,158000.0,есть ≥2 аналога train,этаж → пропуск
192056,Daire,169000.0,125.0,3+1,3,1,Ankara/Keçiören/Etlik,TRY,983.0,240000.0,0.7041666666666667,Этаж выше этажности,оставить,169000.0,есть ≥2 аналога train,этаж → пропуск
193199,Daire,2450000.0,150.0,3+1,3,1,İstanbul/Kadıköy/Caddebostan,TRY,261.0,1750000.0,1.4,Этаж выше этажности,оставить,2450000.0,есть ≥2 аналога train,этаж → пропуск
193302,Daire,305000.0,85.0,2+1,3,2,İstanbul/Küçükçekmece/Kemalpaşa,TRY,14.0,217500.0,1.4022988505747127,Этаж выше этажности,оставить,305000.0,есть ≥2 аналога train,этаж → пропуск
193468,Daire,170000.0,125.0,3+1,3,1,Ankara/Keçiören/Yayla,TRY,114.0,246500.0,0.6896551724137931,Этаж выше этажности,оставить,170000.0,есть ≥2 аналога train,этаж → пропуск
193479,Daire,750.0,150.0,3+1,3,8,Kahramanmaraş/Onikişubat/Hürriyet,TRY,31.0,210000.0,0.0035714285714285713,"Цена < 5 000 TRY, Цена < 1% местной медианы",исключить,750.0,есть ≥2 аналога train,без изменений
193606,Daire,255000.0,135.0,3+1,3,2,Çanakkale/Merkez/Kepez Bld. (Boğazkent),TRY,71.0,210000.0,1.2142857142857142,Этаж выше этажности,оставить,255000.0,есть ≥2 аналога train,этаж → пропуск
193802,Daire,365000.0,110.0,3+1,3,1,Isparta/Merkez/Emre,TRY,9.0,650000.0,0.5615384615384615,Этаж выше этажности,оставить,365000.0,есть ≥2 аналога train,этаж → пропуск
193980,Daire,385.0,115.0,2+1,3,5,İstanbul/Beylikdüzü/Adnan Kahveci,TRY,795.0,435000.0,0.0008850574712643678,"Цена < 5 000 TRY, Цена < 1% местной медианы",исключить,385.0,есть ≥2 аналога train,без изменений
194150,Daire,305000.0,85.0,2+1,3,2,İstanbul/Küçükçekmece/Kemalpaşa,TRY,14.0,217500.0,1.4022988505747127,Этаж выше этажности,оставить,305000.0,есть ≥2 аналога train,этаж → пропуск
194216,Daire,205000.0,1.0,2+1,3,4,İstanbul/Sancaktepe/Mevlana,TRY,153.0,208000.0,0.9855769230769231,Неправдоподобная площадь,оставить,205000.0,есть ≥2 аналога train,площадь → пропуск
194330,Daire,750.0,117.0,3+1,3,5,Ankara/Etimesgut/Güzelkent,TRY,36.0,225000.0,0.0033333333333333335,"Цена < 5 000 TRY, Цена < 1% местной медианы",исключить,750.0,есть ≥2 аналога train,без изменений
194675,Daire,270000.0,145.0,3+1,3,2,Düzce/Merkez/Koçyazı,TRY,69.0,169000.0,1.5976331360946745,Этаж выше этажности,оставить,270000.0,есть ≥2 аналога train,этаж → пропуск
194740,Daire,205000.0,1.0,2+1,3,4,Burdur/Merkez/Bağlar,TRY,8.0,310000.0,0.6612903225806451,Неправдоподобная площадь,оставить,205000.0,есть ≥2 аналога train,площадь → пропуск
194778,Daire,175000.0,,2+1,3,1,İstanbul/Beylikdüzü/Cumhuriyet,TRY,2089.0,180000.0,0.9722222222222222,Этаж выше этажности,оставить,175000.0,есть ≥2 аналога train,этаж → пропуск
195894,Daire,205000.0,1.0,2+1,3,4,Burdur/Merkez/Bağlar,TRY,8.0,310000.0,0.6612903225806451,Неправдоподобная площадь,оставить,205000.0,есть ≥2 аналога train,площадь → пропуск
196043,Daire,81000.0,90.0,2+1,3,1,İstanbul/Avcılar/Cihangir,TRY,470.0,249000.0,0.3253012048192771,Этаж выше этажности,оставить,81000.0,есть ≥2 аналога train,этаж → пропуск
196138,Daire,1000.0,,4+1,3,3,Ankara/Mamak/Durali Alıç,TRY,66.0,250000.0,0.004,"Цена < 5 000 TRY, Цена < 1% местной медианы",исключить,1000.0,есть ≥2 аналога train,без изменений
196182,Daire,2450000.0,150.0,3+1,3,1,İstanbul/Kadıköy/Caddebostan,TRY,261.0,1750000.0,1.4,Этаж выше этажности,оставить,2450000.0,есть ≥2 аналога train,этаж → пропуск
196979,Daire,195000.0,,+,3,3,Ankara/Mamak/General Zeki Doğan,TRY,200.0,165000.0,1.1818181818181819,Комнаты не разобраны,оставить,195000.0,есть ≥2 аналога train,без изменений
197627,Daire,280000.0,135.0,3+1,3,2,Ankara/Etimesgut/Ahi Mesut,TRY,133.0,390000.0,0.717948717948718,Этаж выше этажности,оставить,280000.0,есть ≥2 аналога train,этаж → пропуск
197687,Daire,273000.0,85.0,2+1,3,1,İstanbul/Tuzla/Yayla,TRY,141.0,400000.0,0.6825,Этаж выше этажности,оставить,273000.0,есть ≥2 аналога train,этаж → пропуск
197803,Daire,340000.0,92.0,2+1,3,2,İstanbul/Tuzla/Aydınlı,TRY,225.0,270000.0,1.2592592592592593,Этаж выше этажности,оставить,340000.0,есть ≥2 аналога train,этаж → пропуск
198609,Daire,360000.0,180.0,3+2,3,2,İstanbul/Avcılar/Cihangir,TRY,470.0,249000.0,1.4457831325301205,Этаж выше этажности,оставить,360000.0,есть ≥2 аналога train,этаж → пропуск
198648,Daire,215000.0,100.0,2+1,3,1,İstanbul/Esenyurt/Pınar,TRY,355.0,165000.0,1.303030303030303,Этаж выше этажности,оставить,215000.0,есть ≥2 аналога train,этаж → пропуск
198678,Daire,158000.0,80.0,2+1,3,2,Afyonkarahisar/Merkez/Nazmi Saatçi,TRY,36.0,171000.0,0.9239766081871345,Этаж выше этажности,оставить,158000.0,есть ≥2 аналога train,этаж → пропуск
198865,Daire,182000.0,115.0,3+1,3,2,Kocaeli/İzmit/Körfez,TRY,3.0,60000.0,3.033333333333333,Этаж выше этажности,оставить,182000.0,есть ≥2 аналога train,этаж → пропуск
198950,Daire,205000.0,1.0,2+1,3,4,İstanbul/Sancaktepe/Mevlana,TRY,153.0,208000.0,0.9855769230769231,Неправдоподобная площадь,оставить,205000.0,есть ≥2 аналога train,площадь → пропуск
199327,Daire,169000.0,,3+1,3,2,Ankara/Keçiören/Kalaba,TRY,23.0,169000.0,1.0,Этаж выше этажности,оставить,169000.0,есть ≥2 аналога train,этаж → пропуск
199328,Daire,235000.0,1.0,2+1,3,3,Burdur/Merkez/Aydınlıkevler,TRY,8.0,235000.0,1.0,Неправдоподобная площадь,оставить,235000.0,есть ≥2 аналога train,площадь → пропуск
199388,Daire,249000.0,3.0,2+1,3,4,İstanbul/Zeytinburnu/Çırpıcı,TRY,39.0,360000.0,0.6916666666666667,Неправдоподобная площадь,оставить,249000.0,есть ≥2 аналога train,площадь → пропуск
199520,Daire,178000.0,115.0,3+1,3,2,Kocaeli/Kartepe/Ertuğrul Gazi,TRY,32.0,199500.0,0.8922305764411027,Этаж выше этажности,оставить,178000.0,есть ≥2 аналога train,этаж → пропуск
199706,Daire,270000.0,135.0,3+1,3,2,Ankara/Keçiören/Etlik,TRY,983.0,240000.0,1.125,Этаж выше этажности,оставить,270000.0,есть ≥2 аналога train,этаж → пропуск
199881,Villa,3000.0,300.0,5+2,3,3,İstanbul/Esenyurt/Mehterçeşme,TRY,1.0,2100000.0,,Цена < 5 000 TRY,исключить,3000.0,аналогов train меньше 2,без изменений
200221,Daire,310000.0,,3+1,3,1,Tekirdağ/Çorlu/Rumeli,TRY,54.0,230000.0,1.3478260869565217,Этаж выше этажности,оставить,310000.0,есть ≥2 аналога train,этаж → пропуск
200583,Daire,270000.0,135.0,3+1,3,2,Ankara/Keçiören/Etlik,TRY,983.0,240000.0,1.125,Этаж выше этажности,оставить,270000.0,есть ≥2 аналога train,этаж → пропуск
201047,Daire,305000.0,1.0,3+1,3,4,İstanbul/Bahçelievler/Yenibosna Merkez,TRY,497.0,285000.0,1.0701754385964912,Неправдоподобная площадь,оставить,305000.0,есть ≥2 аналога train,площадь → пропуск
201495,Daire,180000.0,,3+1,3,2,Ankara/Mamak/General Zeki Doğan,TRY,200.0,165000.0,1.0909090909090908,Этаж выше этажности,оставить,180000.0,есть ≥2 аналога train,этаж → пропуск
201853,Daire,153000.0,114.0,2+1,3,1,Aydın/Nazilli/Aydoğdu,TRY,25.0,190000.0,0.8052631578947368,Этаж выше этажности,оставить,153000.0,есть ≥2 аналога train,этаж → пропуск
202288,Daire,147000.0,85.0,2+1,3,2,Tekirdağ/Çorlu/Nusratiye,TRY,133.0,175000.0,0.84,Этаж выше этажности,оставить,147000.0,есть ≥2 аналога train,этаж → пропуск
202327,Daire,153000.0,114.0,2+1,3,1,Aydın/Nazilli/Aydoğdu,TRY,25.0,190000.0,0.8052631578947368,Этаж выше этажности,оставить,153000.0,есть ≥2 аналога train,этаж → пропуск
202443,Daire,775000.0,220.0,4+1,3,1,İzmir/Karşıyaka/Aksoy,TRY,69.0,465000.0,1.6666666666666667,Этаж выше этажности,оставить,775000.0,есть ≥2 аналога train,этаж → пропуск
202482,Daire,182000.0,115.0,3+1,3,2,Kocaeli/İzmit/Körfez,TRY,3.0,60000.0,3.033333333333333,Этаж выше этажности,оставить,182000.0,есть ≥2 аналога train,этаж → пропуск
202551,Daire,195000.0,,3+1,3,2,Ankara/Mamak/Çağlayan,TRY,23.0,160000.0,1.21875,Этаж выше этажности,оставить,195000.0,есть ≥2 аналога train,этаж → пропуск
202952,Daire,229000.0,200.0,6+2,3,2,Bursa/Osmangazi/Demirtaş Barbaros,TRY,152.0,176000.0,1.3011363636363635,Этаж выше этажности,оставить,229000.0,есть ≥2 аналога train,этаж → пропуск
203047,Daire,120000.0,55.0,1+1,3,2,Eskişehir/Tepebaşı/Ertuğrulgazi,TRY,112.0,261000.0,0.45977011494252873,Этаж выше этажности,оставить,120000.0,есть ≥2 аналога train,этаж → пропуск
203367,Daire,1500.0,80.0,2+1,3,10,İstanbul/Kadıköy/Suadiye,TRY,521.0,975000.0,0.0015384615384615385,"Цена < 5 000 TRY, Цена < 1% местной медианы",исключить,1500.0,есть ≥2 аналога train,без изменений
203707,Daire,191000.0,90.0,2+1,3,1,İstanbul/Esenyurt/İncirtepe,TRY,235.0,190000.0,1.0052631578947369,Этаж выше этажности,оставить,191000.0,есть ≥2 аналога train,этаж → пропуск
203891,Daire,340000.0,,3+1,3,2,Kocaeli/Kartepe/Dumlupınar,TRY,28.0,250000.0,1.36,Этаж выше этажности,оставить,340000.0,есть ≥2 аналога train,этаж → пропуск
204003,Daire,191000.0,90.0,2+1,3,1,İstanbul/Esenyurt/İncirtepe,TRY,235.0,190000.0,1.0052631578947369,Этаж выше этажности,оставить,191000.0,есть ≥2 аналога train,этаж → пропуск
204209,Daire,170000.0,60.0,1+1,3,1,İstanbul/Beylikdüzü/Yakuplu,TRY,653.0,225000.0,0.7555555555555555,Этаж выше этажности,оставить,170000.0,есть ≥2 аналога train,этаж → пропуск
204230,Daire,233000.0,120.0,3+1,3,2,İstanbul/Beylikdüzü/Cumhuriyet,TRY,2089.0,180000.0,1.2944444444444445,Этаж выше этажности,оставить,233000.0,есть ≥2 аналога train,этаж → пропуск
204393,Daire,1200.0,165.0,4+1,3,3,Aksaray/Merkez/Taşpazar,TRY,49.0,210000.0,0.005714285714285714,"Цена < 5 000 TRY, Цена < 1% местной медианы",исключить,1200.0,есть ≥2 аналога train,без изменений
204870,Daire,265000.0,165.0,3+1,3,2,Balıkesir/Bandırma/100. Yıl,TRY,25.0,195000.0,1.358974358974359,Этаж выше этажности,оставить,265000.0,есть ≥2 аналога train,этаж → пропуск
205209,Daire,250000.0,,2+1,3,1,İstanbul/Silivri/Mimar Sinan,TRY,24.0,230000.0,1.0869565217391304,Этаж выше этажности,оставить,250000.0,есть ≥2 аналога train,этаж → пропуск
205367,Daire,775000.0,220.0,4+1,3,1,İzmir/Karşıyaka/Aksoy,TRY,69.0,465000.0,1.6666666666666667,Этаж выше этажности,оставить,775000.0,есть ≥2 аналога train,этаж → пропуск
205670,Daire,375000.0,165.0,3+1,3,1,İstanbul/Avcılar/Ambarlı,TRY,143.0,270000.0,1.3888888888888888,Этаж выше этажности,оставить,375000.0,есть ≥2 аналога train,этаж → пропуск
205680,Daire,275000.0,120.0,3+1,3,1,Ankara/Keçiören/Yayla,TRY,114.0,246500.0,1.1156186612576064,Этаж выше этажности,оставить,275000.0,есть ≥2 аналога train,этаж → пропуск
205740,Daire,448000.0,130.0,3+1,3,2,Denizli/Merkezefendi/Servergazi,TRY,39.0,640000.0,0.7,Этаж выше этажности,оставить,448000.0,есть ≥2 аналога train,этаж → пропуск
205777,Daire,2300.0,,4+1,3,7,Bursa/Nilüfer/29 Ekim,TRY,39.0,429000.0,0.005361305361305362,"Цена < 5 000 TRY, Цена < 1% местной медианы",исключить,2300.0,есть ≥2 аналога train,без изменений
206085,Daire,230000.0,240.0,5+1,3,2,Sakarya/Hendek/Yeni,TRY,62.0,170000.0,1.3529411764705883,Этаж выше этажности,оставить,230000.0,есть ≥2 аналога train,этаж → пропуск
206625,Daire,550.0,,2+1,3,3,Kütahya/Merkez/Yunusemre,TRY,29.0,132000.0,0.004166666666666667,"Цена < 5 000 TRY, Цена < 1% местной медианы",исключить,550.0,есть ≥2 аналога train,без изменений
206794,Daire,240000.0,130.0,3+1,3,1,Aydın/Nazilli/Yeni,TRY,21.0,164500.0,1.458966565349544,Этаж выше этажности,оставить,240000.0,есть ≥2 аналога train,этаж → пропуск
206817,Daire,255000.0,135.0,3+1,3,2,Çanakkale/Merkez/Kepez Bld. (Boğazkent),TRY,71.0,210000.0,1.2142857142857142,Этаж выше этажности,оставить,255000.0,есть ≥2 аналога train,этаж → пропуск
207041,Daire,191000.0,90.0,2+1,3,1,İstanbul/Esenyurt/İncirtepe,TRY,235.0,190000.0,1.0052631578947369,Этаж выше этажности,оставить,191000.0,есть ≥2 аналога train,этаж → пропуск
207152,Daire,3500.0,,3+1,3,10,İstanbul/Kadıköy/Sahrayı Cedit,TRY,97.0,575000.0,0.00608695652173913,"Цена < 5 000 TRY, Цена < 1% местной медианы",исключить,3500.0,есть ≥2 аналога train,без изменений
207591,Daire,280000.0,135.0,3+1,3,2,Ankara/Etimesgut/Ahi Mesut,TRY,133.0,390000.0,0.717948717948718,Этаж выше этажности,оставить,280000.0,есть ≥2 аналога train,этаж → пропуск
208035,Daire,775000.0,220.0,4+1,3,1,İzmir/Karşıyaka/Aksoy,TRY,69.0,465000.0,1.6666666666666667,Этаж выше этажности,оставить,775000.0,есть ≥2 аналога train,этаж → пропуск
208056,Daire,145000.0,90.0,2+1,3,1,İstanbul/Esenyurt/Pınar,TRY,355.0,165000.0,0.8787878787878788,Этаж выше этажности,оставить,145000.0,есть ≥2 аналога train,этаж → пропуск
208276,Villa,355000.0,170.0,3+1,3,2,Sakarya/Kocaali/Yalı,TRY,71.0,280000.0,1.2678571428571428,Этаж выше этажности,оставить,355000.0,есть ≥2 аналога train,этаж → пропуск
208365,Daire,600.0,,3+1,3,3,Ankara/Mamak/Tuzluçayır,TRY,39.0,140000.0,0.004285714285714286,"Цена < 5 000 TRY, Цена < 1% местной медианы",исключить,600.0,есть ≥2 аналога train,без изменений
208651,Daire,450000.0,100.0,2+1,3,1,İstanbul/Zeytinburnu/Seyitnizam,TRY,13.0,770000.0,0.5844155844155844,Этаж выше этажности,оставить,450000.0,есть ≥2 аналога train,этаж → пропуск
209410,Daire,775000.0,220.0,4+1,3,1,İzmir/Karşıyaka/Aksoy,TRY,69.0,465000.0,1.6666666666666667,Этаж выше этажности,оставить,775000.0,есть ≥2 аналога train,этаж → пропуск
209718,Daire,280000.0,135.0,3+1,3,2,Ankara/Etimesgut/Ahi Mesut,TRY,133.0,390000.0,0.717948717948718,Этаж выше этажности,оставить,280000.0,есть ≥2 аналога train,этаж → пропуск
210010,Daire,1200.0,,1+1,3,3,İstanbul/Fatih/Sümbül Efendi,TRY,18.0,427500.0,0.002807017543859649,"Цена < 5 000 TRY, Цена < 1% местной медианы",исключить,1200.0,есть ≥2 аналога train,без изменений
210028,Daire,375000.0,,3+1,3,2,Aydın/Efeler/Mimar Sinan,TRY,101.0,350000.0,1.0714285714285714,Этаж выше этажности,оставить,375000.0,есть ≥2 аналога train,этаж → пропуск
210298,Daire,245000.0,1.0,4+1,3,3,Kocaeli/Körfez/Yavuz Sultan Selim,TRY,94.0,131000.0,1.8702290076335877,Неправдоподобная площадь,оставить,245000.0,есть ≥2 аналога train,площадь → пропуск
210436,Daire,450000.0,,3+1,3,2,Muğla/Marmaris/Bayır,TRY,1.0,450000.0,,Этаж выше этажности,оставить,450000.0,аналогов train меньше 2,этаж → пропуск
210544,Daire,165000.0,90.0,2+1,3,2,Adana/Seyhan/İsmetpaşa,TRY,15.0,157000.0,1.0509554140127388,Этаж выше этажности,оставить,165000.0,есть ≥2 аналога train,этаж → пропуск
210769,Daire,275000.0,220.0,4+1,3,2,İstanbul/Esenyurt/İnönü,TRY,322.0,170000.0,1.6176470588235294,Этаж выше этажности,оставить,275000.0,есть ≥2 аналога train,этаж → пропуск
211497,Daire,235000.0,1.0,2+1,3,3,Burdur/Merkez/Aydınlıkevler,TRY,8.0,235000.0,1.0,Неправдоподобная площадь,оставить,235000.0,есть ≥2 аналога train,площадь → пропуск
211841,Daire,152000.0,110.0,2+1,3,1,İstanbul/Esenyurt/Bağlarçeşme,TRY,382.0,156000.0,0.9743589743589743,Этаж выше этажности,оставить,152000.0,есть ≥2 аналога train,этаж → пропуск
212138,Daire,595000.0,,5+2,3,2,İstanbul/Bahçelievler/Kocasinan Merkez,TRY,264.0,360000.0,1.6527777777777777,Этаж выше этажности,оставить,595000.0,есть ≥2 аналога train,этаж → пропуск
212197,Daire,145000.0,,2+1,3,2,Sakarya/Karasu/Aziziye,TRY,442.0,89500.0,1.6201117318435754,Этаж выше этажности,оставить,145000.0,есть ≥2 аналога train,этаж → пропуск
212221,Daire,215000.0,65.0,2+1,3,1,İstanbul/Kartal/Hürriyet,TRY,121.0,310000.0,0.6935483870967742,Этаж выше этажности,оставить,215000.0,есть ≥2 аналога train,этаж → пропуск
212289,Daire,249000.0,3.0,2+1,3,4,İstanbul/Zeytinburnu/Çırpıcı,TRY,39.0,360000.0,0.6916666666666667,Неправдоподобная площадь,оставить,249000.0,есть ≥2 аналога train,площадь → пропуск
212646,Daire,158000.0,80.0,2+1,3,2,Afyonkarahisar/Merkez/Nazmi Saatçi,TRY,36.0,171000.0,0.9239766081871345,Этаж выше этажности,оставить,158000.0,есть ≥2 аналога train,этаж → пропуск
213244,Daire,595000.0,,5+2,3,2,İstanbul/Bahçelievler/Kocasinan Merkez,TRY,264.0,360000.0,1.6527777777777777,Этаж выше этажности,оставить,595000.0,есть ≥2 аналога train,этаж → пропуск
213335,Daire,95000.0,115.0,3+1,3,1,Düzce/Merkez/Güzelbahçe,TRY,8.0,101500.0,0.9359605911330049,Этаж выше этажности,оставить,95000.0,есть ≥2 аналога train,этаж → пропуск
213373,Daire,375000.0,,3+1,3,2,Aydın/Efeler/Mimar Sinan,TRY,101.0,350000.0,1.0714285714285714,Этаж выше этажности,оставить,375000.0,есть ≥2 аналога train,этаж → пропуск
213726,Daire,182000.0,115.0,3+1,3,2,Kocaeli/İzmit/Körfez,TRY,3.0,60000.0,3.033333333333333,Этаж выше этажности,оставить,182000.0,есть ≥2 аналога train,этаж → пропуск
214031,Daire,205000.0,1.0,2+1,3,4,İstanbul/Sancaktepe/Mevlana,TRY,153.0,208000.0,0.9855769230769231,Неправдоподобная площадь,оставить,205000.0,есть ≥2 аналога train,площадь → пропуск
214605,Daire,165000.0,115.0,3+1,3,2,Ankara/Keçiören/Ayvalı,TRY,444.0,189000.0,0.873015873015873,Этаж выше этажности,оставить,165000.0,есть ≥2 аналога train,этаж → пропуск
215326,Daire,13000000.0,,3+1,3,10-20 arası,Adana/Seyhan/Tellidere,TRY,187.0,229000.0,56.76855895196506,Цена > 20 местных медиан,исключить,13000000.0,есть ≥2 аналога train,без изменений
215578,Daire,270000.0,135.0,3+1,3,2,Ankara/Keçiören/Etlik,TRY,983.0,240000.0,1.125,Этаж выше этажности,оставить,270000.0,есть ≥2 аналога train,этаж → пропуск
215617,Daire,147000.0,85.0,2+1,3,2,Tekirdağ/Çorlu/Nusratiye,TRY,133.0,175000.0,0.84,Этаж выше этажности,оставить,147000.0,есть ≥2 аналога train,этаж → пропуск
215740,Daire,595000.0,,5+2,3,2,İstanbul/Bahçelievler/Kocasinan Merkez,TRY,264.0,360000.0,1.6527777777777777,Этаж выше этажности,оставить,595000.0,есть ≥2 аналога train,этаж → пропуск
216178,Daire,100000.0,45.0,1+1,3,1,Kütahya/Merkez/Gaybiefendi,TRY,12.0,119000.0,0.8403361344537815,Этаж выше этажности,оставить,100000.0,есть ≥2 аналога train,этаж → пропуск
216490,Daire,190000.0,,2+1,3,2,Ankara/Çankaya/Murat,TRY,5.0,188000.0,1.0106382978723405,Этаж выше этажности,оставить,190000.0,есть ≥2 аналога train,этаж → пропуск
217164,Daire,340000.0,70.0,2+1,3,1,İzmir/Konak/Alsancak,TRY,10.0,1237500.0,0.27474747474747474,Этаж выше этажности,оставить,340000.0,есть ≥2 аналога train,этаж → пропуск
217233,Daire,270000.0,85.0,2+1,3,1,İstanbul/Maltepe/Fındıklı,TRY,158.0,257000.0,1.0505836575875487,Этаж выше этажности,оставить,270000.0,есть ≥2 аналога train,этаж → пропуск
217601,Daire,350000.0,165000.0,3+1,3,4,İstanbul/Beylikdüzü/Kavaklı,TRY,560.0,499000.0,0.7014028056112225,Неправдоподобная площадь,оставить,350000.0,есть ≥2 аналога train,площадь → пропуск
217629,Daire,300000.0,125.0,3+1,3,2,Eskişehir/Odunpazarı/Osmangazi,TRY,21.0,380000.0,0.7894736842105263,Этаж выше этажности,оставить,300000.0,есть ≥2 аналога train,этаж → пропуск
217804,Daire,280000.0,135.0,3+1,3,2,Ankara/Etimesgut/Ahi Mesut,TRY,133.0,390000.0,0.717948717948718,Этаж выше этажности,оставить,280000.0,есть ≥2 аналога train,этаж → пропуск
217866,Daire,275000.0,,3+1,3,2,Çanakkale/Merkez/Kepez Bld. (Boğazkent),TRY,71.0,210000.0,1.3095238095238095,Этаж выше этажности,оставить,275000.0,есть ≥2 аналога train,этаж → пропуск
218215,Daire,169000.0,,3+1,3,2,Ankara/Keçiören/Kalaba,TRY,23.0,169000.0,1.0,Этаж выше этажности,оставить,169000.0,есть ≥2 аналога train,этаж → пропуск
218639,Daire,750.0,117.0,3+1,3,5,Ankara/Etimesgut/Güzelkent,TRY,36.0,225000.0,0.0033333333333333335,"Цена < 5 000 TRY, Цена < 1% местной медианы",исключить,750.0,есть ≥2 аналога train,без изменений
218869,Daire,235000.0,1.0,3+1,3,3,Burdur/Merkez/Şirinevler,TRY,7.0,335000.0,0.7014925373134329,Неправдоподобная площадь,оставить,235000.0,есть ≥2 аналога train,площадь → пропуск
219095,Daire,375000.0,,3+1,3,2,Aydın/Efeler/Mimar Sinan,TRY,101.0,350000.0,1.0714285714285714,Этаж выше этажности,оставить,375000.0,есть ≥2 аналога train,этаж → пропуск
219229,Daire,375000.0,130.0,3+1,4,3,Denizli/Pamukkale/Mehmetçik,TRY,62.0,407500.0,0.9202453987730062,Этаж выше этажности,оставить,375000.0,есть ≥2 аналога train,этаж → пропуск
219329,Daire,1050000.0,173.0,2+2,4,3,İstanbul/Maltepe/Altıntepe,TRY,186.0,417500.0,2.5149700598802394,Этаж выше этажности,оставить,1050000.0,есть ≥2 аналога train,этаж → пропуск
219512,Daire,230000.0,100.0,2+1,4,2,Denizli/Pamukkale/Bağbaşı,TRY,108.0,275000.0,0.8363636363636363,Этаж выше этажности,оставить,230000.0,есть ≥2 аналога train,этаж → пропуск
219704,Daire,123000.0,,1+1,4,2,Konya/Selçuklu/Kosova,TRY,100.0,190000.0,0.6473684210526316,Этаж выше этажности,оставить,123000.0,есть ≥2 аналога train,этаж → пропуск
219716,Daire,238000.0,118.0,2+1,4,3,Denizli/Pamukkale/İstiklal,TRY,61.0,210000.0,1.1333333333333333,Этаж выше этажности,оставить,238000.0,есть ≥2 аналога train,этаж → пропуск
219730,Daire,238000.0,118.0,2+1,4,3,Denizli/Pamukkale/İstiklal,TRY,61.0,210000.0,1.1333333333333333,Этаж выше этажности,оставить,238000.0,есть ≥2 аналога train,этаж → пропуск
220191,Daire,169000.0,,5+1,4,3,Ankara/Etimesgut/Bağlıca,TRY,431.0,495000.0,0.3414141414141414,Этаж выше этажности,оставить,169000.0,есть ≥2 аналога train,этаж → пропуск
220211,Daire,180000.0,1.0,3+1,4,10-20 arası,Samsun/İlkadım/Kışla,TRY,90.0,215000.0,0.8372093023255814,Неправдоподобная площадь,оставить,180000.0,есть ≥2 аналога train,площадь → пропуск
220288,Daire,180000.0,1.0,3+1,4,10-20 arası,Samsun/İlkadım/Kışla,TRY,90.0,215000.0,0.8372093023255814,Неправдоподобная площадь,оставить,180000.0,есть ≥2 аналога train,площадь → пропуск
220333,Daire,310000.0,150.0,3+1,4,2,Gaziantep/Şahinbey/Ertuğrulgazi,TRY,54.0,280000.0,1.1071428571428572,Этаж выше этажности,оставить,310000.0,есть ≥2 аналога train,этаж → пропуск
220436,Daire,180000.0,1.0,3+1,4,10-20 arası,Samsun/İlkadım/Kışla,TRY,90.0,215000.0,0.8372093023255814,Неправдоподобная площадь,оставить,180000.0,есть ≥2 аналога train,площадь → пропуск
220439,Daire,290000.0,75.0,2+1,4,2,İstanbul/Maltepe/Altıntepe,TRY,186.0,417500.0,0.6946107784431138,Этаж выше этажности,оставить,290000.0,есть ≥2 аналога train,этаж → пропуск
220482,Daire,123000.0,,1+1,4,2,Konya/Selçuklu/Kosova,TRY,100.0,190000.0,0.6473684210526316,Этаж выше этажности,оставить,123000.0,есть ≥2 аналога train,этаж → пропуск
220531,Daire,1650.0,90.0,2+1,4,10-20 arası,İstanbul/Ümraniye/İstiklal,TRY,71.0,405000.0,0.004074074074074074,"Цена < 5 000 TRY, Цена < 1% местной медианы",исключить,1650.0,есть ≥2 аналога train,без изменений
221031,Daire,123000.0,,1+1,4,2,Konya/Selçuklu/Kosova,TRY,100.0,190000.0,0.6473684210526316,Этаж выше этажности,оставить,123000.0,есть ≥2 аналога train,этаж → пропуск
221072,Daire,335000.0,120.0,3+1,4,1,İstanbul/Bahçelievler/Siyavuşpaşa,TRY,800.0,420000.0,0.7976190476190477,Этаж выше этажности,оставить,335000.0,есть ≥2 аналога train,этаж → пропуск
221104,Daire,235000.0,165.0,3+1,4,2,Gaziantep/Şahinbey/Ertuğrulgazi,TRY,54.0,280000.0,0.8392857142857143,Этаж выше этажности,оставить,235000.0,есть ≥2 аналога train,этаж → пропуск
221186,Daire,405000.0,140.0,3+1,4,3,Antalya/Muratpaşa/Meydankavağı,TRY,271.0,350000.0,1.1571428571428573,Этаж выше этажности,оставить,405000.0,есть ≥2 аналога train,этаж → пропуск
221288,Daire,330000.0,110.0,3+1,4,1,İstanbul/Bahçelievler/Şirinevler,TRY,425.0,337000.0,0.9792284866468842,Этаж выше этажности,оставить,330000.0,есть ≥2 аналога train,этаж → пропуск
221330,Daire,270000.0,120.0,3+1,4,3,İstanbul/Sancaktepe/Abdurrahmangazi,TRY,325.0,239000.0,1.1297071129707112,Этаж выше этажности,оставить,270000.0,есть ≥2 аналога train,этаж → пропуск
221365,Daire,190000.0,120.0,3+1,4,3,Düzce/Merkez/Koçyazı,TRY,69.0,169000.0,1.1242603550295858,Этаж выше этажности,оставить,190000.0,есть ≥2 аналога train,этаж → пропуск
221406,Daire,350000.0,120.0,3+1,4,3,İzmir/Karşıyaka/Zübeyde Hanım,TRY,14.0,370000.0,0.9459459459459459,Этаж выше этажности,оставить,350000.0,есть ≥2 аналога train,этаж → пропуск
221537,Daire,333000.0,,2+1,4,1,İstanbul/Maltepe/Bağlarbaşı,TRY,165.0,400000.0,0.8325,Этаж выше этажности,оставить,333000.0,есть ≥2 аналога train,этаж → пропуск
221608,Daire,270000.0,120.0,3+1,4,3,İstanbul/Sancaktepe/Abdurrahmangazi,TRY,325.0,239000.0,1.1297071129707112,Этаж выше этажности,оставить,270000.0,есть ≥2 аналога train,этаж → пропуск
221708,Daire,117000.0,,1+1,4,3,Denizli/Pamukkale/Topraklık,TRY,36.0,174500.0,0.670487106017192,Этаж выше этажности,оставить,117000.0,есть ≥2 аналога train,этаж → пропуск
222007,Daire,410000.0,240.0,5+1,4,1,Ankara/Çankaya/Zafertepe,TRY,7.0,230000.0,1.7826086956521738,Этаж выше этажности,оставить,410000.0,есть ≥2 аналога train,этаж → пропуск
222107,Daire,107000.0,,2+1,4,2,Tekirdağ/Çorlu/Kemalettin,TRY,91.0,138000.0,0.7753623188405797,Этаж выше этажности,оставить,107000.0,есть ≥2 аналога train,этаж → пропуск
222265,Daire,290000.0,75.0,2+1,4,2,İstanbul/Maltepe/Altıntepe,TRY,186.0,417500.0,0.6946107784431138,Этаж выше этажности,оставить,290000.0,есть ≥2 аналога train,этаж → пропуск
222681,Daire,135000.0,,1+1,4,2,Eskişehir/Tepebaşı/Eskibağlar,TRY,46.0,153500.0,0.8794788273615635,Этаж выше этажности,оставить,135000.0,есть ≥2 аналога train,этаж → пропуск
222838,Daire,175.0,85.0,2+1,4,5,İstanbul/Esenler/Tuna,TRY,60.0,245000.0,0.0007142857142857143,"Цена < 5 000 TRY, Цена < 1% местной медианы",исключить,175.0,есть ≥2 аналога train,без изменений
222869,Daire,180000.0,85.0,2+1,4,2,İstanbul/Esenyurt/Yenikent,TRY,242.0,172000.0,1.0465116279069768,Этаж выше этажности,оставить,180000.0,есть ≥2 аналога train,этаж → пропуск
222905,Daire,240000.0,1.0,2+1,4,4,İstanbul/Sancaktepe/Yenidoğan,TRY,285.0,225000.0,1.0666666666666667,Неправдоподобная площадь,оставить,240000.0,есть ≥2 аналога train,площадь → пропуск
223221,Daire,1500.0,,5+2,4,4,Kocaeli/Gebze/Hacıhalil,TRY,15.0,310000.0,0.004838709677419355,"Цена < 5 000 TRY, Цена < 1% местной медианы",исключить,1500.0,есть ≥2 аналога train,без изменений
223363,Daire,182000.0,90.0,2+1,4,2,İstanbul/Sancaktepe/Mevlana,TRY,153.0,208000.0,0.875,Этаж выше этажности,оставить,182000.0,есть ≥2 аналога train,этаж → пропуск
223566,Daire,850.0,110.0,3+1,4,5,İstanbul/Pendik/Güzelyalı,TRY,150.0,305000.0,0.0027868852459016396,"Цена < 5 000 TRY, Цена < 1% местной медианы",исключить,850.0,есть ≥2 аналога train,без изменений
223578,Daire,230000.0,95.0,2+1,4,2,Tekirdağ/Süleymanpaşa/100. Yıl,TRY,71.0,255000.0,0.9019607843137255,Этаж выше этажности,оставить,230000.0,есть ≥2 аналога train,этаж → пропуск
224257,Daire,208000.0,105.0,2+1,4,1,Mersin/Yenişehir/Palmiye,TRY,43.0,178000.0,1.1685393258426966,Этаж выше этажности,оставить,208000.0,есть ≥2 аналога train,этаж → пропуск
224420,Daire,170000.0,100.0,2+1,4,2,Tekirdağ/Malkara/Yeni,TRY,3.0,170000.0,1.0,Этаж выше этажности,оставить,170000.0,есть ≥2 аналога train,этаж → пропуск
224722,Daire,200.0,,3+1,4,5,Kocaeli/İzmit/Kadıköy,TRY,32.0,195000.0,0.0010256410256410256,"Цена < 5 000 TRY, Цена < 1% местной медианы",исключить,200.0,есть ≥2 аналога train,без изменений
224908,Daire,200.0,,3+1,4,5,Kocaeli/İzmit/Kadıköy,TRY,32.0,195000.0,0.0010256410256410256,"Цена < 5 000 TRY, Цена < 1% местной медианы",исключить,200.0,есть ≥2 аналога train,без изменений
225110,Daire,240000.0,1.0,2+1,4,4,İstanbul/Sancaktepe/Yenidoğan,TRY,285.0,225000.0,1.0666666666666667,Неправдоподобная площадь,оставить,240000.0,есть ≥2 аналога train,площадь → пропуск
225211,Daire,370.0,370.0,3+1,4,4,İstanbul/Esenler/Kemer,TRY,6.0,445000.0,0.0008314606741573033,"Цена < 5 000 TRY, Цена < 1% местной медианы",исключить,370.0,есть ≥2 аналога train,без изменений
226192,Daire,400.0,,4+1,4,4,Kocaeli/Karamürsel/4 Temmuz,TRY,180.0,207500.0,0.0019277108433734939,"Цена < 5 000 TRY, Цена < 1% местной медианы",исключить,400.0,есть ≥2 аналога train,без изменений
226265,Daire,2200.0,,3+1,4,5,İstanbul/Bahçelievler/Siyavuşpaşa,TRY,800.0,420000.0,0.005238095238095238,"Цена < 5 000 TRY, Цена < 1% местной медианы",исключить,2200.0,есть ≥2 аналога train,без изменений
226340,Daire,290000.0,75.0,2+1,4,2,İstanbul/Maltepe/Altıntepe,TRY,186.0,417500.0,0.6946107784431138,Этаж выше этажности,оставить,290000.0,есть ≥2 аналога train,этаж → пропуск
226761,Daire,205000.0,10.0,2+1,4,4,Konya/Selçuklu/Beyhekim,TRY,24.0,280000.0,0.7321428571428571,Неправдоподобная площадь,оставить,205000.0,есть ≥2 аналога train,площадь → пропуск
226781,Daire,1200.0,100.0,2+1,4,4,İzmir/Buca/Yiğitler,TRY,61.0,253000.0,0.0047430830039525695,"Цена < 5 000 TRY, Цена < 1% местной медианы",исключить,1200.0,есть ≥2 аналога train,без изменений
227294,Daire,230000.0,95.0,2+1,4,2,Tekirdağ/Süleymanpaşa/100. Yıl,TRY,71.0,255000.0,0.9019607843137255,Этаж выше этажности,оставить,230000.0,есть ≥2 аналога train,этаж → пропуск
227383,Daire,210000.0,,3+1,4,1,Bursa/Nilüfer/Çalı,TRY,28.0,275000.0,0.7636363636363637,Этаж выше этажности,оставить,210000.0,есть ≥2 аналога train,этаж → пропуск
227740,Daire,525000.0,10.0,4+1,4,5,İstanbul/Güngören/Merkez,TRY,56.0,355000.0,1.4788732394366197,Неправдоподобная площадь,оставить,525000.0,есть ≥2 аналога train,площадь → пропуск
228563,Daire,265000.0,100.0,2+1,4,2,Kocaeli/Darıca/Kazım Karabekir,TRY,234.0,209500.0,1.2649164677804297,Этаж выше этажности,оставить,265000.0,есть ≥2 аналога train,этаж → пропуск
229282,Daire,299000.0,120.0,3+1,4,2,İstanbul/Beylikdüzü/Cumhuriyet,TRY,2089.0,180000.0,1.6611111111111112,Этаж выше этажности,оставить,299000.0,есть ≥2 аналога train,этаж → пропуск
229672,Daire,171000.0,112.0,2+1,4,2,Konya/Karatay/Hasandedemescit,TRY,3.0,180000.0,0.95,Этаж выше этажности,оставить,171000.0,есть ≥2 аналога train,этаж → пропуск
230065,Daire,720.0,130.0,3+1,4,4,Malatya/Battalgazi/Hacı Abdi,TRY,35.0,145000.0,0.004965517241379311,"Цена < 5 000 TRY, Цена < 1% местной медианы",исключить,720.0,есть ≥2 аналога train,без изменений
230285,Daire,130000.0,105.0,3+1,4,2,Ankara/Sincan/Pınarbaşı,TRY,82.0,165000.0,0.7878787878787878,Этаж выше этажности,оставить,130000.0,есть ≥2 аналога train,этаж → пропуск
230369,Daire,160000.0,5.0,3+1,4,4,Bilecik/Bozüyük/Yeşilkent,TRY,4.0,130000.0,1.2307692307692308,Неправдоподобная площадь,оставить,160000.0,есть ≥2 аналога train,площадь → пропуск
230468,Daire,900.0,85.0,2+1,4,5,İstanbul/Esenyurt/Güzelyurt,TRY,342.0,199000.0,0.004522613065326633,"Цена < 5 000 TRY, Цена < 1% местной медианы",исключить,900.0,есть ≥2 аналога train,без изменений
230557,Daire,360000.0,1.0,2+1,4,4,Kocaeli/Körfez/Mimar Sinan,TRY,32.0,182500.0,1.9726027397260273,Неправдоподобная площадь,оставить,360000.0,есть ≥2 аналога train,площадь → пропуск
230735,Daire,750.0,,3+1,4,4,Manisa/Turgutlu/Bozkurt,TRY,2.0,182500.0,0.00410958904109589,"Цена < 5 000 TRY, Цена < 1% местной медианы",исключить,750.0,есть ≥2 аналога train,без изменений
231325,Daire,495000.0,,3+1,4,2,İstanbul/Ümraniye/Esenevler,TRY,54.0,357500.0,1.3846153846153846,Этаж выше этажности,оставить,495000.0,есть ≥2 аналога train,этаж → пропуск
231800,Daire,173000.0,,2+1,4,2,Bolu/Merkez/Sağlık,TRY,27.0,177000.0,0.9774011299435028,Этаж выше этажности,оставить,173000.0,есть ≥2 аналога train,этаж → пропуск
232217,Daire,320000.0,,2+1,4,3,İstanbul/Zeytinburnu/Çırpıcı,TRY,39.0,360000.0,0.8888888888888888,Этаж выше этажности,оставить,320000.0,есть ≥2 аналога train,этаж → пропуск
232281,Daire,119000.0,,3+1,4,3,Ankara/Sincan/Plevne,TRY,84.0,130000.0,0.9153846153846154,Этаж выше этажности,оставить,119000.0,есть ≥2 аналога train,этаж → пропуск
232310,Daire,305000.0,1.0,3+1,4,5,Burdur/Merkez/Emek,TRY,74.0,185000.0,1.6486486486486487,Неправдоподобная площадь,оставить,305000.0,есть ≥2 аналога train,площадь → пропуск
232373,Daire,375000.0,170.0,3+2,4,2,İstanbul/Beylikdüzü/Yakuplu,TRY,653.0,225000.0,1.6666666666666667,Этаж выше этажности,оставить,375000.0,есть ≥2 аналога train,этаж → пропуск
232374,Daire,145000.0,55.0,1+1,4,2,Balıkesir/Bandırma/Hacı Yusuf,TRY,78.0,187500.0,0.7733333333333333,Этаж выше этажности,оставить,145000.0,есть ≥2 аналога train,этаж → пропуск
232677,Daire,650000.0,,4+1,4,3,Bursa/Nilüfer/Cumhuriyet,TRY,29.0,435000.0,1.4942528735632183,Этаж выше этажности,оставить,650000.0,есть ≥2 аналога train,этаж → пропуск
232739,Daire,485.0,,5+1,4,4,Gaziantep/Şahinbey/23 Nisan,TRY,11.0,278000.0,0.0017446043165467626,"Цена < 5 000 TRY, Цена < 1% местной медианы",исключить,485.0,есть ≥2 аналога train,без изменений
232767,Daire,375000.0,170.0,3+2,4,2,İstanbul/Beylikdüzü/Yakuplu,TRY,653.0,225000.0,1.6666666666666667,Этаж выше этажности,оставить,375000.0,есть ≥2 аналога train,этаж → пропуск
232788,Daire,230000.0,90.0,2+1,4,3,İzmir/Bayraklı/Fuat Edip Baksı,TRY,8.0,302500.0,0.7603305785123967,Этаж выше этажности,оставить,230000.0,есть ≥2 аналога train,этаж → пропуск
232872,Daire,340000.0,77.0,2+1,4,1,İstanbul/Maltepe/Bağlarbaşı,TRY,165.0,400000.0,0.85,Этаж выше этажности,оставить,340000.0,есть ≥2 аналога train,этаж → пропуск
232906,Daire,145000.0,55.0,1+1,4,2,Balıkesir/Bandırma/Hacı Yusuf,TRY,78.0,187500.0,0.7733333333333333,Этаж выше этажности,оставить,145000.0,есть ≥2 аналога train,этаж → пропуск
232944,Daire,1500.0,,5+2,4,4,Kocaeli/Gebze/Hacıhalil,TRY,15.0,310000.0,0.004838709677419355,"Цена < 5 000 TRY, Цена < 1% местной медианы",исключить,1500.0,есть ≥2 аналога train,без изменений
233080,Daire,270000.0,120.0,3+1,4,3,İstanbul/Esenyurt/Yunus Emre,TRY,252.0,180000.0,1.5,Этаж выше этажности,оставить,270000.0,есть ≥2 аналога train,этаж → пропуск
233266,Daire,185000.0,,2+1,4,3,Balıkesir/Bandırma/17 Eylül,TRY,107.0,175000.0,1.0571428571428572,Этаж выше этажности,оставить,185000.0,есть ≥2 аналога train,этаж → пропуск
233362,Daire,185000.0,120.0,3+1,4,3,Bursa/Osmangazi/Elmasbahçeler,TRY,15.0,290000.0,0.6379310344827587,Этаж выше этажности,оставить,185000.0,есть ≥2 аналога train,этаж → пропуск
233425,Daire,299000.0,120.0,3+1,4,3,İstanbul/Sancaktepe/Akpınar,TRY,35.0,239000.0,1.2510460251046025,Этаж выше этажности,оставить,299000.0,есть ≥2 аналога train,этаж → пропуск
233596,Daire,185000.0,120.0,3+1,4,3,Bursa/Osmangazi/Elmasbahçeler,TRY,15.0,290000.0,0.6379310344827587,Этаж выше этажности,оставить,185000.0,есть ≥2 аналога train,этаж → пропуск
233699,Daire,1.0,,3+1,4,4,Afyonkarahisar/Merkez/Dumlupınar,TRY,47.0,300000.0,3.3333333333333333e-06,"Цена < 5 000 TRY, Цена < 1% местной медианы",исключить,1.0,есть ≥2 аналога train,без изменений
233701,Daire,238000.0,118.0,2+1,4,3,Denizli/Pamukkale/İstiklal,TRY,61.0,210000.0,1.1333333333333333,Этаж выше этажности,оставить,238000.0,есть ≥2 аналога train,этаж → пропуск
233709,Daire,189000.0,85.0,2+1,4,3,İstanbul/Sancaktepe/Yunus Emre,TRY,78.0,215000.0,0.8790697674418605,Этаж выше этажности,оставить,189000.0,есть ≥2 аналога train,этаж → пропуск
233782,Daire,185000.0,120.0,3+1,4,3,Bursa/Osmangazi/Elmasbahçeler,TRY,15.0,290000.0,0.6379310344827587,Этаж выше этажности,оставить,185000.0,есть ≥2 аналога train,этаж → пропуск
233797,Daire,185000.0,120.0,3+1,4,3,Bursa/Osmangazi/Elmasbahçeler,TRY,15.0,290000.0,0.6379310344827587,Этаж выше этажности,оставить,185000.0,есть ≥2 аналога train,этаж → пропуск
233837,Daire,177000.0,115.0,3+1,4,3,Eskişehir/Tepebaşı/Ömerağa,TRY,64.0,210000.0,0.8428571428571429,Этаж выше этажности,оставить,177000.0,есть ≥2 аналога train,этаж → пропуск
234174,Daire,270000.0,130.0,3+1,4,1,Tekirdağ/Çorlu/Nusratiye,TRY,133.0,175000.0,1.542857142857143,Этаж выше этажности,оставить,270000.0,есть ≥2 аналога train,этаж → пропуск
234695,Daire,202000.0,,3+1,4,2,Konya/Karatay/Hacı Hasan,TRY,11.0,255000.0,0.792156862745098,Этаж выше этажности,оставить,202000.0,есть ≥2 аналога train,этаж → пропуск
234855,Daire,185000.0,85.0,2+1,4,3,İstanbul/Esenyurt/Yenikent,TRY,242.0,172000.0,1.0755813953488371,Этаж выше этажности,оставить,185000.0,есть ≥2 аналога train,этаж → пропуск
234899,Daire,295000.0,130.0,3+1,4,2,Adana/Seyhan/Yeşilyurt,TRY,234.0,223000.0,1.3228699551569507,Этаж выше этажности,оставить,295000.0,есть ≥2 аналога train,этаж → пропуск
235250,Daire,1650.0,90.0,2+1,4,10-20 arası,İstanbul/Ümraniye/İstiklal,TRY,71.0,405000.0,0.004074074074074074,"Цена < 5 000 TRY, Цена < 1% местной медианы",исключить,1650.0,есть ≥2 аналога train,без изменений
235275,Daire,319000.0,150.0,+,4,6,Afyonkarahisar/Merkez/Erkmen Bld. (Cumhuriyet),TRY,39.0,400000.0,0.7975,Комнаты не разобраны,оставить,319000.0,есть ≥2 аналога train,без изменений
235301,Daire,360000.0,,2+1,4,3,İstanbul/Maltepe/Girne,TRY,114.0,345000.0,1.0434782608695652,Этаж выше этажности,оставить,360000.0,есть ≥2 аналога train,этаж → пропуск
235398,Daire,325000.0,165.0,3+1,4,3,Kocaeli/Darıca/Kazım Karabekir,TRY,234.0,209500.0,1.5513126491646778,Этаж выше этажности,оставить,325000.0,есть ≥2 аналога train,этаж → пропуск
235599,Daire,315000.0,3.0,4+1,4,4,İstanbul/Bahçelievler/Soğanlı,TRY,338.0,325000.0,0.9692307692307692,Неправдоподобная площадь,оставить,315000.0,есть ≥2 аналога train,площадь → пропуск
235609,Daire,800.0,,2+1,4,4,İstanbul/Pendik/Ahmet Yesevi,TRY,112.0,257500.0,0.0031067961165048546,"Цена < 5 000 TRY, Цена < 1% местной медианы",исключить,800.0,есть ≥2 аналога train,без изменений
235640,Daire,250000.0,,4+1,4,3,Denizli/Pamukkale/Kuşpınar,TRY,32.0,340000.0,0.7352941176470589,Этаж выше этажности,оставить,250000.0,есть ≥2 аналога train,этаж → пропуск
235674,Daire,290000.0,75.0,2+1,4,2,İstanbul/Maltepe/Altıntepe,TRY,186.0,417500.0,0.6946107784431138,Этаж выше этажности,оставить,290000.0,есть ≥2 аналога train,этаж → пропуск
235677,Daire,159000.0,,3+1,4,3,Ankara/Keçiören/Atapark,TRY,443.0,177000.0,0.8983050847457628,Этаж выше этажности,оставить,159000.0,есть ≥2 аналога train,этаж → пропуск
235936,Daire,345000.0,,3+1,4,1,İstanbul/Esenler/Fatih,TRY,93.0,210000.0,1.6428571428571428,Этаж выше этажности,оставить,345000.0,есть ≥2 аналога train,этаж → пропуск
235969,Daire,1250.0,,3+1,4,4,Bursa/Nilüfer/Beşevler,TRY,180.0,350000.0,0.0035714285714285713,"Цена < 5 000 TRY, Цена < 1% местной медианы",исключить,1250.0,есть ≥2 аналога train,без изменений
236225,Daire,2400.0,80.0,2+1,4,4,İstanbul/Beşiktaş/Dikilitaş,TRY,61.0,815000.0,0.00294478527607362,"Цена < 5 000 TRY, Цена < 1% местной медианы",исключить,2400.0,есть ≥2 аналога train,без изменений
236226,Daire,165000.0,110.0,2+1,4,2,Manisa/Turgutlu/Selvilitepe,TRY,35.0,200000.0,0.825,Этаж выше этажности,оставить,165000.0,есть ≥2 аналога train,этаж → пропуск
236361,Daire,600.0,145.0,3+1,4,4,Malatya/Battalgazi/Hacı Abdi,TRY,35.0,145000.0,0.004137931034482759,"Цена < 5 000 TRY, Цена < 1% местной медианы",исключить,600.0,есть ≥2 аналога train,без изменений
236398,Daire,227000.0,,2+1,4,2,İstanbul/Sancaktepe/Yenidoğan,TRY,285.0,225000.0,1.008888888888889,Этаж выше этажности,оставить,227000.0,есть ≥2 аналога train,этаж → пропуск
236560,Daire,131.0,,2+1,4,4,Manisa/Turgutlu/Turan,TRY,13.0,165000.0,0.0007939393939393939,"Цена < 5 000 TRY, Цена < 1% местной медианы",исключить,131.0,есть ≥2 аналога train,без изменений
236594,Daire,290000.0,120.0,3+1,4,3,İstanbul/Esenyurt/Zafer,TRY,210.0,322500.0,0.8992248062015504,Этаж выше этажности,оставить,290000.0,есть ≥2 аналога train,этаж → пропуск
236693,Daire,220000.0,165.0,3+1,4,3,Eskişehir/Tepebaşı/Zafer,TRY,239.0,195000.0,1.1282051282051282,Этаж выше этажности,оставить,220000.0,есть ≥2 аналога train,этаж → пропуск
236713,Daire,205000.0,10.0,2+1,4,4,Konya/Selçuklu/Beyhekim,TRY,24.0,280000.0,0.7321428571428571,Неправдоподобная площадь,оставить,205000.0,есть ≥2 аналога train,площадь → пропуск
236780,Daire,185000.0,85.0,2+1,4,3,İstanbul/Esenyurt/Yenikent,TRY,242.0,172000.0,1.0755813953488371,Этаж выше этажности,оставить,185000.0,есть ≥2 аналога train,этаж → пропуск
236811,Daire,238000.0,118.0,2+1,4,3,Denizli/Pamukkale/İstiklal,TRY,61.0,210000.0,1.1333333333333333,Этаж выше этажности,оставить,238000.0,есть ≥2 аналога train,этаж → пропуск
236852,Daire,159000.0,,3+1,4,3,Ankara/Keçiören/Atapark,TRY,443.0,177000.0,0.8983050847457628,Этаж выше этажности,оставить,159000.0,есть ≥2 аналога train,этаж → пропуск
236910,Daire,1700.0,,3+1,4,6,İstanbul/Üsküdar/Cumhuriyet,TRY,28.0,400000.0,0.00425,"Цена < 5 000 TRY, Цена < 1% местной медианы",исключить,1700.0,есть ≥2 аналога train,без изменений
237152,Daire,185000.0,85.0,2+1,4,3,İstanbul/Esenyurt/Örnek,TRY,128.0,178250.0,1.0378681626928472,Этаж выше этажности,оставить,185000.0,есть ≥2 аналога train,этаж → пропуск
237299,Daire,125.0,,2+1,4,4,Manisa/Turgutlu/Acarlar,TRY,2.0,222500.0,0.0005617977528089888,"Цена < 5 000 TRY, Цена < 1% местной медианы",исключить,125.0,есть ≥2 аналога train,без изменений
237342,Daire,270000.0,120.0,3+1,4,3,İstanbul/Sancaktepe/Abdurrahmangazi,TRY,325.0,239000.0,1.1297071129707112,Этаж выше этажности,оставить,270000.0,есть ≥2 аналога train,этаж → пропуск
237469,Daire,198000.0,95.0,2+1,4,3,İstanbul/Esenyurt/Fatih,TRY,174.0,180000.0,1.1,Этаж выше этажности,оставить,198000.0,есть ≥2 аналога train,этаж → пропуск
237552,Yalı Dairesi,13750000.0,270.0,4+2,4,3,İstanbul/Beykoz/Göztepe,TRY,,,,Этаж выше этажности,оставить,13750000.0,аналогов train меньше 2,этаж → пропуск
237789,Daire,159000.0,,3+1,4,3,Ankara/Keçiören/Atapark,TRY,443.0,177000.0,0.8983050847457628,Этаж выше этажности,оставить,159000.0,есть ≥2 аналога train,этаж → пропуск
237790,Daire,206000.0,105.0,2+1,4,1,Bursa/Nilüfer/Görükle,TRY,191.0,165000.0,1.2484848484848485,Этаж выше этажности,оставить,206000.0,есть ≥2 аналога train,этаж → пропуск
237917,Daire,202000.0,,3+1,4,2,Konya/Karatay/Hacı Hasan,TRY,11.0,255000.0,0.792156862745098,Этаж выше этажности,оставить,202000.0,есть ≥2 аналога train,этаж → пропуск
238061,Daire,208000.0,105.0,2+1,4,1,Mersin/Yenişehir/Palmiye,TRY,43.0,178000.0,1.1685393258426966,Этаж выше этажности,оставить,208000.0,есть ≥2 аналога train,этаж → пропуск
238125,Daire,275000.0,140.0,3+1,4,3,Eskişehir/Tepebaşı/Ömerağa,TRY,64.0,210000.0,1.3095238095238095,Этаж выше этажности,оставить,275000.0,есть ≥2 аналога train,этаж → пропуск
238172,Daire,260000.0,140.0,3+1,4,3,İstanbul/Esenyurt/Balıkyolu,TRY,240.0,165000.0,1.5757575757575757,Этаж выше этажности,оставить,260000.0,есть ≥2 аналога train,этаж → пропуск
238276,Daire,240000.0,1.0,2+1,4,4,İstanbul/Sancaktepe/Yenidoğan,TRY,285.0,225000.0,1.0666666666666667,Неправдоподобная площадь,оставить,240000.0,есть ≥2 аналога train,площадь → пропуск
238278,Daire,180000.0,85.0,2+1,4,3,İstanbul/Esenyurt/Yenikent,TRY,242.0,172000.0,1.0465116279069768,Этаж выше этажности,оставить,180000.0,есть ≥2 аналога train,этаж → пропуск
238285,Daire,123000.0,,1+1,4,2,Konya/Selçuklu/Kosova,TRY,100.0,190000.0,0.6473684210526316,Этаж выше этажности,оставить,123000.0,есть ≥2 аналога train,этаж → пропуск
238401,Daire,123000.0,,1+1,4,2,Konya/Selçuklu/Kosova,TRY,100.0,190000.0,0.6473684210526316,Этаж выше этажности,оставить,123000.0,есть ≥2 аналога train,этаж → пропуск
238727,Daire,235000.0,100.0,2+1,4,2,Denizli/Pamukkale/Bağbaşı,TRY,108.0,275000.0,0.8545454545454545,Этаж выше этажности,оставить,235000.0,есть ≥2 аналога train,этаж → пропуск
238733,Daire,245000.0,90.0,2+1,4,3,İstanbul/Esenyurt/Zafer,TRY,210.0,322500.0,0.7596899224806202,Этаж выше этажности,оставить,245000.0,есть ≥2 аналога train,этаж → пропуск
238774,Daire,278000.0,160.0,3+1,4,3,Gaziantep/Şahinbey/23 Nisan,TRY,11.0,278000.0,1.0,Этаж выше этажности,оставить,278000.0,есть ≥2 аналога train,этаж → пропуск
238882,Daire,345000.0,140.0,3+1,4,3,Eskişehir/Odunpazarı/Gökmeydan,TRY,88.0,352500.0,0.9787234042553191,Этаж выше этажности,оставить,345000.0,есть ≥2 аналога train,этаж → пропуск
238960,Daire,275000.0,220.0,4+1,4,2,İstanbul/Esenyurt/İnönü,TRY,322.0,170000.0,1.6176470588235294,Этаж выше этажности,оставить,275000.0,есть ≥2 аналога train,этаж → пропуск
238998,Daire,299000.0,120.0,3+1,4,3,İstanbul/Sancaktepe/Akpınar,TRY,35.0,239000.0,1.2510460251046025,Этаж выше этажности,оставить,299000.0,есть ≥2 аналога train,этаж → пропуск
239128,Daire,400.0,,4+1,4,4,Kocaeli/Karamürsel/4 Temmuz,TRY,180.0,207500.0,0.0019277108433734939,"Цена < 5 000 TRY, Цена < 1% местной медианы",исключить,400.0,есть ≥2 аналога train,без изменений
239588,Daire,110000.0,99.0,2+1,4,1,Sakarya/Serdivan/Kemalpaşa,TRY,96.0,220000.0,0.5,Этаж выше этажности,оставить,110000.0,есть ≥2 аналога train,этаж → пропуск
239722,Daire,240000.0,104.0,2+1,4,2,İstanbul/Sancaktepe/Yenidoğan,TRY,285.0,225000.0,1.0666666666666667,Этаж выше этажности,оставить,240000.0,есть ≥2 аналога train,этаж → пропуск
239925,Daire,449000.0,150.0,4+1,4,2,Ankara/Çankaya/Şehit Cengiz Karaca,TRY,25.0,359000.0,1.2506963788300836,Этаж выше этажности,оставить,449000.0,есть ≥2 аналога train,этаж → пропуск
239927,Daire,329000.0,1.0,2+1,4,7,İstanbul/Çekmeköy/Cumhuriyet,TRY,218.0,280000.0,1.175,Неправдоподобная площадь,оставить,329000.0,есть ≥2 аналога train,площадь → пропуск
239932,Daire,90000.0,115.0,3+1,4,1,Düzce/Merkez/Esentepe,TRY,18.0,102500.0,0.8780487804878049,Этаж выше этажности,оставить,90000.0,есть ≥2 аналога train,этаж → пропуск
239939,Daire,208000.0,105.0,2+1,4,1,Mersin/Yenişehir/Palmiye,TRY,43.0,178000.0,1.1685393258426966,Этаж выше этажности,оставить,208000.0,есть ≥2 аналога train,этаж → пропуск
239962,Daire,309000.0,,4+1,4,3,Elazığ/Merkez/Ataşehir,TRY,44.0,280000.0,1.1035714285714286,Этаж выше этажности,оставить,309000.0,есть ≥2 аналога train,этаж → пропуск
239971,Daire,505000.0,170.0,5+1,4,2,İstanbul/Bahçelievler/Yenibosna Merkez,TRY,497.0,285000.0,1.7719298245614035,Этаж выше этажности,оставить,505000.0,есть ≥2 аналога train,этаж → пропуск
240207,Daire,140000.0,,2+1,4,3,Balıkesir/Bandırma/Paşabayır,TRY,76.0,160000.0,0.875,Этаж выше этажности,оставить,140000.0,есть ≥2 аналога train,этаж → пропуск
240281,Daire,480000.0,10.0,4+3,5,5,İstanbul/Bağcılar/Yıldıztepe,TRY,37.0,215000.0,2.2325581395348837,Неправдоподобная площадь,оставить,480000.0,есть ≥2 аналога train,площадь → пропуск
240718,Daire,275000.0,3001.0,5+1,5,5,Malatya/Battalgazi/Çöşnük,TRY,63.0,260000.0,1.0576923076923077,Неправдоподобная площадь,оставить,275000.0,есть ≥2 аналога train,площадь → пропуск
240859,Daire,250000.0,85.0,2+1,5,2,İstanbul/Çekmeköy/Çatalmeşe,TRY,47.0,275000.0,0.9090909090909091,Этаж выше этажности,оставить,250000.0,есть ≥2 аналога train,этаж → пропуск
240980,Daire,195000.0,125.0,3+1,5,2,Samsun/Canik/Hasköy,TRY,74.0,235000.0,0.8297872340425532,Этаж выше этажности,оставить,195000.0,есть ≥2 аналога train,этаж → пропуск
240993,Daire,326000.0,,5+1,5,4,Burdur/Merkez/Emek,TRY,74.0,185000.0,1.7621621621621621,Этаж выше этажности,оставить,326000.0,есть ≥2 аналога train,этаж → пропуск
241072,Daire,595000.0,250.0,4+2,5,4,İstanbul/Avcılar/Denizköşkler,TRY,296.0,340000.0,1.75,Этаж выше этажности,оставить,595000.0,есть ≥2 аналога train,этаж → пропуск
241187,Daire,180000.0,,1+1,5,2,Yalova/Çınarcık/Teşvikiye Bld. (İstiklal),TRY,6.0,200000.0,0.9,Этаж выше этажности,оставить,180000.0,есть ≥2 аналога train,этаж → пропуск
242024,Daire,335000.0,10.0,3+1,5,5,İstanbul/Güngören/Güneştepe,TRY,28.0,280436.5,1.1945663278496201,Неправдоподобная площадь,оставить,335000.0,есть ≥2 аналога train,площадь → пропуск
242200,Daire,227500.0,,3+1,5,4,Bolu/Merkez/Sağlık,TRY,27.0,177000.0,1.2853107344632768,Этаж выше этажности,оставить,227500.0,есть ≥2 аналога train,этаж → пропуск
242287,Daire,340000.0,85.0,2+1,5,2,İzmir/Karşıyaka/Demirköprü,TRY,123.0,390000.0,0.8717948717948718,Этаж выше этажности,оставить,340000.0,есть ≥2 аналога train,этаж → пропуск
242330,Daire,360000.0,180.0,4+2,5,4,İstanbul/Büyükçekmece/Ulus,TRY,73.0,235000.0,1.5319148936170213,Этаж выше этажности,оставить,360000.0,есть ≥2 аналога train,этаж → пропуск
242734,Daire,350000.0,140.0,3+1,5,2,İstanbul/Avcılar/Merkez,TRY,406.0,245000.0,1.4285714285714286,Этаж выше этажности,оставить,350000.0,есть ≥2 аналога train,этаж → пропуск
242852,Daire,195000.0,125.0,3+1,5,2,Samsun/Canik/Hasköy,TRY,74.0,235000.0,0.8297872340425532,Этаж выше этажности,оставить,195000.0,есть ≥2 аналога train,этаж → пропуск
242949,Daire,355000.0,120.0,3+1,5,4,İstanbul/Bahçelievler/Soğanlı,TRY,338.0,325000.0,1.0923076923076922,Этаж выше этажности,оставить,355000.0,есть ≥2 аналога train,этаж → пропуск
243010,Daire,453000.0,,2+1,5,4,İstanbul/Bahçelievler/Siyavuşpaşa,TRY,800.0,420000.0,1.0785714285714285,Этаж выше этажности,оставить,453000.0,есть ≥2 аналога train,этаж → пропуск
243079,Daire,185000.0,,3+1,5,2,Manisa/Yunusemre/Muradiye,TRY,350.0,168000.0,1.1011904761904763,Этаж выше этажности,оставить,185000.0,есть ≥2 аналога train,этаж → пропуск
243221,Daire,595000.0,250.0,4+2,5,4,İstanbul/Avcılar/Denizköşkler,TRY,296.0,340000.0,1.75,Этаж выше этажности,оставить,595000.0,есть ≥2 аналога train,этаж → пропуск
243368,Daire,385000.0,100.0,2+1,5,2,İstanbul/Maltepe/Zümrütevler,TRY,156.0,365000.0,1.0547945205479452,Этаж выше этажности,оставить,385000.0,есть ≥2 аналога train,этаж → пропуск
243385,Daire,265000.0,120.0,3+1,5,4,Kocaeli/Gebze/Barış,TRY,97.0,230000.0,1.1521739130434783,Этаж выше этажности,оставить,265000.0,есть ≥2 аналога train,этаж → пропуск
243417,Daire,150000.0,,2+1,5,2,Samsun/Canik/Belediye Evleri,TRY,32.0,117500.0,1.2765957446808511,Этаж выше этажности,оставить,150000.0,есть ≥2 аналога train,этаж → пропуск
243463,Daire,195000.0,80.0,2+1,5,4,Eskişehir/Tepebaşı/Tunalı,TRY,65.0,195000.0,1.0,Этаж выше этажности,оставить,195000.0,есть ≥2 аналога train,этаж → пропуск
243876,Daire,350000.0,6.0,3+1,5,5,İstanbul/Pendik/Esenler,TRY,90.0,365000.0,0.958904109589041,Неправдоподобная площадь,оставить,350000.0,есть ≥2 аналога train,площадь → пропуск
244023,Daire,250000.0,85.0,2+1,5,2,İstanbul/Çekmeköy/Çatalmeşe,TRY,47.0,275000.0,0.9090909090909091,Этаж выше этажности,оставить,250000.0,есть ≥2 аналога train,этаж → пропуск
244119,Daire,210000.0,125.0,3+1,5,4,Ankara/Keçiören/Etlik,TRY,983.0,240000.0,0.875,Этаж выше этажности,оставить,210000.0,есть ≥2 аналога train,этаж → пропуск
244243,Daire,180000.0,,1+1,5,2,Yalova/Çınarcık/Teşvikiye Bld. (İstiklal),TRY,6.0,200000.0,0.9,Этаж выше этажности,оставить,180000.0,есть ≥2 аналога train,этаж → пропуск
244455,Daire,195000.0,125.0,3+1,5,2,Samsun/Canik/Hasköy,TRY,74.0,235000.0,0.8297872340425532,Этаж выше этажности,оставить,195000.0,есть ≥2 аналога train,этаж → пропуск
244493,Daire,340000.0,,2+1,5,4,İzmir/Karşıyaka/Demirköprü,TRY,123.0,390000.0,0.8717948717948718,Этаж выше этажности,оставить,340000.0,есть ≥2 аналога train,этаж → пропуск
244633,Daire,340000.0,,2+1,5,4,İzmir/Karşıyaka/Demirköprü,TRY,123.0,390000.0,0.8717948717948718,Этаж выше этажности,оставить,340000.0,есть ≥2 аналога train,этаж → пропуск
244683,Daire,350000.0,6.0,3+1,5,5,İstanbul/Pendik/Esenler,TRY,90.0,365000.0,0.958904109589041,Неправдоподобная площадь,оставить,350000.0,есть ≥2 аналога train,площадь → пропуск
244698,Daire,139000.0,,3+1,5,4,Ankara/Keçiören/Kafkas,TRY,87.0,129000.0,1.0775193798449612,Этаж выше этажности,оставить,139000.0,есть ≥2 аналога train,этаж → пропуск
244750,Daire,195000.0,125.0,3+1,5,2,Samsun/Canik/Hasköy,TRY,74.0,235000.0,0.8297872340425532,Этаж выше этажности,оставить,195000.0,есть ≥2 аналога train,этаж → пропуск
244972,Daire,730000.0,100.0,3+1,5,2,İstanbul/Bakırköy/Kartaltepe,TRY,192.0,1100000.0,0.6636363636363637,Этаж выше этажности,оставить,730000.0,есть ≥2 аналога train,этаж → пропуск
244994,Daire,250000.0,70.0,2+1,5,4,İstanbul/Fatih/Silivrikapı,TRY,58.0,372500.0,0.6711409395973155,Этаж выше этажности,оставить,250000.0,есть ≥2 аналога train,этаж → пропуск
245040,Daire,270.0,135.0,4+2,5,5,İstanbul/Esenyurt/Akçaburgaz,TRY,27.0,195000.0,0.0013846153846153845,"Цена < 5 000 TRY, Цена < 1% местной медианы",исключить,270.0,есть ≥2 аналога train,без изменений
245042,Daire,115000.0,55.0,1+1,5,2,Balıkesir/Bandırma/Paşabayır,TRY,76.0,160000.0,0.71875,Этаж выше этажности,оставить,115000.0,есть ≥2 аналога train,этаж → пропуск
245094,Daire,150000.0,,2+1,5,2,Samsun/Canik/Belediye Evleri,TRY,32.0,117500.0,1.2765957446808511,Этаж выше этажности,оставить,150000.0,есть ≥2 аналога train,этаж → пропуск
245142,Daire,350000.0,6.0,3+1,5,5,İstanbul/Pendik/Esenler,TRY,90.0,365000.0,0.958904109589041,Неправдоподобная площадь,оставить,350000.0,есть ≥2 аналога train,площадь → пропуск
245178,Daire,450000.0,,3+1,5,4,Bursa/Nilüfer/Demirci,TRY,81.0,348000.0,1.293103448275862,Этаж выше этажности,оставить,450000.0,есть ≥2 аналога train,этаж → пропуск
245542,Daire,950000.0,2.0,6+2,5,5,İstanbul/Sultangazi/Uğur Mumcu,TRY,190.0,355000.0,2.676056338028169,Неправдоподобная площадь,оставить,950000.0,есть ≥2 аналога train,площадь → пропуск
245595,Daire,410000.0,90.0,3+1,5,4,Yalova/Merkez/Bahçelievler,TRY,53.0,348000.0,1.1781609195402298,Этаж выше этажности,оставить,410000.0,есть ≥2 аналога train,этаж → пропуск
245652,Daire,1050000.0,100.0,2+1,5,4,İstanbul/Eyüpsultan/Göktürk Merkez,TRY,159.0,1050000.0,1.0,Этаж выше этажности,оставить,1050000.0,есть ≥2 аналога train,этаж → пропуск
245730,Daire,350000.0,6.0,3+1,5,5,İstanbul/Pendik/Esenler,TRY,90.0,365000.0,0.958904109589041,Неправдоподобная площадь,оставить,350000.0,есть ≥2 аналога train,площадь → пропуск
246363,Daire,95000.0,,1+1,5,3,Amasya/Merzifon/Sofular,TRY,11.0,122000.0,0.7786885245901639,Этаж выше этажности,оставить,95000.0,есть ≥2 аналога train,этаж → пропуск
247323,Daire,195000.0,55.0,1+1,5,3,İzmir/Çiğli/Egekent,TRY,12.0,239500.0,0.81419624217119,Этаж выше этажности,оставить,195000.0,есть ≥2 аналога train,этаж → пропуск
247403,Daire,300000.0,50.0,1+1,5,3,İzmir/Karşıyaka/Aksoy,TRY,69.0,465000.0,0.6451612903225806,Этаж выше этажности,оставить,300000.0,есть ≥2 аналога train,этаж → пропуск
247479,Daire,255000.0,105.0,3+1,5,3,İstanbul/Sancaktepe/Osmangazi,TRY,320.0,253000.0,1.007905138339921,Этаж выше этажности,оставить,255000.0,есть ≥2 аналога train,этаж → пропуск
247595,Daire,150000.0,,2+1,5,2,Samsun/Canik/Belediye Evleri,TRY,32.0,117500.0,1.2765957446808511,Этаж выше этажности,оставить,150000.0,есть ≥2 аналога train,этаж → пропуск
247751,Daire,450.0,300.0,6+2,5,6,Zonguldak/Ereğli/Müftü,TRY,8.0,252500.0,0.0017821782178217822,"Цена < 5 000 TRY, Цена < 1% местной медианы",исключить,450.0,есть ≥2 аналога train,без изменений
247823,Daire,1100.0,175.0,5+1,5,6,Kırşehir/Merkez/Nasuhdede,TRY,6.0,362500.0,0.0030344827586206895,"Цена < 5 000 TRY, Цена < 1% местной медианы",исключить,1100.0,есть ≥2 аналога train,без изменений
248005,Daire,250000.0,85.0,2+1,5,2,İstanbul/Çekmeköy/Çatalmeşe,TRY,47.0,275000.0,0.9090909090909091,Этаж выше этажности,оставить,250000.0,есть ≥2 аналога train,этаж → пропуск
248010,Daire,400000.0,,2+1,5,1,İstanbul/Kağıthane/Hamidiye,TRY,43.0,364000.0,1.098901098901099,Этаж выше этажности,оставить,400000.0,есть ≥2 аналога train,этаж → пропуск
248069,Daire,600.0,,3+1,5,6,Sivas/Merkez/Ece,TRY,1.0,290000.0,,Цена < 5 000 TRY,исключить,600.0,аналогов train меньше 2,без изменений
248112,Daire,1100.0,175.0,5+1,5,6,Kırşehir/Merkez/Nasuhdede,TRY,6.0,362500.0,0.0030344827586206895,"Цена < 5 000 TRY, Цена < 1% местной медианы",исключить,1100.0,есть ≥2 аналога train,без изменений
248210,Daire,310000.0,140.0,3+1,5,3,Çorum/Merkez/Üçtutlar,TRY,93.0,310000.0,1.0,Этаж выше этажности,оставить,310000.0,есть ≥2 аналога train,этаж → пропуск
248349,Daire,255000.0,105.0,3+1,5,3,İstanbul/Sancaktepe/Osmangazi,TRY,320.0,253000.0,1.007905138339921,Этаж выше этажности,оставить,255000.0,есть ≥2 аналога train,этаж → пропуск
248375,Daire,1100.0,175.0,5+1,5,6,Kırşehir/Merkez/Nasuhdede,TRY,6.0,362500.0,0.0030344827586206895,"Цена < 5 000 TRY, Цена < 1% местной медианы",исключить,1100.0,есть ≥2 аналога train,без изменений
248430,Daire,250000.0,85.0,2+1,5,2,İstanbul/Çekmeköy/Çatalmeşe,TRY,47.0,275000.0,0.9090909090909091,Этаж выше этажности,оставить,250000.0,есть ≥2 аналога train,этаж → пропуск
248444,Daire,325000.0,170.0,4+1,5,3,Çorum/Merkez/Ulukavak,TRY,128.0,189500.0,1.7150395778364116,Этаж выше этажности,оставить,325000.0,есть ≥2 аналога train,этаж → пропуск
248451,Daire,107000.0,,2+1,5,3,Nevşehir/Merkez/Cevher Dudayev,TRY,56.0,235000.0,0.4553191489361702,Этаж выше этажности,оставить,107000.0,есть ≥2 аналога train,этаж → пропуск
248461,Daire,250000.0,85.0,2+1,5,2,İstanbul/Çekmeköy/Çatalmeşe,TRY,47.0,275000.0,0.9090909090909091,Этаж выше этажности,оставить,250000.0,есть ≥2 аналога train,этаж → пропуск
248634,Daire,18480637.1232,48.0,7+1,5,2,İstanbul/Avcılar/Cihangir,GBP,470.0,249000.0,74.21942619759037,"Цена > 20 местных медиан, Этаж выше этажности",исключить,2653434.0,есть ≥2 аналога train,этаж → пропуск
248709,Daire,18480637.1232,48.0,7+1,5,2,İstanbul/Avcılar/Cihangir,GBP,470.0,249000.0,74.21942619759037,"Цена > 20 местных медиан, Этаж выше этажности",исключить,2653434.0,есть ≥2 аналога train,этаж → пропуск
248743,Daire,200000.0,,2+1,5,1,İstanbul/Bahçelievler/Soğanlı,TRY,338.0,325000.0,0.6153846153846154,Этаж выше этажности,оставить,200000.0,есть ≥2 аналога train,этаж → пропуск
248781,Daire,1100.0,175.0,5+1,5,6,Kırşehir/Merkez/Nasuhdede,TRY,6.0,362500.0,0.0030344827586206895,"Цена < 5 000 TRY, Цена < 1% местной медианы",исключить,1100.0,есть ≥2 аналога train,без изменений
248840,Daire,235000.0,1.0,3+1,5,6,Konya/Karatay/Ulubatlıhasan,TRY,15.0,235000.0,1.0,Неправдоподобная площадь,оставить,235000.0,есть ≥2 аналога train,площадь → пропуск
248872,Daire,800.0,80.0,2+1,5,6,Kocaeli/Karamürsel/4 Temmuz,TRY,180.0,207500.0,0.0038554216867469878,"Цена < 5 000 TRY, Цена < 1% местной медианы",исключить,800.0,есть ≥2 аналога train,без изменений
248982,Daire,675000.0,,4+1,5,2,Kocaeli/Gebze/Osman Yılmaz,TRY,123.0,285000.0,2.3684210526315788,Этаж выше этажности,оставить,675000.0,есть ≥2 аналога train,этаж → пропуск
249051,Daire,220000.0,120.0,2+1,5,2,Gaziantep/Şahinbey/Bülbülzade,TRY,150.0,223000.0,0.9865470852017937,Этаж выше этажности,оставить,220000.0,есть ≥2 аналога train,этаж → пропуск
249098,Daire,91000.0,58.0,1+1,5,3,Aydın/Efeler/Ortaköy,TRY,27.0,118000.0,0.7711864406779662,Этаж выше этажности,оставить,91000.0,есть ≥2 аналога train,этаж → пропуск
249177,Daire,300000.0,140.0,3+1,5,2,Gaziantep/Şahinbey/Karataş,TRY,103.0,250000.0,1.2,Этаж выше этажности,оставить,300000.0,есть ≥2 аналога train,этаж → пропуск
249254,Daire,18480637.1232,48.0,7+1,5,2,İstanbul/Avcılar/Cihangir,GBP,470.0,249000.0,74.21942619759037,"Цена > 20 местных медиан, Этаж выше этажности",исключить,2653434.0,есть ≥2 аналога train,этаж → пропуск
249292,Daire,250000.0,85.0,2+1,5,2,İstanbul/Çekmeköy/Çatalmeşe,TRY,47.0,275000.0,0.9090909090909091,Этаж выше этажности,оставить,250000.0,есть ≥2 аналога train,этаж → пропуск
249480,Daire,215000.0,,3+1,5,3,Mersin/Mezitli/Davultepe,TRY,89.0,178000.0,1.2078651685393258,Этаж выше этажности,оставить,215000.0,есть ≥2 аналога train,этаж → пропуск
249564,Daire,18480637.1232,48.0,7+1,5,2,İstanbul/Avcılar/Cihangir,GBP,470.0,249000.0,74.21942619759037,"Цена > 20 местных медиан, Этаж выше этажности",исключить,2653434.0,есть ≥2 аналога train,этаж → пропуск
249689,Daire,210000.0,54.0,1+1,5,3,Bursa/Osmangazi/Altıparmak,TRY,18.0,157500.0,1.3333333333333333,Этаж выше этажности,оставить,210000.0,есть ≥2 аналога train,этаж → пропуск
249894,Daire,185000.0,100.0,3+1,5,1,Tekirdağ/Çorlu/Muhittin,TRY,123.0,215000.0,0.8604651162790697,Этаж выше этажности,оставить,185000.0,есть ≥2 аналога train,этаж → пропуск
249898,Daire,235000.0,230.0,4+2,5,3,İzmir/Torbalı/Fevzi Çakmak,TRY,191.0,170000.0,1.3823529411764706,Этаж выше этажности,оставить,235000.0,есть ≥2 аналога train,этаж → пропуск
249967,Daire,410000.0,,2+1,5,1,İstanbul/Kağıthane/Hamidiye,TRY,43.0,364000.0,1.1263736263736264,Этаж выше этажности,оставить,410000.0,есть ≥2 аналога train,этаж → пропуск
250006,Daire,220000.0,80.0,2+1,5,1,Manisa/Şehzadeler/Arda,TRY,9.0,195000.0,1.1282051282051282,Этаж выше этажности,оставить,220000.0,есть ≥2 аналога train,этаж → пропуск
250051,Daire,260000.0,1.0,3+1,5,8,Trabzon/Ortahisar/Çömlekçi,TRY,,,,Неправдоподобная площадь,оставить,260000.0,аналогов train меньше 2,площадь → пропуск
250080,Daire,224000.0,100.0,2+1,5,1,Tekirdağ/Çorlu/Hürriyet,TRY,22.0,289000.0,0.7750865051903114,Этаж выше этажности,оставить,224000.0,есть ≥2 аналога train,этаж → пропуск
250156,Daire,437500.0,98.0,2+1,5,1,İstanbul/Kartal/Esentepe,TRY,54.0,360000.0,1.2152777777777777,Этаж выше этажности,оставить,437500.0,есть ≥2 аналога train,этаж → пропуск
250229,Daire,229000.0,130.0,3+1,5,3,Kayseri/Melikgazi/Mimarsinanşirintepe,TRY,76.0,203500.0,1.1253071253071254,Этаж выше этажности,оставить,229000.0,есть ≥2 аналога train,этаж → пропуск
250290,Daire,185000.0,100.0,3+1,5,1,Tekirdağ/Çorlu/Muhittin,TRY,123.0,215000.0,0.8604651162790697,Этаж выше этажности,оставить,185000.0,есть ≥2 аналога train,этаж → пропуск
250401,Daire,325000.0,170.0,4+1,5,3,Çorum/Merkez/Ulukavak,TRY,128.0,189500.0,1.7150395778364116,Этаж выше этажности,оставить,325000.0,есть ≥2 аналога train,этаж → пропуск
250472,Daire,260000.0,140.0,4+1,5,1,Şanlıurfa/Haliliye/Paşabağı,TRY,11.0,100000.0,2.6,Этаж выше этажности,оставить,260000.0,есть ≥2 аналога train,этаж → пропуск
250492,Daire,215000.0,1.0,2+1,5,9,İstanbul/Beylikdüzü/Adnan Kahveci,TRY,795.0,435000.0,0.4942528735632184,Неправдоподобная площадь,оставить,215000.0,есть ≥2 аналога train,площадь → пропуск
250546,Daire,255000.0,58.0,1+1,5,1,İstanbul/Başakşehir/Bahçeşehir 2. Kısım,TRY,287.0,355000.0,0.7183098591549296,Этаж выше этажности,оставить,255000.0,есть ≥2 аналога train,этаж → пропуск
250549,Daire,162000.0,85.0,2+1,5,3,Adana/Sarıçam/Gültepe,TRY,94.0,148250.0,1.0927487352445193,Этаж выше этажности,оставить,162000.0,есть ≥2 аналога train,этаж → пропуск
250768,Daire,360000.0,80.0,2+1,5,1,İstanbul/Bayrampaşa/Muratpaşa,TRY,45.0,310000.0,1.1612903225806452,Этаж выше этажности,оставить,360000.0,есть ≥2 аналога train,этаж → пропуск
250875,Daire,224000.0,100.0,2+1,5,1,Tekirdağ/Çorlu/Hürriyet,TRY,22.0,289000.0,0.7750865051903114,Этаж выше этажности,оставить,224000.0,есть ≥2 аналога train,этаж → пропуск
250950,Daire,249000.0,40.0,1+1,5,1,İzmir/Karabağlar/Arap Hasan,TRY,46.0,442500.0,0.5627118644067797,Этаж выше этажности,оставить,249000.0,есть ≥2 аналога train,этаж → пропуск
250972,Daire,260000.0,140.0,4+1,5,1,Şanlıurfa/Haliliye/Paşabağı,TRY,11.0,100000.0,2.6,Этаж выше этажности,оставить,260000.0,есть ≥2 аналога train,этаж → пропуск
251061,Daire,249000.0,40.0,1+1,5,1,İzmir/Karabağlar/Arap Hasan,TRY,46.0,442500.0,0.5627118644067797,Этаж выше этажности,оставить,249000.0,есть ≥2 аналога train,этаж → пропуск
251120,Daire,270000.0,55.0,1+1,5,1,İstanbul/Kağıthane/Seyrantepe,TRY,9.0,350000.0,0.7714285714285715,Этаж выше этажности,оставить,270000.0,есть ≥2 аналога train,этаж → пропуск
251185,Daire,180000.0,130.0,3+1,5,1,Yalova/Çiftlikköy/Mehmet Akif Ersoy,TRY,36.0,235000.0,0.7659574468085106,Этаж выше этажности,оставить,180000.0,есть ≥2 аналога train,этаж → пропуск
251213,Daire,600000.0,,6+2,5,4,Denizli/Merkezefendi/Selçuk Bey,TRY,63.0,380000.0,1.5789473684210527,Этаж выше этажности,оставить,600000.0,есть ≥2 аналога train,этаж → пропуск
251219,Daire,241000.0,85.0,3+1,5,4,Bursa/Nilüfer/Dumlupınar,TRY,141.0,196000.0,1.2295918367346939,Этаж выше этажности,оставить,241000.0,есть ≥2 аналога train,этаж → пропуск
251222,Daire,175000.0,80.0,3+1,5,3,Erzurum/Yakutiye/Ömer Nasuhi Bilmen,TRY,43.0,205000.0,0.8536585365853658,Этаж выше этажности,оставить,175000.0,есть ≥2 аналога train,этаж → пропуск
251242,Daire,160000.0,115.0,3+1,5,4,İstanbul/Sancaktepe/Safa,TRY,182.0,255000.0,0.6274509803921569,Этаж выше этажности,оставить,160000.0,есть ≥2 аналога train,этаж → пропуск
251264,Daire,134000.0,65.0,2+1,5,4,Aydın/Söke/Yenikent,TRY,60.0,162500.0,0.8246153846153846,Этаж выше этажности,оставить,134000.0,есть ≥2 аналога train,этаж → пропуск
251273,Daire,565000.0,200.0,6+2,5,4,Isparta/Merkez/Bahçelievler,TRY,11.0,136000.0,4.154411764705882,Этаж выше этажности,оставить,565000.0,есть ≥2 аналога train,этаж → пропуск
251286,Daire,340000.0,,2+1,5,4,İzmir/Karşıyaka/Demirköprü,TRY,123.0,390000.0,0.8717948717948718,Этаж выше этажности,оставить,340000.0,есть ≥2 аналога train,этаж → пропуск
251289,Daire,241000.0,85.0,3+1,5,4,Bursa/Nilüfer/Dumlupınar,TRY,141.0,196000.0,1.2295918367346939,Этаж выше этажности,оставить,241000.0,есть ≥2 аналога train,этаж → пропуск
251293,Daire,210000.0,125.0,3+1,5,4,Ankara/Keçiören/Etlik,TRY,983.0,240000.0,0.875,Этаж выше этажности,оставить,210000.0,есть ≥2 аналога train,этаж → пропуск
251303,Daire,360000.0,180.0,4+2,5,4,İstanbul/Büyükçekmece/Ulus,TRY,73.0,235000.0,1.5319148936170213,Этаж выше этажности,оставить,360000.0,есть ≥2 аналога train,этаж → пропуск
251306,Daire,340000.0,,2+1,5,4,İzmir/Karşıyaka/Demirköprü,TRY,123.0,390000.0,0.8717948717948718,Этаж выше этажности,оставить,340000.0,есть ≥2 аналога train,этаж → пропуск
251317,Daire,309000.0,165.0,3+2,5,4,İstanbul/Sultangazi/Sultançiftliği,TRY,219.0,260000.0,1.1884615384615385,Этаж выше этажности,оставить,309000.0,есть ≥2 аналога train,этаж → пропуск
251324,Daire,185000.0,100.0,3+1,5,1,Tekirdağ/Çorlu/Muhittin,TRY,123.0,215000.0,0.8604651162790697,Этаж выше этажности,оставить,185000.0,есть ≥2 аналога train,этаж → пропуск
251330,Daire,340000.0,,2+1,5,4,İzmir/Karşıyaka/Demirköprü,TRY,123.0,390000.0,0.8717948717948718,Этаж выше этажности,оставить,340000.0,есть ≥2 аналога train,этаж → пропуск
251332,Daire,210000.0,125.0,3+1,5,4,Ankara/Keçiören/Etlik,TRY,983.0,240000.0,0.875,Этаж выше этажности,оставить,210000.0,есть ≥2 аналога train,этаж → пропуск
251334,Daire,360000.0,180.0,4+2,5,4,İstanbul/Büyükçekmece/Ulus,TRY,73.0,235000.0,1.5319148936170213,Этаж выше этажности,оставить,360000.0,есть ≥2 аналога train,этаж → пропуск
251361,Daire,565000.0,200.0,6+2,5,4,Isparta/Merkez/Bahçelievler,TRY,11.0,136000.0,4.154411764705882,Этаж выше этажности,оставить,565000.0,есть ≥2 аналога train,этаж → пропуск
251364,Daire,355000.0,120.0,3+1,5,4,İstanbul/Bahçelievler/Soğanlı,TRY,338.0,325000.0,1.0923076923076922,Этаж выше этажности,оставить,355000.0,есть ≥2 аналога train,этаж → пропуск
251653,Daire,228000.0,96.0,2+1,5,3,Bursa/Osmangazi/Çekirge,TRY,40.0,295000.0,0.7728813559322034,Этаж выше этажности,оставить,228000.0,есть ≥2 аналога train,этаж → пропуск
251856,Daire,595000.0,250.0,4+2,5,4,İstanbul/Avcılar/Denizköşkler,TRY,296.0,340000.0,1.75,Этаж выше этажности,оставить,595000.0,есть ≥2 аналога train,этаж → пропуск
251872,Daire,399999.0,140.0,4+1,5,4,İstanbul/Sancaktepe/Meclis,TRY,51.0,290000.0,1.3793068965517241,Этаж выше этажности,оставить,399999.0,есть ≥2 аналога train,этаж → пропуск
251901,Daire,550.0,,3+1,5,5,Ankara/Keçiören/Kafkas,TRY,87.0,129000.0,0.004263565891472868,"Цена < 5 000 TRY, Цена < 1% местной медианы",исключить,550.0,есть ≥2 аналога train,без изменений
252019,Daire,135000.0,85.0,2+1,5,3,İstanbul/Esenyurt/Mehterçeşme,TRY,229.0,180000.0,0.75,Этаж выше этажности,оставить,135000.0,есть ≥2 аналога train,этаж → пропуск
252134,Daire,720000.0,,2+1,5,4,İstanbul/Maltepe/Feyzullah,TRY,117.0,550000.0,1.309090909090909,Этаж выше этажности,оставить,720000.0,есть ≥2 аналога train,этаж → пропуск
252145,Daire,350000.0,10.0,3+1,5,5,İzmir/Karabağlar/Uzundere,TRY,5.0,370000.0,0.9459459459459459,Неправдоподобная площадь,оставить,350000.0,есть ≥2 аналога train,площадь → пропуск
252203,Daire,350000.0,10.0,3+1,5,5,İzmir/Karabağlar/Uzundere,TRY,5.0,370000.0,0.9459459459459459,Неправдоподобная площадь,оставить,350000.0,есть ≥2 аналога train,площадь → пропуск
252226,Daire,250000.0,,3+1,5,4,Bursa/Nilüfer/Akçalar,TRY,30.0,230000.0,1.0869565217391304,Этаж выше этажности,оставить,250000.0,есть ≥2 аналога train,этаж → пропуск
252317,Daire,265000.0,120.0,3+1,5,4,Kocaeli/Gebze/Barış,TRY,97.0,230000.0,1.1521739130434783,Этаж выше этажности,оставить,265000.0,есть ≥2 аналога train,этаж → пропуск
252543,Daire,850000.0,4.0,4+1,5,5,İstanbul/Maltepe/Feyzullah,TRY,117.0,550000.0,1.5454545454545454,Неправдоподобная площадь,оставить,850000.0,есть ≥2 аналога train,площадь → пропуск
253015,Daire,510000.0,,2+1,6,3,İstanbul/Ümraniye/Mehmet Akif,TRY,45.0,375000.0,1.36,Этаж выше этажности,оставить,510000.0,есть ≥2 аналога train,этаж → пропуск
253146,Daire,550000.0,189.0,3+1,6,1,İstanbul/Beylikdüzü/Adnan Kahveci,TRY,795.0,435000.0,1.264367816091954,Этаж выше этажности,оставить,550000.0,есть ≥2 аналога train,этаж → пропуск
253315,Daire,185000.0,,2+1,6,5,İstanbul/Esenyurt/Pınar,TRY,355.0,165000.0,1.121212121212121,Этаж выше этажности,оставить,185000.0,есть ≥2 аналога train,этаж → пропуск
253359,Daire,360000.0,240.0,5+1,6,1,Bilecik/Osmaneli/Haceloğlu,TRY,8.0,360000.0,1.0,Этаж выше этажности,оставить,360000.0,есть ≥2 аналога train,этаж → пропуск
253610,Daire,520000.0,220.0,6+2,6,5,İstanbul/Sultangazi/Gazi,TRY,91.0,265000.0,1.9622641509433962,Этаж выше этажности,оставить,520000.0,есть ≥2 аналога train,этаж → пропуск
253706,Daire,273000.0,,3+1,6,3,Aksaray/Merkez/Hasas,TRY,85.0,280000.0,0.975,Этаж выше этажности,оставить,273000.0,есть ≥2 аналога train,этаж → пропуск
253745,Daire,415.0,155.0,4+1,6,10-20 arası,Ankara/Altındağ/Yıldıztepe,TRY,146.0,235500.0,0.001762208067940552,"Цена < 5 000 TRY, Цена < 1% местной медианы",исключить,415.0,есть ≥2 аналога train,без изменений
253839,Daire,230000.0,,3+1,6,1,Samsun/Atakum/Yenimahalle,TRY,911.0,265000.0,0.8679245283018868,Этаж выше этажности,оставить,230000.0,есть ≥2 аналога train,этаж → пропуск
253896,Daire,112000.0,,2+1,6,4,İstanbul/Beylikdüzü/Cumhuriyet,TRY,2089.0,180000.0,0.6222222222222222,Этаж выше этажности,оставить,112000.0,есть ≥2 аналога train,этаж → пропуск
253954,Daire,230000.0,,2+1,6,4,Samsun/Atakum/Yenimahalle,TRY,911.0,265000.0,0.8679245283018868,Этаж выше этажности,оставить,230000.0,есть ≥2 аналога train,этаж → пропуск
254069,Daire,2000.0,,3+2,6,6,İstanbul/Kağıthane/Hürriyet,TRY,12.0,299500.0,0.00667779632721202,"Цена < 5 000 TRY, Цена < 1% местной медианы",исключить,2000.0,есть ≥2 аналога train,без изменений
254446,Daire,408000.0,,3+1,6,1,İstanbul/Ümraniye/Tatlısu,TRY,73.0,595000.0,0.6857142857142857,Этаж выше этажности,оставить,408000.0,есть ≥2 аналога train,этаж → пропуск
254469,Daire,210000.0,125.0,3+1,6,4,Ankara/Keçiören/Etlik,TRY,983.0,240000.0,0.875,Этаж выше этажности,оставить,210000.0,есть ≥2 аналога train,этаж → пропуск
254490,Daire,299000.0,1.0,3+1,6,9,Samsun/Atakum/Yenimahalle,TRY,911.0,265000.0,1.1283018867924528,Неправдоподобная площадь,оставить,299000.0,есть ≥2 аналога train,площадь → пропуск
254507,Daire,125000.0,100.0,2+1,6,2,İstanbul/Esenyurt/Örnek,TRY,128.0,178250.0,0.7012622720897616,Этаж выше этажности,оставить,125000.0,есть ≥2 аналога train,этаж → пропуск
254706,Daire,408000.0,,3+1,6,1,İstanbul/Ümraniye/Tatlısu,TRY,73.0,595000.0,0.6857142857142857,Этаж выше этажности,оставить,408000.0,есть ≥2 аналога train,этаж → пропуск
254964,Daire,360000.0,240.0,5+1,6,1,Bilecik/Osmaneli/Haceloğlu,TRY,8.0,360000.0,1.0,Этаж выше этажности,оставить,360000.0,есть ≥2 аналога train,этаж → пропуск
254987,Daire,235000.0,,3+1,6,4,Samsun/Atakum/Yenimahalle,TRY,911.0,265000.0,0.8867924528301887,Этаж выше этажности,оставить,235000.0,есть ≥2 аналога train,этаж → пропуск
255125,Daire,295000.0,,3+1,6,3,Tekirdağ/Çorlu/Kazımiye,TRY,48.0,237500.0,1.2421052631578948,Этаж выше этажности,оставить,295000.0,есть ≥2 аналога train,этаж → пропуск
255168,Daire,154000.0,115.0,3+1,6,5,İstanbul/Küçükçekmece/İnönü,TRY,58.0,250000.0,0.616,Этаж выше этажности,оставить,154000.0,есть ≥2 аналога train,этаж → пропуск
255282,Daire,230000.0,,3+1,6,1,Samsun/Atakum/Yenimahalle,TRY,911.0,265000.0,0.8679245283018868,Этаж выше этажности,оставить,230000.0,есть ≥2 аналога train,этаж → пропуск
255311,Daire,360000.0,240.0,5+1,6,1,Bilecik/Osmaneli/Haceloğlu,TRY,8.0,360000.0,1.0,Этаж выше этажности,оставить,360000.0,есть ≥2 аналога train,этаж → пропуск
255371,Daire,420000.0,105.0,3+1,6,1,İstanbul/Ümraniye/Tatlısu,TRY,73.0,595000.0,0.7058823529411765,Этаж выше этажности,оставить,420000.0,есть ≥2 аналога train,этаж → пропуск
255551,Daire,125000.0,100.0,2+1,6,2,İstanbul/Esenyurt/Örnek,TRY,128.0,178250.0,0.7012622720897616,Этаж выше этажности,оставить,125000.0,есть ≥2 аналога train,этаж → пропуск
255567,Daire,430000.0,,5+2,6,5,İstanbul/Beylikdüzü/Cumhuriyet,TRY,2089.0,180000.0,2.388888888888889,Этаж выше этажности,оставить,430000.0,есть ≥2 аналога train,этаж → пропуск
255702,Daire,125000.0,100.0,2+1,6,2,İstanbul/Esenyurt/Örnek,TRY,128.0,178250.0,0.7012622720897616,Этаж выше этажности,оставить,125000.0,есть ≥2 аналога train,этаж → пропуск
255786,Daire,475000.0,70.0,2+1,6,5,İstanbul/Kartal/Kordonboyu,TRY,64.0,1025000.0,0.4634146341463415,Этаж выше этажности,оставить,475000.0,есть ≥2 аналога train,этаж → пропуск
255810,Daire,235000.0,,3+1,6,4,Samsun/Atakum/Yenimahalle,TRY,911.0,265000.0,0.8867924528301887,Этаж выше этажности,оставить,235000.0,есть ≥2 аналога train,этаж → пропуск
255882,Daire,520000.0,220.0,6+2,6,5,İstanbul/Sultangazi/Gazi,TRY,91.0,265000.0,1.9622641509433962,Этаж выше этажности,оставить,520000.0,есть ≥2 аналога train,этаж → пропуск
255885,Daire,520000.0,220.0,6+2,6,5,İstanbul/Sultangazi/Gazi,TRY,91.0,265000.0,1.9622641509433962,Этаж выше этажности,оставить,520000.0,есть ≥2 аналога train,этаж → пропуск
255899,Daire,319000.0,135.0,3+1,6,4,Bursa/Nilüfer/Dumlupınar,TRY,141.0,196000.0,1.6275510204081634,Этаж выше этажности,оставить,319000.0,есть ≥2 аналога train,этаж → пропуск
255946,Daire,210000.0,125.0,3+1,6,4,Ankara/Keçiören/Etlik,TRY,983.0,240000.0,0.875,Этаж выше этажности,оставить,210000.0,есть ≥2 аналога train,этаж → пропуск
255951,Daire,220000.0,1.0,3+1,6,6,Konya/Karatay/Ulubatlıhasan,TRY,15.0,235000.0,0.9361702127659575,Неправдоподобная площадь,оставить,220000.0,есть ≥2 аналога train,площадь → пропуск
255954,Rezidans,108000.0,60.0,2+1,6,5,Gaziantep/Şehitkamil/Güvenevler,TRY,1.0,108000.0,,Этаж выше этажности,оставить,108000.0,аналогов train меньше 2,этаж → пропуск
255987,Daire,230000.0,150.0,4+1,6,1,Ankara/Polatlı/Şentepe,TRY,41.0,175000.0,1.3142857142857143,Этаж выше этажности,оставить,230000.0,есть ≥2 аналога train,этаж → пропуск
256002,Daire,230000.0,,2+1,6,4,Samsun/Atakum/Yenimahalle,TRY,911.0,265000.0,0.8679245283018868,Этаж выше этажности,оставить,230000.0,есть ≥2 аналога train,этаж → пропуск
256062,Daire,220000.0,1.0,3+1,6,6,Konya/Karatay/Ulubatlıhasan,TRY,15.0,235000.0,0.9361702127659575,Неправдоподобная площадь,оставить,220000.0,есть ≥2 аналога train,площадь → пропуск
256194,Daire,200000.0,,3+1,6,2,Bursa/Gürsu/Zafer,TRY,26.0,230000.0,0.8695652173913043,Этаж выше этажности,оставить,200000.0,есть ≥2 аналога train,этаж → пропуск
256224,Daire,279000.0,130.0,3+1,6,3,Aydın/Nazilli/Yeşil,TRY,60.0,214000.0,1.3037383177570094,Этаж выше этажности,оставить,279000.0,есть ≥2 аналога train,этаж → пропуск
256291,Daire,510000.0,,2+1,6,3,İstanbul/Ümraniye/Mehmet Akif,TRY,45.0,375000.0,1.36,Этаж выше этажности,оставить,510000.0,есть ≥2 аналога train,этаж → пропуск
256374,Daire,270000.0,,3+1,6,1,İstanbul/Esenyurt/Orhan Gazi,TRY,30.0,170000.0,1.588235294117647,Этаж выше этажности,оставить,270000.0,есть ≥2 аналога train,этаж → пропуск
256592,Daire,172000.0,,3+1,6,3,İzmir/Torbalı/Muratbey,TRY,41.0,295000.0,0.5830508474576271,Этаж выше этажности,оставить,172000.0,есть ≥2 аналога train,этаж → пропуск
256772,Daire,230000.0,,2+1,6,4,Samsun/Atakum/Yenimahalle,TRY,911.0,265000.0,0.8679245283018868,Этаж выше этажности,оставить,230000.0,есть ≥2 аналога train,этаж → пропуск
256800,Daire,510000.0,,2+1,6,3,İstanbul/Ümraniye/Mehmet Akif,TRY,45.0,375000.0,1.36,Этаж выше этажности,оставить,510000.0,есть ≥2 аналога train,этаж → пропуск
256807,Daire,300000.0,,3+1,6,5,İzmir/Çiğli/Küçük Çiğli,TRY,65.0,320000.0,0.9375,Этаж выше этажности,оставить,300000.0,есть ≥2 аналога train,этаж → пропуск
257244,Daire,415.0,155.0,4+1,6,10-20 arası,Ankara/Altındağ/Yıldıztepe,TRY,146.0,235500.0,0.001762208067940552,"Цена < 5 000 TRY, Цена < 1% местной медианы",исключить,415.0,есть ≥2 аналога train,без изменений
257317,Daire,210000.0,125.0,3+1,6,4,Ankara/Keçiören/Etlik,TRY,983.0,240000.0,0.875,Этаж выше этажности,оставить,210000.0,есть ≥2 аналога train,этаж → пропуск
257375,Daire,450000.0,,3+1,7,1,Afyonkarahisar/Merkez/Karaman,TRY,10.0,472500.0,0.9523809523809523,Этаж выше этажности,оставить,450000.0,есть ≥2 аналога train,этаж → пропуск
257418,Daire,450000.0,,3+1,7,1,Afyonkarahisar/Merkez/Karaman,TRY,10.0,472500.0,0.9523809523809523,Этаж выше этажности,оставить,450000.0,есть ≥2 аналога train,этаж → пропуск
257503,Daire,335000.0,,3+1,7,1,Samsun/Atakum/Mevlana,TRY,223.0,320000.0,1.046875,Этаж выше этажности,оставить,335000.0,есть ≥2 аналога train,этаж → пропуск
257528,Daire,450000.0,,3+1,7,1,Afyonkarahisar/Merkez/Karaman,TRY,10.0,472500.0,0.9523809523809523,Этаж выше этажности,оставить,450000.0,есть ≥2 аналога train,этаж → пропуск
257737,Daire,239000.0,130.0,3+1,7,5,İstanbul/Sultangazi/Malkoçoğlu,TRY,20.0,312500.0,0.7648,Этаж выше этажности,оставить,239000.0,есть ≥2 аналога train,этаж → пропуск
257955,Rezidans,950000.0,340.0,4+1,7,2,Mersin/Yenişehir/Fuatmorel,TRY,1.0,950000.0,,Этаж выше этажности,оставить,950000.0,аналогов train меньше 2,этаж → пропуск
257975,Rezidans,24974100.0,7000.0,3+1,7,10-20 arası,İstanbul/Kağıthane/Çağlayan,USD,6.0,500000.0,49.9482,"Цена > 20 местных медиан, Неправдоподобная площадь",исключить,4500000.0,есть ≥2 аналога train,площадь → пропуск
258015,Daire,599000.0,110.0,3+1,7,3,İstanbul/Ataşehir/İçerenköy,TRY,99.0,380000.0,1.5763157894736841,Этаж выше этажности,оставить,599000.0,есть ≥2 аналога train,этаж → пропуск
258649,Daire,460000.0,105.0,3+1,7,1,İstanbul/Bağcılar/Kemalpaşa,TRY,13.0,390000.0,1.1794871794871795,Этаж выше этажности,оставить,460000.0,есть ≥2 аналога train,этаж → пропуск
258825,Daire,159000.0,130.0,3+1,7,3,Ankara/Keçiören/Etlik,TRY,983.0,240000.0,0.6625,Этаж выше этажности,оставить,159000.0,есть ≥2 аналога train,этаж → пропуск
258951,Daire,1550.0,,5+1,7,7,Adıyaman/Merkez/Altınşehir,TRY,129.0,275000.0,0.005636363636363636,"Цена < 5 000 TRY, Цена < 1% местной медианы",исключить,1550.0,есть ≥2 аналога train,без изменений
259037,Daire,450000.0,,3+1,7,1,Afyonkarahisar/Merkez/Karaman,TRY,10.0,472500.0,0.9523809523809523,Этаж выше этажности,оставить,450000.0,есть ≥2 аналога train,этаж → пропуск
259178,Daire,475000.0,,5+3,7,6,Şanlıurfa/Karaköprü/Ali Baba,TRY,19.0,275000.0,1.7272727272727273,Этаж выше этажности,оставить,475000.0,есть ≥2 аналога train,этаж → пропуск
259729,Daire,220000.0,135.0,3+1,7,5,Yozgat/Merkez/Yeni Cami,TRY,12.0,252500.0,0.8712871287128713,Этаж выше этажности,оставить,220000.0,есть ≥2 аналога train,этаж → пропуск
259752,Daire,230000.0,,2+1,7,1,Bursa/Nilüfer/Fethiye,TRY,72.0,301500.0,0.7628524046434494,Этаж выше этажности,оставить,230000.0,есть ≥2 аналога train,этаж → пропуск
259782,Daire,375000.0,,3+1,7,5,Adana/Çukurova/Huzurevleri,TRY,580.0,299000.0,1.254180602006689,Этаж выше этажности,оставить,375000.0,есть ≥2 аналога train,этаж → пропуск
259843,Daire,375000.0,,3+1,7,5,Adana/Çukurova/Huzurevleri,TRY,580.0,299000.0,1.254180602006689,Этаж выше этажности,оставить,375000.0,есть ≥2 аналога train,этаж → пропуск
260031,Daire,375000.0,,3+1,7,5,Adana/Çukurova/Huzurevleri,TRY,580.0,299000.0,1.254180602006689,Этаж выше этажности,оставить,375000.0,есть ≥2 аналога train,этаж → пропуск
260038,Daire,375000.0,,3+1,7,5,Adana/Çukurova/Huzurevleri,TRY,580.0,299000.0,1.254180602006689,Этаж выше этажности,оставить,375000.0,есть ≥2 аналога train,этаж → пропуск
260230,Daire,350000.0,,2+1,7,5,Kocaeli/Gebze/Yenikent,TRY,17.0,290000.0,1.206896551724138,Этаж выше этажности,оставить,350000.0,есть ≥2 аналога train,этаж → пропуск
260276,Daire,460000.0,105.0,3+1,7,1,İstanbul/Bağcılar/Kemalpaşa,TRY,13.0,390000.0,1.1794871794871795,Этаж выше этажности,оставить,460000.0,есть ≥2 аналога train,этаж → пропуск
260298,Daire,179000.0,,2+1,7,4,İstanbul/Beylikdüzü/Cumhuriyet,TRY,2089.0,180000.0,0.9944444444444445,Этаж выше этажности,оставить,179000.0,есть ≥2 аналога train,этаж → пропуск
260327,Daire,338000.0,130.0,3+1,7,6,Ankara/Yenimahalle/Turgut Özal,TRY,166.0,485000.0,0.6969072164948453,Этаж выше этажности,оставить,338000.0,есть ≥2 аналога train,этаж → пропуск
260359,Daire,338000.0,130.0,3+1,7,6,Ankara/Yenimahalle/Turgut Özal,TRY,166.0,485000.0,0.6969072164948453,Этаж выше этажности,оставить,338000.0,есть ≥2 аналога train,этаж → пропуск
260377,Daire,286000.0,149.0,3+1,7,6,Trabzon/Ortahisar/Pelitli,TRY,125.0,260000.0,1.1,Этаж выше этажности,оставить,286000.0,есть ≥2 аналога train,этаж → пропуск
260398,Rezidans,24974100.0,7000.0,3+1,7,10-20 arası,İstanbul/Kağıthane/Çağlayan,USD,6.0,500000.0,49.9482,"Цена > 20 местных медиан, Неправдоподобная площадь",исключить,4500000.0,есть ≥2 аналога train,площадь → пропуск
260424,Daire,338000.0,130.0,3+1,7,6,Ankara/Yenimahalle/Turgut Özal,TRY,166.0,485000.0,0.6969072164948453,Этаж выше этажности,оставить,338000.0,есть ≥2 аналога train,этаж → пропуск
260438,Daire,338000.0,130.0,3+1,7,6,Ankara/Yenimahalle/Turgut Özal,TRY,166.0,485000.0,0.6969072164948453,Этаж выше этажности,оставить,338000.0,есть ≥2 аналога train,этаж → пропуск
260615,Daire,580000.0,145.0,3+1,7,2,Edirne/Merkez/Şükrüpaşa,TRY,154.0,325000.0,1.7846153846153847,Этаж выше этажности,оставить,580000.0,есть ≥2 аналога train,этаж → пропуск
260619,Daire,235000.0,,2+1,7,4,İstanbul/Pendik/Velibaba,TRY,98.0,295000.0,0.7966101694915254,Этаж выше этажности,оставить,235000.0,есть ≥2 аналога train,этаж → пропуск
260908,Daire,179000.0,60.0,1+1,8,7,Manisa/Yunusemre/Güzelyurt,TRY,159.0,400000.0,0.4475,Этаж выше этажности,оставить,179000.0,есть ≥2 аналога train,этаж → пропуск
260911,Daire,265000.0,165.0,3+1,8,3,Adana/Çukurova/Yüzüncüyıl,TRY,661.0,228000.0,1.162280701754386,Этаж выше этажности,оставить,265000.0,есть ≥2 аналога train,этаж → пропуск
261097,Daire,365000.0,110.0,3+1,8,5,İstanbul/Pendik/Yenişehir,TRY,267.0,290000.0,1.2586206896551724,Этаж выше этажности,оставить,365000.0,есть ≥2 аналога train,этаж → пропуск
261337,Daire,320000.0,148.0,3+1,8,1,Samsun/Atakum/Yenimahalle,TRY,911.0,265000.0,1.2075471698113207,Этаж выше этажности,оставить,320000.0,есть ≥2 аналога train,этаж → пропуск
261607,Daire,1050000.0,125.0,2+1,8,6,İstanbul/Beykoz/Kavacık,TRY,79.0,570000.0,1.8421052631578947,Этаж выше этажности,оставить,1050000.0,есть ≥2 аналога train,этаж → пропуск
261820,Daire,179000.0,60.0,1+1,8,7,Manisa/Yunusemre/Güzelyurt,TRY,159.0,400000.0,0.4475,Этаж выше этажности,оставить,179000.0,есть ≥2 аналога train,этаж → пропуск
261956,Daire,375000.0,140.0,4+1,8,2,İstanbul/Tuzla/Aydınlı,TRY,225.0,270000.0,1.3888888888888888,Этаж выше этажности,оставить,375000.0,есть ≥2 аналога train,этаж → пропуск
262016,Daire,120000.0,,2+1,8,5,Samsun/Atakum/Büyükoyumca,TRY,26.0,160000.0,0.75,Этаж выше этажности,оставить,120000.0,есть ≥2 аналога train,этаж → пропуск
262066,Daire,280000.0,150.0,2+1,8,2,Adana/Seyhan/Gürselpaşa,TRY,547.0,294000.0,0.9523809523809523,Этаж выше этажности,оставить,280000.0,есть ≥2 аналога train,этаж → пропуск
262146,Daire,157000.0,92.0,2+1,8,2,Kahramanmaraş/Onikişubat/Yunus Emre,TRY,32.0,156000.0,1.0064102564102564,Этаж выше этажности,оставить,157000.0,есть ≥2 аналога train,этаж → пропуск
262395,Daire,340000.0,135.0,3+1,8,2,Bursa/Nilüfer/Dumlupınar,TRY,141.0,196000.0,1.7346938775510203,Этаж выше этажности,оставить,340000.0,есть ≥2 аналога train,этаж → пропуск
263063,Daire,285000.0,125.0,3+1,8,1,Ankara/Mamak/Çağlayan,TRY,23.0,160000.0,1.78125,Этаж выше этажности,оставить,285000.0,есть ≥2 аналога train,этаж → пропуск
263425,Daire,175.0,120.0,3+1,2,3,Ankara/Sincan/Mareşal Çakmak,TRY,82.0,132000.0,0.0013257575757575758,"Цена < 5 000 TRY, Цена < 1% местной медианы",исключить,175.0,есть ≥2 аналога train,без изменений
264823,Daire,145000.0,1.0,1+1,2,3,İstanbul/Sancaktepe/Yunus Emre,TRY,78.0,215000.0,0.6744186046511628,Неправдоподобная площадь,оставить,145000.0,есть ≥2 аналога train,площадь → пропуск
265279,Daire,145000.0,1.0,1+1,2,3,İstanbul/Sancaktepe/Yunus Emre,TRY,78.0,215000.0,0.6744186046511628,Неправдоподобная площадь,оставить,145000.0,есть ≥2 аналога train,площадь → пропуск
265280,Daire,329000.0,10.0,3+1,2,3,Ankara/Keçiören/Yayla,TRY,114.0,246500.0,1.3346855983772818,Неправдоподобная площадь,оставить,329000.0,есть ≥2 аналога train,площадь → пропуск
265964,Daire,17000000.0,130.0,3+1,2,3,İstanbul/Üsküdar/Çengelköy,TRY,37.0,850000.0,20.0,Цена > 20 местных медиан,исключить,17000000.0,есть ≥2 аналога train,без изменений
266045,Daire,329000.0,10.0,3+1,2,3,Ankara/Keçiören/Yayla,TRY,114.0,246500.0,1.3346855983772818,Неправдоподобная площадь,оставить,329000.0,есть ≥2 аналога train,площадь → пропуск
266096,Daire,145000.0,1.0,1+1,2,3,İstanbul/Sancaktepe/Yunus Emre,TRY,78.0,215000.0,0.6744186046511628,Неправдоподобная площадь,оставить,145000.0,есть ≥2 аналога train,площадь → пропуск
266387,Daire,800.0,120.0,3+1,2,3,Ankara/Altındağ/Yıldıztepe,TRY,146.0,235500.0,0.003397027600849257,"Цена < 5 000 TRY, Цена < 1% местной медианы",исключить,800.0,есть ≥2 аналога train,без изменений
269203,Daire,195000.0,144999.0,3+1,2,3,Ankara/Keçiören/Kanuni,TRY,160.0,169000.0,1.1538461538461537,Неправдоподобная площадь,оставить,195000.0,есть ≥2 аналога train,площадь → пропуск
269833,Daire,850.0,,3+1,2,3,Ankara/Altındağ/Ziraat,TRY,4.0,147500.0,0.00576271186440678,"Цена < 5 000 TRY, Цена < 1% местной медианы",исключить,850.0,есть ≥2 аналога train,без изменений
270321,Daire,236000.0,1.0,2+1,2,4,İstanbul/Sancaktepe/Kemal Türkler,TRY,70.0,225000.0,1.048888888888889,Неправдоподобная площадь,оставить,236000.0,есть ≥2 аналога train,площадь → пропуск
271531,Daire,900.0,,2+1,2,4,Kocaeli/Çayırova/Atatürk,TRY,89.0,225000.0,0.004,"Цена < 5 000 TRY, Цена < 1% местной медианы",исключить,900.0,есть ≥2 аналога train,без изменений
272653,Daire,200000.0,1.0,2+1,2,4,Aydın/Efeler/Meşrutiyet,TRY,90.0,205000.0,0.975609756097561,Неправдоподобная площадь,оставить,200000.0,есть ≥2 аналога train,площадь → пропуск
272803,Daire,236000.0,1.0,2+1,2,4,İstanbul/Sancaktepe/Kemal Türkler,TRY,70.0,225000.0,1.048888888888889,Неправдоподобная площадь,оставить,236000.0,есть ≥2 аналога train,площадь → пропуск
273932,Daire,950.0,130.0,3+1,2,4,Amasya/Merkez/Şeyhcui,TRY,27.0,182500.0,0.0052054794520547945,"Цена < 5 000 TRY, Цена < 1% местной медианы",исключить,950.0,есть ≥2 аналога train,без изменений
276586,Daire,169.0,,3+1,2,4,Manisa/Turgutlu/Yiğitler,TRY,14.0,135000.0,0.0012518518518518519,"Цена < 5 000 TRY, Цена < 1% местной медианы",исключить,169.0,есть ≥2 аналога train,без изменений
276595,Daire,900.0,,2+1,2,4,Kocaeli/Çayırova/Atatürk,TRY,89.0,225000.0,0.004,"Цена < 5 000 TRY, Цена < 1% местной медианы",исключить,900.0,есть ≥2 аналога train,без изменений
276699,Daire,200.0,110.0,3+1,2,4,Ankara/Mamak/Cengizhan,TRY,61.0,215000.0,0.0009302325581395349,"Цена < 5 000 TRY, Цена < 1% местной медианы",исключить,200.0,есть ≥2 аналога train,без изменений
276729,Daire,215000.0,1.0,2+1,2,4,İstanbul/Sancaktepe/İnönü,TRY,36.0,262500.0,0.819047619047619,Неправдоподобная площадь,оставить,215000.0,есть ≥2 аналога train,площадь → пропуск
278372,Daire,1350.0,110.0,3+1,2,4,İstanbul/Tuzla/İstasyon,TRY,115.0,440000.0,0.003068181818181818,"Цена < 5 000 TRY, Цена < 1% местной медианы",исключить,1350.0,есть ≥2 аналога train,без изменений
279103,Daire,214000.0,1.0,2+1,2,4,İstanbul/Sancaktepe/Yunus Emre,TRY,78.0,215000.0,0.9953488372093023,Неправдоподобная площадь,оставить,214000.0,есть ≥2 аналога train,площадь → пропуск
279229,Daire,269000.0,1.0,2+1,2,4,İstanbul/Sancaktepe/Fatih,TRY,68.0,280000.0,0.9607142857142857,Неправдоподобная площадь,оставить,269000.0,есть ≥2 аналога train,площадь → пропуск
279787,Daire,236000.0,1.0,2+1,2,4,İstanbul/Sancaktepe/Kemal Türkler,TRY,70.0,225000.0,1.048888888888889,Неправдоподобная площадь,оставить,236000.0,есть ≥2 аналога train,площадь → пропуск
280708,Daire,285000.0,1.0,3+1,2,5,İstanbul/Esenyurt/Mehterçeşme,TRY,229.0,180000.0,1.5833333333333333,Неправдоподобная площадь,оставить,285000.0,есть ≥2 аналога train,площадь → пропуск
280818,Daire,430000.0,1.0,3+1,2,5,Gaziantep/Şehitkamil/Batıkent,TRY,54.0,550000.0,0.7818181818181819,Неправдоподобная площадь,оставить,430000.0,есть ≥2 аналога train,площадь → пропуск
281326,Daire,650.0,,3+1,2,5,Kütahya/Merkez/Akkent,TRY,,,,Цена < 5 000 TRY,исключить,650.0,аналогов train меньше 2,без изменений
281482,Daire,650.0,,3+1,2,5,Kütahya/Merkez/Akkent,TRY,,,,Цена < 5 000 TRY,исключить,650.0,аналогов train меньше 2,без изменений
281549,Daire,650.0,,3+1,2,5,Kütahya/Merkez/Akkent,TRY,,,,Цена < 5 000 TRY,исключить,650.0,аналогов train меньше 2,без изменений
282156,Daire,308000.0,10.0,2+1,2,5,İstanbul/Bağcılar/Merkez,TRY,23.0,520000.0,0.5923076923076923,Неправдоподобная площадь,оставить,308000.0,есть ≥2 аналога train,площадь → пропуск
282613,Daire,400000.0,90.0,+,2,5,İstanbul/Beylikdüzü/Yakuplu,TRY,653.0,225000.0,1.7777777777777777,Комнаты не разобраны,оставить,400000.0,есть ≥2 аналога train,без изменений
282659,Daire,220000.0,11.0,2+1,2,5,İstanbul/Esenyurt/Güzelyurt,TRY,342.0,199000.0,1.1055276381909547,Неправдоподобная площадь,оставить,220000.0,есть ≥2 аналога train,площадь → пропуск
283207,Daire,650000.0,2.0,4+1,2,5,İzmir/Karşıyaka/Şemikler,TRY,316.0,320000.0,2.03125,Неправдоподобная площадь,оставить,650000.0,есть ≥2 аналога train,площадь → пропуск
286599,Daire,900.0,95.0,2+1,2,5,İstanbul/Çekmeköy/Aydınlar,TRY,108.0,250000.0,0.0036,"Цена < 5 000 TRY, Цена < 1% местной медианы",исключить,900.0,есть ≥2 аналога train,без изменений
289318,Daire,388000.0,10.0,2+1,2,5,İstanbul/Güngören/Merkez,TRY,56.0,355000.0,1.0929577464788733,Неправдоподобная площадь,оставить,388000.0,есть ≥2 аналога train,площадь → пропуск
289958,Daire,200000.0,95.0,+,2,6,İstanbul/Esenyurt/Yeşilkent,TRY,269.0,198000.0,1.0101010101010102,Комнаты не разобраны,оставить,200000.0,есть ≥2 аналога train,без изменений
290262,Daire,2100.0,160.0,2+1,2,6,İstanbul/Beylikdüzü/Gürpınar,TRY,195.0,320000.0,0.0065625,"Цена < 5 000 TRY, Цена < 1% местной медианы",исключить,2100.0,есть ≥2 аналога train,без изменений
290305,Daire,900.0,,3+1,2,6,Ankara/Yenimahalle/Demetlale,TRY,60.0,169000.0,0.0053254437869822485,"Цена < 5 000 TRY, Цена < 1% местной медианы",исключить,900.0,есть ≥2 аналога train,без изменений
291228,Daire,178000.0,10.0,2+1,2,6,İstanbul/Bağcılar/Merkez,TRY,23.0,520000.0,0.3423076923076923,Неправдоподобная площадь,оставить,178000.0,есть ≥2 аналога train,площадь → пропуск
292246,Daire,680000.0,2.0,2+1,2,6,İstanbul/Şişli/19 Mayıs,TRY,15.0,650000.0,1.0461538461538462,Неправдоподобная площадь,оставить,680000.0,есть ≥2 аналога train,площадь → пропуск
292960,Daire,330000.0,4.0,3+1,2,7,Bursa/Yıldırım/Millet,TRY,38.0,467500.0,0.7058823529411765,Неправдоподобная площадь,оставить,330000.0,есть ≥2 аналога train,площадь → пропуск
294279,Daire,2500.0,80.0,2+1,2,9,İstanbul/Kartal/Kordonboyu,TRY,64.0,1025000.0,0.0024390243902439024,"Цена < 5 000 TRY, Цена < 1% местной медианы",исключить,2500.0,есть ≥2 аналога train,без изменений
294846,Daire,150000.0,82.0,1+1,15,8,İstanbul/Beylikdüzü/Cumhuriyet,TRY,2089.0,180000.0,0.8333333333333334,Этаж выше этажности,оставить,150000.0,есть ≥2 аналога train,этаж → пропуск
294953,Daire,510000.0,2.0,4+1,,10-20 arası,Ankara/Mamak/Durali Alıç,TRY,66.0,250000.0,2.04,Неправдоподобная площадь,оставить,510000.0,есть ≥2 аналога train,площадь → пропуск
294981,Daire,390000.0,160.0,3+1,10,4,Ankara/Yenimahalle/Pamuklar,TRY,192.0,389000.0,1.0025706940874035,Этаж выше этажности,оставить,390000.0,есть ≥2 аналога train,этаж → пропуск
295011,Daire,510000.0,2.0,4+1,,10-20 arası,Ankara/Mamak/Durali Alıç,TRY,66.0,250000.0,2.04,Неправдоподобная площадь,оставить,510000.0,есть ≥2 аналога train,площадь → пропуск
295398,Daire,599000.0,175.0,4+1,15,8,Ankara/Yenimahalle/Kardelen,TRY,69.0,440000.0,1.3613636363636363,Этаж выше этажности,оставить,599000.0,есть ≥2 аналога train,этаж → пропуск
295416,Daire,269000.0,127.0,3+1,12,2,Ankara/Etimesgut/Yeşilova,TRY,35.0,260000.0,1.0346153846153847,Этаж выше этажности,оставить,269000.0,есть ≥2 аналога train,этаж → пропуск
295491,Daire,510000.0,2.0,4+1,,10-20 arası,Ankara/Mamak/Durali Alıç,TRY,66.0,250000.0,2.04,Неправдоподобная площадь,оставить,510000.0,есть ≥2 аналога train,площадь → пропуск
295823,Daire,390000.0,160.0,3+1,10,4,Ankara/Yenimahalle/Pamuklar,TRY,192.0,389000.0,1.0025706940874035,Этаж выше этажности,оставить,390000.0,есть ≥2 аналога train,этаж → пропуск
296032,Daire,269000.0,127.0,3+1,12,2,Ankara/Etimesgut/Yeşilova,TRY,35.0,260000.0,1.0346153846153847,Этаж выше этажности,оставить,269000.0,есть ≥2 аналога train,этаж → пропуск
296215,Rezidans,106000000.0,800.0,7+2,20 ve üzeri,20 ve üzeri,İstanbul/Beşiktaş/Vişnezade,TRY,8.0,45992260.0,2.3047356229069846,Цена > 50 млн TRY,оставить,106000000.0,есть ≥2 аналога train,без изменений
296297,Daire,510000.0,190.0,4+1,10,2,Ankara/Etimesgut/Bağlıca,TRY,431.0,495000.0,1.0303030303030303,Этаж выше этажности,оставить,510000.0,есть ≥2 аналога train,этаж → пропуск
296567,Daire,24306007.8525,440.0,4+1,En Üst Kat,2,Ankara/Elmadağ/Hasanoğlan Havuzbaşı,GBP,68.0,575000.0,42.271318004347826,Цена > 20 местных медиан,исключить,3614545.0,есть ≥2 аналога train,без изменений
296659,Daire,459000.0,180.0,4+1,10,7,Konya/Selçuklu/Hacıkaymak,TRY,25.0,329000.0,1.3951367781155015,Этаж выше этажности,оставить,459000.0,есть ≥2 аналога train,этаж → пропуск
296726,Daire,440000.0,150.0,4+1,15,10,Ankara/Etimesgut/Göksu,TRY,100.0,422000.0,1.042654028436019,Этаж выше этажности,оставить,440000.0,есть ≥2 аналога train,этаж → пропуск
297034,Daire,250000.0,,1+1,5,1,Ankara/Çankaya/İlkbahar,TRY,43.0,470000.0,0.5319148936170213,Этаж выше этажности,оставить,250000.0,есть ≥2 аналога train,этаж → пропуск
297041,Komple Bina,900000.0,,+,,4,Denizli/Pamukkale/İncilipınar,TRY,3.0,999000.0,0.9009009009009009,Комнаты не разобраны,оставить,900000.0,есть ≥2 аналога train,без изменений
297275,Daire,290000.0,170.0,3+1,10,4,Kayseri/Melikgazi/Esenyurt,TRY,56.0,210000.0,1.380952380952381,Этаж выше этажности,оставить,290000.0,есть ≥2 аналога train,этаж → пропуск
297488,Daire,5616625.0,,9+1,15,8,İstanbul/Avcılar/Cihangir,GBP,470.0,249000.0,22.556726907630523,"Цена > 20 местных медиан, Этаж выше этажности",исключить,686000.0,есть ≥2 аналога train,этаж → пропуск
297726,Daire,440000.0,150.0,4+1,15,10,Ankara/Etimesgut/Göksu,TRY,100.0,422000.0,1.042654028436019,Этаж выше этажности,оставить,440000.0,есть ≥2 аналога train,этаж → пропуск
297931,Komple Bina,76000000.0,8600.0,+,,10-20 arası,İstanbul/Ataşehir/Küçükbakkalköy,TRY,1.0,7500000.0,,"Цена > 50 млн TRY, Комнаты не разобраны",оставить,76000000.0,аналогов train меньше 2,без изменений
298060,Daire,5616625.0,,9+1,15,8,İstanbul/Avcılar/Cihangir,GBP,470.0,249000.0,22.556726907630523,"Цена > 20 местных медиан, Этаж выше этажности",исключить,686000.0,есть ≥2 аналога train,этаж → пропуск
298100,Daire,1100000.0,150.0,3+1,7,5,İstanbul/Başakşehir/Kayabaşı,TRY,936.0,310000.0,3.5483870967741935,Этаж выше этажности,оставить,1100000.0,есть ≥2 аналога train,этаж → пропуск
298120,Daire,5616625.0,,9+1,15,8,İstanbul/Avcılar/Cihangir,GBP,470.0,249000.0,22.556726907630523,"Цена > 20 местных медиан, Этаж выше этажности",исключить,686000.0,есть ≥2 аналога train,этаж → пропуск
298417,Daire,550000.0,150.0,4+1,10,5,Mersin/Yenişehir/50. Yıl,TRY,107.0,380000.0,1.4473684210526316,Этаж выше этажности,оставить,550000.0,есть ≥2 аналога train,этаж → пропуск
298435,Daire,459000.0,180.0,4+1,10,7,Konya/Selçuklu/Hacıkaymak,TRY,25.0,329000.0,1.3951367781155015,Этаж выше этажности,оставить,459000.0,есть ≥2 аналога train,этаж → пропуск
298481,Daire,79000.0,98.0,3+1,9,7,Ankara/Etimesgut/Yukarıyurtçu,TRY,15.0,135000.0,0.5851851851851851,Этаж выше этажности,оставить,79000.0,есть ≥2 аналога train,этаж → пропуск
298572,Daire,440000.0,150.0,4+1,15,10,Ankara/Etimesgut/Göksu,TRY,100.0,422000.0,1.042654028436019,Этаж выше этажности,оставить,440000.0,есть ≥2 аналога train,этаж → пропуск
298610,Daire,264887.8496,6913.0,7+2,13,3,Ankara/Elmadağ/Hasanoğlan Havuzbaşı,USD,68.0,575000.0,0.4606745210434783,"Неправдоподобная площадь, Этаж выше этажности",оставить,49412.0,есть ≥2 аналога train,площадь и этаж → пропуск
298750,Daire,3000.0,,5+1,5,6,İstanbul/Bahçelievler/Kocasinan Merkez,TRY,264.0,360000.0,0.008333333333333333,"Цена < 5 000 TRY, Цена < 1% местной медианы",исключить,3000.0,есть ≥2 аналога train,без изменений
299311,Daire,175000.0,,3+1,10,4,Kayseri/Kocasinan/Erkilet Osman Gazi,TRY,51.0,230000.0,0.7608695652173914,Этаж выше этажности,оставить,175000.0,есть ≥2 аналога train,этаж → пропуск
299530,Daire,345000.0,50.0,1+0,15,2,İzmir/Bornova/Kazımdirik,TRY,80.0,375000.0,0.92,Этаж выше этажности,оставить,345000.0,есть ≥2 аналога train,этаж → пропуск
299637,Komple Bina,76000000.0,8600.0,+,,10-20 arası,İstanbul/Ataşehir/Küçükbakkalköy,TRY,1.0,7500000.0,,"Цена > 50 млн TRY, Комнаты не разобраны",оставить,76000000.0,аналогов train меньше 2,без изменений
299700,Daire,3000.0,,5+1,5,6,İstanbul/Bahçelievler/Kocasinan Merkez,TRY,264.0,360000.0,0.008333333333333333,"Цена < 5 000 TRY, Цена < 1% местной медианы",исключить,3000.0,есть ≥2 аналога train,без изменений
299841,Daire,235000.0,,3+1,11,10,Kayseri/Melikgazi/Mimarsinan OSB,TRY,,,,Этаж выше этажности,оставить,235000.0,аналогов train меньше 2,этаж → пропуск
299974,Daire,195000.0,149.0,3+1,2,1,Kayseri/Talas/Mevlana,TRY,512.0,215000.0,0.9069767441860465,Этаж выше этажности,оставить,195000.0,есть ≥2 аналога train,этаж → пропуск
299985,Daire,115000.0,84.0,2+1,10,5,Ankara/Etimesgut/Yapracık,TRY,62.0,148000.0,0.777027027027027,Этаж выше этажности,оставить,115000.0,есть ≥2 аналога train,этаж → пропуск
300094,Daire,510000.0,,4+1,2,1,Elazığ/Merkez/Çaydaçıra,TRY,37.0,400000.0,1.275,Этаж выше этажности,оставить,510000.0,есть ≥2 аналога train,этаж → пропуск
300117,Daire,459000.0,180.0,4+1,10,7,Konya/Selçuklu/Hacıkaymak,TRY,25.0,329000.0,1.3951367781155015,Этаж выше этажности,оставить,459000.0,есть ≥2 аналога train,этаж → пропуск
300177,Daire,650.0,160.0,3+1,9,10-20 arası,Kayseri/Talas/Mevlana,TRY,512.0,215000.0,0.0030232558139534882,"Цена < 5 000 TRY, Цена < 1% местной медианы",исключить,650.0,есть ≥2 аналога train,без изменений
300325,Daire,398000.0,129.0,2+1,9,4,Bursa/Osmangazi/Demirtaş Cumhuriyet,TRY,83.0,235000.0,1.6936170212765957,Этаж выше этажности,оставить,398000.0,есть ≥2 аналога train,этаж → пропуск
300388,Daire,3000.0,,5+1,5,6,İstanbul/Bahçelievler/Kocasinan Merkez,TRY,264.0,360000.0,0.008333333333333333,"Цена < 5 000 TRY, Цена < 1% местной медианы",исключить,3000.0,есть ≥2 аналога train,без изменений
300761,Komple Bina,24500000.0,900.0,+,,4,İstanbul/Beşiktaş/Bebek,TRY,4.0,13257250.0,1.8480454091157668,Комнаты не разобраны,оставить,24500000.0,есть ≥2 аналога train,без изменений
301008,Daire,2250.0,200.0,3+1,1,5,İstanbul/Şişli/Teşvikiye,TRY,58.0,1500000.0,0.0015,"Цена < 5 000 TRY, Цена < 1% местной медианы",исключить,2250.0,есть ≥2 аналога train,без изменений
301172,Daire,162000.0,,1+0,14,4,İstanbul/Küçükçekmece/Atakent,TRY,500.0,385000.0,0.42077922077922075,Этаж выше этажности,оставить,162000.0,есть ≥2 аналога train,этаж → пропуск
301209,Daire,970000.0,160.0,5+1,11,10,İstanbul/Başakşehir/Başakşehir,TRY,371.0,655000.0,1.4809160305343512,Этаж выше этажности,оставить,970000.0,есть ≥2 аналога train,этаж → пропуск
301812,Daire,1000.0,,2+1,8,10-20 arası,İstanbul/Başakşehir/Kayabaşı,TRY,936.0,310000.0,0.0032258064516129032,"Цена < 5 000 TRY, Цена < 1% местной медианы",исключить,1000.0,есть ≥2 аналога train,без изменений
301862,Daire,240000.0,,3+1,12,10,Kayseri/Kocasinan/Beyazşehir,TRY,23.0,185000.0,1.2972972972972974,Этаж выше этажности,оставить,240000.0,есть ≥2 аналога train,этаж → пропуск
301932,Daire,2900000.0,3170.0,3+1,4,5,İstanbul/Beşiktaş/Ulus,TRY,83.0,3200000.0,0.90625,Неправдоподобная площадь,оставить,2900000.0,есть ≥2 аналога train,площадь → пропуск
302088,Daire,750000.0,137.0,3+1,7,2,İzmir/Çiğli/Ataşehir,TRY,87.0,485000.0,1.5463917525773196,Этаж выше этажности,оставить,750000.0,есть ≥2 аналога train,этаж → пропуск
302251,Daire,175000.0,46.0,1+1,11,4,İstanbul/Esenyurt/Yeşilkent,TRY,269.0,198000.0,0.8838383838383839,Этаж выше этажности,оставить,175000.0,есть ≥2 аналога train,этаж → пропуск
302389,Daire,2300000.0,145.0,4+1,11,10,İstanbul/Kadıköy/Fenerbahçe,TRY,268.0,1962500.0,1.1719745222929936,Этаж выше этажности,оставить,2300000.0,есть ≥2 аналога train,этаж → пропуск
302418,Daire,240000.0,,3+1,12,10,Kayseri/Kocasinan/Beyazşehir,TRY,23.0,185000.0,1.2972972972972974,Этаж выше этажности,оставить,240000.0,есть ≥2 аналога train,этаж → пропуск
302480,Rezidans,5800000.0,,4+1,5,2,İstanbul/Beşiktaş/Levazım,TRY,18.0,16350000.0,0.3547400611620795,Этаж выше этажности,оставить,5800000.0,есть ≥2 аналога train,этаж → пропуск
302817,Daire,350000.0,,2+1,11,8,İstanbul/Tuzla/Aydıntepe,TRY,84.0,315000.0,1.1111111111111112,Этаж выше этажности,оставить,350000.0,есть ≥2 аналога train,этаж → пропуск
302946,Daire,268000.0,127.0,3+1,12,2,Ankara/Etimesgut/Yeşilova,TRY,35.0,260000.0,1.0307692307692307,Этаж выше этажности,оставить,268000.0,есть ≥2 аналога train,этаж → пропуск
303377,Daire,480000.0,170.0,4+1,8,4,Ankara/Etimesgut/Eryaman,TRY,152.0,338000.0,1.4201183431952662,Этаж выше этажности,оставить,480000.0,есть ≥2 аналога train,этаж → пропуск
303473,Rezidans,106000000.0,800.0,7+2,20 ve üzeri,20 ve üzeri,İstanbul/Beşiktaş/Vişnezade,TRY,8.0,45992260.0,2.3047356229069846,Цена > 50 млн TRY,оставить,106000000.0,есть ≥2 аналога train,без изменений
303705,Rezidans,299000.0,100.0,3+1,11,10,Ankara/Etimesgut/Şehit Osman Avcı,TRY,63.0,210000.0,1.4238095238095239,Этаж выше этажности,оставить,299000.0,есть ≥2 аналога train,этаж → пропуск
303740,Daire,2000.0,70.0,1+1,1,6,İzmir/Bornova/Kazımdirik,TRY,80.0,375000.0,0.005333333333333333,"Цена < 5 000 TRY, Цена < 1% местной медианы",исключить,2000.0,есть ≥2 аналога train,без изменений
303807,Daire,175000.0,,3+1,10,4,Kayseri/Kocasinan/Erkilet Osman Gazi,TRY,51.0,230000.0,0.7608695652173914,Этаж выше этажности,оставить,175000.0,есть ≥2 аналога train,этаж → пропуск
303912,Daire,780000.0,145.0,3+1,5,3,Çanakkale/Merkez/Cevat Paşa,TRY,43.0,270000.0,2.888888888888889,Этаж выше этажности,оставить,780000.0,есть ≥2 аналога train,этаж → пропуск
303929,Daire,225000.0,,3+1,9,7,Kahramanmaraş/Onikişubat/Yamaçtepe,TRY,33.0,325000.0,0.6923076923076923,Этаж выше этажности,оставить,225000.0,есть ≥2 аналога train,этаж → пропуск
303996,Daire,800.0,55.0,1+1,Kot 3,5,Aydın/Söke/Yenikent,TRY,60.0,162500.0,0.004923076923076923,"Цена < 5 000 TRY, Цена < 1% местной медианы",исключить,800.0,есть ≥2 аналога train,без изменений
304164,Daire,279000.0,127.0,3+1,12,2,Ankara/Etimesgut/Yeşilova,TRY,35.0,260000.0,1.073076923076923,Этаж выше этажности,оставить,279000.0,есть ≥2 аналога train,этаж → пропуск
304599,Komple Bina,360000.0,275.0,+,,2,Manisa/Salihli/Durasıllı,TRY,1.0,360000.0,,Комнаты не разобраны,оставить,360000.0,аналогов train меньше 2,без изменений
304651,Daire,459000.0,180.0,4+1,10,7,Konya/Selçuklu/Hacıkaymak,TRY,25.0,329000.0,1.3951367781155015,Этаж выше этажности,оставить,459000.0,есть ≥2 аналога train,этаж → пропуск
304888,Daire,775000.0,93.0,2+1,12,10,İstanbul/Başakşehir/Kayabaşı,TRY,936.0,310000.0,2.5,Этаж выше этажности,оставить,775000.0,есть ≥2 аналога train,этаж → пропуск
305027,Daire,268000.0,127.0,3+1,12,2,Ankara/Etimesgut/Yeşilova,TRY,35.0,260000.0,1.0307692307692307,Этаж выше этажности,оставить,268000.0,есть ≥2 аналога train,этаж → пропуск
305158,Daire,265000.0,110.0,3+1,12,2,Ankara/Etimesgut/Eryaman,TRY,152.0,338000.0,0.7840236686390533,Этаж выше этажности,оставить,265000.0,есть ≥2 аналога train,этаж → пропуск
305436,Daire,1150.0,,3+1,1,10-20 arası,Ankara/Yenimahalle/Pamuklar,TRY,192.0,389000.0,0.0029562982005141387,"Цена < 5 000 TRY, Цена < 1% местной медианы",исключить,1150.0,есть ≥2 аналога train,без изменений
305492,Daire,2250.0,200.0,3+1,1,5,İstanbul/Şişli/Teşvikiye,TRY,58.0,1500000.0,0.0015,"Цена < 5 000 TRY, Цена < 1% местной медианы",исключить,2250.0,есть ≥2 аналога train,без изменений
305820,Daire,240000.0,,3+1,12,10,Kayseri/Kocasinan/Beyazşehir,TRY,23.0,185000.0,1.2972972972972974,Этаж выше этажности,оставить,240000.0,есть ≥2 аналога train,этаж → пропуск
306627,Daire,6579064.399999999,,2+1,Kot 3,20 ve üzeri,İstanbul/Avcılar/Cihangir,GBP,470.0,249000.0,26.4219453815261,Цена > 20 местных медиан,исключить,844000.0,есть ≥2 аналога train,без изменений
306646,Daire,158000.0,58.0,1+1,12,2,İstanbul/Esenyurt/Cumhuriyet,TRY,182.0,258000.0,0.6124031007751938,Этаж выше этажности,оставить,158000.0,есть ≥2 аналога train,этаж → пропуск
306670,Daire,245000.0,120.0,3+1,5,1,Kayseri/Kocasinan/Zümrüt,TRY,20.0,237500.0,1.0315789473684212,Этаж выше этажности,оставить,245000.0,есть ≥2 аналога train,этаж → пропуск
307014,Daire,660000.0,165.0,4+1,4,3,Aydın/Kuşadası/Ege,TRY,709.0,330000.0,2.0,Этаж выше этажности,оставить,660000.0,есть ≥2 аналога train,этаж → пропуск
307433,Daire,380000.0,95.0,2+1,3,2,İstanbul/Başakşehir/Güvercintepe,TRY,77.0,203000.0,1.8719211822660098,Этаж выше этажности,оставить,380000.0,есть ≥2 аналога train,этаж → пропуск
308976,Daire,130000.0,60.0,2+1,4,2,Edirne/Merkez/Barutluk,TRY,12.0,195000.0,0.6666666666666666,Этаж выше этажности,оставить,130000.0,есть ≥2 аналога train,этаж → пропуск
309182,Daire,269000.0,127.0,3+1,12,2,Ankara/Etimesgut/Yeşilova,TRY,35.0,260000.0,1.0346153846153847,Этаж выше этажности,оставить,269000.0,есть ≥2 аналога train,этаж → пропуск
309321,Daire,298000.0,,3+1,8,2,Malatya/Yeşilyurt/Tecde,TRY,142.0,355000.0,0.8394366197183099,Этаж выше этажности,оставить,298000.0,есть ≥2 аналога train,этаж → пропуск
309805,Daire,125000.0,109.0,4+1,5,4,Ankara/Altındağ/Baraj,TRY,26.0,132000.0,0.946969696969697,Этаж выше этажности,оставить,125000.0,есть ≥2 аналога train,этаж → пропуск
309899,Daire,270000.0,90.0,2+1,8,5,İstanbul/Başakşehir/Kayabaşı,TRY,936.0,310000.0,0.8709677419354839,Этаж выше этажности,оставить,270000.0,есть ≥2 аналога train,этаж → пропуск
310237,Daire,750000.0,137.0,3+1,7,2,İzmir/Çiğli/Ataşehir,TRY,87.0,485000.0,1.5463917525773196,Этаж выше этажности,оставить,750000.0,есть ≥2 аналога train,этаж → пропуск
310272,Daire,450.0,95.0,2+1,1,10,İstanbul/Pendik/Güllü Bağlar,TRY,82.0,370000.0,0.0012162162162162162,"Цена < 5 000 TRY, Цена < 1% местной медианы",исключить,450.0,есть ≥2 аналога train,без изменений
310866,Daire,470000.0,150.0,4+1,14,3,Ankara/Etimesgut/Eryaman,TRY,152.0,338000.0,1.3905325443786982,Этаж выше этажности,оставить,470000.0,есть ≥2 аналога train,этаж → пропуск
310890,Daire,320000.0,,4+1,3,2,Manisa/Salihli/Karaağaç,TRY,13.0,240000.0,1.3333333333333333,Этаж выше этажности,оставить,320000.0,есть ≥2 аналога train,этаж → пропуск
311023,Daire,240000.0,,3+1,12,10,Kayseri/Kocasinan/Beyazşehir,TRY,23.0,185000.0,1.2972972972972974,Этаж выше этажности,оставить,240000.0,есть ≥2 аналога train,этаж → пропуск
311124,Villa,5899999.0,1.0,10+1,Müstakil,3,İstanbul/Büyükçekmece/Alkent 2000,TRY,44.0,7000000.0,0.842857,Неправдоподобная площадь,оставить,5899999.0,есть ≥2 аналога train,площадь → пропуск
311158,Daire,240000.0,,3+1,12,10,Kayseri/Kocasinan/Beyazşehir,TRY,23.0,185000.0,1.2972972972972974,Этаж выше этажности,оставить,240000.0,есть ≥2 аналога train,этаж → пропуск
312087,Daire,950.0,95.0,1+1,4,10,İstanbul/Sancaktepe/Osmangazi,TRY,320.0,253000.0,0.0037549407114624506,"Цена < 5 000 TRY, Цена < 1% местной медианы",исключить,950.0,есть ≥2 аналога train,без изменений
312229,Daire,950.0,95.0,1+1,4,10,İstanbul/Sancaktepe/Osmangazi,TRY,320.0,253000.0,0.0037549407114624506,"Цена < 5 000 TRY, Цена < 1% местной медианы",исключить,950.0,есть ≥2 аналога train,без изменений
312457,Daire,298000.0,,3+1,8,2,Malatya/Yeşilyurt/Tecde,TRY,142.0,355000.0,0.8394366197183099,Этаж выше этажности,оставить,298000.0,есть ≥2 аналога train,этаж → пропуск
313094,Daire,250000.0,150.0,3+1,8,1,Aydın/Efeler/Mimar Sinan,TRY,101.0,350000.0,0.7142857142857143,Этаж выше этажности,оставить,250000.0,есть ≥2 аналога train,этаж → пропуск
313302,Daire,200000.0,1.0,3+1,4,10,Kayseri/Melikgazi/Mimarsinandemokrasi,TRY,176.0,172500.0,1.1594202898550725,Неправдоподобная площадь,оставить,200000.0,есть ≥2 аналога train,площадь → пропуск
313868,Daire,430000.0,430000.0,4+1,19,10-20 arası,Ankara/Etimesgut/Göksu,TRY,100.0,422000.0,1.018957345971564,Неправдоподобная площадь,оставить,430000.0,есть ≥2 аналога train,площадь → пропуск
314819,Daire,650000.0,,+,4,10-20 arası,İstanbul/Başakşehir/Bahçeşehir 2. Kısım,TRY,287.0,355000.0,1.8309859154929577,Комнаты не разобраны,оставить,650000.0,есть ≥2 аналога train,без изменений
315584,Daire,600000.0,4.0,2+1,Kot 1,20 ve üzeri,İstanbul/Başakşehir/Ziya Gökalp,TRY,267.0,180000.0,3.3333333333333335,Неправдоподобная площадь,оставить,600000.0,есть ≥2 аналога train,площадь → пропуск
316527,Daire,1050000.0,1.0,4+1,2,10-20 arası,İstanbul/Ataşehir/Atatürk,TRY,35.0,970000.0,1.0824742268041236,Неправдоподобная площадь,оставить,1050000.0,есть ≥2 аналога train,площадь → пропуск
317608,Daire,260000.0,127.0,3+1,12,9,Ankara/Etimesgut/Yeşilova,TRY,35.0,260000.0,1.0,Этаж выше этажности,оставить,260000.0,есть ≥2 аналога train,этаж → пропуск
317828,Daire,260000.0,127.0,3+1,12,9,Ankara/Etimesgut/Eryaman,TRY,152.0,338000.0,0.7692307692307693,Этаж выше этажности,оставить,260000.0,есть ≥2 аналога train,этаж → пропуск
318087,Villa,5899999.0,1.0,10+1,Müstakil,3,İstanbul/Büyükçekmece/Alkent 2000,TRY,44.0,7000000.0,0.842857,Неправдоподобная площадь,оставить,5899999.0,есть ≥2 аналога train,площадь → пропуск
318141,Rezidans,275000.0,,1+1,6,5,Kocaeli/İzmit/Yahyakaptan,TRY,1.0,275000.0,,Этаж выше этажности,оставить,275000.0,аналогов train меньше 2,этаж → пропуск
318319,Daire,298000.0,,3+1,8,2,Malatya/Yeşilyurt/Tecde,TRY,142.0,355000.0,0.8394366197183099,Этаж выше этажности,оставить,298000.0,есть ≥2 аналога train,этаж → пропуск
318831,Daire,258000.0,58.0,1+1,13,4,İstanbul/Tuzla/Aydıntepe,TRY,84.0,315000.0,0.819047619047619,Этаж выше этажности,оставить,258000.0,есть ≥2 аналога train,этаж → пропуск
319105,Daire,145000.0,11.0,2+1,4,8,Kocaeli/Körfez/Yavuz Sultan Selim,TRY,94.0,131000.0,1.1068702290076335,Неправдоподобная площадь,оставить,145000.0,есть ≥2 аналога train,площадь → пропуск
319416,Daire,279000.0,127.0,3+1,12,2,Ankara/Etimesgut/Yeşilova,TRY,35.0,260000.0,1.073076923076923,Этаж выше этажности,оставить,279000.0,есть ≥2 аналога train,этаж → пропуск
319434,Daire,380000.0,95.0,2+1,3,2,İstanbul/Başakşehir/Güvercintepe,TRY,77.0,203000.0,1.8719211822660098,Этаж выше этажности,оставить,380000.0,есть ≥2 аналога train,этаж → пропуск
319554,Daire,235000.0,138.0,3+1,4,3,Ankara/Sincan/Fevzi Çakmak,TRY,39.0,188000.0,1.25,Этаж выше этажности,оставить,235000.0,есть ≥2 аналога train,этаж → пропуск
319687,Daire,1270000.0,160.0,3+1,4,1,İstanbul/Ataşehir/Atatürk,TRY,35.0,970000.0,1.309278350515464,Этаж выше этажности,оставить,1270000.0,есть ≥2 аналога train,этаж → пропуск
320068,Daire,1400.0,118.0,3+1,6,10-20 arası,İstanbul/Başakşehir/Kayabaşı,TRY,936.0,310000.0,0.004516129032258065,"Цена < 5 000 TRY, Цена < 1% местной медианы",исключить,1400.0,есть ≥2 аналога train,без изменений
320494,Daire,240000.0,140.0,4+1,8,3,Yozgat/Merkez/Şeyh Osman,TRY,30.0,216500.0,1.1085450346420322,Этаж выше этажности,оставить,240000.0,есть ≥2 аналога train,этаж → пропуск
320630,Daire,125000.0,109.0,4+1,5,4,Ankara/Altındağ/Baraj,TRY,26.0,132000.0,0.946969696969697,Этаж выше этажности,оставить,125000.0,есть ≥2 аналога train,этаж → пропуск
320950,Rezidans,20000.0,,2+1,17,20 ve üzeri,İstanbul/Beşiktaş/Levent,TRY,47.0,4500000.0,0.0044444444444444444,Цена < 1% местной медианы,исключить,20000.0,есть ≥2 аналога train,без изменений
321121,Daire,200000.0,1.0,3+1,6,10-20 arası,Kayseri/Melikgazi/Mimarsinandemokrasi,TRY,176.0,172500.0,1.1594202898550725,Неправдоподобная площадь,оставить,200000.0,есть ≥2 аналога train,площадь → пропуск
321483,Daire,307000.0,,1+0,17,6,İstanbul/Ümraniye/Tatlısu,TRY,73.0,595000.0,0.5159663865546219,Этаж выше этажности,оставить,307000.0,есть ≥2 аналога train,этаж → пропуск
321538,Daire,520000.0,164.0,3+1,5,2,Ankara/Altındağ/Gülpınar,TRY,112.0,320000.0,1.625,Этаж выше этажности,оставить,520000.0,есть ≥2 аналога train,этаж → пропуск
321723,Rezidans,650000.0,125.0,2+1,6,1,İstanbul/Kadıköy/Fikirtepe,TRY,16.0,612500.0,1.0612244897959184,Этаж выше этажности,оставить,650000.0,есть ≥2 аналога train,этаж → пропуск
322314,Daire,480000.0,150.0,4+1,13,9,Ankara/Etimesgut/Eryaman,TRY,152.0,338000.0,1.4201183431952662,Этаж выше этажности,оставить,480000.0,есть ≥2 аналога train,этаж → пропуск
322582,Daire,899000.0,,2+1,8,7,İstanbul/Küçükçekmece/Atakent,TRY,500.0,385000.0,2.335064935064935,Этаж выше этажности,оставить,899000.0,есть ≥2 аналога train,этаж → пропуск
322756,Daire,719000.0,160.0,3+1,13,10,İstanbul/Küçükçekmece/Atakent,TRY,500.0,385000.0,1.8675324675324676,Этаж выше этажности,оставить,719000.0,есть ≥2 аналога train,этаж → пропуск
322763,Daire,345000.0,175.0,4+1,16,1,Ankara/Yenimahalle/Pamuklar,TRY,192.0,389000.0,0.8868894601542416,Этаж выше этажности,оставить,345000.0,есть ≥2 аналога train,этаж → пропуск
322846,Daire,200000.0,1.0,3+1,6,10-20 arası,Kayseri/Melikgazi/Mimarsinandemokrasi,TRY,176.0,172500.0,1.1594202898550725,Неправдоподобная площадь,оставить,200000.0,есть ≥2 аналога train,площадь → пропуск
323179,Daire,215000.0,175000.0,3+1,3,10-20 arası,Kayseri/Melikgazi/Gesi Fatih,TRY,253.0,192000.0,1.1197916666666667,Неправдоподобная площадь,оставить,215000.0,есть ≥2 аналога train,площадь → пропуск
323258,Daire,28716268.0,,6+2,Bahçe katı,3,İstanbul/Avcılar/Cihangir,USD,470.0,249000.0,115.32637751004016,Цена > 20 местных медиан,исключить,4360000.0,есть ≥2 аналога train,без изменений
323572,Daire,3000.0,55.0,1+1,16,20 ve üzeri,İstanbul/Başakşehir/İkitelli OSB,TRY,41.0,700000.0,0.004285714285714286,"Цена < 5 000 TRY, Цена < 1% местной медианы",исключить,3000.0,есть ≥2 аналога train,без изменений
323852,Daire,275000.0,,3+1,8,1,Nevşehir/Merkez/Cevher Dudayev,TRY,56.0,235000.0,1.1702127659574468,Этаж выше этажности,оставить,275000.0,есть ≥2 аналога train,этаж → пропуск
324037,Daire,125000.0,109.0,4+1,5,4,Ankara/Altındağ/Baraj,TRY,26.0,132000.0,0.946969696969697,Этаж выше этажности,оставить,125000.0,есть ≥2 аналога train,этаж → пропуск
324394,Daire,285000.0,150.0,3+1,12,8,Ankara/Yenimahalle/Burç,TRY,91.0,249000.0,1.144578313253012,Этаж выше этажности,оставить,285000.0,есть ≥2 аналога train,этаж → пропуск
324673,Daire,392500.0,160.0,4+1,12,1,Ankara/Etimesgut/Göksu,TRY,100.0,422000.0,0.9300947867298578,Этаж выше этажности,оставить,392500.0,есть ≥2 аналога train,этаж → пропуск
324779,Daire,520000.0,120.0,3+1,15,2,İzmir/Karşıyaka/Örnekköy,TRY,160.0,320000.0,1.625,Этаж выше этажности,оставить,520000.0,есть ≥2 аналога train,этаж → пропуск
324841,Daire,280000.0,100.0,2+1,13,6,Antalya/Muratpaşa/Kızıltoprak,TRY,248.0,289000.0,0.9688581314878892,Этаж выше этажности,оставить,280000.0,есть ≥2 аналога train,этаж → пропуск
324910,Daire,599000.0,175.0,4+1,15,8,Ankara/Yenimahalle/Kardelen,TRY,69.0,440000.0,1.3613636363636363,Этаж выше этажности,оставить,599000.0,есть ≥2 аналога train,этаж → пропуск
325174,Daire,599000.0,175.0,4+1,15,8,Ankara/Yenimahalle/Kardelen,TRY,69.0,440000.0,1.3613636363636363,Этаж выше этажности,оставить,599000.0,есть ≥2 аналога train,этаж → пропуск
325211,Daire,475000.0,110.0,3+1,8,2,İstanbul/Esenyurt/Yeşilkent,TRY,269.0,198000.0,2.398989898989899,Этаж выше этажности,оставить,475000.0,есть ≥2 аналога train,этаж → пропуск
325458,Komple Bina,1750000.0,1200.0,+,,6,Ankara/Etimesgut/Kazım Karabekir,TRY,,,,Комнаты не разобраны,оставить,1750000.0,аналогов train меньше 2,без изменений
325478,Daire,285000.0,,3+1,9,8,Trabzon/Yomra/Sancak,TRY,29.0,240000.0,1.1875,Этаж выше этажности,оставить,285000.0,есть ≥2 аналога train,этаж → пропуск
325494,Komple Bina,1750000.0,1200.0,+,,6,Ankara/Etimesgut/Kazım Karabekir,TRY,,,,Комнаты не разобраны,оставить,1750000.0,аналогов train меньше 2,без изменений
325536,Komple Bina,1750000.0,1200.0,+,,6,Ankara/Etimesgut/Kazım Karabekir,TRY,,,,Комнаты не разобраны,оставить,1750000.0,аналогов train меньше 2,без изменений
325548,Köşk / Konak / Yalı,106000000.0,,10+0,,3,İstanbul/Sarıyer/Emirgan,TRY,2.0,75000000.0,1.4133333333333333,Цена > 50 млн TRY,оставить,106000000.0,есть ≥2 аналога train,без изменений
325586,Komple Bina,2250000.0,,+,,3,Düzce/Merkez/Çay,TRY,1.0,2250000.0,,Комнаты не разобраны,оставить,2250000.0,аналогов train меньше 2,без изменений
325626,Komple Bina,1300000.0,180.0,+,,5,Trabzon/Ortahisar/Yalıncak,TRY,3.0,1300000.0,1.0,Комнаты не разобраны,оставить,1300000.0,есть ≥2 аналога train,без изменений
325690,Komple Bina,1750000.0,1200.0,+,,6,Ankara/Etimesgut/Kazım Karabekir,TRY,,,,Комнаты не разобраны,оставить,1750000.0,аналогов train меньше 2,без изменений
325784,Komple Bina,78000000.0,14092.0,+,,9,İstanbul/Şişli/Kaptan Paşa,TRY,4.0,78000000.0,1.0,"Цена > 50 млн TRY, Комнаты не разобраны",оставить,78000000.0,есть ≥2 аналога train,без изменений
325858,Komple Bina,1750000.0,1200.0,+,,6,Ankara/Etimesgut/Kazım Karabekir,TRY,,,,Комнаты не разобраны,оставить,1750000.0,аналогов train меньше 2,без изменений
325868,Komple Bina,1750000.0,1200.0,+,,6,Ankara/Etimesgut/Kazım Karabekir,TRY,,,,Комнаты не разобраны,оставить,1750000.0,аналогов train меньше 2,без изменений
325914,Komple Bina,1111111.0,260000.0,+,,9,İstanbul/Şişli/Mecidiyeköy,TRY,1.0,260000000.0,,"Неправдоподобная площадь, Комнаты не разобраны",оставить,1111111.0,аналогов train меньше 2,площадь → пропуск
325928,Komple Bina,50000000.0,,+,,2,İstanbul/Başakşehir/Başakşehir,TRY,,,,Комнаты не разобраны,оставить,50000000.0,аналогов train меньше 2,без изменений
325966,Daire,142000.0,150.0,3+1,11,4,Kayseri/Melikgazi/Cumhuriyet,TRY,56.0,184000.0,0.7717391304347826,Этаж выше этажности,оставить,142000.0,есть ≥2 аналога train,этаж → пропуск
325968,Komple Bina,198.0,,+,,8,Kayseri/Melikgazi/Gesi Fatih,TRY,4.0,200000.0,0.00099,"Цена < 5 000 TRY, Цена < 1% местной медианы, Комнаты не разобраны",исключить,198.0,есть ≥2 аналога train,без изменений
325980,Komple Bina,1750000.0,1200.0,+,,6,Ankara/Etimesgut/Kazım Karabekir,TRY,,,,Комнаты не разобраны,оставить,1750000.0,аналогов train меньше 2,без изменений
325982,Komple Bina,1750000.0,1200.0,+,,6,Ankara/Etimesgut/Kazım Karabekir,TRY,,,,Комнаты не разобраны,оставить,1750000.0,аналогов train меньше 2,без изменений
325984,Komple Bina,20000000.0,849.0,+,,7,İstanbul/Fatih/Mesih Paşa,TRY,2.0,20000000.0,1.0,Комнаты не разобраны,оставить,20000000.0,есть ≥2 аналога train,без изменений
325990,Komple Bina,1750000.0,1200.0,+,,6,Ankara/Etimesgut/Kazım Karabekir,TRY,,,,Комнаты не разобраны,оставить,1750000.0,аналогов train меньше 2,без изменений
326026,Komple Bina,1750000.0,1200.0,+,,6,Ankara/Etimesgut/Kazım Karabekir,TRY,,,,Комнаты не разобраны,оставить,1750000.0,аналогов train меньше 2,без изменений
326084,Komple Bina,1750000.0,1200.0,+,,6,Ankara/Etimesgut/Kazım Karabekir,TRY,,,,Комнаты не разобраны,оставить,1750000.0,аналогов train меньше 2,без изменений
326098,Daire,142000.0,150.0,3+1,11,4,Kayseri/Melikgazi/Cumhuriyet,TRY,56.0,184000.0,0.7717391304347826,Этаж выше этажности,оставить,142000.0,есть ≥2 аналога train,этаж → пропуск
326122,Komple Bina,9950000.0,2600.0,+,,5,İstanbul/Beylikdüzü/Gürpınar,TRY,,,,Комнаты не разобраны,оставить,9950000.0,аналогов train меньше 2,без изменений
326184,Komple Bina,1600000.0,180.0,+,,5,Gaziantep/Şahinbey/Deniz,TRY,1.0,1200000.0,,Комнаты не разобраны,оставить,1600000.0,аналогов train меньше 2,без изменений
326248,Çiftlik Evi,4000000.0,,10+0,,3,Ankara/Bala/Beynam,TRY,4.0,145000.0,27.586206896551722,Цена > 20 местных медиан,оставить,4000000.0,есть ≥2 аналога train,без изменений
326250,Komple Bina,1350000.0,140.0,+,,5,Çanakkale/Gelibolu/Alaeddin,TRY,2.0,1350000.0,1.0,Комнаты не разобраны,оставить,1350000.0,есть ≥2 аналога train,без изменений
326352,Komple Bina,1550000.0,,+,,5,Konya/Selçuklu/İhsaniye,TRY,1.0,800000.0,,Комнаты не разобраны,оставить,1550000.0,аналогов train меньше 2,без изменений
326366,Komple Bina,1750000.0,1200.0,+,,6,Ankara/Etimesgut/Kazım Karabekir,TRY,,,,Комнаты не разобраны,оставить,1750000.0,аналогов train меньше 2,без изменений
326390,Komple Bina,1750000.0,1200.0,+,,6,Ankara/Etimesgut/Kazım Karabekir,TRY,,,,Комнаты не разобраны,оставить,1750000.0,аналогов train меньше 2,без изменений
326410,Komple Bina,6600000.0,2100.0,+,,7,Trabzon/Ortahisar/2 Nolu Beşirli,TRY,1.0,6600000.0,,Комнаты не разобраны,оставить,6600000.0,аналогов train меньше 2,без изменений
326436,Komple Bina,1550000.0,,+,,5,Konya/Selçuklu/İhsaniye,TRY,1.0,800000.0,,Комнаты не разобраны,оставить,1550000.0,аналогов train меньше 2,без изменений
326446,Komple Bina,2950000.0,,+,,3,Gaziantep/Şahinbey/Güneykent,TRY,1.0,2950000.0,,Комнаты не разобраны,оставить,2950000.0,аналогов train меньше 2,без изменений
326466,Komple Bina,8000000.0,2350.0,+,,6,İstanbul/Güngören/Mehmet Nesih Özmen,TRY,5.0,8000000.0,1.0,Комнаты не разобраны,оставить,8000000.0,есть ≥2 аналога train,без изменений
326478,Komple Bina,200000.0,135.0,+,,8,Kayseri/Melikgazi/Gesi Fatih,TRY,4.0,200000.0,1.0,Комнаты не разобраны,оставить,200000.0,есть ≥2 аналога train,без изменений
326550,Komple Bina,1750000.0,1200.0,+,,6,Ankara/Etimesgut/Kazım Karabekir,TRY,,,,Комнаты не разобраны,оставить,1750000.0,аналогов train меньше 2,без изменений
326578,Komple Bina,1750000.0,1200.0,+,,6,Ankara/Etimesgut/Kazım Karabekir,TRY,,,,Комнаты не разобраны,оставить,1750000.0,аналогов train меньше 2,без изменений
326584,Komple Bina,1350000.0,140.0,+,,5,Çanakkale/Gelibolu/Alaeddin,TRY,2.0,1350000.0,1.0,Комнаты не разобраны,оставить,1350000.0,есть ≥2 аналога train,без изменений
326600,Komple Bina,1850000.0,1650.0,+,,7,Trabzon/Sürmene/Yemişli,TRY,,,,Комнаты не разобраны,оставить,1850000.0,аналогов train меньше 2,без изменений
326646,Komple Bina,78000000.0,14092.0,+,,9,İstanbul/Şişli/Kaptan Paşa,TRY,4.0,78000000.0,1.0,"Цена > 50 млн TRY, Комнаты не разобраны",оставить,78000000.0,есть ≥2 аналога train,без изменений
326672,Komple Bina,5900000.0,,+,,5,Ankara/Çankaya/Aziziye,TRY,,,,Комнаты не разобраны,оставить,5900000.0,аналогов train меньше 2,без изменений
326718,Daire,1700.0,,2+1,9,10-20 arası,Mersin/Yenişehir/Çiftlikköy,TRY,467.0,215000.0,0.007906976744186046,"Цена < 5 000 TRY, Цена < 1% местной медианы",исключить,1700.0,есть ≥2 аналога train,без изменений
326738,Daire,1125000.0,,3+1,10,1,İstanbul/Zeytinburnu/Merkezefendi,TRY,17.0,650000.0,1.7307692307692308,Этаж выше этажности,оставить,1125000.0,есть ≥2 аналога train,этаж → пропуск
326828,Komple Bina,1750000.0,1200.0,+,,6,Ankara/Etimesgut/Kazım Karabekir,TRY,,,,Комнаты не разобраны,оставить,1750000.0,аналогов train меньше 2,без изменений
326850,Komple Bina,1750000.0,1200.0,+,,6,Ankara/Etimesgut/Kazım Karabekir,TRY,,,,Комнаты не разобраны,оставить,1750000.0,аналогов train меньше 2,без изменений
326908,Komple Bina,1750000.0,1200.0,+,,6,Ankara/Etimesgut/Kazım Karabekir,TRY,,,,Комнаты не разобраны,оставить,1750000.0,аналогов train меньше 2,без изменений
326988,Daire,110000000.0,85.0,2+1,20 ve üzeri,20 ve üzeri,İstanbul/Sarıyer/Maslak,TRY,28.0,1475000.0,74.57627118644068,"Цена > 50 млн TRY, Цена > 20 местных медиан",исключить,110000000.0,есть ≥2 аналога train,без изменений
327002,Komple Bina,8000000.0,2350.0,+,,6,İstanbul/Güngören/Mehmet Nesih Özmen,TRY,5.0,8000000.0,1.0,Комнаты не разобраны,оставить,8000000.0,есть ≥2 аналога train,без изменений
327020,Komple Bina,2500000.0,1400.0,+,,4,Ankara/Çankaya/Maltepe,TRY,1.0,2500000.0,,Комнаты не разобраны,оставить,2500000.0,аналогов train меньше 2,без изменений
327058,Komple Bina,17900000.0,,+,,8,Malatya/Battalgazi/Sarıcıoğlu,TRY,1.0,17900000.0,,Комнаты не разобраны,оставить,17900000.0,аналогов train меньше 2,без изменений
327150,Daire,253000.0,,+,,,Kayseri/Talas/Mevlana,TRY,512.0,215000.0,1.1767441860465115,Комнаты не разобраны,оставить,253000.0,есть ≥2 аналога train,без изменений
327242,Daire,360000.0,,3+1,11,10,Trabzon/Ortahisar/Boztepe,TRY,63.0,256000.0,1.40625,Этаж выше этажности,оставить,360000.0,есть ≥2 аналога train,этаж → пропуск
327244,Komple Bina,78000000.0,14092.0,+,,9,İstanbul/Şişli/Kaptan Paşa,TRY,4.0,78000000.0,1.0,"Цена > 50 млн TRY, Комнаты не разобраны",оставить,78000000.0,есть ≥2 аналога train,без изменений
327264,Komple Bina,1750000.0,1200.0,+,,6,Ankara/Etimesgut/Kazım Karabekir,TRY,,,,Комнаты не разобраны,оставить,1750000.0,аналогов train меньше 2,без изменений
327309,Villa,55000000.0,,6+2,Müstakil,4,İstanbul/Beşiktaş/Bebek,TRY,5.0,55000000.0,1.0,Цена > 50 млн TRY,оставить,55000000.0,есть ≥2 аналога train,без изменений
327314,Komple Bina,6000000.0,,+,,5,Trabzon/Ortahisar/Kalkınma,TRY,8.0,1200000.0,5.0,Комнаты не разобраны,оставить,6000000.0,есть ≥2 аналога train,без изменений
327338,Komple Bina,1450000.0,,+,,5,Eskişehir/Tepebaşı/Ömerağa,TRY,1.0,1450000.0,,Комнаты не разобраны,оставить,1450000.0,аналогов train меньше 2,без изменений
327350,Komple Bina,1750000.0,1200.0,+,,6,Ankara/Etimesgut/Kazım Karabekir,TRY,,,,Комнаты не разобраны,оставить,1750000.0,аналогов train меньше 2,без изменений
327356,Komple Bina,1750000.0,1200.0,+,,6,Ankara/Etimesgut/Kazım Karabekir,TRY,,,,Комнаты не разобраны,оставить,1750000.0,аналогов train меньше 2,без изменений
327360,Komple Bina,1750000.0,1200.0,+,,6,Ankara/Etimesgut/Kazım Karabekir,TRY,,,,Комнаты не разобраны,оставить,1750000.0,аналогов train меньше 2,без изменений
327366,Komple Bina,1475000.0,430.0,+,,4,Ankara/Çankaya/Yaşamkent,TRY,3.0,1475000.0,1.0,Комнаты не разобраны,оставить,1475000.0,есть ≥2 аналога train,без изменений
327368,Komple Bina,3500000.0,350.0,+,,7,Trabzon/Ortahisar/Yalıncak,TRY,3.0,1300000.0,2.6923076923076925,Комнаты не разобраны,оставить,3500000.0,есть ≥2 аналога train,без изменений
327404,Daire,450000.0,140.0,3+1,11,10,İstanbul/Büyükçekmece/Mimaroba,TRY,79.0,469000.0,0.9594882729211087,Этаж выше этажности,оставить,450000.0,есть ≥2 аналога train,этаж → пропуск
327412,Komple Bina,1750000.0,1200.0,+,,6,Ankara/Etimesgut/Kazım Karabekir,TRY,,,,Комнаты не разобраны,оставить,1750000.0,аналогов train меньше 2,без изменений
327428,Komple Bina,245000.0,,+,,9,Samsun/Canik/Hasköy,TRY,4.0,245000.0,1.0,Комнаты не разобраны,оставить,245000.0,есть ≥2 аналога train,без изменений
327454,Komple Bina,1750000.0,1200.0,+,,6,Ankara/Etimesgut/Kazım Karabekir,TRY,,,,Комнаты не разобраны,оставить,1750000.0,аналогов train меньше 2,без изменений
327478,Rezidans,1400000.0,10000.0,2+1,En Üst Kat,2,Muğla/Bodrum/Koyunbaba,TRY,2.0,1627500.0,0.8602150537634409,Неправдоподобная площадь,оставить,1400000.0,есть ≥2 аналога train,площадь → пропуск
327488,Komple Bina,7000000.0,435.0,+,,9,Trabzon/Ortahisar/Yalıncak,TRY,3.0,1300000.0,5.384615384615385,Комнаты не разобраны,оставить,7000000.0,есть ≥2 аналога train,без изменений
327558,Komple Bina,17124380.0,,+,,6,İstanbul/Şişli/19 Mayıs,USD,1.0,17124380.0,,Комнаты не разобраны,оставить,2600000.0,аналогов train меньше 2,без изменений
327630,Komple Bina,245000.0,,+,,9,Samsun/Canik/Hasköy,TRY,4.0,245000.0,1.0,Комнаты не разобраны,оставить,245000.0,есть ≥2 аналога train,без изменений
327658,Komple Bina,2100000.0,160.0,+,,4,Kahramanmaraş/Türkoğlu/Gaziler,TRY,,,,Комнаты не разобраны,оставить,2100000.0,аналогов train меньше 2,без изменений
327694,Komple Bina,3200000.0,280.0,+,,5,İstanbul/Beyoğlu/Kocatepe,TRY,6.0,2850000.0,1.1228070175438596,Комнаты не разобраны,оставить,3200000.0,есть ≥2 аналога train,без изменений
327704,Komple Bina,1750000.0,1200.0,+,,6,Ankara/Etimesgut/Kazım Karabekir,TRY,,,,Комнаты не разобраны,оставить,1750000.0,аналогов train меньше 2,без изменений
327706,Komple Bina,4000000.0,1450.0,+,,4,İstanbul/Beylikdüzü/Yakuplu,TRY,3.0,4800000.0,0.8333333333333334,Комнаты не разобраны,оставить,4000000.0,есть ≥2 аналога train,без изменений
327860,Komple Bina,1750000.0,1200.0,+,,6,Ankara/Etimesgut/Kazım Karabekir,TRY,,,,Комнаты не разобраны,оставить,1750000.0,аналогов train меньше 2,без изменений
327918,Komple Bina,1750000.0,1200.0,+,,6,Ankara/Etimesgut/Kazım Karabekir,TRY,,,,Комнаты не разобраны,оставить,1750000.0,аналогов train меньше 2,без изменений
327924,Komple Bina,2000000.0,,+,,2,Balıkesir/Burhaniye/Öğretmenler,TRY,3.0,1800000.0,1.1111111111111112,Комнаты не разобраны,оставить,2000000.0,есть ≥2 аналога train,без изменений
327926,Komple Bina,13250000.0,,+,,6,İstanbul/Güngören/Mehmet Nesih Özmen,TRY,5.0,8000000.0,1.65625,Комнаты не разобраны,оставить,13250000.0,есть ≥2 аналога train,без изменений
327940,Komple Bina,5900000.0,,+,,5,Ankara/Çankaya/Aziziye,TRY,,,,Комнаты не разобраны,оставить,5900000.0,аналогов train меньше 2,без изменений
327972,Daire,4786191.399999999,,9+5,9,7,İstanbul/Avcılar/Cihangir,GBP,470.0,249000.0,19.22165220883534,Этаж выше этажности,оставить,614000.0,есть ≥2 аналога train,этаж → пропуск
327988,Komple Bina,1750000.0,1200.0,+,,6,Ankara/Etimesgut/Kazım Karabekir,TRY,,,,Комнаты не разобраны,оставить,1750000.0,аналогов train меньше 2,без изменений
328016,Komple Bina,2200000.0,,+,,7,Trabzon/Akçaabat/Yaylacık,TRY,,,,Комнаты не разобраны,оставить,2200000.0,аналогов train меньше 2,без изменений
328062,Komple Bina,1750000.0,1200.0,+,,6,Ankara/Etimesgut/Kazım Karabekir,TRY,,,,Комнаты не разобраны,оставить,1750000.0,аналогов train меньше 2,без изменений
328074,Komple Bina,20000000.0,4500.0,+,,8,İstanbul/Küçükçekmece/Atakent,TRY,1.0,20000000.0,,Комнаты не разобраны,оставить,20000000.0,аналогов train меньше 2,без изменений
328172,Komple Bina,200000.0,135.0,+,,8,Kayseri/Melikgazi/Gesi Fatih,TRY,4.0,200000.0,1.0,Комнаты не разобраны,оставить,200000.0,есть ≥2 аналога train,без изменений
328188,Komple Bina,20000000.0,1200.0,+,,6,İstanbul/Şişli/Esentepe,TRY,1.0,34450000.0,,Комнаты не разобраны,оставить,20000000.0,аналогов train меньше 2,без изменений
328198,Komple Bina,1750000.0,1200.0,+,,6,Ankara/Etimesgut/Kazım Karabekir,TRY,,,,Комнаты не разобраны,оставить,1750000.0,аналогов train меньше 2,без изменений
328262,Komple Bina,1750000.0,1200.0,+,,6,Ankara/Etimesgut/Kazım Karabekir,TRY,,,,Комнаты не разобраны,оставить,1750000.0,аналогов train меньше 2,без изменений
328264,Komple Bina,1750000.0,1200.0,+,,6,Ankara/Etimesgut/Kazım Karabekir,TRY,,,,Комнаты не разобраны,оставить,1750000.0,аналогов train меньше 2,без изменений
328289,Daire,255000.0,90.0,2+1,4,1,Balıkesir/Edremit/Akçay,TRY,3930.0,220000.0,1.1590909090909092,Этаж выше этажности,оставить,255000.0,есть ≥2 аналога train,этаж → пропуск
328302,Komple Bina,5900000.0,,+,,5,Ankara/Çankaya/Aziziye,TRY,,,,Комнаты не разобраны,оставить,5900000.0,аналогов train меньше 2,без изменений
328334,Komple Bina,950000.0,1000.0,+,,4,Elazığ/Merkez/Abdullah Paşa,TRY,1.0,950000.0,,Комнаты не разобраны,оставить,950000.0,аналогов train меньше 2,без изменений
328336,Komple Bina,8000000.0,2350.0,+,,6,İstanbul/Güngören/Mehmet Nesih Özmen,TRY,5.0,8000000.0,1.0,Комнаты не разобраны,оставить,8000000.0,есть ≥2 аналога train,без изменений
328370,Daire,142000.0,150.0,3+1,11,4,Kayseri/Melikgazi/Cumhuriyet,TRY,56.0,184000.0,0.7717391304347826,Этаж выше этажности,оставить,142000.0,есть ≥2 аналога train,этаж → пропуск
328380,Komple Bina,4250000.0,,+,,6,Denizli/Pamukkale/Topraklık,TRY,1.0,4250000.0,,Комнаты не разобраны,оставить,4250000.0,аналогов train меньше 2,без изменений
328480,Komple Bina,260000000.0,28323.0,+,,9,İstanbul/Şişli/Mecidiyeköy,TRY,1.0,260000000.0,,"Цена > 50 млн TRY, Комнаты не разобраны",оставить,260000000.0,аналогов train меньше 2,без изменений
328580,Komple Bina,1750000.0,1200.0,+,,6,Ankara/Etimesgut/Kazım Karabekir,TRY,,,,Комнаты не разобраны,оставить,1750000.0,аналогов train меньше 2,без изменений
328638,Komple Bina,6000000.0,,+,,5,Trabzon/Ortahisar/Kalkınma,TRY,8.0,1200000.0,5.0,Комнаты не разобраны,оставить,6000000.0,есть ≥2 аналога train,без изменений
328786,Komple Bina,200000.0,135.0,+,,8,Kayseri/Melikgazi/Gesi Fatih,TRY,4.0,200000.0,1.0,Комнаты не разобраны,оставить,200000.0,есть ≥2 аналога train,без изменений
328816,Komple Bina,3000000.0,65.0,+,,7,İstanbul/Beyoğlu/Çukur,TRY,,,,Комнаты не разобраны,оставить,3000000.0,аналогов train меньше 2,без изменений
328842,Komple Bina,200000.0,135.0,+,,8,Kayseri/Melikgazi/Gesi Fatih,TRY,4.0,200000.0,1.0,Комнаты не разобраны,оставить,200000.0,есть ≥2 аналога train,без изменений
328846,Daire,1700.0,,2+1,9,10-20 arası,Mersin/Yenişehir/Çiftlikköy,TRY,467.0,215000.0,0.007906976744186046,"Цена < 5 000 TRY, Цена < 1% местной медианы",исключить,1700.0,есть ≥2 аналога train,без изменений
328866,Daire,160000.0,110.0,3+1,9,7,Kayseri/Melikgazi/İldem Cumhuriyet,TRY,149.0,162500.0,0.9846153846153847,Этаж выше этажности,оставить,160000.0,есть ≥2 аналога train,этаж → пропуск
328892,Komple Bina,1750000.0,1200.0,+,,6,Ankara/Etimesgut/Kazım Karabekir,TRY,,,,Комнаты не разобраны,оставить,1750000.0,аналогов train меньше 2,без изменений
328952,Daire,142000.0,150.0,3+1,11,4,Kayseri/Melikgazi/Cumhuriyet,TRY,56.0,184000.0,0.7717391304347826,Этаж выше этажности,оставить,142000.0,есть ≥2 аналога train,этаж → пропуск
328954,Komple Bina,8000000.0,2350.0,+,,6,İstanbul/Güngören/Mehmet Nesih Özmen,TRY,5.0,8000000.0,1.0,Комнаты не разобраны,оставить,8000000.0,есть ≥2 аналога train,без изменений
328968,Komple Bina,850000.0,,+,,3,Aydın/Köşk/Çarşı,TRY,1.0,850000.0,,Комнаты не разобраны,оставить,850000.0,аналогов train меньше 2,без изменений
329017,Daire,45922.0,688463.0,1+0,17,2,Ankara/Elmadağ/Kayadibi,TRY,1.0,45922.0,,"Неправдоподобная площадь, Этаж выше этажности",оставить,45922.0,аналогов train меньше 2,площадь и этаж → пропуск
329064,Komple Bina,4500000.0,1736.0,+,,7,Eskişehir/Tepebaşı/Yenibağlar,TRY,1.0,4500000.0,,Комнаты не разобраны,оставить,4500000.0,аналогов train меньше 2,без изменений
329112,Daire,500000.0,110.0,3+1,10,1,Ankara/Keçiören/Basınevleri,TRY,47.0,220000.0,2.272727272727273,Этаж выше этажности,оставить,500000.0,есть ≥2 аналога train,этаж → пропуск
329114,Komple Bina,3500000.0,1295.0,+,,3,Sakarya/Serdivan/Kemalpaşa,TRY,1.0,3500000.0,,Комнаты не разобраны,оставить,3500000.0,аналогов train меньше 2,без изменений
329116,Komple Bina,1750000.0,1200.0,+,,6,Ankara/Etimesgut/Kazım Karabekir,TRY,,,,Комнаты не разобраны,оставить,1750000.0,аналогов train меньше 2,без изменений
329122,Daire,210.0,,+,,7,Niğde/Merkez/Efendibey,TRY,38.0,185000.0,0.001135135135135135,"Цена < 5 000 TRY, Цена < 1% местной медианы, Комнаты не разобраны",исключить,210.0,есть ≥2 аналога train,без изменений
329128,Daire,147.0,,3+1,11,4,Kayseri/Melikgazi/Cumhuriyet,TRY,56.0,184000.0,0.0007989130434782609,"Цена < 5 000 TRY, Цена < 1% местной медианы, Этаж выше этажности",исключить,147.0,есть ≥2 аналога train,этаж → пропуск
329134,Komple Bina,1750000.0,1200.0,+,,6,Ankara/Etimesgut/Kazım Karabekir,TRY,,,,Комнаты не разобраны,оставить,1750000.0,аналогов train меньше 2,без изменений
329162,Komple Bina,1490000.0,,+,,4,Ankara/Çankaya/Yaşamkent,TRY,3.0,1475000.0,1.0101694915254238,Комнаты не разобраны,оставить,1490000.0,есть ≥2 аналога train,без изменений
329210,Komple Bina,1750000.0,1200.0,+,,6,Ankara/Etimesgut/Kazım Karabekir,TRY,,,,Комнаты не разобраны,оставить,1750000.0,аналогов train меньше 2,без изменений
329305,Daire,1450.0,,2+1,2,3,İstanbul/Maltepe/Altıntepe,TRY,186.0,417500.0,0.003473053892215569,"Цена < 5 000 TRY, Цена < 1% местной медианы",исключить,1450.0,есть ≥2 аналога train,без изменений
329316,Komple Bina,1475000.0,,+,,4,Ankara/Çankaya/Yaşamkent,TRY,3.0,1475000.0,1.0,Комнаты не разобраны,оставить,1475000.0,есть ≥2 аналога train,без изменений
329328,Komple Bina,31500000.0,9850.0,+,,5,Kayseri/Talas/Harman,TRY,1.0,31500000.0,,Комнаты не разобраны,оставить,31500000.0,аналогов train меньше 2,без изменений
329360,Komple Bina,1750000.0,1200.0,+,,6,Ankara/Etimesgut/Kazım Karabekir,TRY,,,,Комнаты не разобраны,оставить,1750000.0,аналогов train меньше 2,без изменений
329364,Komple Bina,4000000.0,3100.0,+,,6,Balıkesir/Karesi/Aygören,TRY,1.0,4000000.0,,Комнаты не разобраны,оставить,4000000.0,аналогов train меньше 2,без изменений
329378,Komple Bina,1750000.0,1200.0,+,,6,Ankara/Etimesgut/Kazım Karabekir,TRY,,,,Комнаты не разобраны,оставить,1750000.0,аналогов train меньше 2,без изменений
329392,Komple Bina,8000000.0,2350.0,+,,6,İstanbul/Güngören/Mehmet Nesih Özmen,TRY,5.0,8000000.0,1.0,Комнаты не разобраны,оставить,8000000.0,есть ≥2 аналога train,без изменений
329402,Villa,27500000.0,4.0,10+2,,3,İstanbul/Ümraniye/Madenler,TRY,1.0,27500000.0,,Неправдоподобная площадь,оставить,27500000.0,аналогов train меньше 2,площадь → пропуск
329404,Komple Bina,5900000.0,,+,,5,Ankara/Çankaya/Aziziye,TRY,,,,Комнаты не разобраны,оставить,5900000.0,аналогов train меньше 2,без изменений
329450,Komple Bina,20000000.0,849.0,+,,7,İstanbul/Fatih/Mesih Paşa,TRY,2.0,20000000.0,1.0,Комнаты не разобраны,оставить,20000000.0,есть ≥2 аналога train,без изменений
329527,Daire,350000.0,140.0,3+1,4,3,Balıkesir/Edremit/Akçay,TRY,3930.0,220000.0,1.5909090909090908,Этаж выше этажности,оставить,350000.0,есть ≥2 аналога train,этаж → пропуск
330625,Daire,285.0,,4+1,1,8,Erzurum/Yakutiye/Rabia Ana,TRY,49.0,249000.0,0.0011445783132530121,"Цена < 5 000 TRY, Цена < 1% местной медианы",исключить,285.0,есть ≥2 аналога train,без изменений
330955,Daire,5533883.6,,9+5,Zemin Kat,5,İstanbul/Avcılar/Cihangir,EUR,470.0,249000.0,22.224432128514056,Цена > 20 местных медиан,исключить,809000.0,есть ≥2 аналога train,без изменений
331624,Daire,345000.0,,3+1,16,10,Gaziantep/Şehitkamil/Osmangazi,TRY,20.0,670000.0,0.5149253731343284,Этаж выше этажности,оставить,345000.0,есть ≥2 аналога train,этаж → пропуск
333469,Daire,230000.0,105.0,2+1,4,3,Balıkesir/Edremit/Akçay,TRY,3930.0,220000.0,1.0454545454545454,Этаж выше этажности,оставить,230000.0,есть ≥2 аналога train,этаж → пропуск
333659,Daire,238000.0,160.0,3+1,16,1,Ankara/Yenimahalle/Pamuklar,TRY,192.0,389000.0,0.6118251928020566,Этаж выше этажности,оставить,238000.0,есть ≥2 аналога train,этаж → пропуск
333701,Daire,600000.0,110.0,3+1,3,1,İstanbul/Maltepe/Küçükyalı,TRY,145.0,419000.0,1.431980906921241,Этаж выше этажности,оставить,600000.0,есть ≥2 аналога train,этаж → пропуск
333801,Daire,800.0,156.0,3+1,2,5,Denizli/Merkezefendi/Şemikler,TRY,206.0,315000.0,0.0025396825396825397,"Цена < 5 000 TRY, Цена < 1% местной медианы",исключить,800.0,есть ≥2 аналога train,без изменений
334528,Daire,275000.0,110.0,2+1,4,1,Aydın/Kuşadası/İkiçeşmelik,TRY,399.0,285000.0,0.9649122807017544,Этаж выше этажности,оставить,275000.0,есть ≥2 аналога train,этаж → пропуск
334922,Daire,237000.0,100.0,2+1,4,3,Balıkesir/Edremit/Akçay,TRY,3930.0,220000.0,1.0772727272727274,Этаж выше этажности,оставить,237000.0,есть ≥2 аналога train,этаж → пропуск
335001,Daire,258000.0,100.0,3+1,8,6,Adana/Seyhan/Gürselpaşa,TRY,547.0,294000.0,0.8775510204081632,Этаж выше этажности,оставить,258000.0,есть ≥2 аналога train,этаж → пропуск
335297,Daire,230000.0,105.0,2+1,4,3,Balıkesir/Edremit/Akçay,TRY,3930.0,220000.0,1.0454545454545454,Этаж выше этажности,оставить,230000.0,есть ≥2 аналога train,этаж → пропуск
335404,Daire,120000.0,,2+1,5,3,Afyonkarahisar/Merkez/Erenler,TRY,34.0,110000.0,1.0909090909090908,Этаж выше этажности,оставить,120000.0,есть ≥2 аналога train,этаж → пропуск
335520,Villa,3000.0,,5+2,Kot 2,2,Gaziantep/Şehitkamil/15 Temmuz,TRY,8.0,3450000.0,0.0008695652173913044,"Цена < 5 000 TRY, Цена < 1% местной медианы",исключить,3000.0,есть ≥2 аналога train,без изменений
335692,Villa,3000.0,,5+2,Kot 2,2,Gaziantep/Şehitkamil/15 Temmuz,TRY,8.0,3450000.0,0.0008695652173913044,"Цена < 5 000 TRY, Цена < 1% местной медианы",исключить,3000.0,есть ≥2 аналога train,без изменений
335981,Villa,3000.0,,5+2,Kot 2,2,Gaziantep/Şehitkamil/15 Temmuz,TRY,8.0,3450000.0,0.0008695652173913044,"Цена < 5 000 TRY, Цена < 1% местной медианы",исключить,3000.0,есть ≥2 аналога train,без изменений
336296,Villa,3000.0,,5+2,Kot 2,2,Gaziantep/Şehitkamil/15 Temmuz,TRY,8.0,3450000.0,0.0008695652173913044,"Цена < 5 000 TRY, Цена < 1% местной медианы",исключить,3000.0,есть ≥2 аналога train,без изменений
336330,Daire,900.0,,2+1,2,5,Bursa/Mudanya/Ömerbey,TRY,62.0,360000.0,0.0025,"Цена < 5 000 TRY, Цена < 1% местной медианы",исключить,900.0,есть ≥2 аналога train,без изменений
336487,Daire,265000.0,140.0,3+1,12,2,Kayseri/Kocasinan/Serçeönü,TRY,28.0,299500.0,0.8848080133555927,Этаж выше этажности,оставить,265000.0,есть ≥2 аналога train,этаж → пропуск
336782,Daire,410000.0,,3+1,4,2,Aydın/Kuşadası/İkiçeşmelik,TRY,399.0,285000.0,1.4385964912280702,Этаж выше этажности,оставить,410000.0,есть ≥2 аналога train,этаж → пропуск
336972,Villa,3000.0,,5+2,Kot 2,2,Gaziantep/Şehitkamil/15 Temmuz,TRY,8.0,3450000.0,0.0008695652173913044,"Цена < 5 000 TRY, Цена < 1% местной медианы",исключить,3000.0,есть ≥2 аналога train,без изменений
337290,Daire,255000.0,90.0,2+1,4,1,Balıkesir/Edremit/Akçay,TRY,3930.0,220000.0,1.1590909090909092,Этаж выше этажности,оставить,255000.0,есть ≥2 аналога train,этаж → пропуск
337365,Daire,350000.0,140.0,3+1,4,3,Balıkesir/Edremit/Akçay,TRY,3930.0,220000.0,1.5909090909090908,Этаж выше этажности,оставить,350000.0,есть ≥2 аналога train,этаж → пропуск
337675,Daire,1250.0,,4+1,7,7,Kayseri/Talas/Kiçiköy,TRY,14.0,205000.0,0.006097560975609756,"Цена < 5 000 TRY, Цена < 1% местной медианы",исключить,1250.0,есть ≥2 аналога train,без изменений
337704,Daire,1250.0,,4+1,7,7,Kayseri/Talas/Kiçiköy,TRY,14.0,205000.0,0.006097560975609756,"Цена < 5 000 TRY, Цена < 1% местной медианы",исключить,1250.0,есть ≥2 аналога train,без изменений
337942,Daire,222000.0,140.0,3+1,14,9,Kayseri/Melikgazi/Sakarya,TRY,20.0,275000.0,0.8072727272727273,Этаж выше этажности,оставить,222000.0,есть ≥2 аналога train,этаж → пропуск
338219,Daire,225000.0,2.0,2+1,1,4,Balıkesir/Edremit/Akçay,TRY,3930.0,220000.0,1.0227272727272727,Неправдоподобная площадь,оставить,225000.0,есть ≥2 аналога train,площадь → пропуск
338232,Daire,560000.0,100.0,3+1,5,1,İstanbul/Esenler/Birlik,TRY,22.0,397500.0,1.4088050314465408,Этаж выше этажности,оставить,560000.0,есть ≥2 аналога train,этаж → пропуск
338327,Daire,440000.0,,2+1,3,2,Balıkesir/Ayvalık/Küçükköy,TRY,386.0,259999.0,1.6923142012084662,Этаж выше этажности,оставить,440000.0,есть ≥2 аналога train,этаж → пропуск
338529,Daire,174000.0,75.0,1+1,3,2,Balıkesir/Edremit/Akçay,TRY,3930.0,220000.0,0.7909090909090909,Этаж выше этажности,оставить,174000.0,есть ≥2 аналога train,этаж → пропуск
338682,Daire,115000.0,52.0,1+1,4,3,Bartın/Merkez/Kemer Köprü,TRY,19.0,170000.0,0.6764705882352942,Этаж выше этажности,оставить,115000.0,есть ≥2 аналога train,этаж → пропуск
338692,Daire,360000.0,180.0,3+1,5,1,Rize/Pazar/Pazar,TRY,1.0,360000.0,,Этаж выше этажности,оставить,360000.0,аналогов train меньше 2,этаж → пропуск
338714,Daire,130.0,,3+1,5,7,Trabzon/Ortahisar/Kaymaklı,TRY,21.0,288000.0,0.00045138888888888887,"Цена < 5 000 TRY, Цена < 1% местной медианы",исключить,130.0,есть ≥2 аналога train,без изменений
338910,Daire,94500.0,,2+1,12,4,Kayseri/Melikgazi/İldem Cumhuriyet,TRY,149.0,162500.0,0.5815384615384616,Этаж выше этажности,оставить,94500.0,есть ≥2 аналога train,этаж → пропуск
339232,Daire,230000.0,105.0,2+1,4,3,Balıkesir/Edremit/Akçay,TRY,3930.0,220000.0,1.0454545454545454,Этаж выше этажности,оставить,230000.0,есть ≥2 аналога train,этаж → пропуск
339716,Daire,14000000.0,,4+1,7,6,İstanbul/Şişli/Harbiye,TRY,16.0,6300000.0,2.2222222222222223,Этаж выше этажности,оставить,14000000.0,есть ≥2 аналога train,этаж → пропуск
340324,Daire,215000.0,140135.0,3+1,2,4,Balıkesir/Edremit/Akçay,TRY,3930.0,220000.0,0.9772727272727273,Неправдоподобная площадь,оставить,215000.0,есть ≥2 аналога train,площадь → пропуск
340337,Daire,270.0,,3+1,4,5,Niğde/Merkez/Aşağı Kayabaşı,TRY,83.0,309000.0,0.0008737864077669903,"Цена < 5 000 TRY, Цена < 1% местной медианы",исключить,270.0,есть ≥2 аналога train,без изменений
340609,Daire,245000.0,146.0,3+1,7,6,Balıkesir/Edremit/Kadıköy,TRY,89.0,235000.0,1.0425531914893618,Этаж выше этажности,оставить,245000.0,есть ≥2 аналога train,этаж → пропуск
341060,Daire,350000.0,185.0,3+1,4,2,Kayseri/Kocasinan/Zümrüt,TRY,20.0,237500.0,1.4736842105263157,Этаж выше этажности,оставить,350000.0,есть ≥2 аналога train,этаж → пропуск
341085,Daire,188000.0,140.0,3+1,4,2,Eskişehir/Odunpazarı/Kırmızıtoprak,TRY,69.0,310000.0,0.6064516129032258,Этаж выше этажности,оставить,188000.0,есть ≥2 аналога train,этаж → пропуск
341696,Daire,150000.0,45.0,1+1,4,1,Aydın/Efeler/Zafer,TRY,32.0,140000.0,1.0714285714285714,Этаж выше этажности,оставить,150000.0,есть ≥2 аналога train,этаж → пропуск
341722,Daire,88000.0,,2+1,5,1,Bursa/Yıldırım/Emirsultan,TRY,54.0,168500.0,0.5222551928783383,Этаж выше этажности,оставить,88000.0,есть ≥2 аналога train,этаж → пропуск
342050,Daire,660451.0214,102265.0,10+0,Bahçe katı,7,Ankara/Elmadağ/Hasanoğlan Havuzbaşı,USD,68.0,575000.0,1.1486104719999999,Неправдоподобная площадь,оставить,122222.0,есть ≥2 аналога train,площадь → пропуск
342306,Daire,275.0,100.0,2+1,Kot 4,4,Balıkesir/Edremit/İbrahimce,TRY,,,,Цена < 5 000 TRY,исключить,275.0,аналогов train меньше 2,без изменений
342563,Daire,60.0,90.0,2+1,2,5,Sinop/Merkez/Ada,TRY,14.0,210000.0,0.00028571428571428574,"Цена < 5 000 TRY, Цена < 1% местной медианы",исключить,60.0,есть ≥2 аналога train,без изменений
342609,Daire,560000.0,,3+1,5,1,İstanbul/Esenler/Birlik,TRY,22.0,397500.0,1.4088050314465408,Этаж выше этажности,оставить,560000.0,есть ≥2 аналога train,этаж → пропуск
342707,Daire,420.0,,3+1,13,10-20 arası,İstanbul/Esenyurt/Zafer,TRY,210.0,322500.0,0.0013023255813953488,"Цена < 5 000 TRY, Цена < 1% местной медианы",исключить,420.0,есть ≥2 аналога train,без изменений
342824,Daire,600000.0,110.0,3+1,3,1,İstanbul/Maltepe/Küçükyalı,TRY,145.0,419000.0,1.431980906921241,Этаж выше этажности,оставить,600000.0,есть ≥2 аналога train,этаж → пропуск
342860,Daire,50000.0,95.0,2+1,2,1,Kayseri/Melikgazi/Cumhuriyet,TRY,56.0,184000.0,0.2717391304347826,Этаж выше этажности,оставить,50000.0,есть ≥2 аналога train,этаж → пропуск
342871,Rezidans,1050000.0,135.0,3+1,2,1,Aydın/Kuşadası/Kadınlar Denizi,TRY,84.0,540000.0,1.9444444444444444,Этаж выше этажности,оставить,1050000.0,есть ≥2 аналога train,этаж → пропуск
342872,Daire,60000.0,95.0,2+1,2,1,Kars/Merkez/Cumhuriyet,TRY,6.0,50000.0,1.2,Этаж выше этажности,оставить,60000.0,есть ≥2 аналога train,этаж → пропуск
342892,Daire,50000.0,90.0,2+1,2,1,Elazığ/Merkez/Çarşı,TRY,7.0,154000.0,0.3246753246753247,Этаж выше этажности,оставить,50000.0,есть ≥2 аналога train,этаж → пропуск
342910,Daire,60000.0,90.0,2+1,2,1,Çanakkale/Merkez/Cevat Paşa,TRY,43.0,270000.0,0.2222222222222222,Этаж выше этажности,оставить,60000.0,есть ≥2 аналога train,этаж → пропуск
342956,Daire,50000.0,90.0,2+1,2,1,Karaman/Merkez/Atatürk,TRY,,,,Этаж выше этажности,оставить,50000.0,аналогов train меньше 2,этаж → пропуск
342966,Daire,490000.0,,3+1,12,10,Trabzon/Ortahisar/Çukurçayır,TRY,256.0,262000.0,1.8702290076335877,Этаж выше этажности,оставить,490000.0,есть ≥2 аналога train,этаж → пропуск
342981,Daire,50000.0,95.0,2+1,2,1,Amasya/Merkez/Beyazıtpaşa,TRY,11.0,60000.0,0.8333333333333334,Этаж выше этажности,оставить,50000.0,есть ≥2 аналога train,этаж → пропуск
342987,Daire,320000.0,,4+1,5,2,Diyarbakır/Kayapınar/Fırat,TRY,27.0,287000.0,1.1149825783972125,Этаж выше этажности,оставить,320000.0,есть ≥2 аналога train,этаж → пропуск
342991,Daire,88000.0,,2+1,5,1,Bursa/Yıldırım/Emirsultan,TRY,54.0,168500.0,0.5222551928783383,Этаж выше этажности,оставить,88000.0,есть ≥2 аналога train,этаж → пропуск
343237,Daire,258000.0,100.0,3+1,8,6,Adana/Seyhan/Gürselpaşa,TRY,547.0,294000.0,0.8775510204081632,Этаж выше этажности,оставить,258000.0,есть ≥2 аналога train,этаж → пропуск
343645,Daire,1450.0,,2+1,2,3,İstanbul/Maltepe/Altıntepe,TRY,186.0,417500.0,0.003473053892215569,"Цена < 5 000 TRY, Цена < 1% местной медианы",исключить,1450.0,есть ≥2 аналога train,без изменений
343677,Daire,225000.0,2.0,2+1,1,4,Balıkesir/Edremit/Akçay,TRY,3930.0,220000.0,1.0227272727272727,Неправдоподобная площадь,оставить,225000.0,есть ≥2 аналога train,площадь → пропуск
343784,Daire,12000000.0,550.0,6+2,4,3,İstanbul/Sarıyer/Büyükdere,TRY,4.0,1100000.0,10.909090909090908,Этаж выше этажности,оставить,12000000.0,есть ≥2 аналога train,этаж → пропуск
343792,Daire,280000.0,100.0,2+1,8,2,Balıkesir/Edremit/Cennetayağı,TRY,142.0,349500.0,0.8011444921316166,Этаж выше этажности,оставить,280000.0,есть ≥2 аналога train,этаж → пропуск
343965,Daire,237000.0,100.0,2+1,4,3,Balıkesir/Edremit/Akçay,TRY,3930.0,220000.0,1.0772727272727274,Этаж выше этажности,оставить,237000.0,есть ≥2 аналога train,этаж → пропуск
344062,Daire,195000.0,120.0,3+1,7,1,Kastamonu/Merkez/Mehmet Akif Ersoy,TRY,43.0,170000.0,1.1470588235294117,Этаж выше этажности,оставить,195000.0,есть ≥2 аналога train,этаж → пропуск
344074,Daire,285.0,,4+1,1,8,Erzurum/Yakutiye/Rabia Ana,TRY,49.0,249000.0,0.0011445783132530121,"Цена < 5 000 TRY, Цена < 1% местной медианы",исключить,285.0,есть ≥2 аналога train,без изменений
344088,Daire,38643411.5496,500.0,10+0,Müstakil,8,Ankara/Elmadağ/Hasanoğlan Havuzbaşı,GBP,68.0,575000.0,67.20593312973912,Цена > 20 местных медиан,исключить,5667519.0,есть ≥2 аналога train,без изменений
344207,Daire,350000.0,185.0,3+1,4,2,Kayseri/Kocasinan/Zümrüt,TRY,20.0,237500.0,1.4736842105263157,Этаж выше этажности,оставить,350000.0,есть ≥2 аналога train,этаж → пропуск
344223,Daire,220000.0,130.0,3+1,3,1,Kayseri/Melikgazi/Mimarsinanşirintepe,TRY,76.0,203500.0,1.0810810810810811,Этаж выше этажности,оставить,220000.0,есть ≥2 аналога train,этаж → пропуск
344617,Daire,125.0,110.0,3+1,Kot 4,4,Balıkesir/Edremit/Tuzcumurat,TRY,30.0,167000.0,0.0007485029940119761,"Цена < 5 000 TRY, Цена < 1% местной медианы",исключить,125.0,есть ≥2 аналога train,без изменений
344687,Daire,320.0,,2+1,2,10-20 arası,İstanbul/Esenyurt/Zafer,TRY,210.0,322500.0,0.0009922480620155039,"Цена < 5 000 TRY, Цена < 1% местной медианы",исключить,320.0,есть ≥2 аналога train,без изменений
344691,Daire,1250.0,,4+1,7,7,Kayseri/Talas/Kiçiköy,TRY,14.0,205000.0,0.006097560975609756,"Цена < 5 000 TRY, Цена < 1% местной медианы",исключить,1250.0,есть ≥2 аналога train,без изменений
345744,Rezidans,2965.149,,2+1,13,20 ve üzeri,İstanbul/Beşiktaş/Dikilitaş,USD,18.0,2100000.0,0.0014119757142857143,"Цена < 5 000 TRY, Цена < 1% местной медианы",исключить,495.0,есть ≥2 аналога train,без изменений
346882,Daire,195000.0,12.0,3+1,6,7,Sivas/Merkez/Cami-İ Kebir,TRY,7.0,199000.0,0.9798994974874372,Неправдоподобная площадь,оставить,195000.0,есть ≥2 аналога train,площадь → пропуск
346898,Daire,229000.0,170.0,4+1,8,1,Niğde/Merkez/Aşağı Kayabaşı,TRY,83.0,309000.0,0.7411003236245954,Этаж выше этажности,оставить,229000.0,есть ≥2 аналога train,этаж → пропуск
347023,Daire,265000.0,110.0,2+1,4,1,Balıkesir/Edremit/Akçay,TRY,3930.0,220000.0,1.2045454545454546,Этаж выше этажности,оставить,265000.0,есть ≥2 аналога train,этаж → пропуск
347175,Daire,3000.0,,3+1,2,10-20 arası,İstanbul/Kadıköy/19 Mayıs,TRY,65.0,775000.0,0.003870967741935484,"Цена < 5 000 TRY, Цена < 1% местной медианы",исключить,3000.0,есть ≥2 аналога train,без изменений
347211,Daire,150000.0,1.0,1+1,6,10-20 arası,Aydın/Nazilli/İsabeyli,TRY,22.0,102500.0,1.4634146341463414,Неправдоподобная площадь,оставить,150000.0,есть ≥2 аналога train,площадь → пропуск
347414,Daire,126500.0,,3+1,15,1,Kayseri/Melikgazi/Mimarsinanşirintepe,TRY,76.0,203500.0,0.6216216216216216,Этаж выше этажности,оставить,126500.0,есть ≥2 аналога train,этаж → пропуск
347484,Daire,1450.0,,2+1,2,3,İstanbul/Maltepe/Altıntepe,TRY,186.0,417500.0,0.003473053892215569,"Цена < 5 000 TRY, Цена < 1% местной медианы",исключить,1450.0,есть ≥2 аналога train,без изменений
348301,Komple Bina,825000.0,210.0,+,,3,Osmaniye/Merkez/Yıldırım Beyazıt,TRY,3.0,825000.0,1.0,Комнаты не разобраны,оставить,825000.0,есть ≥2 аналога train,без изменений
348306,Müstakil Ev,230.0,200.0,2+1,Müstakil,4,Kütahya/Merkez/Maltepe,TRY,,,,Цена < 5 000 TRY,исключить,230.0,аналогов train меньше 2,без изменений
348307,Komple Bina,1350000.0,630.0,+,,3,Antalya/Manavgat/Hatipler,TRY,1.0,1350000.0,,Комнаты не разобраны,оставить,1350000.0,аналогов train меньше 2,без изменений
348329,Komple Bina,239000.0,,+,,3,Kocaeli/İzmit/Karabaş,TRY,,,,Комнаты не разобраны,оставить,239000.0,аналогов train меньше 2,без изменений
348331,Komple Bina,820000.0,,+,,4,Antalya/Kepez/Kuzeyyaka,TRY,,,,Комнаты не разобраны,оставить,820000.0,аналогов train меньше 2,без изменений
348341,Komple Bina,750000.0,,+,,4,Isparta/Merkez/Pirimehmet,TRY,,,,Комнаты не разобраны,оставить,750000.0,аналогов train меньше 2,без изменений
348347,Müstakil Ev,285000.0,3.0,1+1,,1,Kırklareli/Babaeski/Minnetler Köyü,TRY,,,,Неправдоподобная площадь,оставить,285000.0,аналогов train меньше 2,площадь → пропуск
348387,Komple Bina,300000.0,130.0,+,,3,Diyarbakır/Bağlar/Kaynartepe,TRY,1.0,300000.0,,Комнаты не разобраны,оставить,300000.0,аналогов train меньше 2,без изменений
348395,Komple Bina,650000.0,350.0,+,,4,Kastamonu/Merkez/Akmescit,TRY,,,,Комнаты не разобраны,оставить,650000.0,аналогов train меньше 2,без изменений
348401,Komple Bina,500000.0,,+,,3,Gaziantep/Şahinbey/Boyacı,TRY,3.0,500000.0,1.0,Комнаты не разобраны,оставить,500000.0,есть ≥2 аналога train,без изменений
348415,Komple Bina,285000.0,,+,,4,İstanbul/Beyoğlu/Hacıahmet,TRY,1.0,285000.0,,Комнаты не разобраны,оставить,285000.0,аналогов train меньше 2,без изменений
348425,Komple Bina,500000.0,,+,,3,Gaziantep/Şahinbey/Boyacı,TRY,3.0,500000.0,1.0,Комнаты не разобраны,оставить,500000.0,есть ≥2 аналога train,без изменений
348429,Komple Bina,1550000.0,140.0,+,,5,Adıyaman/Merkez/Bahçelievler,TRY,2.0,867500.0,1.7867435158501441,Комнаты не разобраны,оставить,1550000.0,есть ≥2 аналога train,без изменений
348443,Komple Bina,890000.0,220.0,+,,4,İstanbul/Üsküdar/Salacak,TRY,2.0,8445000.0,0.1053878034339846,Комнаты не разобраны,оставить,890000.0,есть ≥2 аналога train,без изменений
348457,Komple Bina,90000.0,300.0,+,,1,İzmir/Karaburun/Hasseki,TRY,2.0,90000.0,1.0,Комнаты не разобраны,оставить,90000.0,есть ≥2 аналога train,без изменений
348475,Komple Bina,460000.0,,+,,3,Trabzon/Ortahisar/Yenicuma,TRY,1.0,460000.0,,Комнаты не разобраны,оставить,460000.0,аналогов train меньше 2,без изменений
348477,Komple Bina,3100000.0,,+,,2,Kayseri/Melikgazi/Osman Kavuncu,TRY,1.0,3100000.0,,Комнаты не разобраны,оставить,3100000.0,аналогов train меньше 2,без изменений
348481,Komple Bina,395000.0,75.0,+,,3,Adıyaman/Merkez/Kapcami,TRY,,,,Комнаты не разобраны,оставить,395000.0,аналогов train меньше 2,без изменений
348529,Komple Bina,470000.0,110.0,+,,3,Sakarya/Arifiye/Neviye,TRY,1.0,470000.0,,Комнаты не разобраны,оставить,470000.0,аналогов train меньше 2,без изменений
348531,Komple Bina,750000.0,500.0,+,,4,Isparta/Merkez/Karaağaç,TRY,2.0,675000.0,1.1111111111111112,Комнаты не разобраны,оставить,750000.0,есть ≥2 аналога train,без изменений
348543,Komple Bina,490000.0,1300.0,+,,2,Antalya/Döşemealtı/Ilıcaköy,TRY,1.0,490000.0,,Комнаты не разобраны,оставить,490000.0,аналогов train меньше 2,без изменений
348557,Komple Bina,1350000.0,345.0,+,,4,Isparta/Merkez/Bağlar,TRY,1.0,1350000.0,,Комнаты не разобраны,оставить,1350000.0,аналогов train меньше 2,без изменений
348567,Komple Bina,1100000.0,,+,,1,Muğla/Köyceğiz/Toparlar,TRY,4.0,1100000.0,1.0,Комнаты не разобраны,оставить,1100000.0,есть ≥2 аналога train,без изменений
348571,Komple Bina,825000.0,210.0,+,,3,Osmaniye/Merkez/Yıldırım Beyazıt,TRY,3.0,825000.0,1.0,Комнаты не разобраны,оставить,825000.0,есть ≥2 аналога train,без изменений
348581,Komple Bina,130000.0,,+,,3,Amasya/Merkez/Üçler,TRY,2.0,130000.0,1.0,Комнаты не разобраны,оставить,130000.0,есть ≥2 аналога train,без изменений
348585,Komple Bina,163000.0,,+,,2,Bursa/Osmangazi/Bahar,TRY,3.0,163000.0,1.0,Комнаты не разобраны,оставить,163000.0,есть ≥2 аналога train,без изменений
348587,Komple Bina,295000.0,,+,,3,Malatya/Battalgazi/Başharık,TRY,1.0,295000.0,,Комнаты не разобраны,оставить,295000.0,аналогов train меньше 2,без изменений
348599,Komple Bina,650000.0,435.0,+,,3,Balıkesir/Edremit/Altınkum,TRY,1.0,650000.0,,Комнаты не разобраны,оставить,650000.0,аналогов train меньше 2,без изменений
348601,Komple Bina,450000.0,,+,,3,Antalya/Manavgat/Dikmen,TRY,6.0,400000.0,1.125,Комнаты не разобраны,оставить,450000.0,есть ≥2 аналога train,без изменений
348613,Komple Bina,215000.0,,+,,3,Erzurum/Palandöken/Yunusemre,TRY,,,,Комнаты не разобраны,оставить,215000.0,аналогов train меньше 2,без изменений
348623,Komple Bina,450000.0,110.0,+,,3,Trabzon/Ortahisar/Pelitli,TRY,5.0,5250000.0,0.08571428571428572,Комнаты не разобраны,оставить,450000.0,есть ≥2 аналога train,без изменений
348639,Komple Bina,600000.0,100.0,+,,4,İzmir/Konak/Selçuk,TRY,,,,Комнаты не разобраны,оставить,600000.0,аналогов train меньше 2,без изменений
348645,Komple Bina,750000.0,530.0,+,,4,Trabzon/Akçaabat/Yaylacık,TRY,,,,Комнаты не разобраны,оставить,750000.0,аналогов train меньше 2,без изменений
348651,Komple Bina,165000.0,,+,,3,Samsun/İlkadım/Selahiye,TRY,2.0,165000.0,1.0,Комнаты не разобраны,оставить,165000.0,есть ≥2 аналога train,без изменений
348665,Komple Bina,600000.0,,+,,2,Çanakkale/Ayvacık/Arıklı Köyü,TRY,1.0,600000.0,,Комнаты не разобраны,оставить,600000.0,аналогов train меньше 2,без изменений
348705,Komple Bina,615000.0,,+,,5,Niğde/Merkez/Efendibey,TRY,,,,Комнаты не разобраны,оставить,615000.0,аналогов train меньше 2,без изменений
348727,Komple Bina,820000.0,,+,,4,Antalya/Kepez/Kuzeyyaka,TRY,,,,Комнаты не разобраны,оставить,820000.0,аналогов train меньше 2,без изменений
348739,Komple Bina,2250000.0,240.0,+,,5,Trabzon/Akçaabat/Ortaalan,TRY,1.0,2250000.0,,Комнаты не разобраны,оставить,2250000.0,аналогов train меньше 2,без изменений
348774,Daire,48000.0,55.0,1+1,3,2,Osmaniye/Merkez/Rahime Hatun,TRY,20.0,237500.0,0.20210526315789473,Этаж выше этажности,оставить,48000.0,есть ≥2 аналога train,этаж → пропуск
348781,Komple Bina,1150000.0,136.0,+,,4,İstanbul/Büyükçekmece/Kumburgaz,TRY,1.0,1150000.0,,Комнаты не разобраны,оставить,1150000.0,аналогов train меньше 2,без изменений
348793,Komple Bina,999000.0,600.0,+,,4,Antalya/Kepez/Kuzeyyaka,TRY,,,,Комнаты не разобраны,оставить,999000.0,аналогов train меньше 2,без изменений
348825,Komple Bina,1140000.0,200.0,+,,5,Bursa/Yıldırım/Yediselviler,TRY,1.0,1140000.0,,Комнаты не разобраны,оставить,1140000.0,аналогов train меньше 2,без изменений
348831,Komple Bina,560000.0,115.0,+,,4,Adıyaman/Merkez/İmamağa,TRY,1.0,560000.0,,Комнаты не разобраны,оставить,560000.0,аналогов train меньше 2,без изменений
348839,Komple Bina,275000.0,150.0,+,,2,Afyonkarahisar/Şuhut/Kurtuluş,TRY,2.0,475000.0,0.5789473684210527,Комнаты не разобраны,оставить,275000.0,есть ≥2 аналога train,без изменений
348843,Komple Bina,150000.0,,+,,2,Çanakkale/Ayvacık/Paşaköy Köyü,TRY,2.0,109500.0,1.36986301369863,Комнаты не разобраны,оставить,150000.0,есть ≥2 аналога train,без изменений
348849,Komple Bina,1100000.0,,+,,1,Muğla/Köyceğiz/Toparlar,TRY,4.0,1100000.0,1.0,Комнаты не разобраны,оставить,1100000.0,есть ≥2 аналога train,без изменений
348865,Komple Bina,449000.0,,+,,3,Antalya/Manavgat/Dikmen,TRY,6.0,400000.0,1.1225,Комнаты не разобраны,оставить,449000.0,есть ≥2 аналога train,без изменений
348889,Komple Bina,200000.0,150.0,+,,2,Çanakkale/Biga/Aksaz Köyü,TRY,2.0,200000.0,1.0,Комнаты не разобраны,оставить,200000.0,есть ≥2 аналога train,без изменений
348893,Komple Bina,335000.0,90.0,+,,2,İstanbul/Sultanbeyli/Battalgazi,TRY,5.0,335000.0,1.0,Комнаты не разобраны,оставить,335000.0,есть ≥2 аналога train,без изменений
348907,Komple Bina,520000.0,,+,,,İzmir/Menemen/Gölcük,TRY,,,,Комнаты не разобраны,оставить,520000.0,аналогов train меньше 2,без изменений
348911,Komple Bina,750000.0,440.0,+,,3,Trabzon/Ortahisar/Fatih,TRY,4.0,737500.0,1.0169491525423728,Комнаты не разобраны,оставить,750000.0,есть ≥2 аналога train,без изменений
348929,Komple Bina,400000.0,700.0,+,,3,Antalya/Manavgat/Dikmen,TRY,6.0,400000.0,1.0,Комнаты не разобраны,оставить,400000.0,есть ≥2 аналога train,без изменений
348933,Komple Bina,145000.0,123.0,+,,2,Afyonkarahisar/Merkez/Yarenler,TRY,1.0,145000.0,,Комнаты не разобраны,оставить,145000.0,аналогов train меньше 2,без изменений
348963,Daire,500.0,,2+1,En Üst Kat,5,Trabzon/Ortahisar/1 Nolu Erdoğdu,TRY,14.0,309530.5,0.0016153496989795835,"Цена < 5 000 TRY, Цена < 1% местной медианы",исключить,500.0,есть ≥2 аналога train,без изменений
348971,Komple Bina,1700000.0,,+,,3,Tekirdağ/Çorlu/Şeyh Sinan,TRY,2.0,1100000.0,1.5454545454545454,Комнаты не разобраны,оставить,1700000.0,есть ≥2 аналога train,без изменений
348977,Komple Bina,1100000.0,160.0,+,,4,İstanbul/Küçükçekmece/İstasyon,TRY,2.0,1100000.0,1.0,Комнаты не разобраны,оставить,1100000.0,есть ≥2 аналога train,без изменений
349001,Komple Bina,280000.0,325.0,+,,2,Mersin/Toroslar/Selçuklar,TRY,,,,Комнаты не разобраны,оставить,280000.0,аналогов train меньше 2,без изменений
349023,Komple Bina,500000.0,130.0,+,,3,Edirne/Uzunköprü/Mareşal Fevzi Çakmak,TRY,1.0,500000.0,,Комнаты не разобраны,оставить,500000.0,аналогов train меньше 2,без изменений
349041,Komple Bina,350000.0,140.0,+,,3,Sakarya/Adapazarı/Hızırtepe,TRY,3.0,350000.0,1.0,Комнаты не разобраны,оставить,350000.0,есть ≥2 аналога train,без изменений
349049,Komple Bina,690000.0,,+,,7,Kocaeli/İzmit/Serdar,TRY,1.0,690000.0,,Комнаты не разобраны,оставить,690000.0,аналогов train меньше 2,без изменений
349063,Komple Bina,215000.0,110.0,+,,3,Balıkesir/Bandırma/100. Yıl,TRY,4.0,1107500.0,0.19413092550790068,Комнаты не разобраны,оставить,215000.0,есть ≥2 аналога train,без изменений
349072,Müstakil Ev,230000.0,3.0,3+1,Müstakil,1,Çanakkale/Ezine/Üvecik Köyü,TRY,20.0,230000.0,1.0,Неправдоподобная площадь,оставить,230000.0,есть ≥2 аналога train,площадь → пропуск
349083,Çiftlik Evi,300000.0,2.0,2+1,,1,İzmir/Aliağa/Hacıömerli,TRY,,,,Неправдоподобная площадь,оставить,300000.0,аналогов train меньше 2,площадь → пропуск
349087,Komple Bina,335000.0,90.0,+,,2,İstanbul/Sultanbeyli/Battalgazi,TRY,5.0,335000.0,1.0,Комнаты не разобраны,оставить,335000.0,есть ≥2 аналога train,без изменений
349121,Komple Bina,512500.0,,+,,3,Tokat/Merkez/Yeşilırmak,TRY,1.0,512500.0,,Комнаты не разобраны,оставить,512500.0,аналогов train меньше 2,без изменений
349127,Komple Bina,485000.0,197.0,+,,2,Denizli/Pamukkale/Siteler,TRY,1.0,1740000.0,,Комнаты не разобраны,оставить,485000.0,аналогов train меньше 2,без изменений
349137,Komple Bina,970000.0,120.0,+,,5,Ordu/Ünye/Saraçlı,TRY,,,,Комнаты не разобраны,оставить,970000.0,аналогов train меньше 2,без изменений
349141,Komple Bina,370000.0,,+,,3,Konya/Akşehir/Seyran,TRY,1.0,370000.0,,Комнаты не разобраны,оставить,370000.0,аналогов train меньше 2,без изменений
349145,Komple Bina,260000.0,,+,,1,Çanakkale/Ezine/Yahyaçavuş Köyü,TRY,,,,Комнаты не разобраны,оставить,260000.0,аналогов train меньше 2,без изменений
349155,Komple Bina,500000.0,,+,,2,Sakarya/Akyazı/Kuzuluk,TRY,2.0,800000.0,0.625,Комнаты не разобраны,оставить,500000.0,есть ≥2 аналога train,без изменений
349167,Komple Bina,2250000.0,450.0,+,,3,Balıkesir/Ayvalık/Zekibey,TRY,1.0,2250000.0,,Комнаты не разобраны,оставить,2250000.0,аналогов train меньше 2,без изменений
349183,Komple Bina,163000.0,,+,,2,Bursa/Osmangazi/Bahar,TRY,3.0,163000.0,1.0,Комнаты не разобраны,оставить,163000.0,есть ≥2 аналога train,без изменений
349197,Komple Bina,825000.0,,+,,5,İzmir/Bayraklı/Onur,TRY,2.0,787500.0,1.0476190476190477,Комнаты не разобраны,оставить,825000.0,есть ≥2 аналога train,без изменений
349221,Komple Bina,65000.0,114.0,+,,2,Afyonkarahisar/Şuhut/Atlıhisar Köyü,TRY,1.0,65000.0,,Комнаты не разобраны,оставить,65000.0,аналогов train меньше 2,без изменений
349231,Komple Bina,649000.0,,+,,3,İzmir/Menderes/Kemalpaşa,TRY,2.0,649000.0,1.0,Комнаты не разобраны,оставить,649000.0,есть ≥2 аналога train,без изменений
349233,Komple Bina,400000.0,700.0,+,,3,Antalya/Manavgat/Dikmen,TRY,6.0,400000.0,1.0,Комнаты не разобраны,оставить,400000.0,есть ≥2 аналога train,без изменений
349269,Komple Bina,1800000.0,,+,,2,Çanakkale/Ayvacık/Büyükhusun Köyü,TRY,1.0,1800000.0,,Комнаты не разобраны,оставить,1800000.0,аналогов train меньше 2,без изменений
349271,Komple Bina,450000.0,380.0,+,,3,Sakarya/Adapazarı/Güneşler Merkez,TRY,,,,Комнаты не разобраны,оставить,450000.0,аналогов train меньше 2,без изменений
349273,Komple Bina,200000.0,150.0,+,,2,Çanakkale/Biga/Aksaz Köyü,TRY,2.0,200000.0,1.0,Комнаты не разобраны,оставить,200000.0,есть ≥2 аналога train,без изменений
349311,Komple Bina,6500000.0,,+,,3,Adıyaman/Merkez/Turgut Reis,TRY,1.0,6500000.0,,Комнаты не разобраны,оставить,6500000.0,аналогов train меньше 2,без изменений
349315,Komple Bina,170000.0,200.0,+,,3,Samsun/Canik/Gaziosmanpaşa,TRY,1.0,330000.0,,Комнаты не разобраны,оставить,170000.0,аналогов train меньше 2,без изменений
349321,Komple Bina,1500000.0,,+,,3,Antalya/Manavgat/Aşağı Hisar,TRY,1.0,1500000.0,,Комнаты не разобраны,оставить,1500000.0,аналогов train меньше 2,без изменений
349359,Komple Bina,150000.0,144.0,+,,3,Samsun/Canik/Karşıyaka,TRY,1.0,150000.0,,Комнаты не разобраны,оставить,150000.0,аналогов train меньше 2,без изменений
349363,Komple Bina,525000.0,525.0,+,,4,Sakarya/Adapazarı/Maltepe,TRY,1.0,525000.0,,Комнаты не разобраны,оставить,525000.0,аналогов train меньше 2,без изменений
349369,Komple Bina,1250000.0,,+,,2,Çanakkale/Ayvacık/Ahmetçe Köyü,TRY,,,,Комнаты не разобраны,оставить,1250000.0,аналогов train меньше 2,без изменений
349385,Villa,80127000.0,600.0,9+2,,3,İzmir/Çeşme/Alaçatı,USD,235.0,1650000.0,48.56181818181818,"Цена > 50 млн TRY, Цена > 20 местных медиан",исключить,15000000.0,есть ≥2 аналога train,без изменений
349387,Komple Bina,200000.0,,+,,2,Bursa/Gürsu/Zafer,TRY,1.0,200000.0,,Комнаты не разобраны,оставить,200000.0,аналогов train меньше 2,без изменений
349393,Komple Bina,230000.0,240.0,+,,2,Samsun/Canik/Hasköy,TRY,4.0,245000.0,0.9387755102040817,Комнаты не разобраны,оставить,230000.0,есть ≥2 аналога train,без изменений
349395,Komple Bina,400000.0,,+,,3,Konya/Akşehir/Yarenler,TRY,,,,Комнаты не разобраны,оставить,400000.0,аналогов train меньше 2,без изменений
349397,Komple Bina,820000.0,,+,,4,Antalya/Kepez/Kuzeyyaka,TRY,,,,Комнаты не разобраны,оставить,820000.0,аналогов train меньше 2,без изменений
349419,Komple Bina,185000.0,,+,,4,Zonguldak/Ereğli/Gülüç Bld. (Bekyeri),TRY,2.0,185000.0,1.0,Комнаты не разобраны,оставить,185000.0,есть ≥2 аналога train,без изменений
349431,Komple Bina,920000.0,,+,,3,Sakarya/Akyazı/Alaağaç,TRY,3.0,920000.0,1.0,Комнаты не разобраны,оставить,920000.0,есть ≥2 аналога train,без изменений
349441,Komple Bina,350000.0,,+,,4,Bursa/Yenişehir/Çayır,TRY,1.0,350000.0,,Комнаты не разобраны,оставить,350000.0,аналогов train меньше 2,без изменений
349451,Komple Bina,210000.0,150.0,+,,3,Gaziantep/Şahinbey/İstiklal,TRY,1.0,210000.0,,Комнаты не разобраны,оставить,210000.0,аналогов train меньше 2,без изменений
349454,Müstakil Ev,1500.0,,4+1,Müstakil,3,Aydın/Kuşadası/Türkmen,TRY,15.0,970000.0,0.0015463917525773195,"Цена < 5 000 TRY, Цена < 1% местной медианы",исключить,1500.0,есть ≥2 аналога train,без изменений
349463,Komple Bina,470000.0,176.0,+,,2,Kocaeli/Gebze/Mevlana,TRY,2.0,377500.0,1.2450331125827814,Комнаты не разобраны,оставить,470000.0,есть ≥2 аналога train,без изменений
349483,Komple Bina,400000.0,145.0,+,,4,Edirne/Keşan/Yukarı Zaferiye,TRY,,,,Комнаты не разобраны,оставить,400000.0,аналогов train меньше 2,без изменений
349521,Komple Bina,350000.0,,+,,2,Çanakkale/Ayvacık/Ahmetçe Köyü,TRY,,,,Комнаты не разобраны,оставить,350000.0,аналогов train меньше 2,без изменений
349523,Komple Bina,92000.0,109.0,+,,2,Kütahya/Merkez/Börekçiler,TRY,,,,Комнаты не разобраны,оставить,92000.0,аналогов train меньше 2,без изменений
349543,Müstakil Ev,280000.0,1.0,2+1,,2,İzmir/Menderes/Çile,TRY,3.0,280000.0,1.0,Неправдоподобная площадь,оставить,280000.0,есть ≥2 аналога train,площадь → пропуск
349553,Komple Bina,1200000.0,61.0,+,,3,İstanbul/Fatih/Koca Mustafapaşa,TRY,3.0,600000.0,2.0,Комнаты не разобраны,оставить,1200000.0,есть ≥2 аналога train,без изменений
349569,Komple Bina,3100000.0,800.0,+,,2,Kayseri/Melikgazi/Osman Kavuncu,TRY,1.0,3100000.0,,Комнаты не разобраны,оставить,3100000.0,аналогов train меньше 2,без изменений
349571,Komple Bina,450000.0,380.0,+,,3,Sakarya/Adapazarı/Güneşler Merkez,TRY,,,,Комнаты не разобраны,оставить,450000.0,аналогов train меньше 2,без изменений
349613,Komple Bina,615000.0,,+,,5,Niğde/Merkez/Efendibey,TRY,,,,Комнаты не разобраны,оставить,615000.0,аналогов train меньше 2,без изменений
349619,Komple Bina,298000.0,,+,,2,Aydın/Nazilli/Cumhuriyet,TRY,,,,Комнаты не разобраны,оставить,298000.0,аналогов train меньше 2,без изменений
349635,Komple Bina,165000.0,,+,,3,Samsun/İlkadım/Selahiye,TRY,2.0,165000.0,1.0,Комнаты не разобраны,оставить,165000.0,есть ≥2 аналога train,без изменений
349639,Komple Bina,450000.0,380.0,+,,3,Sakarya/Adapazarı/Güneşler Merkez,TRY,,,,Комнаты не разобраны,оставить,450000.0,аналогов train меньше 2,без изменений
349641,Müstakil Ev,300.0,2000.0,3+1,,1,Kayseri/İncesu/Örenşehir,TRY,1.0,305000.0,,Цена < 5 000 TRY,исключить,300.0,аналогов train меньше 2,без изменений
349649,Komple Bina,450000.0,380.0,+,,3,Sakarya/Adapazarı/Güneşler Merkez,TRY,,,,Комнаты не разобраны,оставить,450000.0,аналогов train меньше 2,без изменений
349657,Komple Bina,199000.0,77.0,+,,2,Bursa/Osmangazi/Tuna,TRY,1.0,199000.0,,Комнаты не разобраны,оставить,199000.0,аналогов train меньше 2,без изменений
349665,Komple Bina,160000.0,53.0,+,,3,Erzurum/Palandöken/Abdurrahman Gazi,TRY,2.0,142500.0,1.1228070175438596,Комнаты не разобраны,оставить,160000.0,есть ≥2 аналога train,без изменений
349675,Müstakil Ev,295000.0,2.0,1+1,,1,Balıkesir/Edremit/Zeytinli,TRY,8.0,295000.0,1.0,Неправдоподобная площадь,оставить,295000.0,есть ≥2 аналога train,площадь → пропуск
349677,Komple Bina,4000000.0,450.0,+,,3,Kocaeli/Karamürsel/Dereköy,TRY,2.0,4000000.0,1.0,Комнаты не разобраны,оставить,4000000.0,есть ≥2 аналога train,без изменений
349679,Komple Bina,130000.0,110.0,+,,2,Konya/Akşehir/Meydan,TRY,,,,Комнаты не разобраны,оставить,130000.0,аналогов train меньше 2,без изменений
349681,Komple Bina,335000.0,90.0,+,,2,İstanbul/Sultanbeyli/Battalgazi,TRY,5.0,335000.0,1.0,Комнаты не разобраны,оставить,335000.0,есть ≥2 аналога train,без изменений
349687,Komple Bina,600000.0,,+,,4,Isparta/Merkez/Sanayi,TRY,2.0,600000.0,1.0,Комнаты не разобраны,оставить,600000.0,есть ≥2 аналога train,без изменений
349689,Komple Bina,400000.0,135.0,+,,2,İzmir/Gaziemir/Dokuz Eylül,TRY,1.0,400000.0,,Комнаты не разобраны,оставить,400000.0,аналогов train меньше 2,без изменений
349691,Komple Bina,1100000.0,,+,,1,Muğla/Köyceğiz/Toparlar,TRY,4.0,1100000.0,1.0,Комнаты не разобраны,оставить,1100000.0,есть ≥2 аналога train,без изменений
349695,Villa,850000.0,5.0,3+1,,2,Malatya/Yeşilyurt/Gündüzbey,TRY,1.0,610000.0,,Неправдоподобная площадь,оставить,850000.0,аналогов train меньше 2,площадь → пропуск
349697,Komple Bina,330000.0,125.0,+,,3,Amasya/Merzifon/Bağlarbaşı,TRY,1.0,330000.0,,Комнаты не разобраны,оставить,330000.0,аналогов train меньше 2,без изменений
349715,Komple Bina,470000.0,110.0,+,,3,Trabzon/Akçaabat/Yeni,TRY,1.0,470000.0,,Комнаты не разобраны,оставить,470000.0,аналогов train меньше 2,без изменений
349727,Komple Bina,295000.0,,+,,3,Aydın/Söke/Savuca,TRY,,,,Комнаты не разобраны,оставить,295000.0,аналогов train меньше 2,без изменений
349739,Komple Bina,340000.0,100.0,+,,4,Samsun/Canik/Uludağ,TRY,1.0,340000.0,,Комнаты не разобраны,оставить,340000.0,аналогов train меньше 2,без изменений
349741,Komple Bina,995000.0,,+,,4,Trabzon/Ortahisar/Gazipaşa,TRY,4.0,995000.0,1.0,Комнаты не разобраны,оставить,995000.0,есть ≥2 аналога train,без изменений
349745,Komple Bina,1200000.0,61.0,+,,3,İstanbul/Fatih/Koca Mustafapaşa,TRY,3.0,600000.0,2.0,Комнаты не разобраны,оставить,1200000.0,есть ≥2 аналога train,без изменений
349747,Çiftlik Evi,300000.0,2.0,2+1,,1,İzmir/Aliağa/Hacıömerli,TRY,,,,Неправдоподобная площадь,оставить,300000.0,аналогов train меньше 2,площадь → пропуск
349765,Komple Bina,210000.0,,+,,3,Afyonkarahisar/Şuhut/İplik,TRY,1.0,210000.0,,Комнаты не разобраны,оставить,210000.0,аналогов train меньше 2,без изменений
349786,Daire,126500.0,100.0,2+1,5,1,Trabzon/Of/Sulaklı,TRY,12.0,182500.0,0.6931506849315069,Этаж выше этажности,оставить,126500.0,есть ≥2 аналога train,этаж → пропуск
349789,Komple Bina,340000.0,137.0,+,,3,Kütahya/Merkez/Meydan,TRY,1.0,340000.0,,Комнаты не разобраны,оставить,340000.0,аналогов train меньше 2,без изменений
349793,Komple Bina,130000.0,,+,,2,Aydın/Efeler/Osman Yozgatlı,TRY,,,,Комнаты не разобраны,оставить,130000.0,аналогов train меньше 2,без изменений
349817,Komple Bina,60000.0,,+,,2,Antalya/Elmalı/Göltarla,TRY,,,,Комнаты не разобраны,оставить,60000.0,аналогов train меньше 2,без изменений
349819,Komple Bina,430000.0,,+,,,İzmir/Menemen/Gölcük,TRY,,,,Комнаты не разобраны,оставить,430000.0,аналогов train меньше 2,без изменений
349823,Komple Bina,515000.0,137.0,+,,5,Trabzon/Ortahisar/Boztepe,TRY,,,,Комнаты не разобраны,оставить,515000.0,аналогов train меньше 2,без изменений
349829,Müstakil Ev,289000.0,1.0,5+1,,1,Adana/Karataş/Yemişli,TRY,1.0,289000.0,,Неправдоподобная площадь,оставить,289000.0,аналогов train меньше 2,площадь → пропуск
349837,Komple Bina,825000.0,210.0,+,,3,Osmaniye/Merkez/Yıldırım Beyazıt,TRY,3.0,825000.0,1.0,Комнаты не разобраны,оставить,825000.0,есть ≥2 аналога train,без изменений
349845,Komple Bina,165000.0,,+,,1,Kütahya/Merkez/Evliya Çelebi,TRY,1.0,165000.0,,Комнаты не разобраны,оставить,165000.0,аналогов train меньше 2,без изменений
349851,Komple Bina,335000.0,90.0,+,,2,İstanbul/Sultanbeyli/Battalgazi,TRY,5.0,335000.0,1.0,Комнаты не разобраны,оставить,335000.0,есть ≥2 аналога train,без изменений
349889,Komple Bina,700000.0,749.0,+,,3,Eskişehir/Mahmudiye/Işıklar,TRY,1.0,700000.0,,Комнаты не разобраны,оставить,700000.0,аналогов train меньше 2,без изменений
349903,Komple Bina,130000.0,,+,,3,Amasya/Merkez/Üçler,TRY,2.0,130000.0,1.0,Комнаты не разобраны,оставить,130000.0,есть ≥2 аналога train,без изменений
349915,Komple Bina,130000.0,110.0,+,,2,Konya/Akşehir/Meydan,TRY,,,,Комнаты не разобраны,оставить,130000.0,аналогов train меньше 2,без изменений
349923,Komple Bina,995000.0,,+,,4,Trabzon/Ortahisar/Gazipaşa,TRY,4.0,995000.0,1.0,Комнаты не разобраны,оставить,995000.0,есть ≥2 аналога train,без изменений
349953,Komple Bina,1100000.0,,+,,1,Muğla/Köyceğiz/Toparlar,TRY,4.0,1100000.0,1.0,Комнаты не разобраны,оставить,1100000.0,есть ≥2 аналога train,без изменений
349967,Komple Bina,1250000.0,305.0,+,,3,Balıkesir/Edremit/Güre,TRY,2.0,1250000.0,1.0,Комнаты не разобраны,оставить,1250000.0,есть ≥2 аналога train,без изменений
349974,Daire,507839.51129999995,1820.0,1+1,6,2,İstanbul/Avcılar/Cihangir,GBP,470.0,249000.0,2.039516109638554,Этаж выше этажности,оставить,74811.0,есть ≥2 аналога train,этаж → пропуск
350037,Komple Bina,325000.0,,+,,1,Adana/Sarıçam/Mehmet Akif Ersoy,TRY,,,,Комнаты не разобраны,оставить,325000.0,аналогов train меньше 2,без изменений
350043,Komple Bina,355000.0,,+,,3,Trabzon/Ortahisar/Toklu,TRY,3.0,650000.0,0.5461538461538461,Комнаты не разобраны,оставить,355000.0,есть ≥2 аналога train,без изменений
350053,Komple Bina,335000.0,330.0,+,,3,Trabzon/Ortahisar/3 Nolu Erdoğdu,TRY,1.0,335000.0,,Комнаты не разобраны,оставить,335000.0,аналогов train меньше 2,без изменений
350057,Komple Bina,215000.0,,+,,1,Antalya/Konyaaltı/Geyikbayırı,TRY,,,,Комнаты не разобраны,оставить,215000.0,аналогов train меньше 2,без изменений
350061,Komple Bina,400000.0,700.0,+,,3,Antalya/Manavgat/Dikmen,TRY,6.0,400000.0,1.0,Комнаты не разобраны,оставить,400000.0,есть ≥2 аналога train,без изменений
350073,Komple Bina,920000.0,,+,,3,Sakarya/Akyazı/Alaağaç,TRY,3.0,920000.0,1.0,Комнаты не разобраны,оставить,920000.0,есть ≥2 аналога train,без изменений
350093,Komple Bina,600000.0,100.0,+,,4,İzmir/Konak/Selçuk,TRY,,,,Комнаты не разобраны,оставить,600000.0,аналогов train меньше 2,без изменений
350099,Komple Bina,1200000.0,61.0,+,,3,İstanbul/Fatih/Koca Mustafapaşa,TRY,3.0,600000.0,2.0,Комнаты не разобраны,оставить,1200000.0,есть ≥2 аналога train,без изменений
350105,Komple Bina,525000.0,,+,,3,Gaziantep/Şehitkamil/Çağlayan,TRY,,,,Комнаты не разобраны,оставить,525000.0,аналогов train меньше 2,без изменений
350107,Komple Bina,400000.0,,+,,4,Bursa/Gemlik/Balıkpazarı,TRY,1.0,400000.0,,Комнаты не разобраны,оставить,400000.0,аналогов train меньше 2,без изменений
350119,Komple Bina,920000.0,,+,,3,Sakarya/Akyazı/Alaağaç,TRY,3.0,920000.0,1.0,Комнаты не разобраны,оставить,920000.0,есть ≥2 аналога train,без изменений
350153,Komple Bina,450000.0,380.0,+,,3,Sakarya/Adapazarı/Güneşler Merkez,TRY,,,,Комнаты не разобраны,оставить,450000.0,аналогов train меньше 2,без изменений
350155,Komple Bina,130000.0,,+,,2,Aydın/Efeler/Osman Yozgatlı,TRY,,,,Комнаты не разобраны,оставить,130000.0,аналогов train меньше 2,без изменений
350157,Komple Bina,400000.0,,+,,3,Balıkesir/Ayvalık/Fevzipaşa-Vehbibey,TRY,2.0,750000.0,0.5333333333333333,Комнаты не разобраны,оставить,400000.0,есть ≥2 аналога train,без изменений
350159,Komple Bina,615000.0,,+,,5,Niğde/Merkez/Efendibey,TRY,,,,Комнаты не разобраны,оставить,615000.0,аналогов train меньше 2,без изменений
350163,Komple Bina,1250000.0,305.0,+,,3,Balıkesir/Edremit/Güre,TRY,2.0,1250000.0,1.0,Комнаты не разобраны,оставить,1250000.0,есть ≥2 аналога train,без изменений
350177,Komple Bina,400000.0,700.0,+,,3,Antalya/Manavgat/Dikmen,TRY,6.0,400000.0,1.0,Комнаты не разобраны,оставить,400000.0,есть ≥2 аналога train,без изменений
350181,Komple Bina,625000.0,143.0,+,,3,Trabzon/Ortahisar/Pazarkapı,TRY,1.0,625000.0,,Комнаты не разобраны,оставить,625000.0,аналогов train меньше 2,без изменений
350191,Komple Bina,1100000.0,160.0,+,,4,İstanbul/Küçükçekmece/İstasyon,TRY,2.0,1100000.0,1.0,Комнаты не разобраны,оставить,1100000.0,есть ≥2 аналога train,без изменений
350219,Komple Bina,615000.0,,+,,5,Niğde/Merkez/Efendibey,TRY,,,,Комнаты не разобраны,оставить,615000.0,аналогов train меньше 2,без изменений
350275,Komple Bina,460000.0,,+,,3,Erzurum/Tortum/Tortumkale,TRY,1.0,460000.0,,Комнаты не разобраны,оставить,460000.0,аналогов train меньше 2,без изменений
350279,Komple Bina,550000.0,,+,,1,Afyonkarahisar/Sandıklı/Çakır,TRY,2.0,1275000.0,0.43137254901960786,Комнаты не разобраны,оставить,550000.0,есть ≥2 аналога train,без изменений
350291,Komple Bina,525000.0,290.0,+,,2,Sakarya/Akyazı/Kuzuluk,TRY,2.0,800000.0,0.65625,Комнаты не разобраны,оставить,525000.0,есть ≥2 аналога train,без изменений
350295,Komple Bina,100000.0,,+,,1,Çanakkale/Ayvacık/Ahmetçe Köyü,TRY,,,,Комнаты не разобраны,оставить,100000.0,аналогов train меньше 2,без изменений
350303,Komple Bina,600000.0,,+,,4,Isparta/Merkez/Sanayi,TRY,2.0,600000.0,1.0,Комнаты не разобраны,оставить,600000.0,есть ≥2 аналога train,без изменений
350317,Komple Bina,95100.0,328.0,+,,3,Çorum/Oğuzlar/Ağaççamı Köyü,TRY,2.0,100097.5,0.9500736781637903,Комнаты не разобраны,оставить,95100.0,есть ≥2 аналога train,без изменений
350325,Prefabrik Ev,34.0,,3+1,,1,Manisa/Turgutlu/Selvilitepe,TRY,,,,Цена < 5 000 TRY,исключить,34.0,аналогов train меньше 2,без изменений
350339,Komple Bina,5500000.0,575.0,+,,3,Trabzon/Ortahisar/Pazarkapı,TRY,1.0,625000.0,,Комнаты не разобраны,оставить,5500000.0,аналогов train меньше 2,без изменений
350347,Komple Bina,350000.0,280.0,+,,3,İzmir/Torbalı/Atatürk,TRY,1.0,350000.0,,Комнаты не разобраны,оставить,350000.0,аналогов train меньше 2,без изменений
350355,Komple Bina,750000.0,200.0,+,,2,Aksaray/Merkez/Pınar,TRY,,,,Комнаты не разобраны,оставить,750000.0,аналогов train меньше 2,без изменений
350379,Komple Bina,2750000.0,,+,,4,Kocaeli/Kandıra/Kefken,TRY,1.0,2750000.0,,Комнаты не разобраны,оставить,2750000.0,аналогов train меньше 2,без изменений
350389,Komple Bina,90000.0,300.0,+,,1,İzmir/Karaburun/Hasseki,TRY,2.0,90000.0,1.0,Комнаты не разобраны,оставить,90000.0,есть ≥2 аналога train,без изменений
350397,Komple Bina,485000.0,197.0,+,,2,Denizli/Pamukkale/Siteler,TRY,1.0,1740000.0,,Комнаты не разобраны,оставить,485000.0,аналогов train меньше 2,без изменений
350425,Komple Bina,1450000.0,,+,,4,Trabzon/Çarşıbaşı/Büyükdere,TRY,1.0,1450000.0,,Комнаты не разобраны,оставить,1450000.0,аналогов train меньше 2,без изменений
350445,Komple Bina,649000.0,,+,,3,İzmir/Menderes/Kemalpaşa,TRY,2.0,649000.0,1.0,Комнаты не разобраны,оставить,649000.0,есть ≥2 аналога train,без изменений
350447,Komple Bina,600000.0,600.0,+,,4,Isparta/Merkez/Karaağaç,TRY,2.0,675000.0,0.8888888888888888,Комнаты не разобраны,оставить,600000.0,есть ≥2 аналога train,без изменений
350469,Komple Bina,275000.0,160.0,+,,2,Aydın/Nazilli/Aydoğdu,TRY,1.0,275000.0,,Комнаты не разобраны,оставить,275000.0,аналогов train меньше 2,без изменений
350474,Müstakil Ev,230000.0,3.0,3+1,Müstakil,1,Çanakkale/Ezine/Üvecik Köyü,TRY,20.0,230000.0,1.0,Неправдоподобная площадь,оставить,230000.0,есть ≥2 аналога train,площадь → пропуск
350493,Komple Bina,375000.0,150.0,+,,4,Manisa/Salihli/Kurtuluş,TRY,1.0,375000.0,,Комнаты не разобраны,оставить,375000.0,аналогов train меньше 2,без изменений
350509,Komple Bina,500000.0,,+,,3,Gaziantep/Şahinbey/Boyacı,TRY,3.0,500000.0,1.0,Комнаты не разобраны,оставить,500000.0,есть ≥2 аналога train,без изменений
350511,Komple Bina,1050000.0,700.0,+,,7,İstanbul/Esenler/Fatih,TRY,1.0,1050000.0,,Комнаты не разобраны,оставить,1050000.0,аналогов train меньше 2,без изменений
350557,Komple Bina,2000000.0,75.0,+,,3,İstanbul/Şişli/Bozkurt,TRY,10.0,1600000.0,1.25,Комнаты не разобраны,оставить,2000000.0,есть ≥2 аналога train,без изменений
350598,Müstakil Ev,235000.0,2.0,3+1,Bahçe katı,1,Balıkesir/Erdek/Şahinburgaz,TRY,2.0,430000.0,0.5465116279069767,Неправдоподобная площадь,оставить,235000.0,есть ≥2 аналога train,площадь → пропуск
350700,Müstakil Ev,290000.0,5.0,2+1,Müstakil,1,Çanakkale/Ezine/Üvecik Köyü,TRY,20.0,230000.0,1.2608695652173914,Неправдоподобная площадь,оставить,290000.0,есть ≥2 аналога train,площадь → пропуск
350821,Müstakil Ev,290000.0,5.0,2+1,Müstakil,1,Çanakkale/Ezine/Üvecik Köyü,TRY,20.0,230000.0,1.2608695652173914,Неправдоподобная площадь,оставить,290000.0,есть ≥2 аналога train,площадь → пропуск
351221,Müstakil Ev,290000.0,5.0,2+1,Müstakil,1,Çanakkale/Ezine/Üvecik Köyü,TRY,20.0,230000.0,1.2608695652173914,Неправдоподобная площадь,оставить,290000.0,есть ≥2 аналога train,площадь → пропуск
351300,Müstakil Ev,625000.0,2.0,5+2,Müstakil,2,Kayseri/Kocasinan/Mimarsinan,TRY,5.0,1599000.0,0.3908692933083177,Неправдоподобная площадь,оставить,625000.0,есть ≥2 аналога train,площадь → пропуск
351397,Daire,145000.0,115.0,4+1,3,1,Tekirdağ/Muratlı/Muradiye,TRY,6.0,197500.0,0.7341772151898734,Этаж выше этажности,оставить,145000.0,есть ≥2 аналога train,этаж → пропуск
351409,Müstakil Ev,290000.0,5.0,2+1,Müstakil,1,Çanakkale/Ezine/Üvecik Köyü,TRY,20.0,230000.0,1.2608695652173914,Неправдоподобная площадь,оставить,290000.0,есть ≥2 аналога train,площадь → пропуск
351661,Müstakil Ev,290000.0,5.0,2+1,Müstakil,1,Çanakkale/Ezine/Üvecik Köyü,TRY,20.0,230000.0,1.2608695652173914,Неправдоподобная площадь,оставить,290000.0,есть ≥2 аналога train,площадь → пропуск
351686,Daire,154500.0,,2+1,4,3,Konya/Selçuklu/Mehmet Akif,TRY,33.0,174000.0,0.8879310344827587,Этаж выше этажности,оставить,154500.0,есть ≥2 аналога train,этаж → пропуск
351723,Müstakil Ev,290000.0,5.0,2+1,Müstakil,1,Çanakkale/Ezine/Üvecik Köyü,TRY,20.0,230000.0,1.2608695652173914,Неправдоподобная площадь,оставить,290000.0,есть ≥2 аналога train,площадь → пропуск
351749,Villa,478000.0,1.0,4+1,Müstakil,2,Gaziantep/Şehitkamil/Yığınlı,TRY,4.0,664000.0,0.7198795180722891,Неправдоподобная площадь,оставить,478000.0,есть ≥2 аналога train,площадь → пропуск
351853,Villa,478000.0,1.0,4+1,Müstakil,2,Gaziantep/Şehitkamil/Yığınlı,TRY,4.0,664000.0,0.7198795180722891,Неправдоподобная площадь,оставить,478000.0,есть ≥2 аналога train,площадь → пропуск
351965,Daire,565211.5,777547.0,4+2,6,2,İstanbul/Avcılar/Cihangir,GBP,470.0,249000.0,2.269925702811245,"Неправдоподобная площадь, Этаж выше этажности",оставить,83500.0,есть ≥2 аналога train,площадь и этаж → пропуск
352151,Müstakil Ev,230000.0,3.0,3+1,Müstakil,1,Çanakkale/Ezine/Üvecik Köyü,TRY,20.0,230000.0,1.0,Неправдоподобная площадь,оставить,230000.0,есть ≥2 аналога train,площадь → пропуск
352490,Müstakil Ev,1500.0,,4+1,Müstakil,3,Aydın/Kuşadası/Türkmen,TRY,15.0,970000.0,0.0015463917525773195,"Цена < 5 000 TRY, Цена < 1% местной медианы",исключить,1500.0,есть ≥2 аналога train,без изменений
352508,Daire,1434006.0,231280.0,8+3,15,20 ve üzeri,İstanbul/Avcılar/Cihangir,GBP,470.0,249000.0,5.759060240963856,Неправдоподобная площадь,оставить,210000.0,есть ≥2 аналога train,площадь → пропуск
352709,Yazlık,1100.0,70.0,2+1,Müstakil,2,Muğla/Bodrum/Karabağ,TRY,,,,Цена < 5 000 TRY,исключить,1100.0,аналогов train меньше 2,без изменений
352719,Müstakil Ev,290000.0,5.0,2+1,Müstakil,1,Çanakkale/Ezine/Üvecik Köyü,TRY,20.0,230000.0,1.2608695652173914,Неправдоподобная площадь,оставить,290000.0,есть ≥2 аналога train,площадь → пропуск
352867,Müstakil Ev,660000.0,1.0,6+2,Müstakil,2,Muğla/Marmaris/Hisarönü,TRY,6.0,680000.0,0.9705882352941176,Неправдоподобная площадь,оставить,660000.0,есть ≥2 аналога train,площадь → пропуск
352876,Müstakil Ev,290000.0,5.0,2+1,Müstakil,1,Çanakkale/Ezine/Üvecik Köyü,TRY,20.0,230000.0,1.2608695652173914,Неправдоподобная площадь,оставить,290000.0,есть ≥2 аналога train,площадь → пропуск
352981,Müstakil Ev,230000.0,3.0,3+1,Müstakil,1,Çanakkale/Ezine/Üvecik Köyü,TRY,20.0,230000.0,1.0,Неправдоподобная площадь,оставить,230000.0,есть ≥2 аналога train,площадь → пропуск
352984,Daire,99000.0,140000.0,3+1,2,10,Trabzon/Akçaabat/Nefsipulathane,TRY,2.0,79000.0,1.2531645569620253,Неправдоподобная площадь,оставить,99000.0,есть ≥2 аналога train,площадь → пропуск
353209,Daire,145000.0,115.0,4+1,3,1,Tekirdağ/Muratlı/Muradiye,TRY,6.0,197500.0,0.7341772151898734,Этаж выше этажности,оставить,145000.0,есть ≥2 аналога train,этаж → пропуск
353315,Müstakil Ev,235000.0,2.0,3+1,Bahçe katı,1,Balıkesir/Erdek/Şahinburgaz,TRY,2.0,430000.0,0.5465116279069767,Неправдоподобная площадь,оставить,235000.0,есть ≥2 аналога train,площадь → пропуск
353404,Daire,750.0,,2+1,2,2,İzmir/Buca/Yıldız,TRY,62.0,245000.0,0.003061224489795918,"Цена < 5 000 TRY, Цена < 1% местной медианы",исключить,750.0,есть ≥2 аналога train,без изменений
354096,Müstakil Ev,1500.0,,4+1,Müstakil,3,Aydın/Kuşadası/Türkmen,TRY,15.0,970000.0,0.0015463917525773195,"Цена < 5 000 TRY, Цена < 1% местной медианы",исключить,1500.0,есть ≥2 аналога train,без изменений
354394,Daire,48000.0,55.0,1+1,3,2,Osmaniye/Merkez/Rahime Hatun,TRY,20.0,237500.0,0.20210526315789473,Этаж выше этажности,оставить,48000.0,есть ≥2 аналога train,этаж → пропуск
354512,Daire,155000.0,90.0,2+1,2,1,Aydın/Didim/Ak-Yeniköy,TRY,85.0,225000.0,0.6888888888888889,Этаж выше этажности,оставить,155000.0,есть ≥2 аналога train,этаж → пропуск
354543,Müstakil Ev,565000.0,200.0,4+2,2,1,Mersin/Mezitli/Fındıkpınarı,TRY,1.0,565000.0,,Этаж выше этажности,оставить,565000.0,аналогов train меньше 2,этаж → пропуск
354597,Müstakil Ev,155000.0,1.0,2+1,Bahçe katı,1,Tekirdağ/Hayrabolu/Avluobası,TRY,1.0,155000.0,,Неправдоподобная площадь,оставить,155000.0,аналогов train меньше 2,площадь → пропуск
354897,Daire,149000.0,115.0,2+1,4,3,İzmir/Bergama/Fatih,TRY,42.0,230000.0,0.6478260869565218,Этаж выше этажности,оставить,149000.0,есть ≥2 аналога train,этаж → пропуск
354925,Daire,188000.0,150.0,2+2,4,3,Antalya/Manavgat/Sarılar,TRY,717.0,135000.0,1.3925925925925926,Этаж выше этажности,оставить,188000.0,есть ≥2 аналога train,этаж → пропуск
355072,Daire,188000.0,150.0,2+2,4,3,Antalya/Manavgat/Sarılar,TRY,717.0,135000.0,1.3925925925925926,Этаж выше этажности,оставить,188000.0,есть ≥2 аналога train,этаж → пропуск
355078,Daire,125000.0,11.0,3+1,5,6,Malatya/Battalgazi/Hacı Abdi,TRY,35.0,145000.0,0.8620689655172413,Неправдоподобная площадь,оставить,125000.0,есть ≥2 аналога train,площадь → пропуск
355186,Müstakil Ev,230000.0,3.0,3+1,Müstakil,1,Çanakkale/Ezine/Üvecik Köyü,TRY,20.0,230000.0,1.0,Неправдоподобная площадь,оставить,230000.0,есть ≥2 аналога train,площадь → пропуск
355969,Villa,1300000.0,2.0,6+3,Kot 3,3,Trabzon/Ortahisar/Sayvan,TRY,,,,Неправдоподобная площадь,оставить,1300000.0,аналогов train меньше 2,площадь → пропуск
356226,Rezidans,1675712.0,737990.0,8+3,Bahçe katı,1,İstanbul/Avcılar/Cihangir,USD,2.0,349291.8,4.797455880727804,Неправдоподобная площадь,оставить,320000.0,есть ≥2 аналога train,площадь → пропуск
356521,Daire,600.0,,3+1,Kot 3,5,Aydın/Söke/Çeltikçi,TRY,48.0,140000.0,0.004285714285714286,"Цена < 5 000 TRY, Цена < 1% местной медианы",исключить,600.0,есть ≥2 аналога train,без изменений
356553,Daire,849540.3094,168360.0,9+2,8,3,Ankara/Elmadağ/Hasanoğlan Havuzbaşı,GBP,68.0,575000.0,1.477461407652174,"Неправдоподобная площадь, Этаж выше этажности",оставить,127333.0,есть ≥2 аналога train,площадь и этаж → пропуск
356672,Müstakil Ev,235000.0,2.0,3+1,Bahçe katı,1,Balıkesir/Erdek/Şahinburgaz,TRY,2.0,430000.0,0.5465116279069767,Неправдоподобная площадь,оставить,235000.0,есть ≥2 аналога train,площадь → пропуск
356674,Müstakil Ev,230000.0,3.0,3+1,Müstakil,1,Çanakkale/Ezine/Üvecik Köyü,TRY,20.0,230000.0,1.0,Неправдоподобная площадь,оставить,230000.0,есть ≥2 аналога train,площадь → пропуск
356771,Komple Bina,1325000.0,,+,,3,Eskişehir/Tepebaşı/Ertuğrulgazi,TRY,2.0,825000.0,1.606060606060606,Комнаты не разобраны,оставить,1325000.0,есть ≥2 аналога train,без изменений
356791,Komple Bina,750000.0,110.0,+,,3,Sakarya/Serdivan/Köprübaşı,TRY,1.0,750000.0,,Комнаты не разобраны,оставить,750000.0,аналогов train меньше 2,без изменений
356940,Daire,3289878.3354,1695.0,7+3,12,8,İstanbul/Avcılar/Cihangir,GBP,470.0,249000.0,13.212362792771085,Этаж выше этажности,оставить,458111.0,есть ≥2 аналога train,этаж → пропуск
357141,Komple Bina,1490000.0,300.0,+,,4,Denizli/Pamukkale/Zeytinköy,TRY,1.0,455000.0,,Комнаты не разобраны,оставить,1490000.0,аналогов train меньше 2,без изменений
357189,Komple Bina,2800000.0,,+,,3,Isparta/Merkez/Mehmet Tönge,TRY,1.0,2800000.0,,Комнаты не разобраны,оставить,2800000.0,аналогов train меньше 2,без изменений
357213,Daire,380000.0,200.0,4+1,11,10,Konya/Selçuklu/Beyhekim,TRY,24.0,280000.0,1.3571428571428572,Этаж выше этажности,оставить,380000.0,есть ≥2 аналога train,этаж → пропуск
357297,Komple Bina,3150000.0,450.0,+,,6,İstanbul/Fatih/Yavuz Sultan Selim,TRY,4.0,3000000.0,1.05,Комнаты не разобраны,оставить,3150000.0,есть ≥2 аналога train,без изменений
357299,Komple Bina,1050000.0,,+,,3,Kocaeli/Derince/İbnisina,TRY,1.0,1050000.0,,Комнаты не разобраны,оставить,1050000.0,аналогов train меньше 2,без изменений
357333,Daire,4682670.3,101824.0,9+5,Asma Kat,2,İstanbul/Beylikdüzü/Yakuplu,GBP,653.0,225000.0,20.811868,"Цена > 20 местных медиан, Неправдоподобная площадь",исключить,693000.0,есть ≥2 аналога train,площадь → пропуск
357443,Komple Bina,900000.0,450.0,+,,2,Denizli/Merkezefendi/Gültepe,TRY,7.0,3450000.0,0.2608695652173913,Комнаты не разобраны,оставить,900000.0,есть ≥2 аналога train,без изменений
357535,Daire,2584242.9,858484.0,7+3,Teras Kat,2,İstanbul/Avcılar/Cihangir,USD,470.0,249000.0,10.378485542168674,Неправдоподобная площадь,оставить,477000.0,есть ≥2 аналога train,площадь → пропуск
357617,Daire,2584242.9,858484.0,7+3,Teras Kat,2,İstanbul/Avcılar/Cihangir,USD,470.0,249000.0,10.378485542168674,Неправдоподобная площадь,оставить,477000.0,есть ≥2 аналога train,площадь → пропуск
357665,Komple Bina,900000.0,,+,,3,Sakarya/Serdivan/Vatan,TRY,,,,Комнаты не разобраны,оставить,900000.0,аналогов train меньше 2,без изменений
357709,Daire,2584242.9,858484.0,7+3,Teras Kat,2,İstanbul/Avcılar/Cihangir,USD,470.0,249000.0,10.378485542168674,Неправдоподобная площадь,оставить,477000.0,есть ≥2 аналога train,площадь → пропуск
357961,Daire,465217.00000000006,48068.0,6+1,Teras Kat,8,İstanbul/Avcılar/Cihangir,USD,470.0,249000.0,1.8683413654618477,Неправдоподобная площадь,оставить,86000.0,есть ≥2 аналога train,площадь → пропуск
358075,Komple Bina,350000.0,,+,,4,Konya/Selçuklu/Hüsamettin Çelebi,TRY,1.0,350000.0,,Комнаты не разобраны,оставить,350000.0,аналогов train меньше 2,без изменений
358141,Komple Bina,6300000.0,4900.0,+,,5,Trabzon/Ortahisar/Konaklar,TRY,5.0,1250000.0,5.04,Комнаты не разобраны,оставить,6300000.0,есть ≥2 аналога train,без изменений
358167,Komple Bina,6300000.0,4900.0,+,,5,Trabzon/Ortahisar/Konaklar,TRY,5.0,1250000.0,5.04,Комнаты не разобраны,оставить,6300000.0,есть ≥2 аналога train,без изменений
358345,Komple Bina,595000.0,75.0,+,,3,Sakarya/Adapazarı/Yahyalar,TRY,1.0,595000.0,,Комнаты не разобраны,оставить,595000.0,аналогов train меньше 2,без изменений
358375,Komple Bina,595000.0,80.0,+,,3,Sakarya/Adapazarı/Yahyalar,TRY,1.0,595000.0,,Комнаты не разобраны,оставить,595000.0,аналогов train меньше 2,без изменений
358433,Komple Bina,185000.0,,+,,4,Zonguldak/Ereğli/Gülüç Bld. (Bekyeri),TRY,2.0,185000.0,1.0,Комнаты не разобраны,оставить,185000.0,есть ≥2 аналога train,без изменений
358463,Komple Bina,13000000.0,900.0,+,,5,İstanbul/Eyüpsultan/Mimar Sinan,TRY,,,,Комнаты не разобраны,оставить,13000000.0,аналогов train меньше 2,без изменений
358521,Komple Bina,999000.0,,+,,4,Denizli/Pamukkale/İncilipınar,TRY,3.0,999000.0,1.0,Комнаты не разобраны,оставить,999000.0,есть ≥2 аналога train,без изменений
358835,Daire,460000.0,140.0,3+1,5,2,Bursa/Mudanya/Güzelyalı Yalı,TRY,80.0,275000.0,1.6727272727272726,Этаж выше этажности,оставить,460000.0,есть ≥2 аналога train,этаж → пропуск
359386,Daire,7687500.0,,5+2,Müstakil,3,İstanbul/Beykoz/Yalıköy,TRY,7.0,360000.0,21.354166666666668,Цена > 20 местных медиан,исключить,7687500.0,есть ≥2 аналога train,без изменений
359799,Yazlık,2500000.0,1.0,7+2,Müstakil,3,İstanbul/Beykoz/Poyrazköy,TRY,2.0,2500000.0,1.0,Неправдоподобная площадь,оставить,2500000.0,есть ≥2 аналога train,площадь → пропуск
359965,Yazlık,2500000.0,1.0,7+2,Müstakil,3,İstanbul/Beykoz/Poyrazköy,TRY,2.0,2500000.0,1.0,Неправдоподобная площадь,оставить,2500000.0,есть ≥2 аналога train,площадь → пропуск
360170,Rezidans,6714183.0,,9+1,12,10-20 arası,İstanbul/Başakşehir/Bahçeşehir 2. Kısım,EUR,9.0,230000.0,29.1921,Цена > 20 местных медиан,исключить,966000.0,есть ≥2 аналога train,без изменений
360329,Daire,107000.0,1.0,1+1,2,3,Aydın/Efeler/Zafer,TRY,32.0,140000.0,0.7642857142857142,Неправдоподобная площадь,оставить,107000.0,есть ≥2 аналога train,площадь → пропуск
360844,Daire,250000.0,2.0,2+1,1,5,Adana/Ceyhan/Burhaniye,TRY,5.0,190000.0,1.3157894736842106,Неправдоподобная площадь,оставить,250000.0,есть ≥2 аналога train,площадь → пропуск
360898,Daire,19591449.3965,400.0,9+4,18,20 ve üzeri,Ankara/Elmadağ/Hasanoğlan Havuzbaşı,GBP,68.0,575000.0,34.07208590695652,Цена > 20 местных медиан,исключить,2934565.0,есть ≥2 аналога train,без изменений
361312,Daire,2871412.8695,19981.0,2+2,Müstakil,2,Ankara/Elmadağ/Hasanoğlan Havuzbaşı,GBP,68.0,575000.0,4.993761512173913,Неправдоподобная площадь,оставить,424445.0,есть ≥2 аналога train,площадь → пропуск
361491,Daire,923220.2224,501994.0,7+3,18,20 ve üzeri,İstanbul/Avcılar/Cihangir,GBP,470.0,249000.0,3.7077117365461847,Неправдоподобная площадь,оставить,130544.0,есть ≥2 аналога train,площадь → пропуск
361494,Daire,460000.0,140.0,3+1,5,2,Bursa/Mudanya/Güzelyalı Yalı,TRY,80.0,275000.0,1.6727272727272726,Этаж выше этажности,оставить,460000.0,есть ≥2 аналога train,этаж → пропуск
361705,Daire,320000.0,2.0,3+1,5,5,Adana/Ceyhan/Burhaniye,TRY,5.0,190000.0,1.6842105263157894,Неправдоподобная площадь,оставить,320000.0,есть ≥2 аналога train,площадь → пропуск
361747,Daire,105000.0,48.0,1+1,3,2,Denizli/Pamukkale/İncilipınar,TRY,41.0,200000.0,0.525,Этаж выше этажности,оставить,105000.0,есть ≥2 аналога train,этаж → пропуск
362480,Daire,245000.0,1.0,3+1,Çatı Katı,3,Aydın/Efeler/Kemer,TRY,52.0,252500.0,0.9702970297029703,Неправдоподобная площадь,оставить,245000.0,есть ≥2 аналога train,площадь → пропуск
362531,Daire,1350.0,,3+1,1,5,İstanbul/Maltepe/Zümrütevler,TRY,156.0,365000.0,0.0036986301369863013,"Цена < 5 000 TRY, Цена < 1% местной медианы",исключить,1350.0,есть ≥2 аналога train,без изменений
362674,Daire,1395.0,140.0,3+1,16,10-20 arası,Konya/Selçuklu/Hacıkaymak,TRY,25.0,329000.0,0.0042401215805471125,"Цена < 5 000 TRY, Цена < 1% местной медианы",исключить,1395.0,есть ≥2 аналога train,без изменений
363259,Daire,235000.0,80.0,2+1,4,2,Aydın/Kuşadası/İkiçeşmelik,TRY,399.0,285000.0,0.8245614035087719,Этаж выше этажности,оставить,235000.0,есть ≥2 аналога train,этаж → пропуск
363485,Daire,3289878.3354,1695.0,7+3,12,8,İstanbul/Avcılar/Cihangir,GBP,470.0,249000.0,13.212362792771085,Этаж выше этажности,оставить,458111.0,есть ≥2 аналога train,этаж → пропуск
363654,Daire,270000.0,84.0,2+1,7,3,Bursa/Osmangazi/Yunuseli,TRY,257.0,292000.0,0.9246575342465754,Этаж выше этажности,оставить,270000.0,есть ≥2 аналога train,этаж → пропуск
363679,Komple Bina,1100000.0,,+,,,İstanbul/Pendik/Kaynarca,TRY,2.0,975000.0,1.1282051282051282,Комнаты не разобраны,оставить,1100000.0,есть ≥2 аналога train,без изменений
363699,Komple Bina,855555.0,220.0,+,,3,Mersin/Toroslar/Çavuşlu,TRY,,,,Комнаты не разобраны,оставить,855555.0,аналогов train меньше 2,без изменений
363727,Çiftlik Evi,300000.0,3.0,2+1,,1,Kilis/Merkez/Akçabağlar Köyü,TRY,1.0,300000.0,,Неправдоподобная площадь,оставить,300000.0,аналогов train меньше 2,площадь → пропуск
363749,Çiftlik Evi,3000000.0,500000.0,9+3,,2,Sivas/Hafik/Tavşanlı Köyü,TRY,,,,Неправдоподобная площадь,оставить,3000000.0,аналогов train меньше 2,площадь → пропуск
363755,Çiftlik Evi,5000000.0,200000.0,4+3,,2,İstanbul/Çatalca/Ovayenice,TRY,1.0,6250000.0,,Неправдоподобная площадь,оставить,5000000.0,аналогов train меньше 2,площадь → пропуск
363787,Prefabrik Ev,33000.0,,+,,1,Antalya/Kepez/Habibler,TRY,9.0,13000.0,2.5384615384615383,Комнаты не разобраны,оставить,33000.0,есть ≥2 аналога train,без изменений
363827,Komple Bina,290000.0,240.0,+,,2,Aydın/Nazilli/Cumhuriyet,TRY,,,,Комнаты не разобраны,оставить,290000.0,аналогов train меньше 2,без изменений
363857,Çiftlik Evi,680000.0,4.0,3+1,,1,Kayseri/Kocasinan/Buğdaylı,TRY,,,,Неправдоподобная площадь,оставить,680000.0,аналогов train меньше 2,площадь → пропуск
363867,Çiftlik Evi,1275000.0,8.0,5+2,,2,Bursa/Orhangazi/Muradiye,TRY,1.0,1275000.0,,Неправдоподобная площадь,оставить,1275000.0,аналогов train меньше 2,площадь → пропуск
363871,Komple Bina,315000.0,95.0,+,,4,Kocaeli/İzmit/Kadıköy,TRY,1.0,315000.0,,Комнаты не разобраны,оставить,315000.0,аналогов train меньше 2,без изменений
363889,Prefabrik Ev,20000.0,,+,,1,Antalya/Kepez/Habibler,TRY,9.0,13000.0,1.5384615384615385,Комнаты не разобраны,оставить,20000.0,есть ≥2 аналога train,без изменений
363935,Prefabrik Ev,22500.0,,+,,,Sakarya/Hendek/Kemaliye,TRY,1.0,22500.0,,Комнаты не разобраны,оставить,22500.0,аналогов train меньше 2,без изменений
363959,Çiftlik Evi,3000000.0,500000.0,9+3,,2,Sivas/Hafik/Tavşanlı Köyü,TRY,,,,Неправдоподобная площадь,оставить,3000000.0,аналогов train меньше 2,площадь → пропуск
363971,Çiftlik Evi,680000.0,4.0,3+1,,1,Kayseri/Kocasinan/Buğdaylı,TRY,,,,Неправдоподобная площадь,оставить,680000.0,аналогов train меньше 2,площадь → пропуск
363977,Komple Bina,290000.0,95.0,+,,4,Trabzon/Ortahisar/1 Nolu Erdoğdu,TRY,2.0,770000.0,0.37662337662337664,Комнаты не разобраны,оставить,290000.0,есть ≥2 аналога train,без изменений
363988,Daire,4410055.0006,83224.0,8+3,13,5,İstanbul/Güngören/Sanayi,USD,24.0,285000.0,15.473877195087718,"Неправдоподобная площадь, Этаж выше этажности",оставить,802222.0,есть ≥2 аналога train,площадь и этаж → пропуск
363989,Prefabrik Ev,70000.0,,+,,1,Sakarya/Geyve/Çamlık,TRY,,,,Комнаты не разобраны,оставить,70000.0,аналогов train меньше 2,без изменений
364043,Komple Bina,385000.0,600.0,+,,4,Samsun/İlkadım/Fevzi Çakmak,TRY,1.0,385000.0,,Комнаты не разобраны,оставить,385000.0,аналогов train меньше 2,без изменений
364053,Komple Bina,290000.0,240.0,+,,2,Aydın/Nazilli/Cumhuriyet,TRY,,,,Комнаты не разобраны,оставить,290000.0,аналогов train меньше 2,без изменений
364133,Prefabrik Ev,70000.0,90.0,+,,,Kayseri/Kocasinan/Fevzi Çakmak,TRY,,,,Комнаты не разобраны,оставить,70000.0,аналогов train меньше 2,без изменений
364140,Daire,195000.0,,3+1,4,2,Afyonkarahisar/Merkez/Cumhuriyet,TRY,94.0,190000.0,1.0263157894736843,Этаж выше этажности,оставить,195000.0,есть ≥2 аналога train,этаж → пропуск
364173,Daire,314223.0,701195.0,8+4,En Üst Kat,1,İstanbul/Pendik/Çınardere,TRY,48.0,333500.0,0.9421979010494753,Неправдоподобная площадь,оставить,314223.0,есть ≥2 аналога train,площадь → пропуск
364179,Daire,314223.0,701195.0,8+4,En Üst Kat,1,İstanbul/Pendik/Çınardere,TRY,48.0,333500.0,0.9421979010494753,Неправдоподобная площадь,оставить,314223.0,есть ≥2 аналога train,площадь → пропуск
364185,Daire,314223.0,701195.0,8+4,En Üst Kat,1,İstanbul/Pendik/Çınardere,TRY,48.0,333500.0,0.9421979010494753,Неправдоподобная площадь,оставить,314223.0,есть ≥2 аналога train,площадь → пропуск
364264,Daire,195000.0,,3+1,4,2,Afyonkarahisar/Merkez/Cumhuriyet,TRY,94.0,190000.0,1.0263157894736843,Этаж выше этажности,оставить,195000.0,есть ≥2 аналога train,этаж → пропуск
364271,Komple Bina,1000000.0,650.0,+,,3,Mersin/Toroslar/Arpaçsakarlar,TRY,1.0,749000.0,,Комнаты не разобраны,оставить,1000000.0,аналогов train меньше 2,без изменений
364273,Komple Bina,150044.0,23.0,+,,,Kahramanmaraş/Pazarcık/Ahmet Bozdağ,TRY,1.0,150044.0,,Комнаты не разобраны,оставить,150044.0,аналогов train меньше 2,без изменений
364281,Komple Bina,290000.0,240.0,+,,2,Aydın/Nazilli/Cumhuriyet,TRY,,,,Комнаты не разобраны,оставить,290000.0,аналогов train меньше 2,без изменений
364576,Daire,1100.0,80.0,2+1,4,5,Bursa/Mudanya/Güzelyalı Yalı,TRY,80.0,275000.0,0.004,"Цена < 5 000 TRY, Цена < 1% местной медианы",исключить,1100.0,есть ≥2 аналога train,без изменений
364620,Daire,375142.6602,15136.0,6+1,6,20 ve üzeri,Ankara/Elmadağ/Hasanoğlan Havuzbaşı,EUR,68.0,575000.0,0.6524220177391304,Неправдоподобная площадь,оставить,62222.0,есть ≥2 аналога train,площадь → пропуск
364750,Daire,195000.0,,3+1,4,2,Afyonkarahisar/Merkez/Cumhuriyet,TRY,94.0,190000.0,1.0263157894736843,Этаж выше этажности,оставить,195000.0,есть ≥2 аналога train,этаж → пропуск
365188,Daire,7090737.600000001,,4+1,14,7,İstanbul/Avcılar/Cihangir,GBP,470.0,249000.0,28.476857831325304,"Цена > 20 местных медиан, Этаж выше этажности",исключить,976000.0,есть ≥2 аналога train,этаж → пропуск
365434,Daire,7090737.600000001,,4+1,14,7,İstanbul/Avcılar/Cihangir,GBP,470.0,249000.0,28.476857831325304,"Цена > 20 местных медиан, Этаж выше этажности",исключить,976000.0,есть ≥2 аналога train,этаж → пропуск
365724,Daire,195000.0,,3+1,4,2,Afyonkarahisar/Merkez/Cumhuriyet,TRY,94.0,190000.0,1.0263157894736843,Этаж выше этажности,оставить,195000.0,есть ≥2 аналога train,этаж → пропуск
365876,Yazlık,325000.0,1.0,3+2,Kot 2,2,Tekirdağ/Marmaraereğlisi/Cedit Ali Paşa,TRY,1.0,325000.0,,Неправдоподобная площадь,оставить,325000.0,аналогов train меньше 2,площадь → пропуск
365913,Daire,156000000.0,120.0,2+1,Kot 3,5,Mersin/Toroslar/Mevlana,TRY,3.0,225000.0,693.3333333333334,"Цена > 50 млн TRY, Цена > 20 местных медиан",исключить,156000000.0,есть ≥2 аналога train,без изменений
366015,Daire,7090737.600000001,,4+1,14,7,İstanbul/Avcılar/Cihangir,GBP,470.0,249000.0,28.476857831325304,"Цена > 20 местных медиан, Этаж выше этажности",исключить,976000.0,есть ≥2 аналога train,этаж → пропуск
366048,Daire,380.0,,6+1,5,5,Ankara/Mamak/Durali Alıç,TRY,66.0,250000.0,0.00152,"Цена < 5 000 TRY, Цена < 1% местной медианы",исключить,380.0,есть ≥2 аналога train,без изменений
366351,Komple Bina,5500000.0,1100.0,+,,5,Antalya/Muratpaşa/Çağlayan,TRY,4.0,5040000.0,1.0912698412698412,Комнаты не разобраны,оставить,5500000.0,есть ≥2 аналога train,без изменений
366434,Villa,817222.0,497833.0,6+1,Bahçe katı,2,Ankara/Şereflikoçhisar/Çavuşköy,TRY,1.0,817222.0,,Неправдоподобная площадь,оставить,817222.0,аналогов train меньше 2,площадь → пропуск
366499,Komple Bina,460000.0,460.0,+,,2,Osmaniye/Merkez/Mevlana,TRY,,,,Комнаты не разобраны,оставить,460000.0,аналогов train меньше 2,без изменений
366515,Komple Bina,1650000.0,800.0,+,,4,Adana/Çukurova/Karslılar,TRY,3.0,1650000.0,1.0,Комнаты не разобраны,оставить,1650000.0,есть ≥2 аналога train,без изменений
366559,Prefabrik Ev,2000.0,78.0,2+1,,2,İstanbul/Pendik/Bahçelievler,TRY,1.0,145000.0,,Цена < 5 000 TRY,исключить,2000.0,аналогов train меньше 2,без изменений
366561,Komple Bina,1000000.0,250.0,+,,3,Muğla/Milas/Kıyıkışlacık,TRY,,,,Комнаты не разобраны,оставить,1000000.0,аналогов train меньше 2,без изменений
366575,Komple Bina,875000.0,400.0,+,,3,Tekirdağ/Marmaraereğlisi/Dereağzı,TRY,,,,Комнаты не разобраны,оставить,875000.0,аналогов train меньше 2,без изменений
366622,Daire,457795.65,211478.0,7+2,15,4,İstanbul/Avcılar/Cihangir,USD,470.0,249000.0,1.8385367469879519,"Неправдоподобная площадь, Этаж выше этажности",оставить,84500.0,есть ≥2 аналога train,площадь и этаж → пропуск
366647,Komple Bina,1650000.0,800.0,+,,4,Adana/Çukurova/Karslılar,TRY,3.0,1650000.0,1.0,Комнаты не разобраны,оставить,1650000.0,есть ≥2 аналога train,без изменений
366667,Komple Bina,1650000.0,800.0,+,,4,Adana/Çukurova/Karslılar,TRY,3.0,1650000.0,1.0,Комнаты не разобраны,оставить,1650000.0,есть ≥2 аналога train,без изменений
367111,Daire,2144969.1999999997,751657.0,4+3,Giriş Katı,1,Ankara/Elmadağ/Hasanoğlan Havuzbaşı,EUR,68.0,575000.0,3.730381217391304,Неправдоподобная площадь,оставить,353000.0,есть ≥2 аналога train,площадь → пропуск
367154,Daire,439815.06,51316.0,8+3,Çatı Katı,10-20 arası,İstanbul/Güngören/Sanayi,USD,24.0,285000.0,1.5432107368421053,Неправдоподобная площадь,оставить,83100.0,есть ≥2 аналога train,площадь → пропуск
367279,Daire,4558606.4196,1.0,7+3,Kot 3,4,Ankara/Elmadağ/Hasanoğlan Havuzbaşı,GBP,68.0,575000.0,7.928011164521738,Неправдоподобная площадь,оставить,669222.0,есть ≥2 аналога train,площадь → пропуск
367306,Daire,2144969.1999999997,751657.0,4+3,Giriş Katı,1,Ankara/Elmadağ/Hasanoğlan Havuzbaşı,EUR,68.0,575000.0,3.730381217391304,Неправдоподобная площадь,оставить,353000.0,есть ≥2 аналога train,площадь → пропуск
367572,Daire,42023955.443,902221.0,4+1,1,10-20 arası,Ankara/Altındağ/Altınpark,USD,30.0,248500.0,169.1104846800805,"Цена > 20 местных медиан, Неправдоподобная площадь",исключить,7824233.0,есть ≥2 аналога train,площадь → пропуск
367618,Daire,2144969.1999999997,751657.0,4+3,Giriş Katı,1,Ankara/Elmadağ/Hasanoğlan Havuzbaşı,EUR,68.0,575000.0,3.730381217391304,Неправдоподобная площадь,оставить,353000.0,есть ≥2 аналога train,площадь → пропуск
367825,Daire,42023955.443,902221.0,4+1,1,10-20 arası,Ankara/Altındağ/Altınpark,USD,30.0,248500.0,169.1104846800805,"Цена > 20 местных медиан, Неправдоподобная площадь",исключить,7824233.0,есть ≥2 аналога train,площадь → пропуск
367840,Daire,2144969.1999999997,751657.0,4+3,Giriş Katı,1,Ankara/Elmadağ/Hasanoğlan Havuzbaşı,EUR,68.0,575000.0,3.730381217391304,Неправдоподобная площадь,оставить,353000.0,есть ≥2 аналога train,площадь → пропуск
367930,Daire,54622.0,197254.0,4+2,13,10,İstanbul/Sarıyer/Kısırkaya,TRY,,,,"Неправдоподобная площадь, Этаж выше этажности",оставить,54622.0,аналогов train меньше 2,площадь и этаж → пропуск
368030,Daire,42023955.443,902221.0,4+1,1,10-20 arası,Ankara/Altındağ/Altınpark,USD,30.0,248500.0,169.1104846800805,"Цена > 20 местных медиан, Неправдоподобная площадь",исключить,7824233.0,есть ≥2 аналога train,площадь → пропуск
368034,Daire,50000.0,,2+1,4,2,Manisa/Şehzadeler/1. Anafartalar,TRY,38.0,307500.0,0.16260162601626016,Этаж выше этажности,оставить,50000.0,есть ≥2 аналога train,этаж → пропуск
368119,Komple Bina,450000.0,,+,,2,Erzurum/Tortum/Bahçeli,TRY,1.0,450000.0,,Комнаты не разобраны,оставить,450000.0,аналогов train меньше 2,без изменений
368131,Komple Bina,2737755.0,919.0,+,,2,Aydın/Didim/Yalıköy,EUR,1.0,2737755.0,,Комнаты не разобраны,оставить,450000.0,аналогов train меньше 2,без изменений
368142,Daire,2979428.0,414211.0,9+5,Kot 1,10-20 arası,İstanbul/Avcılar/Cihangir,GBP,470.0,249000.0,11.965574297188756,Неправдоподобная площадь,оставить,398000.0,есть ≥2 аналога train,площадь → пропуск
368155,Komple Bina,499961.13139999995,181167.0,+,,1,Ankara/Elmadağ/Hasanoğlan Havuzbaşı,USD,2.0,5257323.8982,0.09509802726272513,"Неправдоподобная площадь, Комнаты не разобраны",оставить,92522.0,есть ≥2 аналога train,площадь → пропуск
368184,Daire,22000000.0,93.0,2+1,Yüksek Giriş,3,Burdur/Merkez/Bağlar,TRY,8.0,310000.0,70.96774193548387,Цена > 20 местных медиан,исключить,22000000.0,есть ≥2 аналога train,без изменений
368309,Daire,936222.0,676535.0,6+2,Bahçe katı,8,İstanbul/Güngören/Tozkoparan,TRY,39.0,330000.0,2.8370363636363636,Неправдоподобная площадь,оставить,936222.0,есть ≥2 аналога train,площадь → пропуск
368441,Daire,497760.939,9407.0,9+4,14,10,Ankara/Elmadağ/Hasanoğlan Havuzbaşı,GBP,68.0,575000.0,0.8656711982608696,"Неправдоподобная площадь, Этаж выше этажности",оставить,74022.0,есть ≥2 аналога train,площадь и этаж → пропуск
368461,Komple Bina,3904524.4905,200.0,+,,8,Ankara/Elmadağ/Hasanoğlan Havuzbaşı,USD,2.0,5257323.8982,0.7426828869792157,Комнаты не разобраны,оставить,722565.0,есть ≥2 аналога train,без изменений
368467,Komple Bina,195000.0,,+,,2,Afyonkarahisar/İhsaniye/Gazlıgöl Bld. (Cumhuriyet),TRY,4.0,195000.0,1.0,Комнаты не разобраны,оставить,195000.0,есть ≥2 аналога train,без изменений
368475,Komple Bina,1750000.0,340.0,+,,4,İzmir/Narlıdere/Ilıca,TRY,1.0,1750000.0,,Комнаты не разобраны,оставить,1750000.0,аналогов train меньше 2,без изменений
368505,Komple Bina,195000.0,,+,,2,Afyonkarahisar/İhsaniye/Gazlıgöl Bld. (Cumhuriyet),TRY,4.0,195000.0,1.0,Комнаты не разобраны,оставить,195000.0,есть ≥2 аналога train,без изменений
368561,Komple Bina,195000.0,,+,,2,Afyonkarahisar/İhsaniye/Gazlıgöl Bld. (Cumhuriyet),TRY,4.0,195000.0,1.0,Комнаты не разобраны,оставить,195000.0,есть ≥2 аналога train,без изменений
368563,Komple Bina,2000000.0,350.0,+,,3,İzmir/Balçova/Korutürk,TRY,1.0,2000000.0,,Комнаты не разобраны,оставить,2000000.0,аналогов train меньше 2,без изменений
368565,Komple Bina,195000.0,,+,,2,Afyonkarahisar/İhsaniye/Gazlıgöl Bld. (Cumhuriyet),TRY,4.0,195000.0,1.0,Комнаты не разобраны,оставить,195000.0,есть ≥2 аналога train,без изменений
368569,Komple Bina,250000.0,,+,,2,Afyonkarahisar/Sandıklı/Kevser,TRY,1.0,250000.0,,Комнаты не разобраны,оставить,250000.0,аналогов train меньше 2,без изменений
368621,Daire,1850.0,,3+1,5,7,İzmir/Balçova/Korutürk,TRY,44.0,622500.0,0.002971887550200803,"Цена < 5 000 TRY, Цена < 1% местной медианы",исключить,1850.0,есть ≥2 аналога train,без изменений
368680,Daire,280000.0,135.0,3+1,4,3,Afyonkarahisar/Merkez/Ali Çetinkaya,TRY,18.0,395000.0,0.7088607594936709,Этаж выше этажности,оставить,280000.0,есть ≥2 аналога train,этаж → пропуск
369220,Daire,3093868.8,930259.0,2+1,Giriş Katı,5,Ankara/Elmadağ/Hasanoğlan Havuzbaşı,GBP,68.0,575000.0,5.380641391304348,Неправдоподобная площадь,оставить,456000.0,есть ≥2 аналога train,площадь → пропуск
369285,Rezidans,5608107.603999999,34.0,9+3,18,4,İstanbul/Fatih/Sarıdemir,EUR,1.0,5608107.603999999,,Этаж выше этажности,оставить,930343.0,аналогов train меньше 2,этаж → пропуск
369628,Daire,1850.0,,3+1,5,7,İzmir/Balçova/Korutürk,TRY,44.0,622500.0,0.002971887550200803,"Цена < 5 000 TRY, Цена < 1% местной медианы",исключить,1850.0,есть ≥2 аналога train,без изменений
369660,Rezidans,122222.0,71981.0,6+2,16,6,Ankara/Elmadağ/Hasanoğlan Fatih,TRY,1.0,122222.0,,"Неправдоподобная площадь, Этаж выше этажности",оставить,122222.0,аналогов train меньше 2,площадь и этаж → пропуск
369846,Daire,1850.0,,3+1,5,7,İzmir/Balçova/Korutürk,TRY,44.0,622500.0,0.002971887550200803,"Цена < 5 000 TRY, Цена < 1% местной медианы",исключить,1850.0,есть ≥2 аналога train,без изменений
369861,Daire,6000.0,380.0,7+1,4,4,İzmir/Balçova/Korutürk,TRY,44.0,622500.0,0.00963855421686747,Цена < 1% местной медианы,исключить,6000.0,есть ≥2 аналога train,без изменений
369885,Köşk / Konak / Yalı,310000000.0,,10+0,,4,İstanbul/Üsküdar/Kandilli,TRY,4.0,240621900.0,1.2883282859955807,Цена > 50 млн TRY,оставить,310000000.0,есть ≥2 аналога train,без изменений
369929,Komple Bina,780000.0,660.0,+,,2,Manisa/Salihli/Atatürk,TRY,1.0,780000.0,,Комнаты не разобраны,оставить,780000.0,аналогов train меньше 2,без изменений
369955,Komple Bina,3000000.0,,+,,2,Sakarya/Söğütlü/Akarca,TRY,,,,Комнаты не разобраны,оставить,3000000.0,аналогов train меньше 2,без изменений
369973,Komple Bina,560000.0,110.0,+,,1,Balıkesir/Edremit/Altınoluk,TRY,1.0,560000.0,,Комнаты не разобраны,оставить,560000.0,аналогов train меньше 2,без изменений
369977,Komple Bina,2150000.0,,+,,5,Trabzon/Maçka/Merkez,TRY,1.0,2150000.0,,Комнаты не разобраны,оставить,2150000.0,аналогов train меньше 2,без изменений
370015,Komple Bina,1000000.0,,+,,1,Kırklareli/Lüleburgaz/Sakızköy Köyü,TRY,5.0,1000000.0,1.0,Комнаты не разобраны,оставить,1000000.0,есть ≥2 аналога train,без изменений
370023,Komple Bina,1750000.0,,+,,2,Kayseri/Yeşilhisar/Yavuz Selim,TRY,,,,Комнаты не разобраны,оставить,1750000.0,аналогов train меньше 2,без изменений
370043,Komple Bina,1000000.0,,+,,1,Kırklareli/Lüleburgaz/Sakızköy Köyü,TRY,5.0,1000000.0,1.0,Комнаты не разобраны,оставить,1000000.0,есть ≥2 аналога train,без изменений
370049,Komple Bina,975000.0,280.0,+,,4,Kocaeli/Gebze/Barış,TRY,4.0,975000.0,1.0,Комнаты не разобраны,оставить,975000.0,есть ≥2 аналога train,без изменений
370082,Daire,30.381999999999998,497.0,5+1,16,10-20 arası,Ankara/Elmadağ/Hasanoğlan Havuzbaşı,EUR,68.0,575000.0,5.283826086956521e-05,"Цена < 5 000 TRY, Цена < 1% местной медианы",исключить,5.0,есть ≥2 аналога train,без изменений
370173,Komple Bina,1185000.0,120.0,+,,3,İzmir/Bornova/Kızılay,TRY,,,,Комнаты не разобраны,оставить,1185000.0,аналогов train меньше 2,без изменений
370263,Komple Bina,3000000.0,,+,,2,Sakarya/Söğütlü/Akarca,TRY,,,,Комнаты не разобраны,оставить,3000000.0,аналогов train меньше 2,без изменений
370265,Komple Bina,975000.0,280.0,+,,4,Kocaeli/Gebze/Barış,TRY,4.0,975000.0,1.0,Комнаты не разобраны,оставить,975000.0,есть ≥2 аналога train,без изменений
370342,Villa,1980000.0,,+,Müstakil,3,İzmir/Urla/Zeytinalanı,TRY,96.0,850000.0,2.3294117647058825,Комнаты не разобраны,оставить,1980000.0,есть ≥2 аналога train,без изменений
370347,Komple Bina,3999999.0,,+,,4,Trabzon/Ortahisar/Akyazı,TRY,1.0,2000000.0,,Комнаты не разобраны,оставить,3999999.0,аналогов train меньше 2,без изменений
370407,Komple Bina,1590000.0,200.0,+,,5,İstanbul/Fatih/Balat,TRY,7.0,1750000.0,0.9085714285714286,Комнаты не разобраны,оставить,1590000.0,есть ≥2 аналога train,без изменений
370433,Komple Bina,790000.0,,+,,2,Çanakkale/Ayvacık/Ahmetçe Köyü,TRY,,,,Комнаты не разобраны,оставить,790000.0,аналогов train меньше 2,без изменений
370451,Komple Bina,475000.0,105.0,+,,3,İstanbul/Fatih/Seyyid Ömer,TRY,2.0,865000.0,0.5491329479768786,Комнаты не разобраны,оставить,475000.0,есть ≥2 аналога train,без изменений
370479,Daire,35522.0,615139.0,6+3,11,2,İstanbul/Güngören/Akıncılar,TRY,30.0,315000.0,0.11276825396825396,"Неправдоподобная площадь, Этаж выше этажности",оставить,35522.0,есть ≥2 аналога train,площадь и этаж → пропуск
370487,Komple Bina,1600000.0,405.0,+,,3,İzmir/Güzelbahçe/Yalı,TRY,1.0,1600000.0,,Комнаты не разобраны,оставить,1600000.0,аналогов train меньше 2,без изменений
370495,Komple Bina,420000.0,400.0,+,,4,Ordu/Fatsa/Kabakdağı,TRY,,,,Комнаты не разобраны,оставить,420000.0,аналогов train меньше 2,без изменений
370519,Komple Bina,2840000.0,670.0,+,,3,İzmir/Urla/Çamlıçay,TRY,,,,Комнаты не разобраны,оставить,2840000.0,аналогов train меньше 2,без изменений
370553,Komple Bina,6000000.0,297.0,+,,4,Trabzon/Ortahisar/Gazipaşa,TRY,4.0,995000.0,6.030150753768845,Комнаты не разобраны,оставить,6000000.0,есть ≥2 аналога train,без изменений
370575,Komple Bina,2300000.0,,+,,2,Muğla/Marmaris/Hisarönü,TRY,,,,Комнаты не разобраны,оставить,2300000.0,аналогов train меньше 2,без изменений
370587,Komple Bina,1000000.0,,+,,1,Kırklareli/Lüleburgaz/Sakızköy Köyü,TRY,5.0,1000000.0,1.0,Комнаты не разобраны,оставить,1000000.0,есть ≥2 аналога train,без изменений
370669,Komple Bina,975000.0,280.0,+,,4,Kocaeli/Gebze/Barış,TRY,4.0,975000.0,1.0,Комнаты не разобраны,оставить,975000.0,есть ≥2 аналога train,без изменений
370717,Komple Bina,680000.0,,+,,3,Nevşehir/Merkez/Mehmet Akif Ersoy,TRY,1.0,680000.0,,Комнаты не разобраны,оставить,680000.0,аналогов train меньше 2,без изменений
370733,Çiftlik Evi,24000000.0,300000.0,10+0,,3,İstanbul/Silivri/Ortaköy,TRY,10.0,22800000.0,1.0526315789473684,Неправдоподобная площадь,оставить,24000000.0,есть ≥2 аналога train,площадь → пропуск
370753,Komple Bina,1000000.0,,+,,1,Kırklareli/Lüleburgaz/Sakızköy Köyü,TRY,5.0,1000000.0,1.0,Комнаты не разобраны,оставить,1000000.0,есть ≥2 аналога train,без изменений
370825,Komple Bina,16000000.0,,+,,9,İstanbul/Kadıköy/Osmanağa,TRY,5.0,1800000.0,8.88888888888889,Комнаты не разобраны,оставить,16000000.0,есть ≥2 аналога train,без изменений
370861,Müstakil Ev,265000.0,1.0,3+1,,1,Eskişehir/Seyitgazi/Yunus,TRY,1.0,265000.0,,Неправдоподобная площадь,оставить,265000.0,аналогов train меньше 2,площадь → пропуск
370881,Komple Bina,2300000.0,,+,,2,Muğla/Marmaris/Hisarönü,TRY,,,,Комнаты не разобраны,оставить,2300000.0,аналогов train меньше 2,без изменений
370915,Komple Bina,719000.0,1200.0,+,,5,Kütahya/Domaniç/Hasantepe,TRY,1.0,719000.0,,Комнаты не разобраны,оставить,719000.0,аналогов train меньше 2,без изменений
370949,Köşk / Konak / Yalı,171243800.0,,10+2,,4,İstanbul/Üsküdar/Kandilli,USD,4.0,240621900.0,0.7116717140044194,Цена > 50 млн TRY,оставить,26000000.0,есть ≥2 аналога train,без изменений
370955,Daire,159000.0,90.0,2+1,10,2,Aydın/Kuşadası/Değirmendere,TRY,499.0,270000.0,0.5888888888888889,Этаж выше этажности,оставить,159000.0,есть ≥2 аналога train,этаж → пропуск
370957,Komple Bina,575000.0,,+,,2,Kayseri/Kocasinan/Gevhernesibe,TRY,2.0,2037500.0,0.2822085889570552,Комнаты не разобраны,оставить,575000.0,есть ≥2 аналога train,без изменений
370963,Komple Bina,1999999.0,,+,,5,Afyonkarahisar/Sandıklı/Ece,TRY,2.0,1999999.0,1.0,Комнаты не разобраны,оставить,1999999.0,есть ≥2 аналога train,без изменений
370967,Komple Bina,1999999.0,,+,,5,Afyonkarahisar/Sandıklı/Ece,TRY,2.0,1999999.0,1.0,Комнаты не разобраны,оставить,1999999.0,есть ≥2 аналога train,без изменений
370988,Yazlık,1500000.0,1.0,2+1,Müstakil,2,Çanakkale/Ezine/Tavaklı Köyü,TRY,6.0,317500.0,4.724409448818897,Неправдоподобная площадь,оставить,1500000.0,есть ≥2 аналога train,площадь → пропуск
371037,Komple Bina,2000000.0,650.0,+,,4,Trabzon/Ortahisar/Akyazı,TRY,1.0,2000000.0,,Комнаты не разобраны,оставить,2000000.0,аналогов train меньше 2,без изменений
371069,Komple Bina,1750000.0,18500.0,+,,2,Kayseri/Yeşilhisar/Yavuz Selim,TRY,,,,Комнаты не разобраны,оставить,1750000.0,аналогов train меньше 2,без изменений
371089,Komple Bina,445000.0,130.0,+,,2,Afyonkarahisar/Şuhut/Yalı,TRY,1.0,445000.0,,Комнаты не разобраны,оставить,445000.0,аналогов train меньше 2,без изменений
371099,Müstakil Ev,175000.0,1.0,4+1,,2,Sakarya/Karasu/Taşlıgeçit,TRY,2.0,570000.0,0.30701754385964913,Неправдоподобная площадь,оставить,175000.0,есть ≥2 аналога train,площадь → пропуск
371105,Komple Bina,1650000.0,,+,,5,Gaziantep/Şahinbey/Alleben,TRY,,,,Комнаты не разобраны,оставить,1650000.0,аналогов train меньше 2,без изменений
371111,Komple Bina,975000.0,280.0,+,,4,Kocaeli/Gebze/Barış,TRY,4.0,975000.0,1.0,Комнаты не разобраны,оставить,975000.0,есть ≥2 аналога train,без изменений
371145,Komple Bina,1650000.0,,+,,5,Gaziantep/Şahinbey/Alleben,TRY,,,,Комнаты не разобраны,оставить,1650000.0,аналогов train меньше 2,без изменений
371161,Komple Bina,2500000.0,,+,,4,Trabzon/Akçaabat/Darıca,TRY,,,,Комнаты не разобраны,оставить,2500000.0,аналогов train меньше 2,без изменений
371171,Köşk / Konak / Yalı,310000000.0,,10+0,,4,İstanbul/Üsküdar/Kandilli,TRY,4.0,240621900.0,1.2883282859955807,Цена > 50 млн TRY,оставить,310000000.0,есть ≥2 аналога train,без изменений
371179,Komple Bina,1000000.0,,+,,1,Kırklareli/Lüleburgaz/Sakızköy Köyü,TRY,5.0,1000000.0,1.0,Комнаты не разобраны,оставить,1000000.0,есть ≥2 аналога train,без изменений
371217,Komple Bina,2300000.0,,+,,2,Muğla/Marmaris/Hisarönü,TRY,,,,Комнаты не разобраны,оставить,2300000.0,аналогов train меньше 2,без изменений
371259,Komple Bina,830000.0,110.0,+,,4,Aydın/Efeler/Meşrutiyet,TRY,1.0,830000.0,,Комнаты не разобраны,оставить,830000.0,аналогов train меньше 2,без изменений
371397,Daire,420000.0,4589.0,3+1,6,10-20 arası,Adana/Seyhan/Gürselpaşa,TRY,547.0,294000.0,1.4285714285714286,Неправдоподобная площадь,оставить,420000.0,есть ≥2 аналога train,площадь → пропуск
371419,Müstakil Ev,850000.0,170.0,3+1,6,2,Muğla/Bodrum/Gümüşlük,TRY,45.0,1250000.0,0.68,Этаж выше этажности,оставить,850000.0,есть ≥2 аналога train,этаж → пропуск
371437,Daire,135000.0,1.0,3+1,8,10-20 arası,Tekirdağ/Çerkezköy/Kızılpınar,TRY,155.0,132500.0,1.0188679245283019,Неправдоподобная площадь,оставить,135000.0,есть ≥2 аналога train,площадь → пропуск
371599,Daire,245350.3878,7843.0,6+3,Yüksek Giriş,10,Ankara/Elmadağ/Hasanoğlan Havuzbaşı,USD,68.0,575000.0,0.42669632660869566,Неправдоподобная площадь,оставить,45633.0,есть ≥2 аналога train,площадь → пропуск
371957,Daire,234000.0,105.0,2+1,4,3,Balıkesir/Edremit/Akçay,TRY,3930.0,220000.0,1.0636363636363637,Этаж выше этажности,оставить,234000.0,есть ≥2 аналога train,этаж → пропуск
372064,Daire,205000.0,,2+1,2,1,Antalya/Muratpaşa/Güzeloba,TRY,467.0,355000.0,0.5774647887323944,Этаж выше этажности,оставить,205000.0,есть ≥2 аналога train,этаж → пропуск
372222,Daire,6190261.0,161912.0,10+0,Kot 4,8,İstanbul/Avcılar/Cihangir,EUR,470.0,249000.0,24.8604859437751,"Цена > 20 местных медиан, Неправдоподобная площадь",исключить,935000.0,есть ≥2 аналога train,площадь → пропуск
372277,Daire,6190261.0,161912.0,10+0,Kot 4,8,İstanbul/Avcılar/Cihangir,EUR,470.0,249000.0,24.8604859437751,"Цена > 20 местных медиан, Неправдоподобная площадь",исключить,935000.0,есть ≥2 аналога train,площадь → пропуск
372446,Daire,6190261.0,161912.0,10+0,Kot 4,8,İstanbul/Avcılar/Cihangir,EUR,470.0,249000.0,24.8604859437751,"Цена > 20 местных медиан, Неправдоподобная площадь",исключить,935000.0,есть ≥2 аналога train,площадь → пропуск
372452,Daire,6190261.0,161912.0,10+0,Kot 4,8,İstanbul/Avcılar/Cihangir,EUR,470.0,249000.0,24.8604859437751,"Цена > 20 местных медиан, Неправдоподобная площадь",исключить,935000.0,есть ≥2 аналога train,площадь → пропуск
372455,Daire,2430560.0,14251.0,3+2,Çatı Katı,6,Ankara/Elmadağ/Hasanoğlan Havuzbaşı,EUR,68.0,575000.0,4.227060869565217,Неправдоподобная площадь,оставить,400000.0,есть ≥2 аналога train,площадь → пропуск
372519,Daire,2430560.0,14251.0,3+2,Çatı Katı,6,Ankara/Elmadağ/Hasanoğlan Havuzbaşı,EUR,68.0,575000.0,4.227060869565217,Неправдоподобная площадь,оставить,400000.0,есть ≥2 аналога train,площадь → пропуск
372585,Daire,450000.0,,+,Çatı Katı,4,Aydın/Didim/Altınkum,TRY,776.0,330000.0,1.3636363636363635,Комнаты не разобраны,оставить,450000.0,есть ≥2 аналога train,без изменений
372643,Daire,2430560.0,14251.0,3+2,Çatı Katı,6,Ankara/Elmadağ/Hasanoğlan Havuzbaşı,EUR,68.0,575000.0,4.227060869565217,Неправдоподобная площадь,оставить,400000.0,есть ≥2 аналога train,площадь → пропуск
373002,Daire,1284600.1548,64837.0,7+2,16,4,İstanbul/Güngören/Sanayi,USD,24.0,285000.0,4.507368964210526,"Неправдоподобная площадь, Этаж выше этажности",оставить,242222.0,есть ≥2 аналога train,площадь и этаж → пропуск
373106,Daire,165000.0,,2+1,3,1,Antalya/Kepez/Fevzi Çakmak,TRY,60.0,132000.0,1.25,Этаж выше этажности,оставить,165000.0,есть ≥2 аналога train,этаж → пропуск
373442,Villa,11123.0,,6+1,5,4,İzmir/Bornova/Barbaros,TRY,1.0,11123.0,,Этаж выше этажности,оставить,11123.0,аналогов train меньше 2,этаж → пропуск
373531,Daire,1000.0,125.0,3+1,1,4,Sinop/Merkez/Gelincik,TRY,31.0,250000.0,0.004,"Цена < 5 000 TRY, Цена < 1% местной медианы",исключить,1000.0,есть ≥2 аналога train,без изменений
373582,Daire,17000.0,11580.0,1+1,Kot 3,,Afyonkarahisar/İhsaniye/Yaylabağı Bld. (Esentepe),TRY,1.0,17000.0,,Неправдоподобная площадь,оставить,17000.0,аналогов train меньше 2,площадь → пропуск
373649,Daire,390000.0,90.0,2+1,4,2,Balıkesir/Edremit/Altınoluk,TRY,382.0,348750.0,1.118279569892473,Этаж выше этажности,оставить,390000.0,есть ≥2 аналога train,этаж → пропуск
373698,Daire,234000.0,105.0,2+1,4,3,Balıkesir/Edremit/Akçay,TRY,3930.0,220000.0,1.0636363636363637,Этаж выше этажности,оставить,234000.0,есть ≥2 аналога train,этаж → пропуск
373948,Daire,30.381999999999998,497.0,5+1,16,10-20 arası,Ankara/Elmadağ/Hasanoğlan Havuzbaşı,EUR,68.0,575000.0,5.283826086956521e-05,"Цена < 5 000 TRY, Цена < 1% местной медианы",исключить,5.0,есть ≥2 аналога train,без изменений
373960,Daire,165000.0,,2+1,3,1,Antalya/Kepez/Fevzi Çakmak,TRY,60.0,132000.0,1.25,Этаж выше этажности,оставить,165000.0,есть ≥2 аналога train,этаж → пропуск
374130,Daire,234000.0,105.0,2+1,4,3,Balıkesir/Edremit/Akçay,TRY,3930.0,220000.0,1.0636363636363637,Этаж выше этажности,оставить,234000.0,есть ≥2 аналога train,этаж → пропуск
374287,Villa,26000000.0,7000.0,4+1,1,2,Balıkesir/Burhaniye/Pelitköy,TRY,27.0,410000.0,63.41463414634146,Цена > 20 местных медиан,оставить,26000000.0,есть ≥2 аналога train,без изменений
374544,Müstakil Ev,750.0,95.0,2+1,1,1,Balıkesir/Edremit/Tuzcumurat,TRY,1.0,270000.0,,Цена < 5 000 TRY,исключить,750.0,аналогов train меньше 2,без изменений
374916,Daire,600.0,,3+1,2,7,Diyarbakır/Ergani/Sanayi,TRY,,,,Цена < 5 000 TRY,исключить,600.0,аналогов train меньше 2,без изменений
374995,Daire,5448154.1585,84987.0,6+1,2,7,Ankara/Elmadağ/Hasanoğlan Havuzbaşı,EUR,68.0,575000.0,9.475050710434783,Неправдоподобная площадь,оставить,904333.0,есть ≥2 аналога train,площадь → пропуск
375894,Daire,295000.0,1.0,1+1,20 ve üzeri,,İstanbul/Esenyurt/Yeşilkent,TRY,269.0,198000.0,1.4898989898989898,Неправдоподобная площадь,оставить,295000.0,есть ≥2 аналога train,площадь → пропуск
376002,Villa,650.0,,3+2,Komple,2,Bursa/Kestel/Kale,TRY,,,,Цена < 5 000 TRY,исключить,650.0,аналогов train меньше 2,без изменений
376025,Rezidans,495000.0,107.0,2+1,16,10,İstanbul/Esenyurt/Güzelyurt,TRY,19.0,350000.0,1.4142857142857144,Этаж выше этажности,оставить,495000.0,есть ≥2 аналога train,этаж → пропуск
376164,Daire,230000.0,1.0,3+1,,10-20 arası,Trabzon/Ortahisar/Çukurçayır,TRY,256.0,262000.0,0.8778625954198473,Неправдоподобная площадь,оставить,230000.0,есть ≥2 аналога train,площадь → пропуск
376174,Komple Bina,3500000.0,250.0,+,,3,İstanbul/Beşiktaş/Bebek,TRY,4.0,13257250.0,0.2640064870165381,Комнаты не разобраны,оставить,3500000.0,есть ≥2 аналога train,без изменений
376192,Daire,200000.0,,+,,5,Ankara/Mamak/Fahri Korutürk,TRY,46.0,175000.0,1.1428571428571428,Комнаты не разобраны,оставить,200000.0,есть ≥2 аналога train,без изменений
376244,Rezidans,1300.0,,1+0,,20 ve üzeri,İstanbul/Ataşehir/Atatürk,TRY,3.0,680000.0,0.001911764705882353,"Цена < 5 000 TRY, Цена < 1% местной медианы",исключить,1300.0,есть ≥2 аналога train,без изменений
376318,Daire,250000.0,,+,,,Muğla/Milas/Cumhuriyet,TRY,16.0,312500.0,0.8,Комнаты не разобраны,оставить,250000.0,есть ≥2 аналога train,без изменений
376392,Daire,250.0,,3+1,,,Denizli/Merkezefendi/Karahasanlı,TRY,68.0,285000.0,0.0008771929824561404,"Цена < 5 000 TRY, Цена < 1% местной медианы",исключить,250.0,есть ≥2 аналога train,без изменений
376401,Daire,1100.0,150.0,3+1,Kot 2,3,Isparta/Merkez/Hızırbey,TRY,8.0,200000.0,0.0055,"Цена < 5 000 TRY, Цена < 1% местной медианы",исключить,1100.0,есть ≥2 аналога train,без изменений
376444,Komple Bina,550000.0,140.0,+,,3,Trabzon/Arsin/Yeşilyalı,TRY,1.0,550000.0,,Комнаты не разобраны,оставить,550000.0,аналогов train меньше 2,без изменений
376460,Komple Bina,1000000.0,,+,,,İstanbul/Büyükçekmece/Mimar Sinan Merkez,TRY,,,,Комнаты не разобраны,оставить,1000000.0,аналогов train меньше 2,без изменений
376638,Komple Bina,1200000.0,,+,,4,İstanbul/Şile/Hacı Kasım,TRY,1.0,1200000.0,,Комнаты не разобраны,оставить,1200000.0,аналогов train меньше 2,без изменений
376648,Daire,300000.0,,+,,,Kocaeli/Gölcük/Dumlupınar,TRY,13.0,135000.0,2.2222222222222223,Комнаты не разобраны,оставить,300000.0,есть ≥2 аналога train,без изменений
376720,Komple Bina,700000.0,,+,,2,Muğla/Ortaca/Karaburun,TRY,3.0,700000.0,1.0,Комнаты не разобраны,оставить,700000.0,есть ≥2 аналога train,без изменений
376734,Daire,11111111.0,,1+1,,,Afyonkarahisar/Merkez/Erenler,TRY,34.0,110000.0,101.0101,Цена > 20 местных медиан,исключить,11111111.0,есть ≥2 аналога train,без изменений
376750,Komple Bina,1200000.0,,+,,3,Trabzon/Ortahisar/Kalkınma,TRY,8.0,1200000.0,1.0,Комнаты не разобраны,оставить,1200000.0,есть ≥2 аналога train,без изменений
376814,Daire,1000.0,140.0,3+1,,,Balıkesir/Erdek/Atatürk,TRY,5.0,280000.0,0.0035714285714285713,"Цена < 5 000 TRY, Цена < 1% местной медианы",исключить,1000.0,есть ≥2 аналога train,без изменений
376986,Daire,19000.0,,+,,,İstanbul/Esenyurt/İncirtepe,TRY,235.0,190000.0,0.1,Комнаты не разобраны,оставить,19000.0,есть ≥2 аналога train,без изменений
377042,Daire,535000.0,60.0,+,,,KKTC/Girne/Zeytinlik Mh.,TRY,8.0,669655.3999999999,0.7989183690596687,Комнаты не разобраны,оставить,535000.0,есть ≥2 аналога train,без изменений
377160,Daire,390000.0,1.0,6+1,,,Aksaray/Merkez/Çerdiğin,TRY,15.0,225000.0,1.7333333333333334,Неправдоподобная площадь,оставить,390000.0,есть ≥2 аналога train,площадь → пропуск
377464,Komple Bina,2800000.0,189.0,+,,,Ordu/Altınordu/Yeni,TRY,2.0,1895000.0,1.4775725593667546,Комнаты не разобраны,оставить,2800000.0,есть ≥2 аналога train,без изменений
377634,Daire,100000.0,,+,,,Aydın/Efeler/Güzelhisar,TRY,52.0,190000.0,0.5263157894736842,Комнаты не разобраны,оставить,100000.0,есть ≥2 аналога train,без изменений
377654,Komple Bina,3500000.0,,+,,5,Antalya/Muratpaşa/Şirinyalı,TRY,3.0,3900000.0,0.8974358974358975,Комнаты не разобраны,оставить,3500000.0,есть ≥2 аналога train,без изменений
377764,Villa,500.0,,2+2,,2,Yalova/Çiftlikköy/Taşköprü Bld. (Taşköprü Yeni),TRY,4.0,500000.0,0.001,"Цена < 5 000 TRY, Цена < 1% местной медианы",исключить,500.0,есть ≥2 аналога train,без изменений
377888,Yazlık,59000.0,,+,,,Muğla/Milas/Çamköy,TRY,,,,Комнаты не разобраны,оставить,59000.0,аналогов train меньше 2,без изменений
378046,Komple Bina,180000.0,130.0,+,,,Aydın/Söke/Bağarası,TRY,17.0,180000.0,1.0,Комнаты не разобраны,оставить,180000.0,есть ≥2 аналога train,без изменений
378075,Villa,3600000.0,199300.0,4+2,Müstakil,,İstanbul/Şile/Alacalı,TRY,,,,Неправдоподобная площадь,оставить,3600000.0,аналогов train меньше 2,площадь → пропуск
378104,Komple Bina,700000.0,,+,,2,Muğla/Ortaca/Karaburun,TRY,3.0,700000.0,1.0,Комнаты не разобраны,оставить,700000.0,есть ≥2 аналога train,без изменений
378106,Komple Bina,2500000.0,,+,,,Antalya/Manavgat/Side,TRY,3.0,1100000.0,2.272727272727273,Комнаты не разобраны,оставить,2500000.0,есть ≥2 аналога train,без изменений
378238,Komple Bina,385000.0,1301.0,+,,,Ankara/Akyurt/Yeşiltepe,TRY,1.0,385000.0,,Комнаты не разобраны,оставить,385000.0,аналогов train меньше 2,без изменений
378258,Komple Bina,180000.0,130.0,+,,,Aydın/Söke/Bağarası,TRY,17.0,180000.0,1.0,Комнаты не разобраны,оставить,180000.0,есть ≥2 аналога train,без изменений
378284,Daire,165000.0,,+,,,İstanbul/Esenyurt/Ardıçlı,TRY,271.0,170000.0,0.9705882352941176,Комнаты не разобраны,оставить,165000.0,есть ≥2 аналога train,без изменений
378298,Daire,150.0,,+,,,Antalya/Alanya/Mahmutlar,TRY,581.0,277000.0,0.0005415162454873646,"Цена < 5 000 TRY, Цена < 1% местной медианы, Комнаты не разобраны",исключить,150.0,есть ≥2 аналога train,без изменений
378374,Daire,150000.0,,+,,,İstanbul/Bahçelievler/Hürriyet,TRY,65.0,410000.0,0.36585365853658536,Комнаты не разобраны,оставить,150000.0,есть ≥2 аналога train,без изменений
378398,Daire,249000.0,,+,,,Adana/Çukurova/Yurt,TRY,337.0,295000.0,0.8440677966101695,Комнаты не разобраны,оставить,249000.0,есть ≥2 аналога train,без изменений
378430,Komple Bina,650000.0,,+,,5,Artvin/Borçka/Merkez,TRY,,,,Комнаты не разобраны,оставить,650000.0,аналогов train меньше 2,без изменений
378524,Komple Bina,180000.0,130.0,+,,,Aydın/Söke/Bağarası,TRY,17.0,180000.0,1.0,Комнаты не разобраны,оставить,180000.0,есть ≥2 аналога train,без изменений
378528,Komple Bina,1200000.0,200.0,+,,5,Mersin/Yenişehir/Çiftlikköy,TRY,1.0,1200000.0,,Комнаты не разобраны,оставить,1200000.0,аналогов train меньше 2,без изменений
378534,Komple Bina,490000.0,,+,,,İstanbul/Ümraniye/Yukarı Dudullu,TRY,,,,Комнаты не разобраны,оставить,490000.0,аналогов train меньше 2,без изменений
378591,Daire,149.0,,3+1,Kot 2,5,Giresun/Bulancak/Şemsettin,TRY,1.0,150000.0,,Цена < 5 000 TRY,исключить,149.0,аналогов train меньше 2,без изменений
378606,Komple Bina,2000000.0,,+,,5,Afyonkarahisar/Sandıklı/Çakır,TRY,2.0,1275000.0,1.5686274509803921,Комнаты не разобраны,оставить,2000000.0,есть ≥2 аналога train,без изменений
378647,Daire,1300.0,110.0,3+1,Kot 2,5,İstanbul/Pendik/Fevzi Çakmak,TRY,86.0,390000.0,0.0033333333333333335,"Цена < 5 000 TRY, Цена < 1% местной медианы",исключить,1300.0,есть ≥2 аналога train,без изменений
378754,Köşk / Konak / Yalı,53000000.0,602.0,6+2,,2,Muğla/Bodrum/Orak Adası,TRY,1.0,53000000.0,,Цена > 50 млн TRY,оставить,53000000.0,аналогов train меньше 2,без изменений
378758,Daire,71201000.0,,2+1,,,İstanbul/Bakırköy/Osmaniye,USD,37.0,540000.0,131.8537037037037,"Цена > 50 млн TRY, Цена > 20 местных медиан",исключить,13000000.0,есть ≥2 аналога train,без изменений
378802,Komple Bina,14100000.0,210.0,+,,5,İstanbul/Zeytinburnu/Telsiz,TRY,1.0,1600000.0,,Комнаты не разобраны,оставить,14100000.0,аналогов train меньше 2,без изменений
378842,Köşk / Konak / Yalı,79389000.0,1250.0,8+2,,2,İstanbul/Beykoz/Anadolufeneri,USD,1.0,79389000.0,,Цена > 50 млн TRY,оставить,15000000.0,аналогов train меньше 2,без изменений
378886,Villa,290000.0,,+,,,Aydın/Kuşadası/Türkmen,TRY,79.0,640000.0,0.453125,Комнаты не разобраны,оставить,290000.0,есть ≥2 аналога train,без изменений
378942,Villa,165000.0,,+,,,Aydın/Didim/Ak-Yeniköy,TRY,121.0,850000.0,0.19411764705882353,Комнаты не разобраны,оставить,165000.0,есть ≥2 аналога train,без изменений
378960,Daire,240000.0,1.0,3+1,,,Manisa/Salihli/Cumhuriyet,TRY,75.0,285000.0,0.8421052631578947,Неправдоподобная площадь,оставить,240000.0,есть ≥2 аналога train,площадь → пропуск
379066,Komple Bina,940065.0,,+,,2,Muğla/Ortaca/Kemaliye,USD,,,,Комнаты не разобраны,оставить,150000.0,аналогов train меньше 2,без изменений
379086,Komple Bina,349000.0,,+,,2,Afyonkarahisar/Merkez/Ertuğrul Gazi,TRY,10.0,360000.0,0.9694444444444444,Комнаты не разобраны,оставить,349000.0,есть ≥2 аналога train,без изменений
379088,Daire,203000.0,,+,,,Kayseri/Kocasinan/Turgut Reis,TRY,15.0,239000.0,0.8493723849372385,Комнаты не разобраны,оставить,203000.0,есть ≥2 аналога train,без изменений
379268,Komple Bina,490000.0,,+,,,İstanbul/Ümraniye/Yukarı Dudullu,TRY,,,,Комнаты не разобраны,оставить,490000.0,аналогов train меньше 2,без изменений
379478,Daire,550000.0,,+,,,Kocaeli/Derince/Çenedağ,TRY,46.0,240000.0,2.2916666666666665,Комнаты не разобраны,оставить,550000.0,есть ≥2 аналога train,без изменений
379620,Daire,620000.0,,+,,,İzmir/Karabağlar/Arap Hasan,TRY,46.0,442500.0,1.4011299435028248,Комнаты не разобраны,оставить,620000.0,есть ≥2 аналога train,без изменений
379737,Daire,1100.0,150.0,3+1,Kot 2,3,Isparta/Merkez/Hızırbey,TRY,8.0,200000.0,0.0055,"Цена < 5 000 TRY, Цена < 1% местной медианы",исключить,1100.0,есть ≥2 аналога train,без изменений
379972,Komple Bina,940065.0,,+,,2,Muğla/Ortaca/Kemaliye,USD,,,,Комнаты не разобраны,оставить,150000.0,аналогов train меньше 2,без изменений
379978,Daire,1200.0,,3+1,,,İstanbul/Sancaktepe/Abdurrahmangazi,TRY,325.0,239000.0,0.00502092050209205,"Цена < 5 000 TRY, Цена < 1% местной медианы",исключить,1200.0,есть ≥2 аналога train,без изменений
380046,Komple Bina,350000.0,250.0,+,,,Samsun/Çarşamba/Kumköy,TRY,,,,Комнаты не разобраны,оставить,350000.0,аналогов train меньше 2,без изменений
380226,Komple Bina,850000.0,80.0,+,,4,Samsun/Atakum/Denizevleri,TRY,,,,Комнаты не разобраны,оставить,850000.0,аналогов train меньше 2,без изменений
380319,Daire,178000.0,80.0,2+1,2,1,Eskişehir/Tepebaşı/Batıkent,TRY,129.0,270000.0,0.6592592592592592,Этаж выше этажности,оставить,178000.0,есть ≥2 аналога train,этаж → пропуск
380329,Daire,39000.0,85.0,2+1,2,1,Şanlıurfa/Hilvan/Bahçelievler,TRY,,,,Этаж выше этажности,оставить,39000.0,аналогов train меньше 2,этаж → пропуск
380338,Daire,34543534.0,222.0,2+1,,,Ankara/Elmadağ/Hasanoğlan Havuzbaşı,TRY,68.0,575000.0,60.07571130434783,Цена > 20 местных медиан,исключить,34543534.0,есть ≥2 аналога train,без изменений
380344,Komple Bina,590000.0,,+,,,İzmir/Torbalı/Muratbey,TRY,1.0,590000.0,,Комнаты не разобраны,оставить,590000.0,аналогов train меньше 2,без изменений
380346,Komple Bina,125000.0,,+,,,Erzurum/Palandöken/Abdurrahman Gazi,TRY,2.0,142500.0,0.8771929824561403,Комнаты не разобраны,оставить,125000.0,есть ≥2 аналога train,без изменений
380350,Komple Bina,175000.0,,+,,,Aydın/Yenipazar/Yeni,TRY,,,,Комнаты не разобраны,оставить,175000.0,аналогов train меньше 2,без изменений
380359,Daire,225000.0,120.0,4+1,2,1,Antalya/Kepez/Kütükçü,TRY,52.0,212500.0,1.0588235294117647,Этаж выше этажности,оставить,225000.0,есть ≥2 аналога train,этаж → пропуск
380367,Daire,173000.0,110.0,2+1,2,1,Adana/Sarıçam/Gültepe,TRY,94.0,148250.0,1.1669477234401349,Этаж выше этажности,оставить,173000.0,есть ≥2 аналога train,этаж → пропуск
380370,Komple Bina,312000.0,,+,,,Erzurum/Yakutiye/Kazım Karabekir Paşa,TRY,1.0,312000.0,,Комнаты не разобраны,оставить,312000.0,аналогов train меньше 2,без изменений
380390,Villa,650000.0,,+,,,Aydın/Didim/Mavişehir,TRY,163.0,550000.0,1.1818181818181819,Комнаты не разобраны,оставить,650000.0,есть ≥2 аналога train,без изменений
380556,Komple Bina,475000.0,,+,,,Afyonkarahisar/Merkez/Fatih,TRY,1.0,475000.0,,Комнаты не разобраны,оставить,475000.0,аналогов train меньше 2,без изменений
380630,Komple Bina,8518560.0,,+,,4,Antalya/Alanya/Oba,EUR,2.0,5259280.0,1.6197198095556806,Комнаты не разобраны,оставить,1200000.0,есть ≥2 аналога train,без изменений
380648,Daire,230000.0,130.0,+,,,Karaman/Merkez/Kırbağı,TRY,5.0,90000.0,2.5555555555555554,Комнаты не разобраны,оставить,230000.0,есть ≥2 аналога train,без изменений
380684,Rezidans,185000.0,,+,,,Manisa/Yunusemre/Cumhuriyet,TRY,,,,Комнаты не разобраны,оставить,185000.0,аналогов train меньше 2,без изменений
380685,Daire,445000.0,125.0,2+1,4,1,İstanbul/Eyüpsultan/Topçular,TRY,4.0,347500.0,1.2805755395683454,Этаж выше этажности,оставить,445000.0,есть ≥2 аналога train,этаж → пропуск
380714,Daire,950.0,,3+1,,3,Kocaeli/Gölcük/Piyalepaşa,TRY,31.0,187000.0,0.0050802139037433155,"Цена < 5 000 TRY, Цена < 1% местной медианы",исключить,950.0,есть ≥2 аналога train,без изменений
380796,Komple Bina,130000.0,160.0,+,,2,Ordu/Fatsa/Sakarya,TRY,,,,Комнаты не разобраны,оставить,130000.0,аналогов train меньше 2,без изменений
380824,Villa,1500.0,,4+2,,2,İzmir/Urla/İskele,TRY,18.0,970000.0,0.0015463917525773195,"Цена < 5 000 TRY, Цена < 1% местной медианы",исключить,1500.0,есть ≥2 аналога train,без изменений
380916,Komple Bina,3600000.0,848.0,+,,,Aydın/Kuşadası/Davutlar,TRY,1.0,3600000.0,,Комнаты не разобраны,оставить,3600000.0,аналогов train меньше 2,без изменений
380924,Prefabrik Ev,9999.0,9.0,1+0,,,Antalya/Korkuteli/Uzunoluk,TRY,,,,Неправдоподобная площадь,оставить,9999.0,аналогов train меньше 2,площадь → пропуск
380956,Komple Bina,130000.0,160.0,+,,2,Ordu/Fatsa/Sakarya,TRY,,,,Комнаты не разобраны,оставить,130000.0,аналогов train меньше 2,без изменений
381008,Daire,4108113.8545999997,76169.0,2+1,,,Giresun/Çanakçı/Orta,GBP,2.0,4108113.8545999997,1.0,Неправдоподобная площадь,оставить,608222.0,есть ≥2 аналога train,площадь → пропуск
381039,Daire,720000.0,230.0,4+1,4,3,Aydın/Kuşadası/Türkmen,TRY,620.0,300000.0,2.4,Этаж выше этажности,оставить,720000.0,есть ≥2 аналога train,этаж → пропуск
381120,Daire,235000.0,2.0,3+1,,,Aksaray/Merkez/Şifahane,TRY,56.0,261000.0,0.9003831417624522,Неправдоподобная площадь,оставить,235000.0,есть ≥2 аналога train,площадь → пропуск
381144,Daire,210000.0,,+,,,İstanbul/Esenyurt/İncirtepe,TRY,235.0,190000.0,1.105263157894737,Комнаты не разобраны,оставить,210000.0,есть ≥2 аналога train,без изменений
381241,Villa,350.0,180.0,4+1,Müstakil,,Diyarbakır/Bağlar/Bağcılar,TRY,,,,Цена < 5 000 TRY,исключить,350.0,аналогов train меньше 2,без изменений
381318,Daire,100000.0,,+,,,Adana/Çukurova/Toros,TRY,612.0,279000.0,0.35842293906810035,Комнаты не разобраны,оставить,100000.0,есть ≥2 аналога train,без изменений
381324,Komple Bina,275000.0,,+,,2,Yalova/Merkez/Bayraktepe,TRY,1.0,399000.0,,Комнаты не разобраны,оставить,275000.0,аналогов train меньше 2,без изменений
381362,Müstakil Ev,145000.0,,+,,,Muğla/Seydikemer/Kadıköy,TRY,2.0,172500.0,0.8405797101449275,Комнаты не разобраны,оставить,145000.0,есть ≥2 аналога train,без изменений
381388,Komple Bina,675000.0,,+,,,Sakarya/Adapazarı/Kurtuluş,TRY,,,,Комнаты не разобраны,оставить,675000.0,аналогов train меньше 2,без изменений
381430,Müstakil Ev,282084.1,1.0,3+1,,,KKTC/Gazimağusa/Zafer Mh.,GBP,,,,Неправдоподобная площадь,оставить,41000.0,аналогов train меньше 2,площадь → пропуск
381484,Komple Bina,130000.0,160.0,+,,2,Ordu/Fatsa/Sakarya,TRY,,,,Комнаты не разобраны,оставить,130000.0,аналогов train меньше 2,без изменений
381524,Daire,160000.0,85.0,+,,,Mersin/Silifke/Atakent,TRY,81.0,165000.0,0.9696969696969697,Комнаты не разобраны,оставить,160000.0,есть ≥2 аналога train,без изменений
381526,Komple Bina,1500000.0,,+,,,Tekirdağ/Kapaklı/Atatürk,TRY,1.0,1500000.0,,Комнаты не разобраны,оставить,1500000.0,аналогов train меньше 2,без изменений
381537,Daire,340000.0,1.0,3+1,4,,İstanbul/Pendik/Ahmet Yesevi,TRY,112.0,257500.0,1.3203883495145632,Неправдоподобная площадь,оставить,340000.0,есть ≥2 аналога train,площадь → пропуск
381597,Daire,4500.0,,3+1,Müstakil,2,Muğla/Bodrum/Çırkan,TRY,11.0,635000.0,0.007086614173228346,"Цена < 5 000 TRY, Цена < 1% местной медианы",исключить,4500.0,есть ≥2 аналога train,без изменений
381712,Daire,275000.0,,+,,,Mersin/Toroslar/Mithat Toroğlu,TRY,9.0,260000.0,1.0576923076923077,Комнаты не разобраны,оставить,275000.0,есть ≥2 аналога train,без изменений
381758,Daire,275000.0,,+,,,Ankara/Altındağ/Aydınlıkevler,TRY,95.0,250000.0,1.1,Комнаты не разобраны,оставить,275000.0,есть ≥2 аналога train,без изменений
381763,Yazlık,115000.0,55.0,1+1,3,2,Sakarya/Karasu/Aziziye,TRY,131.0,106000.0,1.0849056603773586,Этаж выше этажности,оставить,115000.0,есть ≥2 аналога train,этаж → пропуск
381830,Komple Bina,14100000.0,210.0,+,,5,İstanbul/Zeytinburnu/Telsiz,TRY,1.0,1600000.0,,Комнаты не разобраны,оставить,14100000.0,аналогов train меньше 2,без изменений
381997,Müstakil Ev,170000.0,1.0,2+1,Müstakil,1,Aydın/Efeler/Pınardere,TRY,1.0,170000.0,,Неправдоподобная площадь,оставить,170000.0,аналогов train меньше 2,площадь → пропуск
382000,Komple Bina,2850000.0,,+,,5,İstanbul/Beyoğlu/Kocatepe,TRY,6.0,2850000.0,1.0,Комнаты не разобраны,оставить,2850000.0,есть ≥2 аналога train,без изменений
382026,Komple Bina,180000.0,130.0,+,,,Aydın/Söke/Bağarası,TRY,17.0,180000.0,1.0,Комнаты не разобраны,оставить,180000.0,есть ≥2 аналога train,без изменений
382036,Komple Bina,800000.0,70.0,+,,2,Çanakkale/Merkez/Namık Kemal,TRY,,,,Комнаты не разобраны,оставить,800000.0,аналогов train меньше 2,без изменений
382038,Villa,1600000.0,,+,,,Gaziantep/Şehitkamil/Yığınlı,TRY,4.0,664000.0,2.4096385542168677,Комнаты не разобраны,оставить,1600000.0,есть ≥2 аналога train,без изменений
382050,Komple Bina,1500000.0,650.0,+,,5,İstanbul/Esenyurt/Turgut Özal,TRY,11.0,1550000.0,0.967741935483871,Комнаты не разобраны,оставить,1500000.0,есть ≥2 аналога train,без изменений
382111,Daire,170.0,110.0,3+1,2,5,Ankara/Keçiören/Ufuktepe,TRY,161.0,160000.0,0.0010625,"Цена < 5 000 TRY, Цена < 1% местной медианы",исключить,170.0,есть ≥2 аналога train,без изменений
382141,Daire,1100.0,,2+1,2,3,Tekirdağ/Süleymanpaşa/Hürriyet,TRY,74.0,365500.0,0.003009575923392613,"Цена < 5 000 TRY, Цена < 1% местной медианы",исключить,1100.0,есть ≥2 аналога train,без изменений
382173,Daire,225000.0,120.0,2+1,7,6,Mersin/Mezitli/Merkez,TRY,416.0,280000.0,0.8035714285714286,Этаж выше этажности,оставить,225000.0,есть ≥2 аналога train,этаж → пропуск
382312,Komple Bina,900000.0,,+,,4,Antalya/Kepez/Gülveren,TRY,,,,Комнаты не разобраны,оставить,900000.0,аналогов train меньше 2,без изменений
382344,Komple Bina,1800000.0,135.0,+,,2,Isparta/Merkez/Fatih,TRY,1.0,1800000.0,,Комнаты не разобраны,оставить,1800000.0,аналогов train меньше 2,без изменений
382520,Komple Bina,1750000.0,,+,,,İstanbul/Fatih/Balat,TRY,7.0,1750000.0,1.0,Комнаты не разобраны,оставить,1750000.0,есть ≥2 аналога train,без изменений
382644,Komple Bina,180000.0,130.0,+,,,Aydın/Söke/Bağarası,TRY,17.0,180000.0,1.0,Комнаты не разобраны,оставить,180000.0,есть ≥2 аналога train,без изменений
382808,Komple Bina,400000.0,,+,,2,Sakarya/Adapazarı/Şeker,TRY,,,,Комнаты не разобраны,оставить,400000.0,аналогов train меньше 2,без изменений
382930,Komple Bina,1250000.0,,+,,,İstanbul/Silivri/Piri Mehmet Paşa,TRY,6.0,1300000.0,0.9615384615384616,Комнаты не разобраны,оставить,1250000.0,есть ≥2 аналога train,без изменений
382958,Daire,418025.51379999996,87851.0,1+1,,,Erzincan/Kemah/Aktaş Köyü,USD,,,,Неправдоподобная площадь,оставить,80422.0,аналогов train меньше 2,площадь → пропуск
382976,Rezidans,1159204.5636,33059.0,2+1,,,KKTC/İskele/Ardahan Köyü,USD,,,,Неправдоподобная площадь,оставить,220222.0,аналогов train меньше 2,площадь → пропуск
383052,Komple Bina,14100000.0,210.0,+,,5,İstanbul/Zeytinburnu/Telsiz,TRY,1.0,1600000.0,,Комнаты не разобраны,оставить,14100000.0,аналогов train меньше 2,без изменений
383120,Çiftlik Evi,155000.0,,+,,,Kayseri/İncesu/Sultansazı OSB,TRY,2.0,165000.0,0.9393939393939394,Комнаты не разобраны,оставить,155000.0,есть ≥2 аналога train,без изменений
383163,Villa,39000000.0,1000.0,7+3,Müstakil,3,Muğla/Bodrum/Geriş,TRY,58.0,1625000.0,24.0,Цена > 20 местных медиан,оставить,39000000.0,есть ≥2 аналога train,без изменений
383206,Daire,175000.0,,+,,,İzmir/Karşıyaka/Tuna,TRY,27.0,350000.0,0.5,Комнаты не разобраны,оставить,175000.0,есть ≥2 аналога train,без изменений
383386,Daire,730000.0,,+,,,Konya/Selçuklu/İhsaniye,TRY,12.0,180000.0,4.055555555555555,Комнаты не разобраны,оставить,730000.0,есть ≥2 аналога train,без изменений
383658,Daire,132000.0,,+,,,Çanakkale/Ezine/Camikebir,TRY,12.0,200000.0,0.66,Комнаты не разобраны,оставить,132000.0,есть ≥2 аналога train,без изменений
384004,Rezidans,1853693.2362,68476.0,1+1,,,Antalya/Demre/Çağman,EUR,,,,Неправдоподобная площадь,оставить,312222.0,аналогов train меньше 2,площадь → пропуск
384010,Villa,970000.0,1.0,4+1,,2,İstanbul/Çatalca/Çakıl,TRY,,,,Неправдоподобная площадь,оставить,970000.0,аналогов train меньше 2,площадь → пропуск
384026,Komple Bina,3750000.0,,+,,5,Adıyaman/Merkez/Cumhuriyet,TRY,2.0,2350000.0,1.5957446808510638,Комнаты не разобраны,оставить,3750000.0,есть ≥2 аналога train,без изменений
384058,Komple Bina,3000000.0,50.0,+,,4,İstanbul/Fatih/Ali Kuşçu,TRY,3.0,3000000.0,1.0,Комнаты не разобраны,оставить,3000000.0,есть ≥2 аналога train,без изменений
384090,Komple Bina,3000000.0,705.0,+,,3,İzmir/Menderes/Orta,TRY,1.0,3000000.0,,Комнаты не разобраны,оставить,3000000.0,аналогов train меньше 2,без изменений
384096,Komple Bina,800000.0,450.0,+,,4,Trabzon/Ortahisar/Pelitli,TRY,5.0,5250000.0,0.1523809523809524,Комнаты не разобраны,оставить,800000.0,есть ≥2 аналога train,без изменений
384154,Villa,111111.0,,+,,,Muğla/Bodrum/Gündoğan,TRY,107.0,927000.0,0.11986084142394822,Комнаты не разобраны,оставить,111111.0,есть ≥2 аналога train,без изменений
384204,Komple Bina,750000.0,150.0,+,,3,Osmaniye/Merkez/Raufbey,TRY,,,,Комнаты не разобраны,оставить,750000.0,аналогов train меньше 2,без изменений
384246,Daire,205000.0,,+,,,Bursa/Nilüfer/Görükle,TRY,191.0,165000.0,1.2424242424242424,Комнаты не разобраны,оставить,205000.0,есть ≥2 аналога train,без изменений
384260,Daire,190000.0,,+,,,Tekirdağ/Çerkezköy/Yıldırım Beyazıt,TRY,36.0,169000.0,1.1242603550295858,Комнаты не разобраны,оставить,190000.0,есть ≥2 аналога train,без изменений
384440,Komple Bina,500000.0,,+,,5,Trabzon/Ortahisar/2 Nolu Erdoğdu,TRY,5.0,500000.0,1.0,Комнаты не разобраны,оставить,500000.0,есть ≥2 аналога train,без изменений
384498,Komple Bina,420000.0,,+,,3,Samsun/Bafra/Cumhuriyet,TRY,1.0,420000.0,,Комнаты не разобраны,оставить,420000.0,аналогов train меньше 2,без изменений
384654,Komple Bina,500.0,,+,,6,İstanbul/Bakırköy/Kartaltepe,TRY,,,,"Цена < 5 000 TRY, Комнаты не разобраны",исключить,500.0,аналогов train меньше 2,без изменений
384912,Prefabrik Ev,5500.0,8.0,1+0,,,Antalya/Kemer/Kuzdere,TRY,,,,Неправдоподобная площадь,оставить,5500.0,аналогов train меньше 2,площадь → пропуск
384964,Komple Bina,1000000.0,,+,,1,Burdur/Merkez/Konak,TRY,1.0,1000000.0,,Комнаты не разобраны,оставить,1000000.0,аналогов train меньше 2,без изменений
385058,Komple Bina,515000.0,,+,,,İzmir/Menemen/Irmak,TRY,2.0,515000.0,1.0,Комнаты не разобраны,оставить,515000.0,есть ≥2 аналога train,без изменений
385108,Prefabrik Ev,8000.0,14.0,1+1,,,Burdur/Merkez/Burç,TRY,,,,Неправдоподобная площадь,оставить,8000.0,аналогов train меньше 2,площадь → пропуск
385308,Komple Bina,315000.0,,+,,,Samsun/Çarşamba/Sarıcalı,TRY,3.0,315000.0,1.0,Комнаты не разобраны,оставить,315000.0,есть ≥2 аналога train,без изменений
385336,Daire,320000.0,,+,,,Aydın/Didim/Cumhuriyet,TRY,622.0,199000.0,1.6080402010050252,Комнаты не разобраны,оставить,320000.0,есть ≥2 аналога train,без изменений
385374,Rezidans,80880342.2259,111.0,2+1,,,Antalya/Elmalı/Bayralar,GBP,1.0,80880342.2259,,Цена > 50 млн TRY,оставить,11532423.0,аналогов train меньше 2,без изменений
385380,Kooperatif,500000.0,2969.0,+,,8,Erzurum/Yakutiye/Kurtuluş,TRY,1.0,500000.0,,Комнаты не разобраны,оставить,500000.0,аналогов train меньше 2,без изменений
385430,Komple Bina,180000.0,130.0,+,,,Aydın/Söke/Bağarası,TRY,17.0,180000.0,1.0,Комнаты не разобраны,оставить,180000.0,есть ≥2 аналога train,без изменений
385458,Komple Bina,575000.0,,+,,,Kırklareli/Lüleburgaz/Özerler,TRY,,,,Комнаты не разобраны,оставить,575000.0,аналогов train меньше 2,без изменений
385570,Komple Bina,14100000.0,210.0,+,,5,İstanbul/Zeytinburnu/Telsiz,TRY,1.0,1600000.0,,Комнаты не разобраны,оставить,14100000.0,аналогов train меньше 2,без изменений
385626,Komple Bina,500000.0,,+,,5,Trabzon/Ortahisar/2 Nolu Erdoğdu,TRY,5.0,500000.0,1.0,Комнаты не разобраны,оставить,500000.0,есть ≥2 аналога train,без изменений
385644,Çiftlik Evi,23000.0,,+,,,Nevşehir/Ürgüp/Aksalur Salur,TRY,4.0,24000.0,0.9583333333333334,Комнаты не разобраны,оставить,23000.0,есть ≥2 аналога train,без изменений
385702,Komple Bina,2850000.0,,+,,5,İstanbul/Beyoğlu/Kocatepe,TRY,6.0,2850000.0,1.0,Комнаты не разобраны,оставить,2850000.0,есть ≥2 аналога train,без изменений
385761,Daire,149.0,,3+1,Kot 2,5,Giresun/Bulancak/Şemsettin,TRY,1.0,150000.0,,Цена < 5 000 TRY,исключить,149.0,аналогов train меньше 2,без изменений
385768,Komple Bina,515000.0,90.0,+,,,Muğla/Bodrum/Türkkuyusu,TRY,1.0,515000.0,,Комнаты не разобраны,оставить,515000.0,аналогов train меньше 2,без изменений
385798,Müstakil Ev,1600000.0,6250.0,+,,,Muğla/Bodrum/Dereköy,TRY,5.0,1035000.0,1.5458937198067633,Комнаты не разобраны,оставить,1600000.0,есть ≥2 аналога train,без изменений
385836,Daire,600.0,,+,,,Antalya/Alanya/Mahmutlar,TRY,581.0,277000.0,0.0021660649819494585,"Цена < 5 000 TRY, Цена < 1% местной медианы, Комнаты не разобраны",исключить,600.0,есть ≥2 аналога train,без изменений
385860,Daire,339000.0,,+,,,Aydın/Efeler/Efeler,TRY,80.0,277500.0,1.2216216216216216,Комнаты не разобраны,оставить,339000.0,есть ≥2 аналога train,без изменений
385934,Çiftlik Evi,100000.0,,+,,,Kayseri/İncesu/Bahçelievler,TRY,,,,Комнаты не разобраны,оставить,100000.0,аналогов train меньше 2,без изменений
385952,Komple Bina,100000.0,,+,,,İstanbul/Silivri/Piri Mehmet Paşa,TRY,6.0,1300000.0,0.07692307692307693,Комнаты не разобраны,оставить,100000.0,есть ≥2 аналога train,без изменений
386136,Prefabrik Ev,10000.0,14.0,1+1,,,Antalya/Serik/Yumaklar,TRY,,,,Неправдоподобная площадь,оставить,10000.0,аналогов train меньше 2,площадь → пропуск
386144,Komple Bina,300000.0,413.0,+,,2,Bilecik/Bozüyük/Saraycık Köyü,TRY,,,,Комнаты не разобраны,оставить,300000.0,аналогов train меньше 2,без изменений
386290,Komple Bina,5250000.0,1461.0,+,,5,İzmir/Buca/İnkılap,TRY,,,,Комнаты не разобраны,оставить,5250000.0,аналогов train меньше 2,без изменений
386404,Prefabrik Ev,55.0,,+,,,İstanbul/Pendik/Kaynarca,TRY,25.0,31500.0,0.001746031746031746,"Цена < 5 000 TRY, Цена < 1% местной медианы, Комнаты не разобраны",исключить,55.0,есть ≥2 аналога train,без изменений
386406,Komple Bina,1750000.0,,+,,,İstanbul/Fatih/Balat,TRY,7.0,1750000.0,1.0,Комнаты не разобраны,оставить,1750000.0,есть ≥2 аналога train,без изменений
386442,Komple Bina,14100000.0,210.0,+,,5,İstanbul/Zeytinburnu/Telsiz,TRY,1.0,1600000.0,,Комнаты не разобраны,оставить,14100000.0,аналогов train меньше 2,без изменений
386486,Komple Bina,650000.0,125.0,+,,2,Muğla/Köyceğiz/Toparlar,TRY,4.0,1100000.0,0.5909090909090909,Комнаты не разобраны,оставить,650000.0,есть ≥2 аналога train,без изменений
386512,Komple Bina,13257250.0,450.0,+,,,İstanbul/Beşiktaş/Bebek,USD,4.0,13257250.0,1.0,Комнаты не разобраны,оставить,2500000.0,есть ≥2 аналога train,без изменений
386574,Daire,300000.0,1.0,3+1,,,Konya/Karatay/Saraçoğlu,TRY,1.0,185000.0,,Неправдоподобная площадь,оставить,300000.0,аналогов train меньше 2,площадь → пропуск
386652,Daire,2312268.9207,30164.0,2+1,,,Konya/Bozkır/Aydınkışla,EUR,,,,Неправдоподобная площадь,оставить,383213.0,аналогов train меньше 2,площадь → пропуск
386656,Daire,2312268.9207,30164.0,2+1,,,Konya/Bozkır/Aydınkışla,EUR,,,,Неправдоподобная площадь,оставить,383213.0,аналогов train меньше 2,площадь → пропуск
386662,Daire,2512965.2694,870752.0,1+0,,,Manisa/Demirci/Akıncılar,EUR,2.0,2512965.2694,1.0,Неправдоподобная площадь,оставить,423222.0,есть ≥2 аналога train,площадь → пропуск
386664,Daire,476262.88080000004,61586.0,1+1,,,Antalya/Aksu/Barbaros,USD,4.0,357131.4404,1.3335786965901646,Неправдоподобная площадь,оставить,89922.0,есть ≥2 аналога train,площадь → пропуск
386686,Daire,836334.3984000001,33172.0,2+1,,,Karaman/Ermenek/Ardıçkaya Köyü,EUR,,,,Неправдоподобная площадь,оставить,139222.0,аналогов train меньше 2,площадь → пропуск
386770,Komple Bina,305000.0,,+,,,Aydın/Efeler/Kurtuluş,TRY,1.0,305000.0,,Комнаты не разобраны,оставить,305000.0,аналогов train меньше 2,без изменений
386840,Daire,435000.0,,+,,,İstanbul/Sancaktepe/Mevlana,TRY,153.0,208000.0,2.0913461538461537,Комнаты не разобраны,оставить,435000.0,есть ≥2 аналога train,без изменений
386851,Kooperatif,150000.0,45.0,1+1,5,4,Aydın/Kuşadası/Hacıfeyzullah,TRY,1.0,150000.0,,Этаж выше этажности,оставить,150000.0,аналогов train меньше 2,этаж → пропуск
386856,Komple Bina,4000000.0,135.0,+,,5,Mersin/Mezitli/Seymenli,TRY,2.0,3125000.0,1.28,Комнаты не разобраны,оставить,4000000.0,есть ≥2 аналога train,без изменений
386886,Villa,980000.0,,+,,,Muğla/Datça/Yaka,TRY,4.0,617500.0,1.5870445344129556,Комнаты не разобраны,оставить,980000.0,есть ≥2 аналога train,без изменений
386919,Daire,1200.0,70.0,2+1,Kot 2,5,İstanbul/Gaziosmanpaşa/Bağlarbaşı,TRY,90.0,279000.0,0.004301075268817204,"Цена < 5 000 TRY, Цена < 1% местной медианы",исключить,1200.0,есть ≥2 аналога train,без изменений
386929,Daire,4500.0,,3+1,Müstakil,2,Muğla/Bodrum/Çırkan,TRY,11.0,635000.0,0.007086614173228346,"Цена < 5 000 TRY, Цена < 1% местной медианы",исключить,4500.0,есть ≥2 аналога train,без изменений
387088,Daire,28000041.0,250.0,1+0,,,İstanbul/Kağıthane/Sultan Selim,TRY,100.0,150000.0,186.66694,Цена > 20 местных медиан,исключить,28000041.0,есть ≥2 аналога train,без изменений
387112,Komple Bina,595000.0,,+,,,Yalova/Merkez/Dere,TRY,,,,Комнаты не разобраны,оставить,595000.0,аналогов train меньше 2,без изменений
387148,Daire,128000.0,,+,,,İstanbul/Beylikdüzü/Cumhuriyet,TRY,2089.0,180000.0,0.7111111111111111,Комнаты не разобраны,оставить,128000.0,есть ≥2 аналога train,без изменений
387164,Daire,300.0,,+,,,Antalya/Alanya/Mahmutlar,TRY,581.0,277000.0,0.0010830324909747292,"Цена < 5 000 TRY, Цена < 1% местной медианы, Комнаты не разобраны",исключить,300.0,есть ≥2 аналога train,без изменений
387190,Komple Bina,550000.0,140.0,+,,5,İstanbul/Esenyurt/Necip Fazıl Kısakürek,TRY,,,,Комнаты не разобраны,оставить,550000.0,аналогов train меньше 2,без изменений
387274,Müstakil Ev,65000.0,,+,,,Aydın/Didim/Ak-Yeniköy,TRY,30.0,644000.0,0.10093167701863354,Комнаты не разобраны,оставить,65000.0,есть ≥2 аналога train,без изменений
387546,Daire,1000.0,,+,,,Yozgat/Merkez/Medrese,TRY,21.0,139000.0,0.007194244604316547,"Цена < 5 000 TRY, Цена < 1% местной медианы, Комнаты не разобраны",исключить,1000.0,есть ≥2 аналога train,без изменений
387594,Daire,12495767.9888,123.0,3+1,,,Ağrı/Patnos/Alpaslan,USD,12.0,389005.5,32.12234271443463,Цена > 20 местных медиан,исключить,2345654.0,есть ≥2 аналога train,без изменений
387653,Daire,436000.0,90.0,2+1,3,2,Antalya/Manavgat/Side,TRY,33.0,400000.0,1.09,Этаж выше этажности,оставить,436000.0,есть ≥2 аналога train,этаж → пропуск
387663,Villa,1350000.0,3.0,4+2,Müstakil,2,Çanakkale/Bozcaada/Cumhuriyet,TRY,,,,Неправдоподобная площадь,оставить,1350000.0,аналогов train меньше 2,площадь → пропуск
387822,Komple Bina,790000.0,200.0,+,,2,İstanbul/Beykoz/Ortaçeşme,TRY,1.0,790000.0,,Комнаты не разобраны,оставить,790000.0,аналогов train меньше 2,без изменений
387890,Daire,575000.0,450.0,+,,,İstanbul/Şile/Çavuş,TRY,40.0,347500.0,1.6546762589928057,Комнаты не разобраны,оставить,575000.0,есть ≥2 аналога train,без изменений
388118,Komple Bina,4500000.0,170.0,+,,,İstanbul/Beşiktaş/Arnavutköy,TRY,1.0,4500000.0,,Комнаты не разобраны,оставить,4500000.0,аналогов train меньше 2,без изменений
388133,Yazlık,15990000.0,485.0,6+2,Müstakil,,Muğla/Bodrum/Yalıkavak,TRY,18.0,580000.0,27.56896551724138,Цена > 20 местных медиан,оставить,15990000.0,есть ≥2 аналога train,без изменений
388144,Daire,60000.0,10000.0,2+1,,,Mersin/Erdemli/Akdeniz,TRY,76.0,189500.0,0.316622691292876,Неправдоподобная площадь,оставить,60000.0,есть ≥2 аналога train,площадь → пропуск
388204,Daire,1.0,,+,,,Aydın/Didim/Altınkum,TRY,776.0,330000.0,3.0303030303030305e-06,"Цена < 5 000 TRY, Цена < 1% местной медианы, Комнаты не разобраны",исключить,1.0,есть ≥2 аналога train,без изменений
388258,Komple Bina,515000.0,,+,,,İzmir/Menemen/Irmak,TRY,2.0,515000.0,1.0,Комнаты не разобраны,оставить,515000.0,есть ≥2 аналога train,без изменений
388262,Rezidans,45345435.0,45.0,3+1,,,İstanbul/Kağıthane/Emniyet Evleri,TRY,7.0,900000.0,50.38381666666667,Цена > 20 местных медиан,исключить,45345435.0,есть ≥2 аналога train,без изменений
388382,Yazlık,700000.0,7950.0,+,,,Bursa/Nilüfer/Görükle,TRY,1.0,700000.0,,Комнаты не разобраны,оставить,700000.0,аналогов train меньше 2,без изменений
388421,Daire,125000.0,3.0,3+1,4,4,Antalya/Kepez/Varsak Karşıyaka,TRY,867.0,157000.0,0.7961783439490446,Неправдоподобная площадь,оставить,125000.0,есть ≥2 аналога train,площадь → пропуск
388446,Çiftlik Evi,73000.0,,+,,,Kayseri/İncesu/Vali İhsan Aras,TRY,1.0,73000.0,,Комнаты не разобраны,оставить,73000.0,аналогов train меньше 2,без изменений
388554,Komple Bina,280000.0,,+,,3,Yalova/Merkez/Gazi Osman Paşa,TRY,,,,Комнаты не разобраны,оставить,280000.0,аналогов train меньше 2,без изменений
388588,Komple Bina,550000.0,120.0,+,,4,Kocaeli/Körfez/Kuzey,TRY,3.0,130000.0,4.230769230769231,Комнаты не разобраны,оставить,550000.0,есть ≥2 аналога train,без изменений
388719,Daire,300000.0,9953.0,3+1,3,3,Muğla/Fethiye/Taşyaka,TRY,100.0,330000.0,0.9090909090909091,Неправдоподобная площадь,оставить,300000.0,есть ≥2 аналога train,площадь → пропуск
388742,Komple Bina,300000.0,182.0,+,,,Samsun/İlkadım/Derebahçe,TRY,,,,Комнаты не разобраны,оставить,300000.0,аналогов train меньше 2,без изменений
388782,Daire,235000.0,,+,,,Balıkesir/Burhaniye/Geriş,TRY,6.0,245000.0,0.9591836734693877,Комнаты не разобраны,оставить,235000.0,есть ≥2 аналога train,без изменений
388972,Daire,430000.0,,+,,,İstanbul/Çekmeköy/Taşdelen,TRY,128.0,295000.0,1.4576271186440677,Комнаты не разобраны,оставить,430000.0,есть ≥2 аналога train,без изменений
389082,Komple Bina,625000.0,200.0,+,,,İstanbul/Sultangazi/Habibler,TRY,,,,Комнаты не разобраны,оставить,625000.0,аналогов train меньше 2,без изменений
389097,Komple Bina,575000.0,,+,,,Kırklareli/Lüleburgaz/Özerler,TRY,,,,Комнаты не разобраны,оставить,575000.0,аналогов train меньше 2,без изменений
389254,Müstakil Ev,275000.0,,+,,,Konya/Selçuklu/Hüsamettin Çelebi,TRY,,,,Комнаты не разобраны,оставить,275000.0,аналогов train меньше 2,без изменений
389351,Villa,800.0,,3+1,,3,İzmir/Urla/Kalabak,TRY,81.0,880000.0,0.0009090909090909091,"Цена < 5 000 TRY, Цена < 1% местной медианы",исключить,800.0,есть ≥2 аналога train,без изменений
389447,Komple Bina,850000.0,131.0,+,,1,Antalya/Muratpaşa/Kılınçarslan,TRY,1.0,850000.0,,Комнаты не разобраны,оставить,850000.0,аналогов train меньше 2,без изменений
389500,Daire,260000.0,,+,,,Ankara/Çankaya/Seyranbağları,TRY,21.0,260000.0,1.0,Комнаты не разобраны,оставить,260000.0,есть ≥2 аналога train,без изменений
389526,Daire,395000.0,,+,,,İzmir/Bornova/Erzene,TRY,35.0,340000.0,1.161764705882353,Комнаты не разобраны,оставить,395000.0,есть ≥2 аналога train,без изменений
389529,Komple Bina,1650000.0,155.0,+,,,Denizli/Pamukkale/Kınıklı,TRY,3.0,1400000.0,1.1785714285714286,Комнаты не разобраны,оставить,1650000.0,есть ≥2 аналога train,без изменений
389550,Daire,160000.0,,+,,,İstanbul/Esenyurt/Süleymaniye,TRY,109.0,175000.0,0.9142857142857143,Комнаты не разобраны,оставить,160000.0,есть ≥2 аналога train,без изменений
389589,Komple Bina,6000000.0,8450.0,+,,1,Eskişehir/Odunpazarı/75. Yıl OSB,TRY,1.0,6000000.0,,Комнаты не разобраны,оставить,6000000.0,аналогов train меньше 2,без изменений
389700,Daire,200.0,,+,,,Antalya/Alanya/Mahmutlar,TRY,581.0,277000.0,0.0007220216606498195,"Цена < 5 000 TRY, Цена < 1% местной медианы, Комнаты не разобраны",исключить,200.0,есть ≥2 аналога train,без изменений
389772,Daire,32423423.0,44.0,4+1,,,Ankara/Altındağ/Altınpark,TRY,30.0,248500.0,130.47655130784707,Цена > 20 местных медиан,исключить,32423423.0,есть ≥2 аналога train,без изменений
389798,Komple Bina,1150000.0,,+,,,Denizli/Pamukkale/Fesleğen,TRY,4.0,1215000.0,0.9465020576131687,Комнаты не разобраны,оставить,1150000.0,есть ≥2 аналога train,без изменений
389813,Komple Bina,1550000.0,130.0,+,,3,Denizli/Pamukkale/Fatih,TRY,2.0,1875000.0,0.8266666666666667,Комнаты не разобраны,оставить,1550000.0,есть ≥2 аналога train,без изменений
389823,Komple Bina,1280000.0,,+,,,Denizli/Pamukkale/Fesleğen,TRY,4.0,1215000.0,1.0534979423868314,Комнаты не разобраны,оставить,1280000.0,есть ≥2 аналога train,без изменений
389825,Komple Bina,700000.0,85.0,+,,4,İzmir/Bayraklı/Manavkuyu,TRY,2.0,532500.0,1.3145539906103287,Комнаты не разобраны,оставить,700000.0,есть ≥2 аналога train,без изменений
389827,Müstakil Ev,340000.0,,+,,,Bolu/Merkez/Dodurga,TRY,1.0,340000.0,,Комнаты не разобраны,оставить,340000.0,аналогов train меньше 2,без изменений
389833,Komple Bina,1200000.0,,+,,,Denizli/Pamukkale/İncilipınar,TRY,3.0,999000.0,1.2012012012012012,Комнаты не разобраны,оставить,1200000.0,есть ≥2 аналога train,без изменений
389838,Komple Bina,3000000.0,360.0,+,,3,Ankara/Mamak/Demirlibahçe,TRY,1.0,3000000.0,,Комнаты не разобраны,оставить,3000000.0,аналогов train меньше 2,без изменений
389841,Komple Bina,20000000.0,137.0,+,,7,İstanbul/Fatih/Hoca Paşa,TRY,2.0,20000000.0,1.0,Комнаты не разобраны,оставить,20000000.0,есть ≥2 аналога train,без изменений
389849,Komple Bina,20000000.0,137.0,+,,8,İstanbul/Fatih/Hoca Paşa,TRY,2.0,20000000.0,1.0,Комнаты не разобраны,оставить,20000000.0,есть ≥2 аналога train,без изменений
389862,Daire,836334.3984000001,33172.0,2+1,,,Karaman/Ermenek/Ardıçkaya Köyü,EUR,,,,Неправдоподобная площадь,оставить,139222.0,аналогов train меньше 2,площадь → пропуск
389910,Köşk / Konak / Yalı,12000000.0,,+,,,İstanbul/Kadıköy/Göztepe,TRY,1.0,12000000.0,,Комнаты не разобраны,оставить,12000000.0,аналогов train меньше 2,без изменений
389939,Daire,394500.0,65.0,+,,,Antalya/Konyaaltı/Liman,USD,273.0,355000.0,1.111267605633803,Комнаты не разобраны,оставить,75000.0,есть ≥2 аналога train,без изменений
389980,Müstakil Ev,180000.0,,+,,,Kırklareli/Babaeski/Alpullu Bld. (Yeni),TRY,1.0,180000.0,,Комнаты не разобраны,оставить,180000.0,аналогов train меньше 2,без изменений
390033,Daire,215000.0,1.0,3+1,,,Aksaray/Merkez/Meydan,TRY,21.0,210000.0,1.0238095238095237,Неправдоподобная площадь,оставить,215000.0,есть ≥2 аналога train,площадь → пропуск
390036,Daire,520000.0,,+,,,Ankara/Keçiören/Ovacık,TRY,81.0,645000.0,0.8062015503875969,Комнаты не разобраны,оставить,520000.0,есть ≥2 аналога train,без изменений
390104,Komple Bina,180000.0,130.0,+,,,Aydın/Söke/Bağarası,TRY,17.0,180000.0,1.0,Комнаты не разобраны,оставить,180000.0,есть ≥2 аналога train,без изменений
390137,Komple Bina,2500000.0,,+,,,Muğla/Menteşe/Kötekli,TRY,2.0,4500000.0,0.5555555555555556,Комнаты не разобраны,оставить,2500000.0,есть ≥2 аналога train,без изменений
390175,Komple Bina,850000.0,,+,,3,İstanbul/Ataşehir/Aşıkveysel,TRY,1.0,850000.0,,Комнаты не разобраны,оставить,850000.0,аналогов train меньше 2,без изменений
390203,Komple Bina,4200000.0,950.0,+,,,İstanbul/Bahçelievler/Soğanlı,TRY,1.0,4200000.0,,Комнаты не разобраны,оставить,4200000.0,аналогов train меньше 2,без изменений
390360,Daire,345000.0,,+,,,İzmir/Tire/Adnan Menderes,TRY,14.0,221250.0,1.5593220338983051,Комнаты не разобраны,оставить,345000.0,есть ≥2 аналога train,без изменений
390384,Komple Bina,1200000.0,,+,,3,Trabzon/Ortahisar/Kalkınma,TRY,8.0,1200000.0,1.0,Комнаты не разобраны,оставить,1200000.0,есть ≥2 аналога train,без изменений
390432,Komple Bina,230000.0,,+,,,Samsun/İlkadım/Fatih,TRY,1.0,230000.0,,Комнаты не разобраны,оставить,230000.0,аналогов train меньше 2,без изменений
390455,Daire,280000.0,,+,,,İstanbul/Pendik/Kaynarca,TRY,73.0,401000.0,0.6982543640897756,Комнаты не разобраны,оставить,280000.0,есть ≥2 аналога train,без изменений
390458,Çiftlik Evi,650000.0,,+,,,Balıkesir/Edremit/Altınoluk,TRY,1.0,650000.0,,Комнаты не разобраны,оставить,650000.0,аналогов train меньше 2,без изменений
390512,Komple Bina,2500000.0,,+,,,Antalya/Manavgat/Side,TRY,3.0,1100000.0,2.272727272727273,Комнаты не разобраны,оставить,2500000.0,есть ≥2 аналога train,без изменений
390548,Komple Bina,7600000.0,,+,,,Muğla/Bodrum/Gümüşlük,TRY,2.0,4087500.0,1.8593272171253823,Комнаты не разобраны,оставить,7600000.0,есть ≥2 аналога train,без изменений
390570,Villa,55000000.0,1400.0,9+2,,,İstanbul/Sarıyer/Yeniköy,TRY,7.0,9000000.0,6.111111111111111,Цена > 50 млн TRY,оставить,55000000.0,есть ≥2 аналога train,без изменений
390597,Komple Bina,700000.0,,+,,2,Muğla/Ortaca/Karaburun,TRY,3.0,700000.0,1.0,Комнаты не разобраны,оставить,700000.0,есть ≥2 аналога train,без изменений
390822,Komple Bina,300000.0,,+,,3,Çanakkale/Ezine/Camikebir,TRY,1.0,300000.0,,Комнаты не разобраны,оставить,300000.0,аналогов train меньше 2,без изменений
390849,Köşk / Konak / Yalı,5250.0,,+,,,İstanbul/Kadıköy/Fenerbahçe,TRY,,,,Комнаты не разобраны,оставить,5250.0,аналогов train меньше 2,без изменений
391030,Çiftlik Evi,11226800.0,,+,,,İstanbul/Şile/Yeniköy,USD,1.0,11226800.0,,Комнаты не разобраны,оставить,2000000.0,аналогов train меньше 2,без изменений
391036,Komple Bina,1200000.0,,+,,3,Trabzon/Ortahisar/Kalkınma,TRY,8.0,1200000.0,1.0,Комнаты не разобраны,оставить,1200000.0,есть ≥2 аналога train,без изменений
391079,Komple Bina,850000.0,,+,,,Tekirdağ/Çorlu/Havuzlar,TRY,,,,Комнаты не разобраны,оставить,850000.0,аналогов train меньше 2,без изменений
391104,Komple Bina,1500000.0,,+,,3,İstanbul/Beyoğlu/Katip Mustafa Çelebi,TRY,1.0,1500000.0,,Комнаты не разобраны,оставить,1500000.0,аналогов train меньше 2,без изменений
391111,Daire,180000.0,,+,,,Kocaeli/İzmit/Alikahya Atatürk,TRY,17.0,175000.0,1.0285714285714285,Комнаты не разобраны,оставить,180000.0,есть ≥2 аналога train,без изменений
391174,Yalı Dairesi,73312400.0,,10+0,,,İstanbul/Üsküdar/Salacak,USD,2.0,73312400.0,1.0,Цена > 50 млн TRY,оставить,14000000.0,есть ≥2 аналога train,без изменений
391197,Komple Bina,750000.0,150.0,+,,3,Osmaniye/Merkez/Raufbey,TRY,,,,Комнаты не разобраны,оставить,750000.0,аналогов train меньше 2,без изменений
391201,Komple Bina,750000.0,150.0,+,,3,Osmaniye/Merkez/Raufbey,TRY,,,,Комнаты не разобраны,оставить,750000.0,аналогов train меньше 2,без изменений
391216,Daire,123000.0,,+,,,İzmir/Karşıyaka/Nergiz,TRY,152.0,405000.0,0.3037037037037037,Комнаты не разобраны,оставить,123000.0,есть ≥2 аналога train,без изменений
391234,Komple Bina,1200000.0,135.0,+,,,Sakarya/Sapanca/Çayiçi,TRY,2.0,1125000.0,1.0666666666666667,Комнаты не разобраны,оставить,1200000.0,есть ≥2 аналога train,без изменений
391243,Komple Bina,2750000.0,,+,,3,Kahramanmaraş/Dulkadiroğlu/Yeni Şehir,TRY,1.0,2750000.0,,Комнаты не разобраны,оставить,2750000.0,аналогов train меньше 2,без изменений
391326,Daire,212333.0,12.0,1+1,,,Ankara/Elmadağ/Hasanoğlan Havuzbaşı,TRY,68.0,575000.0,0.3692747826086957,Неправдоподобная площадь,оставить,212333.0,есть ≥2 аналога train,площадь → пропуск
391358,Daire,212333.0,12.0,1+1,,,Ankara/Elmadağ/Hasanoğlan Havuzbaşı,TRY,68.0,575000.0,0.3692747826086957,Неправдоподобная площадь,оставить,212333.0,есть ≥2 аналога train,площадь → пропуск
391381,Komple Bina,1200000.0,,+,,3,Trabzon/Ortahisar/Kalkınma,TRY,8.0,1200000.0,1.0,Комнаты не разобраны,оставить,1200000.0,есть ≥2 аналога train,без изменений
391382,Yalı Dairesi,73312400.0,,10+0,,,İstanbul/Üsküdar/Salacak,USD,2.0,73312400.0,1.0,Цена > 50 млн TRY,оставить,14000000.0,есть ≥2 аналога train,без изменений
391385,Daire,870000.0,,+,,,İzmir/Bornova/Kazımdirik,TRY,80.0,375000.0,2.32,Комнаты не разобраны,оставить,870000.0,есть ≥2 аналога train,без изменений
391386,Komple Bina,3520170.0,,+,,4,KKTC/Gazimağusa/Karakol Mh.,GBP,2.0,3710857.0,0.948613756876107,Комнаты не разобраны,оставить,450000.0,есть ≥2 аналога train,без изменений
391398,Komple Bina,180000.0,130.0,+,,,Aydın/Söke/Bağarası,TRY,17.0,180000.0,1.0,Комнаты не разобраны,оставить,180000.0,есть ≥2 аналога train,без изменений
391405,Komple Bina,380000.0,280.0,+,,3,Aydın/Efeler/Çeştepe,TRY,1.0,380000.0,,Комнаты не разобраны,оставить,380000.0,аналогов train меньше 2,без изменений
391438,Daire,212333.0,12.0,1+1,,,Ankara/Elmadağ/Hasanoğlan Havuzbaşı,TRY,68.0,575000.0,0.3692747826086957,Неправдоподобная площадь,оставить,212333.0,есть ≥2 аналога train,площадь → пропуск
391455,Komple Bina,3000000.0,1380.0,+,,6,Kocaeli/İzmit/Bekirdere,TRY,2.0,2647500.0,1.13314447592068,Комнаты не разобраны,оставить,3000000.0,есть ≥2 аналога train,без изменений
391469,Prefabrik Ev,2550.0,1.0,1+1,,,İstanbul/Çatalca/Kaleiçi,TRY,17.0,65000.0,0.03923076923076923,"Цена < 5 000 TRY, Неправдоподобная площадь",исключить,2550.0,есть ≥2 аналога train,площадь → пропуск
391478,Komple Bina,385000.0,150.0,+,,3,Sakarya/Hendek/Yeni,TRY,2.0,12580000.0,0.030604133545310015,Комнаты не разобраны,оставить,385000.0,есть ≥2 аналога train,без изменений
391485,Daire,23423423.0,222.0,3+1,,,Ankara/Elmadağ/Hasanoğlan Havuzbaşı,TRY,68.0,575000.0,40.736387826086954,Цена > 20 местных медиан,исключить,23423423.0,есть ≥2 аналога train,без изменений
391489,Komple Bina,5804810.0,85.0,+,,5,İstanbul/Beyoğlu/Tomtom,USD,,,,Комнаты не разобраны,оставить,1100000.0,аналогов train меньше 2,без изменений
391495,Daire,17000.0,,+,,,Ankara/Keçiören/Ovacık,TRY,81.0,645000.0,0.02635658914728682,Комнаты не разобраны,оставить,17000.0,есть ≥2 аналога train,без изменений
391538,Daire,700000.0,,+,,,Aydın/Nazilli/Altıntaş,TRY,17.0,130000.0,5.384615384615385,Комнаты не разобраны,оставить,700000.0,есть ≥2 аналога train,без изменений
391580,Daire,4343333.0,1.0,2+2,,,Ankara/Elmadağ/Hasanoğlan Havuzbaşı,TRY,68.0,575000.0,7.553622608695652,Неправдоподобная площадь,оставить,4343333.0,есть ≥2 аналога train,площадь → пропуск
391655,Komple Bina,180000.0,130.0,+,,,Aydın/Söke/Bağarası,TRY,17.0,180000.0,1.0,Комнаты не разобраны,оставить,180000.0,есть ≥2 аналога train,без изменений
391900,Komple Bina,350000.0,,+,,2,Sakarya/Adapazarı/Şeker,TRY,,,,Комнаты не разобраны,оставить,350000.0,аналогов train меньше 2,без изменений
392008,Daire,500.0,130.0,3+1,,,İstanbul/Şişli/Mecidiyeköy,TRY,57.0,380000.0,0.0013157894736842105,"Цена < 5 000 TRY, Цена < 1% местной медианы",исключить,500.0,есть ≥2 аналога train,без изменений
392055,Komple Bina,700000.0,,+,,,İzmir/Menemen/Yeşil Pınar,TRY,2.0,700000.0,1.0,Комнаты не разобраны,оставить,700000.0,есть ≥2 аналога train,без изменений
392157,Daire,2000000000.0,,+,,,Mersin/Toroslar/Mithat Toroğlu,TRY,9.0,260000.0,7692.307692307692,"Цена > 50 млн TRY, Цена > 20 местных медиан, Комнаты не разобраны",исключить,2000000000.0,есть ≥2 аналога train,без изменений
392209,Komple Bina,940065.0,,+,,2,Muğla/Ortaca/Kemaliye,USD,,,,Комнаты не разобраны,оставить,150000.0,аналогов train меньше 2,без изменений
392221,Komple Bina,130000.0,160.0,+,,2,Ordu/Fatsa/Sakarya,TRY,,,,Комнаты не разобраны,оставить,130000.0,аналогов train меньше 2,без изменений
392226,Daire,107500.0,,+,,,İstanbul/Arnavutköy/Çilingir,TRY,,,,Комнаты не разобраны,оставить,107500.0,аналогов train меньше 2,без изменений
392256,Daire,210000.0,,+,,,İzmir/Torbalı/Ertuğrul,TRY,47.0,245000.0,0.8571428571428571,Комнаты не разобраны,оставить,210000.0,есть ≥2 аналога train,без изменений
392275,Komple Bina,680000.0,,+,,4,Bursa/Yıldırım/Beyazıt,TRY,1.0,680000.0,,Комнаты не разобраны,оставить,680000.0,аналогов train меньше 2,без изменений
392286,Daire,150000.0,,+,,,Ankara/Mamak/Şirintepe,TRY,2.0,192500.0,0.7792207792207793,Комнаты не разобраны,оставить,150000.0,есть ≥2 аналога train,без изменений
392297,Komple Bina,1200000.0,,+,,3,Trabzon/Ortahisar/Kalkınma,TRY,8.0,1200000.0,1.0,Комнаты не разобраны,оставить,1200000.0,есть ≥2 аналога train,без изменений
392302,Komple Bina,650000.0,90.0,+,,3,Trabzon/Ortahisar/Toklu,TRY,3.0,650000.0,1.0,Комнаты не разобраны,оставить,650000.0,есть ≥2 аналога train,без изменений
392332,Komple Bina,490000.0,,+,,,İstanbul/Ümraniye/Yukarı Dudullu,TRY,,,,Комнаты не разобраны,оставить,490000.0,аналогов train меньше 2,без изменений
392419,Daire,7500000.0,60.0,1+1,,,İzmir/Menemen/Gazi Mustafa Kemal,TRY,5.0,178000.0,42.13483146067416,Цена > 20 местных медиан,исключить,7500000.0,есть ≥2 аналога train,без изменений
392434,Komple Bina,300000.0,180.0,+,,3,Sakarya/Kaynarca/Sabırlı,TRY,,,,Комнаты не разобраны,оставить,300000.0,аналогов train меньше 2,без изменений
392438,Komple Bina,600000.0,115.0,+,,,İzmir/Seferihisar/Çolak İbrahim Bey,TRY,1.0,600000.0,,Комнаты не разобраны,оставить,600000.0,аналогов train меньше 2,без изменений
392572,Daire,360000.0,,+,,,Aydın/Didim/Efeler,TRY,1906.0,239900.0,1.5006252605252188,Комнаты не разобраны,оставить,360000.0,есть ≥2 аналога train,без изменений
392682,Daire,165000.0,,+,,,İstanbul/Esenyurt/İncirtepe,TRY,235.0,190000.0,0.868421052631579,Комнаты не разобраны,оставить,165000.0,есть ≥2 аналога train,без изменений
392822,Komple Bina,560000.0,400.0,+,,,Bursa/Yıldırım/Değirmenönü,TRY,,,,Комнаты не разобраны,оставить,560000.0,аналогов train меньше 2,без изменений
392943,Daire,250.0,,+,,,Antalya/Alanya/Mahmutlar,TRY,581.0,277000.0,0.0009025270758122744,"Цена < 5 000 TRY, Цена < 1% местной медианы, Комнаты не разобраны",исключить,250.0,есть ≥2 аналога train,без изменений
392963,Komple Bina,3500000.0,105.0,+,,,İzmir/Karşıyaka/Donanmacı,TRY,1.0,3500000.0,,Комнаты не разобраны,оставить,3500000.0,аналогов train меньше 2,без изменений
392999,Daire,300000.0,,+,,,Bursa/Nilüfer/Fethiye,TRY,72.0,301500.0,0.9950248756218906,Комнаты не разобраны,оставить,300000.0,есть ≥2 аналога train,без изменений
393087,Komple Bina,300000.0,,+,,,Gaziantep/Şehitkamil/Aktoprak,TRY,3.0,300000.0,1.0,Комнаты не разобраны,оставить,300000.0,есть ≥2 аналога train,без изменений
393132,Müstakil Ev,340000.0,2.0,3+1,,,Adana/Seyhan/Mıdık,TRY,12.0,820000.0,0.4146341463414634,Неправдоподобная площадь,оставить,340000.0,есть ≥2 аналога train,площадь → пропуск
393162,Daire,1250000.0,,+,,,Gaziantep/Şehitkamil/Atatürk,TRY,57.0,620000.0,2.0161290322580645,Комнаты не разобраны,оставить,1250000.0,есть ≥2 аналога train,без изменений
393228,Daire,1250.0,,+,,,Mersin/Erdemli/Alata,TRY,80.0,202500.0,0.006172839506172839,"Цена < 5 000 TRY, Цена < 1% местной медианы, Комнаты не разобраны",исключить,1250.0,есть ≥2 аналога train,без изменений
393361,Daire,510000.0,,+,,,Ankara/Altındağ/Altınpark,TRY,30.0,248500.0,2.052313883299799,Комнаты не разобраны,оставить,510000.0,есть ≥2 аналога train,без изменений
393441,Komple Bina,315000.0,,+,,,Samsun/Çarşamba/Sarıcalı,TRY,3.0,315000.0,1.0,Комнаты не разобраны,оставить,315000.0,есть ≥2 аналога train,без изменений
393496,Komple Bina,450000.0,,+,,,Tekirdağ/Kapaklı/Bahçelievler,TRY,5.0,685000.0,0.656934306569343,Комнаты не разобраны,оставить,450000.0,есть ≥2 аналога train,без изменений
393525,Komple Bina,720000.0,,+,,,Sakarya/Erenler/Dilmen,TRY,1.0,720000.0,,Комнаты не разобраны,оставить,720000.0,аналогов train меньше 2,без изменений
393576,Daire,265000.0,,+,,,Aydın/Didim/Yeni,TRY,1008.0,250000.0,1.06,Комнаты не разобраны,оставить,265000.0,есть ≥2 аналога train,без изменений
393621,Komple Bina,500000.0,,+,,5,Trabzon/Ortahisar/2 Nolu Erdoğdu,TRY,5.0,500000.0,1.0,Комнаты не разобраны,оставить,500000.0,есть ≥2 аналога train,без изменений
393624,Komple Bina,399000.0,200.0,+,,2,Yalova/Merkez/Bayraktepe,TRY,1.0,399000.0,,Комнаты не разобраны,оставить,399000.0,аналогов train меньше 2,без изменений
393647,Komple Bina,1990000.0,340.0,+,,3,Giresun/Görele/Kaba,TRY,1.0,1990000.0,,Комнаты не разобраны,оставить,1990000.0,аналогов train меньше 2,без изменений
393674,Komple Bina,2100000.0,,+,,,Yalova/Çınarcık/Koru Bld. (Hürriyet),TRY,,,,Комнаты не разобраны,оставить,2100000.0,аналогов train меньше 2,без изменений
393679,Komple Bina,200000.0,110.0,+,,3,Samsun/Terme/Fenk,TRY,,,,Комнаты не разобраны,оставить,200000.0,аналогов train меньше 2,без изменений
393699,Çiftlik Evi,23000.0,,+,,,Nevşehir/Ürgüp/Aksalur Salur,TRY,4.0,24000.0,0.9583333333333334,Комнаты не разобраны,оставить,23000.0,есть ≥2 аналога train,без изменений
393723,Daire,210000.0,,+,,,Sivas/Merkez/Küçükminare,TRY,5.0,125000.0,1.68,Комнаты не разобраны,оставить,210000.0,есть ≥2 аналога train,без изменений
393729,Komple Bina,14100000.0,210.0,+,,5,İstanbul/Zeytinburnu/Telsiz,TRY,1.0,1600000.0,,Комнаты не разобраны,оставить,14100000.0,аналогов train меньше 2,без изменений
393730,Daire,430000.0,,+,,,İstanbul/Bahçelievler/Hürriyet,TRY,65.0,410000.0,1.048780487804878,Комнаты не разобраны,оставить,430000.0,есть ≥2 аналога train,без изменений
393777,Komple Bina,340000.0,290.0,+,,2,Balıkesir/Gömeç/Karaağaç,TRY,,,,Комнаты не разобраны,оставить,340000.0,аналогов train меньше 2,без изменений
393781,Komple Bina,1000000.0,,+,,4,Tekirdağ/Kapaklı/Cumhuriyet,TRY,1.0,1000000.0,,Комнаты не разобраны,оставить,1000000.0,аналогов train меньше 2,без изменений
393955,Komple Bina,130000.0,160.0,+,,2,Ordu/Fatsa/Sakarya,TRY,,,,Комнаты не разобраны,оставить,130000.0,аналогов train меньше 2,без изменений
394101,Komple Bina,280000.0,,+,,3,Yalova/Merkez/Gazi Osman Paşa,TRY,,,,Комнаты не разобраны,оставить,280000.0,аналогов train меньше 2,без изменений
394163,Komple Bina,475000.0,90.0,+,,,Sakarya/Adapazarı/Yeni Cami,TRY,,,,Комнаты не разобраны,оставить,475000.0,аналогов train меньше 2,без изменений
394257,Komple Bina,500000.0,,+,,5,Trabzon/Ortahisar/2 Nolu Erdoğdu,TRY,5.0,500000.0,1.0,Комнаты не разобраны,оставить,500000.0,есть ≥2 аналога train,без изменений
394314,Komple Bina,370000.0,288.0,+,,,Ordu/Altınordu/Karşıyaka,TRY,,,,Комнаты не разобраны,оставить,370000.0,аналогов train меньше 2,без изменений
394319,Daire,235.0,,3+1,,,Aydın/Kuşadası/İkiçeşmelik,TRY,399.0,285000.0,0.0008245614035087719,"Цена < 5 000 TRY, Цена < 1% местной медианы",исключить,235.0,есть ≥2 аналога train,без изменений
394395,Komple Bina,180000.0,130.0,+,,,Aydın/Söke/Bağarası,TRY,17.0,180000.0,1.0,Комнаты не разобраны,оставить,180000.0,есть ≥2 аналога train,без изменений
394495,Daire,475000.0,,+,,,Bursa/İnegöl/Olukman,TRY,1.0,475000.0,,Комнаты не разобраны,оставить,475000.0,аналогов train меньше 2,без изменений
394598,Komple Bina,500000.0,,+,,5,Trabzon/Ortahisar/2 Nolu Erdoğdu,TRY,5.0,500000.0,1.0,Комнаты не разобраны,оставить,500000.0,есть ≥2 аналога train,без изменений
394656,Komple Bina,575000.0,,+,,,Muğla/Bodrum/Gümüşlük,TRY,2.0,4087500.0,0.14067278287461774,Комнаты не разобраны,оставить,575000.0,есть ≥2 аналога train,без изменений
394785,Rezidans,450000.0,,+,,,Aydın/Kuşadası/İkiçeşmelik,TRY,170.0,360000.0,1.25,Комнаты не разобраны,оставить,450000.0,есть ≥2 аналога train,без изменений
394810,Komple Bina,1375000.0,280.0,+,,,İstanbul/Kartal/Cevizli,TRY,2.0,4062500.0,0.3384615384615385,Комнаты не разобраны,оставить,1375000.0,есть ≥2 аналога train,без изменений
394859,Komple Bina,3000000.0,50.0,+,,4,İstanbul/Fatih/Ali Kuşçu,TRY,3.0,3000000.0,1.0,Комнаты не разобраны,оставить,3000000.0,есть ≥2 аналога train,без изменений
394872,Komple Bina,370000.0,,+,,,İzmir/Karabağlar/Cennetoğlu,TRY,1.0,370000.0,,Комнаты не разобраны,оставить,370000.0,аналогов train меньше 2,без изменений
394896,Villa,550000.0,,+,,,İstanbul/Büyükçekmece/Güzelce,TRY,30.0,1550000.0,0.3548387096774194,Комнаты не разобраны,оставить,550000.0,есть ≥2 аналога train,без изменений
394911,Daire,170000.0,,+,,,Manisa/Şehzadeler/Tunca,TRY,22.0,320000.0,0.53125,Комнаты не разобраны,оставить,170000.0,есть ≥2 аналога train,без изменений
394963,Komple Bina,130000.0,,+,,,Muğla/Kavaklıdere/Menteşe,TRY,1.0,130000.0,,Комнаты не разобраны,оставить,130000.0,аналогов train меньше 2,без изменений
395048,Komple Bina,1350000.0,,+,,,İstanbul/Sultanbeyli/Battalgazi,TRY,5.0,335000.0,4.029850746268656,Комнаты не разобраны,оставить,1350000.0,есть ≥2 аналога train,без изменений
395176,Komple Bina,5263800.0,1950.0,+,,,İstanbul/Beykoz/Elmalı,USD,1.0,5263800.0,,Комнаты не разобраны,оставить,1000000.0,аналогов train меньше 2,без изменений
395259,Komple Bina,350000.0,,+,,,İzmir/Menemen/Zeytinlik,TRY,1.0,350000.0,,Комнаты не разобраны,оставить,350000.0,аналогов train меньше 2,без изменений
395316,Komple Bina,180000.0,130.0,+,,,Aydın/Söke/Bağarası,TRY,17.0,180000.0,1.0,Комнаты не разобраны,оставить,180000.0,есть ≥2 аналога train,без изменений
395359,Komple Bina,490000.0,,+,,,İstanbul/Ümraniye/Yukarı Dudullu,TRY,,,,Комнаты не разобраны,оставить,490000.0,аналогов train меньше 2,без изменений
395406,Daire,240000.0,10.0,3+1,,,Aksaray/Merkez/Mehmet Akif Ersoy,TRY,12.0,230000.0,1.0434782608695652,Неправдоподобная площадь,оставить,240000.0,есть ≥2 аналога train,площадь → пропуск
395440,Komple Bina,500000.0,,+,,,Kocaeli/Darıca/Kazım Karabekir,TRY,,,,Комнаты не разобраны,оставить,500000.0,аналогов train меньше 2,без изменений
395465,Komple Bina,450000.0,253.0,+,,,Sakarya/Erenler/Küpçüler,TRY,3.0,465000.0,0.967741935483871,Комнаты не разобраны,оставить,450000.0,есть ≥2 аналога train,без изменений
395554,Prefabrik Ev,250000.0,500.0,+,,,İzmir/Menderes/Gümüldür Fevzi Çakmak,TRY,1.0,250000.0,,Комнаты не разобраны,оставить,250000.0,аналогов train меньше 2,без изменений
395696,Çiftlik Evi,810000.0,,+,,,Malatya/Yazıhan/Durucasu,TRY,2.0,1170000.0,0.6923076923076923,Комнаты не разобраны,оставить,810000.0,есть ≥2 аналога train,без изменений
395703,Komple Bina,550000.0,245.0,+,,,Eskişehir/Odunpazarı/Emek,TRY,8.0,747500.0,0.7357859531772575,Комнаты не разобраны,оставить,550000.0,есть ≥2 аналога train,без изменений
395784,Komple Bina,760000.0,115.0,+,,,Eskişehir/Odunpazarı/71 Evler,TRY,4.0,745000.0,1.0201342281879195,Комнаты не разобраны,оставить,760000.0,есть ≥2 аналога train,без изменений
395878,Villa,800000.0,,+,,,Tekirdağ/Çorlu/Hürriyet,TRY,10.0,785000.0,1.019108280254777,Комнаты не разобраны,оставить,800000.0,есть ≥2 аналога train,без изменений
395881,Komple Bina,850000.0,,+,,,Tekirdağ/Çorlu/Havuzlar,TRY,,,,Комнаты не разобраны,оставить,850000.0,аналогов train меньше 2,без изменений
395966,Komple Bina,560000.0,400.0,+,,,Bursa/Yıldırım/Değirmenönü,TRY,,,,Комнаты не разобраны,оставить,560000.0,аналогов train меньше 2,без изменений
396035,Komple Bina,1185000.0,,+,,,İzmir/Bornova/Kızılay,TRY,,,,Комнаты не разобраны,оставить,1185000.0,аналогов train меньше 2,без изменений
396498,Komple Bina,300000.0,,+,,,Gaziantep/Şehitkamil/Aktoprak,TRY,3.0,300000.0,1.0,Комнаты не разобраны,оставить,300000.0,есть ≥2 аналога train,без изменений
396511,Komple Bina,1200000.0,,+,,,İstanbul/Şişli/İnönü,TRY,3.0,1200000.0,1.0,Комнаты не разобраны,оставить,1200000.0,есть ≥2 аналога train,без изменений
396659,Komple Bina,575000.0,,+,,,Kırklareli/Lüleburgaz/Özerler,TRY,,,,Комнаты не разобраны,оставить,575000.0,аналогов train меньше 2,без изменений
396784,Komple Bina,820000.0,,+,,,Sakarya/Adapazarı/Yenidoğan,TRY,,,,Комнаты не разобраны,оставить,820000.0,аналогов train меньше 2,без изменений
396866,Villa,900.0,,2+1,,,Aydın/Kuşadası/Hacıfeyzullah,TRY,7.0,830000.0,0.0010843373493975904,"Цена < 5 000 TRY, Цена < 1% местной медианы",исключить,900.0,есть ≥2 аналога train,без изменений
396916,Komple Bina,6500000.0,,+,,,Muğla/Menteşe/Kötekli,TRY,2.0,4500000.0,1.4444444444444444,Комнаты не разобраны,оставить,6500000.0,есть ≥2 аналога train,без изменений
397026,Komple Bina,160000.0,165.0,+,,,Eskişehir/Tepebaşı/Yeşiltepe,TRY,,,,Комнаты не разобраны,оставить,160000.0,аналогов train меньше 2,без изменений
397044,Komple Bina,4500000.0,420.0,+,,,İstanbul/Üsküdar/Çengelköy,TRY,,,,Комнаты не разобраны,оставить,4500000.0,аналогов train меньше 2,без изменений
397068,Komple Bina,1100000.0,,+,,,Sakarya/Akyazı/Kuzuluk,TRY,2.0,800000.0,1.375,Комнаты не разобраны,оставить,1100000.0,есть ≥2 аналога train,без изменений
397087,Daire,180000.0,,+,,,Samsun/İlkadım/Adalet,TRY,58.0,244000.0,0.7377049180327869,Комнаты не разобраны,оставить,180000.0,есть ≥2 аналога train,без изменений
397169,Komple Bina,575000.0,,+,,,Kırklareli/Lüleburgaz/Özerler,TRY,,,,Комнаты не разобраны,оставить,575000.0,аналогов train меньше 2,без изменений
397184,Komple Bina,180000.0,130.0,+,,,Aydın/Söke/Bağarası,TRY,17.0,180000.0,1.0,Комнаты не разобраны,оставить,180000.0,есть ≥2 аналога train,без изменений
397201,Daire,475000.0,8500.0,4+1,,,Amasya/Suluova/Salucu Köyü,TRY,1.0,475000.0,,Неправдоподобная площадь,оставить,475000.0,аналогов train меньше 2,площадь → пропуск
397217,Komple Bina,180000.0,130.0,+,,,Aydın/Söke/Bağarası,TRY,17.0,180000.0,1.0,Комнаты не разобраны,оставить,180000.0,есть ≥2 аналога train,без изменений
397277,Daire,750.0,,1+1,,,Osmaniye/Merkez/Yıldırım Beyazıt,TRY,9.0,200000.0,0.00375,"Цена < 5 000 TRY, Цена < 1% местной медианы",исключить,750.0,есть ≥2 аналога train,без изменений
397322,Villa,290000.0,1500.0,+,,,Ankara/Gölbaşı/Bahçelievler,TRY,9.0,835000.0,0.3473053892215569,Комнаты не разобраны,оставить,290000.0,есть ≥2 аналога train,без изменений
397372,Müstakil Ev,282084.1,1.0,3+1,,,KKTC/Gazimağusa/Zafer Mh.,GBP,,,,Неправдоподобная площадь,оставить,41000.0,аналогов train меньше 2,площадь → пропуск
397435,Daire,2200.0,,3+1,,,Aydın/Kuşadası/Ege,TRY,709.0,330000.0,0.006666666666666667,"Цена < 5 000 TRY, Цена < 1% местной медианы",исключить,2200.0,есть ≥2 аналога train,без изменений
397449,Komple Bina,400000.0,100.0,+,,,Kocaeli/Başiskele/Yeşilyurt,TRY,3.0,1850000.0,0.21621621621621623,Комнаты не разобраны,оставить,400000.0,есть ≥2 аналога train,без изменений
397452,Daire,1200.0,,3+1,,,İstanbul/Sancaktepe/Abdurrahmangazi,TRY,325.0,239000.0,0.00502092050209205,"Цена < 5 000 TRY, Цена < 1% местной медианы",исключить,1200.0,есть ≥2 аналога train,без изменений
397475,Daire,1000.0,,2+1,,,İstanbul/Sancaktepe/Osmangazi,TRY,320.0,253000.0,0.003952569169960474,"Цена < 5 000 TRY, Цена < 1% местной медианы",исключить,1000.0,есть ≥2 аналога train,без изменений
397480,Daire,150.0,,3+1,,,Tekirdağ/Saray/Ayaspaşa,TRY,3.0,290000.0,0.0005172413793103448,"Цена < 5 000 TRY, Цена < 1% местной медианы",исключить,150.0,есть ≥2 аналога train,без изменений
397556,Villa,900.0,,2+1,,,Aydın/Kuşadası/Hacıfeyzullah,TRY,7.0,830000.0,0.0010843373493975904,"Цена < 5 000 TRY, Цена < 1% местной медианы",исключить,900.0,есть ≥2 аналога train,без изменений
397594,Daire,158.0,,2+1,,,Eskişehir/Tepebaşı/Esentepe,TRY,53.0,195000.0,0.0008102564102564103,"Цена < 5 000 TRY, Цена < 1% местной медианы",исключить,158.0,есть ≥2 аналога train,без изменений
397598,Daire,1000.0,,2+1,,,İzmir/Bergama/Fatih,TRY,42.0,230000.0,0.004347826086956522,"Цена < 5 000 TRY, Цена < 1% местной медианы",исключить,1000.0,есть ≥2 аналога train,без изменений
397600,Daire,195.0,,3+1,,,Kayseri/Melikgazi/Esentepe,TRY,22.0,257500.0,0.0007572815533980582,"Цена < 5 000 TRY, Цена < 1% местной медианы",исключить,195.0,есть ≥2 аналога train,без изменений
397636,Daire,265.0,,4+1,,,Balıkesir/Burhaniye/Bahçelievler,TRY,64.0,212500.0,0.0012470588235294119,"Цена < 5 000 TRY, Цена < 1% местной медианы",исключить,265.0,есть ≥2 аналога train,без изменений
397732,Daire,275000.0,,+,,,İstanbul/Başakşehir/Bahçeşehir 2. Kısım,TRY,287.0,355000.0,0.7746478873239436,Комнаты не разобраны,оставить,275000.0,есть ≥2 аналога train,без изменений
397786,Komple Bina,2500000.0,,+,,,Antalya/Manavgat/Side,TRY,3.0,1100000.0,2.272727272727273,Комнаты не разобраны,оставить,2500000.0,есть ≥2 аналога train,без изменений
397842,Daire,1000.0,140.0,3+1,,,Balıkesir/Erdek/Atatürk,TRY,5.0,280000.0,0.0035714285714285713,"Цена < 5 000 TRY, Цена < 1% местной медианы",исключить,1000.0,есть ≥2 аналога train,без изменений
397899,Daire,836334.3984000001,33172.0,2+1,,,Karaman/Ermenek/Ardıçkaya Köyü,EUR,,,,Неправдоподобная площадь,оставить,139222.0,аналогов train меньше 2,площадь → пропуск
397920,Daire,836334.3984000001,33172.0,2+1,,,Karaman/Ermenek/Ardıçkaya Köyü,EUR,,,,Неправдоподобная площадь,оставить,139222.0,аналогов train меньше 2,площадь → пропуск
397923,Daire,476262.88080000004,61586.0,1+1,,,Antalya/Aksu/Barbaros,USD,4.0,357131.4404,1.3335786965901646,Неправдоподобная площадь,оставить,89922.0,есть ≥2 аналога train,площадь → пропуск
397937,Villa,200000.0,,+,,,Ankara/Sincan/Alcı,TRY,2.0,185000.0,1.0810810810810811,Комнаты не разобраны,оставить,200000.0,есть ≥2 аналога train,без изменений
397943,Daire,300000.0,,+,,,Bolu/Merkez/Alpağut,TRY,8.0,228000.0,1.3157894736842106,Комнаты не разобраны,оставить,300000.0,есть ≥2 аналога train,без изменений
397992,Daire,5.0,,2+1,,,İstanbul/Kağıthane/Sultan Selim,TRY,100.0,150000.0,3.3333333333333335e-05,"Цена < 5 000 TRY, Цена < 1% местной медианы",исключить,5.0,есть ≥2 аналога train,без изменений
398086,Komple Bina,180000.0,130.0,+,,,Aydın/Söke/Bağarası,TRY,17.0,180000.0,1.0,Комнаты не разобраны,оставить,180000.0,есть ≥2 аналога train,без изменений
398093,Komple Bina,3400000.0,2400.0,+,,,Ağrı/Patnos/Alpaslan,TRY,1.0,3400000.0,,Комнаты не разобраны,оставить,3400000.0,аналогов train меньше 2,без изменений
398207,Komple Bina,1150000.0,,+,,,Denizli/Pamukkale/Fesleğen,TRY,4.0,1215000.0,0.9465020576131687,Комнаты не разобраны,оставить,1150000.0,есть ≥2 аналога train,без изменений
398432,Köşk / Konak / Yalı,85000000.0,,10+0,,,İstanbul/Sarıyer/Cumhuriyet,TRY,1.0,85000000.0,,Цена > 50 млн TRY,оставить,85000000.0,аналогов train меньше 2,без изменений
398495,Daire,1400.0,,2+1,,,Samsun/Çarşamba/Kızılot,TRY,,,,Цена < 5 000 TRY,исключить,1400.0,аналогов train меньше 2,без изменений
398586,Daire,222.0,,+,,,Sinop/Merkez/Meydankapı,TRY,6.0,205000.0,0.0010829268292682926,"Цена < 5 000 TRY, Цена < 1% местной медианы, Комнаты не разобраны",исключить,222.0,есть ≥2 аналога train,без изменений
398624,Komple Bina,850000.0,,+,,,Tekirdağ/Çorlu/Havuzlar,TRY,,,,Комнаты не разобраны,оставить,850000.0,аналогов train меньше 2,без изменений
398881,Daire,900.0,,1+1,,,İstanbul/Küçükçekmece/Kanarya,TRY,23.0,395000.0,0.002278481012658228,"Цена < 5 000 TRY, Цена < 1% местной медианы",исключить,900.0,есть ≥2 аналога train,без изменений
398954,Komple Bina,2125000.0,200.0,+,,,Ordu/Ünye/Orta Yılmazlar,TRY,,,,Комнаты не разобраны,оставить,2125000.0,аналогов train меньше 2,без изменений
399277,Daire,1100000.0,,+,,,Samsun/Atakum/Körfez,TRY,485.0,145000.0,7.586206896551724,Комнаты не разобраны,оставить,1100000.0,есть ≥2 аналога train,без изменений
399330,Rezidans,600.0,,3+1,,,Edirne/Uzunköprü/Halise Hatun,TRY,,,,Цена < 5 000 TRY,исключить,600.0,аналогов train меньше 2,без изменений
399331,Komple Bina,850000.0,500.0,+,,,Ankara/Keçiören/Gümüşdere,TRY,1.0,850000.0,,Комнаты не разобраны,оставить,850000.0,аналогов train меньше 2,без изменений
399427,Daire,2512965.2694,870752.0,1+0,,,Manisa/Demirci/Akıncılar,EUR,2.0,2512965.2694,1.0,Неправдоподобная площадь,оставить,423222.0,есть ≥2 аналога train,площадь → пропуск
399432,Daire,6264404.5542,94797.0,1+1,,,Düzce/Çilimli/Arabacı,GBP,,,,Неправдоподобная площадь,оставить,927222.0,аналогов train меньше 2,площадь → пропуск
399445,Çiftlik Evi,25000.0,,+,,,Nevşehir/Ürgüp/Aksalur Salur,TRY,4.0,24000.0,1.0416666666666667,Комнаты не разобраны,оставить,25000.0,есть ≥2 аналога train,без изменений
399454,Daire,185203.6758,69573.0,1+1,,,Denizli/Bekilli/Deşdemir,USD,,,,Неправдоподобная площадь,оставить,34722.0,аналогов train меньше 2,площадь → пропуск
399459,Daire,17000.0,14000.0,1+0,,,Ankara/Akyurt/Atatürk,TRY,6.0,70000.0,0.24285714285714285,Неправдоподобная площадь,оставить,17000.0,есть ≥2 аналога train,площадь → пропуск
399466,Komple Bina,13257250.0,450.0,+,,,İstanbul/Beşiktaş/Bebek,USD,4.0,13257250.0,1.0,Комнаты не разобраны,оставить,2500000.0,есть ≥2 аналога train,без изменений
399469,Daire,436484.8236,68202.0,1+1,,,Sakarya/Akyazı/Ballıkaya,USD,,,,Неправдоподобная площадь,оставить,82922.0,аналогов train меньше 2,площадь → пропуск
399533,Çiftlik Evi,1530000.0,,+,,,Malatya/Yazıhan/Durucasu,TRY,2.0,1170000.0,1.3076923076923077,Комнаты не разобраны,оставить,1530000.0,есть ≥2 аналога train,без изменений
399607,Komple Bina,575000.0,,+,,,Kırklareli/Lüleburgaz/Özerler,TRY,,,,Комнаты не разобраны,оставить,575000.0,аналогов train меньше 2,без изменений
399630,Komple Bina,575000.0,,+,,,Kırklareli/Lüleburgaz/Özerler,TRY,,,,Комнаты не разобраны,оставить,575000.0,аналогов train меньше 2,без изменений
399836,Daire,1200.0,,3+1,,,İstanbul/Sancaktepe/Abdurrahmangazi,TRY,325.0,239000.0,0.00502092050209205,"Цена < 5 000 TRY, Цена < 1% местной медианы",исключить,1200.0,есть ≥2 аналога train,без изменений
399995,Villa,345000.0,4000.0,+,,,Aydın/Kuşadası/İkiçeşmelik,TRY,6.0,385000.0,0.8961038961038961,Комнаты не разобраны,оставить,345000.0,есть ≥2 аналога train,без изменений
400164,Villa,5278100.0,,+,,,İzmir/Çeşme/Musalla,USD,12.0,2950000.0,1.789186440677966,Комнаты не разобраны,оставить,1000000.0,есть ≥2 аналога train,без изменений
400251,Komple Bina,400000.0,,+,,,Kocaeli/İzmit/Yeşilova,TRY,2.0,400000.0,1.0,Комнаты не разобраны,оставить,400000.0,есть ≥2 аналога train,без изменений
400331,Komple Bina,400000.0,,+,,,Kocaeli/İzmit/Yeşilova,TRY,2.0,400000.0,1.0,Комнаты не разобраны,оставить,400000.0,есть ≥2 аналога train,без изменений
400359,Daire,1000.0,,2+1,,,İstanbul/Sancaktepe/Osmangazi,TRY,320.0,253000.0,0.003952569169960474,"Цена < 5 000 TRY, Цена < 1% местной медианы",исключить,1000.0,есть ≥2 аналога train,без изменений
400494,Komple Bina,180000.0,130.0,+,,,Aydın/Söke/Bağarası,TRY,17.0,180000.0,1.0,Комнаты не разобраны,оставить,180000.0,есть ≥2 аналога train,без изменений
400516,Komple Bina,180000.0,130.0,+,,,Aydın/Söke/Bağarası,TRY,17.0,180000.0,1.0,Комнаты не разобраны,оставить,180000.0,есть ≥2 аналога train,без изменений
400616,Komple Bina,300000.0,,+,,,Gaziantep/Şehitkamil/Aktoprak,TRY,3.0,300000.0,1.0,Комнаты не разобраны,оставить,300000.0,есть ≥2 аналога train,без изменений
400777,Daire,5.0,,2+1,,,İstanbul/Kağıthane/Sultan Selim,TRY,100.0,150000.0,3.3333333333333335e-05,"Цена < 5 000 TRY, Цена < 1% местной медианы",исключить,5.0,есть ≥2 аналога train,без изменений
400781,Daire,5.0,,2+1,,,İstanbul/Kağıthane/Sultan Selim,TRY,100.0,150000.0,3.3333333333333335e-05,"Цена < 5 000 TRY, Цена < 1% местной медианы",исключить,5.0,есть ≥2 аналога train,без изменений
400842,Daire,270000.0,,+,,,İstanbul/Esenyurt/İncirtepe,TRY,235.0,190000.0,1.4210526315789473,Комнаты не разобраны,оставить,270000.0,есть ≥2 аналога train,без изменений
401011,Daire,2312268.9207,30164.0,2+1,,,Konya/Bozkır/Aydınkışla,EUR,,,,Неправдоподобная площадь,оставить,383213.0,аналогов train меньше 2,площадь → пропуск
401029,Daire,75000.0,8239.0,1+0,,,Düzce/Merkez/Karadere Hasanağa Köyü,TRY,1.0,75000.0,,Неправдоподобная площадь,оставить,75000.0,аналогов train меньше 2,площадь → пропуск
401089,Komple Bina,850000.0,,+,,,Tekirdağ/Çorlu/Havuzlar,TRY,,,,Комнаты не разобраны,оставить,850000.0,аналогов train меньше 2,без изменений
401231,Daire,2200.0,,3+1,,,Aydın/Kuşadası/Ege,TRY,709.0,330000.0,0.006666666666666667,"Цена < 5 000 TRY, Цена < 1% местной медианы",исключить,2200.0,есть ≥2 аналога train,без изменений
401266,Komple Bina,1250000.0,,+,,,İstanbul/Silivri/Piri Mehmet Paşa,TRY,6.0,1300000.0,0.9615384615384616,Комнаты не разобраны,оставить,1250000.0,есть ≥2 аналога train,без изменений
401313,Daire,9900000.0,230.0,2+2,,,İstanbul/Fatih/Alemdar,TRY,16.0,325000.0,30.46153846153846,Цена > 20 местных медиан,исключить,9900000.0,есть ≥2 аналога train,без изменений
401331,Komple Bina,2500000.0,,+,,,Antalya/Manavgat/Side,TRY,3.0,1100000.0,2.272727272727273,Комнаты не разобраны,оставить,2500000.0,есть ≥2 аналога train,без изменений
401363,Komple Bina,300000.0,182.0,+,,,Samsun/İlkadım/Derebahçe,TRY,,,,Комнаты не разобраны,оставить,300000.0,аналогов train меньше 2,без изменений
401423,Daire,2908513.218,394369.0,1+1,,,Artvin/Merkez/Bağcılar Köyü,EUR,,,,Неправдоподобная площадь,оставить,483222.0,аналогов train меньше 2,площадь → пропуск
401472,Komple Bina,2250000.0,,+,,,İstanbul/Küçükçekmece/Mehmet Akif,TRY,1.0,2250000.0,,Комнаты не разобраны,оставить,2250000.0,аналогов train меньше 2,без изменений
401527,Daire,6200000.0,250.0,2+1,,,Antalya/Kepez/Ahatlı,TRY,117.0,208000.0,29.807692307692307,Цена > 20 местных медиан,исключить,6200000.0,есть ≥2 аналога train,без изменений
401540,Daire,175.0,,+,,,Antalya/Alanya/Mahmutlar,TRY,581.0,277000.0,0.000631768953068592,"Цена < 5 000 TRY, Цена < 1% местной медианы, Комнаты не разобраны",исключить,175.0,есть ≥2 аналога train,без изменений
401581,Komple Bina,1280000.0,,+,,,Denizli/Pamukkale/Fesleğen,TRY,4.0,1215000.0,1.0534979423868314,Комнаты не разобраны,оставить,1280000.0,есть ≥2 аналога train,без изменений
401729,Daire,4108113.8545999997,76169.0,2+1,,,Giresun/Çanakçı/Orta,GBP,2.0,4108113.8545999997,1.0,Неправдоподобная площадь,оставить,608222.0,есть ≥2 аналога train,площадь → пропуск
401782,Daire,92000.0,,+,,,Konya/Akşehir/Seyran,TRY,17.0,205000.0,0.44878048780487806,Комнаты не разобраны,оставить,92000.0,есть ≥2 аналога train,без изменений
401823,Komple Bina,455000.0,200.0,+,,,Aksaray/Merkez/Yavuz Sultan Selim,TRY,,,,Комнаты не разобраны,оставить,455000.0,аналогов train меньше 2,без изменений
401955,Komple Bina,300000.0,182.0,+,,,Samsun/İlkadım/Derebahçe,TRY,,,,Комнаты не разобраны,оставить,300000.0,аналогов train меньше 2,без изменений
401997,Komple Bina,180000.0,130.0,+,,,Aydın/Söke/Bağarası,TRY,17.0,180000.0,1.0,Комнаты не разобраны,оставить,180000.0,есть ≥2 аналога train,без изменений
402037,Daire,1000.0,110.0,2+1,,,Mersin/Mezitli/Viranşehir,TRY,232.0,219000.0,0.0045662100456621,"Цена < 5 000 TRY, Цена < 1% местной медианы",исключить,1000.0,есть ≥2 аналога train,без изменений
402062,Komple Bina,700000.0,,+,,,İzmir/Menemen/Yeşil Pınar,TRY,2.0,700000.0,1.0,Комнаты не разобраны,оставить,700000.0,есть ≥2 аналога train,без изменений
402210,Daire,190000.0,,+,,,İstanbul/Bakırköy/Yeşilköy,TRY,81.0,2650000.0,0.07169811320754717,Комнаты не разобраны,оставить,190000.0,есть ≥2 аналога train,без изменений
402219,Komple Bina,1198000.0,,+,,,Eskişehir/Odunpazarı/Emek,TRY,8.0,747500.0,1.602675585284281,Комнаты не разобраны,оставить,1198000.0,есть ≥2 аналога train,без изменений
402285,Daire,5678567.0,231.0,2+1,,,İstanbul/Avcılar/Cihangir,TRY,470.0,249000.0,22.805489959839356,Цена > 20 местных медиан,исключить,5678567.0,есть ≥2 аналога train,без изменений
402332,Komple Bina,585000.0,450.0,+,,,Bursa/Yıldırım/Değirmenönü,TRY,,,,Комнаты не разобраны,оставить,585000.0,аналогов train меньше 2,без изменений
402338,Daire,273000.0,,+,,,Sivas/Merkez/Şeyh Şamil,TRY,19.0,235000.0,1.1617021276595745,Комнаты не разобраны,оставить,273000.0,есть ≥2 аналога train,без изменений
402344,Daire,1650.0,190.0,4+1,,,Aydın/Efeler/Girne,TRY,114.0,250000.0,0.0066,"Цена < 5 000 TRY, Цена < 1% местной медианы",исключить,1650.0,есть ≥2 аналога train,без изменений
402348,Komple Bina,1750000.0,,+,,,İstanbul/Fatih/Balat,TRY,7.0,1750000.0,1.0,Комнаты не разобраны,оставить,1750000.0,есть ≥2 аналога train,без изменений
402383,Prefabrik Ev,8250.0,14.0,1+0,,,Antalya/Kepez/Habibler,TRY,9.0,13000.0,0.6346153846153846,Неправдоподобная площадь,оставить,8250.0,есть ≥2 аналога train,площадь → пропуск
402392,Müstakil Ev,82.0,,4+2,,,Osmaniye/Merkez/Mareşal Fevzi Çakmak,TRY,11.0,200000.0,0.00041,"Цена < 5 000 TRY, Цена < 1% местной медианы",исключить,82.0,есть ≥2 аналога train,без изменений
402431,Komple Bina,1400000.0,120.0,+,,,İstanbul/Bağcılar/Güneşli,TRY,1.0,1400000.0,,Комнаты не разобраны,оставить,1400000.0,аналогов train меньше 2,без изменений
402508,Komple Bina,2100000.0,,+,,,Yalova/Çınarcık/Koru Bld. (Hürriyet),TRY,,,,Комнаты не разобраны,оставить,2100000.0,аналогов train меньше 2,без изменений
402572,Müstakil Ev,1400.0,,3+1,,,İstanbul/Çatalca/Çanakça,TRY,3.0,210000.0,0.006666666666666667,"Цена < 5 000 TRY, Цена < 1% местной медианы",исключить,1400.0,есть ≥2 аналога train,без изменений
402578,Rezidans,1700000.0,,+,,,İstanbul/Sarıyer/Maslak,TRY,164.0,1500000.0,1.1333333333333333,Комнаты не разобраны,оставить,1700000.0,есть ≥2 аналога train,без изменений
402723,Villa,690000.0,,+,,,İzmir/Menemen/9 Eylül,TRY,,,,Комнаты не разобраны,оставить,690000.0,аналогов train меньше 2,без изменений
402768,Komple Bina,375000.0,90.0,+,,,İstanbul/Sultanbeyli/Mehmet Akif,TRY,1.0,885000.0,,Комнаты не разобраны,оставить,375000.0,аналогов train меньше 2,без изменений
402826,Daire,185203.6758,69573.0,1+1,,,Denizli/Bekilli/Deşdemir,USD,,,,Неправдоподобная площадь,оставить,34722.0,аналогов train меньше 2,площадь → пропуск
403048,Komple Bina,550000.0,95.0,+,,,Ordu/Altınordu/Akyazı,TRY,2.0,550000.0,1.0,Комнаты не разобраны,оставить,550000.0,есть ≥2 аналога train,без изменений
403198,Komple Bina,750000.0,,+,,,Sakarya/Erenler/Bağlar,TRY,,,,Комнаты не разобраны,оставить,750000.0,аналогов train меньше 2,без изменений
403212,Müstakil Ev,300000.0,,+,,,Samsun/Atakum/Kamalı,TRY,1.0,300000.0,,Комнаты не разобраны,оставить,300000.0,аналогов train меньше 2,без изменений
403232,Çiftlik Evi,175000.0,,+,,,Kayseri/İncesu/Sultansazı OSB,TRY,2.0,165000.0,1.0606060606060606,Комнаты не разобраны,оставить,175000.0,есть ≥2 аналога train,без изменений
403252,Daire,250000.0,,+,,,Mersin/Silifke/Atakent,TRY,81.0,165000.0,1.5151515151515151,Комнаты не разобраны,оставить,250000.0,есть ≥2 аналога train,без изменений
403366,Daire,31234123.0,90.0,2+1,,,İstanbul/Sarıyer/Zekeriyaköy,TRY,20.0,987500.0,31.62949164556962,Цена > 20 местных медиан,исключить,31234123.0,есть ≥2 аналога train,без изменений
403376,Komple Bina,1150061.0,70.0,+,,,Trabzon/Ortahisar/Konaklar,TRY,5.0,1250000.0,0.9200488,Комнаты не разобраны,оставить,1150061.0,есть ≥2 аналога train,без изменений
403401,Müstakil Ev,650000.0,,+,,,Aydın/Didim/Çamlık,TRY,19.0,550000.0,1.1818181818181819,Комнаты не разобраны,оставить,650000.0,есть ≥2 аналога train,без изменений
