id,sub_type,price,size,room_count,floor_no,total_floor_count,address,original_currency,price_original,price_below_1000,price_above_50m,area_below_15,area_above_3000,area_above_100000,floor_above_building,rooms_unparsed,end_before_start,tom_negative,Причины,Решение,Действие,Часть до исключения
392157,Daire,2000000000.0,,+,,,Mersin/Toroslar/Mithat Toroğlu,TRY,2000000000.0,False,True,False,False,False,False,True,False,False,"Цена выше 50 млн TRY, Комнаты не разобраны",исключить,не использовать для обучения и оценки,validation
113167,Daire,950.0,134.0,3+1,10,,Ankara/Etimesgut/30 Ağustos,TRY,950.0,True,False,False,False,False,False,False,False,False,Цена ниже 1 000 TRY,исключить,не использовать для обучения и оценки,train
273932,Daire,950.0,130.0,3+1,2,4,Amasya/Merkez/Şeyhcui,TRY,950.0,True,False,False,False,False,False,False,False,False,Цена ниже 1 000 TRY,исключить,не использовать для обучения и оценки,train
312087,Daire,950.0,95.0,1+1,4,10,İstanbul/Sancaktepe/Osmangazi,TRY,950.0,True,False,False,False,False,False,False,False,False,Цена ниже 1 000 TRY,исключить,не использовать для обучения и оценки,validation
312229,Daire,950.0,95.0,1+1,4,10,İstanbul/Sancaktepe/Osmangazi,TRY,950.0,True,False,False,False,False,False,False,False,False,Цена ниже 1 000 TRY,исключить,не использовать для обучения и оценки,validation
380714,Daire,950.0,,3+1,,3,Kocaeli/Gölcük/Piyalepaşa,TRY,950.0,True,False,False,False,False,False,False,False,False,Цена ниже 1 000 TRY,исключить,не использовать для обучения и оценки,validation
99384,Daire,900.0,,1+1,Bahçe katı,3,İstanbul/Küçükçekmece/Gültepe,TRY,900.0,True,False,False,False,False,False,False,False,False,Цена ниже 1 000 TRY,исключить,не использовать для обучения и оценки,train
147210,Daire,900.0,80.0,2+1,Yüksek Giriş,3,İzmir/Menderes/Kemalpaşa,TRY,900.0,True,False,False,False,False,False,False,False,False,Цена ниже 1 000 TRY,исключить,не использовать для обучения и оценки,train
158439,Daire,900.0,,3+1,1,3,Aksaray/Merkez/Çerdiğin,TRY,900.0,True,False,False,False,False,False,False,False,False,Цена ниже 1 000 TRY,исключить,не использовать для обучения и оценки,train
230468,Daire,900.0,85.0,2+1,4,5,İstanbul/Esenyurt/Güzelyurt,TRY,900.0,True,False,False,False,False,False,False,False,False,Цена ниже 1 000 TRY,исключить,не использовать для обучения и оценки,train
271531,Daire,900.0,,2+1,2,4,Kocaeli/Çayırova/Atatürk,TRY,900.0,True,False,False,False,False,False,False,False,False,Цена ниже 1 000 TRY,исключить,не использовать для обучения и оценки,train
276595,Daire,900.0,,2+1,2,4,Kocaeli/Çayırova/Atatürk,TRY,900.0,True,False,False,False,False,False,False,False,False,Цена ниже 1 000 TRY,исключить,не использовать для обучения и оценки,train
286599,Daire,900.0,95.0,2+1,2,5,İstanbul/Çekmeköy/Aydınlar,TRY,900.0,True,False,False,False,False,False,False,False,False,Цена ниже 1 000 TRY,исключить,не использовать для обучения и оценки,train
290305,Daire,900.0,,3+1,2,6,Ankara/Yenimahalle/Demetlale,TRY,900.0,True,False,False,False,False,False,False,False,False,Цена ниже 1 000 TRY,исключить,не использовать для обучения и оценки,test
336330,Daire,900.0,,2+1,2,5,Bursa/Mudanya/Ömerbey,TRY,900.0,True,False,False,False,False,False,False,False,False,Цена ниже 1 000 TRY,исключить,не использовать для обучения и оценки,train
396866,Villa,900.0,,2+1,,,Aydın/Kuşadası/Hacıfeyzullah,TRY,900.0,True,False,False,False,False,False,False,False,False,Цена ниже 1 000 TRY,исключить,не использовать для обучения и оценки,train
397556,Villa,900.0,,2+1,,,Aydın/Kuşadası/Hacıfeyzullah,TRY,900.0,True,False,False,False,False,False,False,False,False,Цена ниже 1 000 TRY,исключить,не использовать для обучения и оценки,train
398881,Daire,900.0,,1+1,,,İstanbul/Küçükçekmece/Kanarya,TRY,900.0,True,False,False,False,False,False,False,False,False,Цена ниже 1 000 TRY,исключить,не использовать для обучения и оценки,train
138084,Daire,890.0,,1+1,Giriş Katı,5,Samsun/Atakum/Körfez,TRY,890.0,True,False,False,False,False,False,False,False,False,Цена ниже 1 000 TRY,исключить,не использовать для обучения и оценки,train
14881,Daire,850.0,120.0,3+1,7,8,Rize/Merkez/Tophane,TRY,850.0,True,False,False,False,False,False,False,False,False,Цена ниже 1 000 TRY,исключить,не использовать для обучения и оценки,train
51153,Daire,850.0,,2+1,2,4,Antalya/Muratpaşa/Gebizli,TRY,850.0,True,False,False,False,False,False,False,False,False,Цена ниже 1 000 TRY,исключить,не использовать для обучения и оценки,train
223566,Daire,850.0,110.0,3+1,4,5,İstanbul/Pendik/Güzelyalı,TRY,850.0,True,False,False,False,False,False,False,False,False,Цена ниже 1 000 TRY,исключить,не использовать для обучения и оценки,train
269833,Daire,850.0,,3+1,2,3,Ankara/Altındağ/Ziraat,TRY,850.0,True,False,False,False,False,False,False,False,False,Цена ниже 1 000 TRY,исключить,не использовать для обучения и оценки,test
6596,Villa,831.2624999999999,75.0,2+1,,2,Aydın/Didim/Akbük,EUR,135.0,True,False,False,False,False,False,False,False,False,Цена ниже 1 000 TRY,исключить,не использовать для обучения и оценки,train
14304,Daire,800.0,105.0,3+1,Yüksek Giriş,3,Bursa/Gemlik/Hamidiye,TRY,800.0,True,False,False,False,False,False,False,False,False,Цена ниже 1 000 TRY,исключить,не использовать для обучения и оценки,train
50558,Daire,800.0,,3+1,3,4,Adana/Yüreğir/Kışla,TRY,800.0,True,False,False,False,False,False,False,False,False,Цена ниже 1 000 TRY,исключить,не использовать для обучения и оценки,train
61261,Daire,800.0,100.0,2+1,Kot 2,5,Muğla/Ortaca/Terzialiler,TRY,800.0,True,False,False,False,False,False,False,False,False,Цена ниже 1 000 TRY,исключить,не использовать для обучения и оценки,validation
61326,Daire,800.0,100.0,2+1,Kot 2,5,Muğla/Ortaca/Terzialiler,TRY,800.0,True,False,False,False,False,False,False,False,False,Цена ниже 1 000 TRY,исключить,не использовать для обучения и оценки,validation
105391,Komple Bina,800.0,65.0,1+1,,4,Balıkesir/Bandırma/600 Evler,TRY,800.0,True,False,False,False,False,False,False,False,False,Цена ниже 1 000 TRY,исключить,не использовать для обучения и оценки,validation
109361,Komple Bina,800.0,65.0,1+1,,4,Balıkesir/Bandırma/600 Evler,TRY,800.0,True,False,False,False,False,False,False,False,False,Цена ниже 1 000 TRY,исключить,не использовать для обучения и оценки,validation
135368,Daire,800.0,80.0,2+1,Giriş Katı,2,Ankara/Çankaya/Murat,TRY,800.0,True,False,False,False,False,False,False,False,False,Цена ниже 1 000 TRY,исключить,не использовать для обучения и оценки,train
138717,Daire,800.0,,3+1,Giriş Katı,5,Bursa/Mudanya/Altıntaş,TRY,800.0,True,False,False,False,False,False,False,False,False,Цена ниже 1 000 TRY,исключить,не использовать для обучения и оценки,test
174421,Daire,800.0,,2+1,1,5,Malatya/Battalgazi/Hacı Abdi,TRY,800.0,True,False,False,False,False,False,False,False,False,Цена ниже 1 000 TRY,исключить,не использовать для обучения и оценки,test
175451,Daire,800.0,90.0,3+1,1,2,Ankara/Altındağ/Aydınlıkevler,TRY,800.0,True,False,False,False,False,False,False,False,False,Цена ниже 1 000 TRY,исключить,не использовать для обучения и оценки,train
235609,Daire,800.0,,2+1,4,4,İstanbul/Pendik/Ahmet Yesevi,TRY,800.0,True,False,False,False,False,False,False,False,False,Цена ниже 1 000 TRY,исключить,не использовать для обучения и оценки,train
248872,Daire,800.0,80.0,2+1,5,6,Kocaeli/Karamürsel/4 Temmuz,TRY,800.0,True,False,False,False,False,False,False,False,False,Цена ниже 1 000 TRY,исключить,не использовать для обучения и оценки,train
266387,Daire,800.0,120.0,3+1,2,3,Ankara/Altındağ/Yıldıztepe,TRY,800.0,True,False,False,False,False,False,False,False,False,Цена ниже 1 000 TRY,исключить,не использовать для обучения и оценки,train
303996,Daire,800.0,55.0,1+1,Kot 3,5,Aydın/Söke/Yenikent,TRY,800.0,True,False,False,False,False,False,False,False,False,Цена ниже 1 000 TRY,исключить,не использовать для обучения и оценки,train
333801,Daire,800.0,156.0,3+1,2,5,Denizli/Merkezefendi/Şemikler,TRY,800.0,True,False,False,False,False,False,False,False,False,Цена ниже 1 000 TRY,исключить,не использовать для обучения и оценки,train
389351,Villa,800.0,,3+1,,3,İzmir/Urla/Kalabak,TRY,800.0,True,False,False,False,False,False,False,False,False,Цена ниже 1 000 TRY,исключить,не использовать для обучения и оценки,test
18818,Villa,750.0,,3+1,Kot 3,1,İzmir/Urla/İskele,TRY,750.0,True,False,False,False,False,False,False,False,False,Цена ниже 1 000 TRY,исключить,не использовать для обучения и оценки,train
101827,Daire,750.0,165.0,3+1,,,Adıyaman/Merkez/Turgut Reis,TRY,750.0,True,False,False,False,False,False,False,False,False,Цена ниже 1 000 TRY,исключить,не использовать для обучения и оценки,train
120662,Daire,750.0,,3+1,Kot 2,4,Isparta/Merkez/Ayazmana,TRY,750.0,True,False,False,False,False,False,False,False,False,Цена ниже 1 000 TRY,исключить,не использовать для обучения и оценки,train
121693,Daire,750.0,100.0,3+1,Kot 2,3,Kocaeli/İzmit/Tepeköy,TRY,750.0,True,False,False,False,False,False,False,False,False,Цена ниже 1 000 TRY,исключить,не использовать для обучения и оценки,train
158763,Daire,750.0,,1+1,1,3,Denizli/Pamukkale/15 Mayıs,TRY,750.0,True,False,False,False,False,False,False,False,False,Цена ниже 1 000 TRY,исключить,не использовать для обучения и оценки,train
170300,Daire,750.0,,2+1,1,5,Ankara/Etimesgut/İstasyon,TRY,750.0,True,False,False,False,False,False,False,False,False,Цена ниже 1 000 TRY,исключить,не использовать для обучения и оценки,train
172608,Daire,750.0,,2+1,1,5,Ankara/Etimesgut/İstasyon,TRY,750.0,True,False,False,False,False,False,False,False,False,Цена ниже 1 000 TRY,исключить,не использовать для обучения и оценки,train
193479,Daire,750.0,150.0,3+1,3,8,Kahramanmaraş/Onikişubat/Hürriyet,TRY,750.0,True,False,False,False,False,False,False,False,False,Цена ниже 1 000 TRY,исключить,не использовать для обучения и оценки,validation
194330,Daire,750.0,117.0,3+1,3,5,Ankara/Etimesgut/Güzelkent,TRY,750.0,True,False,False,False,False,False,False,False,False,Цена ниже 1 000 TRY,исключить,не использовать для обучения и оценки,train
218639,Daire,750.0,117.0,3+1,3,5,Ankara/Etimesgut/Güzelkent,TRY,750.0,True,False,False,False,False,False,False,False,False,Цена ниже 1 000 TRY,исключить,не использовать для обучения и оценки,train
230735,Daire,750.0,,3+1,4,4,Manisa/Turgutlu/Bozkurt,TRY,750.0,True,False,False,False,False,False,False,False,False,Цена ниже 1 000 TRY,исключить,не использовать для обучения и оценки,train
353404,Daire,750.0,,2+1,2,2,İzmir/Buca/Yıldız,TRY,750.0,True,False,False,False,False,False,False,False,False,Цена ниже 1 000 TRY,исключить,не использовать для обучения и оценки,test
374544,Müstakil Ev,750.0,95.0,2+1,1,1,Balıkesir/Edremit/Tuzcumurat,TRY,750.0,True,False,False,False,False,False,False,False,False,Цена ниже 1 000 TRY,исключить,не использовать для обучения и оценки,train
397277,Daire,750.0,,1+1,,,Osmaniye/Merkez/Yıldırım Beyazıt,TRY,750.0,True,False,False,False,False,False,False,False,False,Цена ниже 1 000 TRY,исключить,не использовать для обучения и оценки,validation
230065,Daire,720.0,130.0,3+1,4,4,Malatya/Battalgazi/Hacı Abdi,TRY,720.0,True,False,False,False,False,False,False,False,False,Цена ниже 1 000 TRY,исключить,не использовать для обучения и оценки,train
137112,Daire,700.0,,1+1,Giriş Katı,4,Çanakkale/Biga/Sakarya,TRY,700.0,True,False,False,False,False,False,False,False,False,Цена ниже 1 000 TRY,исключить,не использовать для обучения и оценки,validation
73376,Daire,650.0,,2+1,3,3,Mersin/Toroslar/Sağlık,TRY,650.0,True,False,False,False,False,False,False,False,False,Цена ниже 1 000 TRY,исключить,не использовать для обучения и оценки,train
281326,Daire,650.0,,3+1,2,5,Kütahya/Merkez/Akkent,TRY,650.0,True,False,False,False,False,False,False,False,False,Цена ниже 1 000 TRY,исключить,не использовать для обучения и оценки,test
281482,Daire,650.0,,3+1,2,5,Kütahya/Merkez/Akkent,TRY,650.0,True,False,False,False,False,False,False,False,False,Цена ниже 1 000 TRY,исключить,не использовать для обучения и оценки,test
281549,Daire,650.0,,3+1,2,5,Kütahya/Merkez/Akkent,TRY,650.0,True,False,False,False,False,False,False,False,False,Цена ниже 1 000 TRY,исключить,не использовать для обучения и оценки,test
300177,Daire,650.0,160.0,3+1,9,10-20 arası,Kayseri/Talas/Mevlana,TRY,650.0,True,False,False,False,False,False,False,False,False,Цена ниже 1 000 TRY,исключить,не использовать для обучения и оценки,test
376002,Villa,650.0,,3+2,Komple,2,Bursa/Kestel/Kale,TRY,650.0,True,False,False,False,False,False,False,False,False,Цена ниже 1 000 TRY,исключить,не использовать для обучения и оценки,train
70625,Daire,600.0,105.0,2+1,Yüksek Giriş,4,Antalya/Manavgat/Sarılar,TRY,600.0,True,False,False,False,False,False,False,False,False,Цена ниже 1 000 TRY,исключить,не использовать для обучения и оценки,train
135909,Daire,600.0,125.0,2+1,Giriş Katı,4,Malatya/Battalgazi/Hacı Abdi,TRY,600.0,True,False,False,False,False,False,False,False,False,Цена ниже 1 000 TRY,исключить,не использовать для обучения и оценки,train
178671,Daire,600.0,141.0,+,1,3,Ankara/Pursaklar/Saray Cumhuriyet,TRY,600.0,True,False,False,False,False,False,True,False,False,"Цена ниже 1 000 TRY, Комнаты не разобраны",исключить,не использовать для обучения и оценки,train
208365,Daire,600.0,,3+1,3,3,Ankara/Mamak/Tuzluçayır,TRY,600.0,True,False,False,False,False,False,False,False,False,Цена ниже 1 000 TRY,исключить,не использовать для обучения и оценки,validation
236361,Daire,600.0,145.0,3+1,4,4,Malatya/Battalgazi/Hacı Abdi,TRY,600.0,True,False,False,False,False,False,False,False,False,Цена ниже 1 000 TRY,исключить,не использовать для обучения и оценки,train
248069,Daire,600.0,,3+1,5,6,Sivas/Merkez/Ece,TRY,600.0,True,False,False,False,False,False,False,False,False,Цена ниже 1 000 TRY,исключить,не использовать для обучения и оценки,validation
356521,Daire,600.0,,3+1,Kot 3,5,Aydın/Söke/Çeltikçi,TRY,600.0,True,False,False,False,False,False,False,False,False,Цена ниже 1 000 TRY,исключить,не использовать для обучения и оценки,train
374916,Daire,600.0,,3+1,2,7,Diyarbakır/Ergani/Sanayi,TRY,600.0,True,False,False,False,False,False,False,False,False,Цена ниже 1 000 TRY,исключить,не использовать для обучения и оценки,train
385836,Daire,600.0,,+,,,Antalya/Alanya/Mahmutlar,TRY,600.0,True,False,False,False,False,False,True,False,False,"Цена ниже 1 000 TRY, Комнаты не разобраны",исключить,не использовать для обучения и оценки,train
399330,Rezidans,600.0,,3+1,,,Edirne/Uzunköprü/Halise Hatun,TRY,600.0,True,False,False,False,False,False,False,False,False,Цена ниже 1 000 TRY,исключить,не использовать для обучения и оценки,train
206625,Daire,550.0,,2+1,3,3,Kütahya/Merkez/Yunusemre,TRY,550.0,True,False,False,False,False,False,False,False,False,Цена ниже 1 000 TRY,исключить,не использовать для обучения и оценки,train
251901,Daire,550.0,,3+1,5,5,Ankara/Keçiören/Kafkas,TRY,550.0,True,False,False,False,False,False,False,False,False,Цена ниже 1 000 TRY,исключить,не использовать для обучения и оценки,train
348963,Daire,500.0,,2+1,En Üst Kat,5,Trabzon/Ortahisar/1 Nolu Erdoğdu,TRY,500.0,True,False,False,False,False,False,False,False,False,Цена ниже 1 000 TRY,исключить,не использовать для обучения и оценки,validation
377764,Villa,500.0,,2+2,,2,Yalova/Çiftlikköy/Taşköprü Bld. (Taşköprü Yeni),TRY,500.0,True,False,False,False,False,False,False,False,False,Цена ниже 1 000 TRY,исключить,не использовать для обучения и оценки,train
384654,Komple Bina,500.0,,+,,6,İstanbul/Bakırköy/Kartaltepe,TRY,500.0,True,False,False,False,False,False,True,False,False,"Цена ниже 1 000 TRY, Комнаты не разобраны",исключить,не использовать для обучения и оценки,test
392008,Daire,500.0,130.0,3+1,,,İstanbul/Şişli/Mecidiyeköy,TRY,500.0,True,False,False,False,False,False,False,False,False,Цена ниже 1 000 TRY,исключить,не использовать для обучения и оценки,train
232739,Daire,485.0,,5+1,4,4,Gaziantep/Şahinbey/23 Nisan,TRY,485.0,True,False,False,False,False,False,False,False,False,Цена ниже 1 000 TRY,исключить,не использовать для обучения и оценки,test
51543,Daire,475.0,140.0,4+1,Bahçe katı,3,İzmir/Dikili/Gazipaşa,TRY,475.0,True,False,False,False,False,False,False,False,False,Цена ниже 1 000 TRY,исключить,не использовать для обучения и оценки,train
123219,Daire,470.0,90.0,2+1,Kot 3,5,İstanbul/Üsküdar/Cumhuriyet,TRY,470.0,True,False,False,False,False,False,False,False,False,Цена ниже 1 000 TRY,исключить,не использовать для обучения и оценки,validation
102815,Daire,450.0,299.0,6+2,En Üst Kat,5,Zonguldak/Ereğli/Müftü,TRY,450.0,True,False,False,False,False,False,False,False,False,Цена ниже 1 000 TRY,исключить,не использовать для обучения и оценки,train
247751,Daire,450.0,300.0,6+2,5,6,Zonguldak/Ereğli/Müftü,TRY,450.0,True,False,False,False,False,False,False,False,False,Цена ниже 1 000 TRY,исключить,не использовать для обучения и оценки,train
310272,Daire,450.0,95.0,2+1,1,10,İstanbul/Pendik/Güllü Bağlar,TRY,450.0,True,False,False,False,False,False,False,False,False,Цена ниже 1 000 TRY,исключить,не использовать для обучения и оценки,validation
342707,Daire,420.0,,3+1,13,10-20 arası,İstanbul/Esenyurt/Zafer,TRY,420.0,True,False,False,False,False,False,False,False,False,Цена ниже 1 000 TRY,исключить,не использовать для обучения и оценки,train
253745,Daire,415.0,155.0,4+1,6,10-20 arası,Ankara/Altındağ/Yıldıztepe,TRY,415.0,True,False,False,False,False,False,False,False,False,Цена ниже 1 000 TRY,исключить,не использовать для обучения и оценки,train
257244,Daire,415.0,155.0,4+1,6,10-20 arası,Ankara/Altındağ/Yıldıztepe,TRY,415.0,True,False,False,False,False,False,False,False,False,Цена ниже 1 000 TRY,исключить,не использовать для обучения и оценки,train
226192,Daire,400.0,,4+1,4,4,Kocaeli/Karamürsel/4 Temmuz,TRY,400.0,True,False,False,False,False,False,False,False,False,Цена ниже 1 000 TRY,исключить,не использовать для обучения и оценки,train
239128,Daire,400.0,,4+1,4,4,Kocaeli/Karamürsel/4 Temmuz,TRY,400.0,True,False,False,False,False,False,False,False,False,Цена ниже 1 000 TRY,исключить,не использовать для обучения и оценки,train
193980,Daire,385.0,115.0,2+1,3,5,İstanbul/Beylikdüzü/Adnan Kahveci,TRY,385.0,True,False,False,False,False,False,False,False,False,Цена ниже 1 000 TRY,исключить,не использовать для обучения и оценки,train
366048,Daire,380.0,,6+1,5,5,Ankara/Mamak/Durali Alıç,TRY,380.0,True,False,False,False,False,False,False,False,False,Цена ниже 1 000 TRY,исключить,не использовать для обучения и оценки,train
4984,Daire,370.0,200.0,4+1,Zemin Kat,5,İzmir/Karşıyaka/Dedebaşı,TRY,370.0,True,False,False,False,False,False,False,False,False,Цена ниже 1 000 TRY,исключить,не использовать для обучения и оценки,test
225211,Daire,370.0,370.0,3+1,4,4,İstanbul/Esenler/Kemer,TRY,370.0,True,False,False,False,False,False,False,False,False,Цена ниже 1 000 TRY,исключить,не использовать для обучения и оценки,validation
381241,Villa,350.0,180.0,4+1,Müstakil,,Diyarbakır/Bağlar/Bağcılar,TRY,350.0,True,False,False,False,False,False,False,False,False,Цена ниже 1 000 TRY,исключить,не использовать для обучения и оценки,validation
344687,Daire,320.0,,2+1,2,10-20 arası,İstanbul/Esenyurt/Zafer,TRY,320.0,True,False,False,False,False,False,False,False,False,Цена ниже 1 000 TRY,исключить,не использовать для обучения и оценки,train
125427,Daire,310.0,175.0,4+1,Kot 4,7,Şanlıurfa/Haliliye/Veysel Karani,TRY,310.0,True,False,False,False,False,False,False,False,False,Цена ниже 1 000 TRY,исключить,не использовать для обучения и оценки,train
349641,Müstakil Ev,300.0,2000.0,3+1,,1,Kayseri/İncesu/Örenşehir,TRY,300.0,True,False,False,False,False,False,False,False,False,Цена ниже 1 000 TRY,исключить,не использовать для обучения и оценки,train
387164,Daire,300.0,,+,,,Antalya/Alanya/Mahmutlar,TRY,300.0,True,False,False,False,False,False,True,False,False,"Цена ниже 1 000 TRY, Комнаты не разобраны",исключить,не использовать для обучения и оценки,train
123991,Daire,285.0,,4+1,Kot 3,3,Aksaray/Merkez/Hasas,TRY,285.0,True,False,False,False,False,False,False,False,False,Цена ниже 1 000 TRY,исключить,не использовать для обучения и оценки,train
124333,Daire,285.0,,4+1,Kot 3,3,Aksaray/Merkez/Hasas,TRY,285.0,True,False,False,False,False,False,False,False,False,Цена ниже 1 000 TRY,исключить,не использовать для обучения и оценки,train
330625,Daire,285.0,,4+1,1,8,Erzurum/Yakutiye/Rabia Ana,TRY,285.0,True,False,False,False,False,False,False,False,False,Цена ниже 1 000 TRY,исключить,не использовать для обучения и оценки,train
344074,Daire,285.0,,4+1,1,8,Erzurum/Yakutiye/Rabia Ana,TRY,285.0,True,False,False,False,False,False,False,False,False,Цена ниже 1 000 TRY,исключить,не использовать для обучения и оценки,train
12650,Daire,275.0,,2+1,Giriş Katı,4,İstanbul/Fatih/Silivrikapı,TRY,275.0,True,False,False,False,False,False,False,False,False,Цена ниже 1 000 TRY,исключить,не использовать для обучения и оценки,validation
14444,Daire,275.0,,2+1,Giriş Katı,4,İstanbul/Fatih/Silivrikapı,TRY,275.0,True,False,False,False,False,False,False,False,False,Цена ниже 1 000 TRY,исключить,не использовать для обучения и оценки,validation
342306,Daire,275.0,100.0,2+1,Kot 4,4,Balıkesir/Edremit/İbrahimce,TRY,275.0,True,False,False,False,False,False,False,False,False,Цена ниже 1 000 TRY,исключить,не использовать для обучения и оценки,train
245040,Daire,270.0,135.0,4+2,5,5,İstanbul/Esenyurt/Akçaburgaz,TRY,270.0,True,False,False,False,False,False,False,False,False,Цена ниже 1 000 TRY,исключить,не использовать для обучения и оценки,test
340337,Daire,270.0,,3+1,4,5,Niğde/Merkez/Aşağı Kayabaşı,TRY,270.0,True,False,False,False,False,False,False,False,False,Цена ниже 1 000 TRY,исключить,не использовать для обучения и оценки,test
17961,Daire,265.0,140.0,3+1,1,4,Antalya/Muratpaşa/Soğuksu,TRY,265.0,True,False,False,False,False,False,False,False,False,Цена ниже 1 000 TRY,исключить,не использовать для обучения и оценки,train
160682,Daire,265.0,155.0,4+1,1,1,Ankara/Keçiören/Uyanış,TRY,265.0,True,False,False,False,False,False,False,False,False,Цена ниже 1 000 TRY,исключить,не использовать для обучения и оценки,train
397636,Daire,265.0,,4+1,,,Balıkesir/Burhaniye/Bahçelievler,TRY,265.0,True,False,False,False,False,False,False,False,False,Цена ниже 1 000 TRY,исключить,не использовать для обучения и оценки,test
6977,Daire,250.0,120.0,2+1,3,5,Gaziantep/Şehitkamil/Sarıgüllük,TRY,250.0,True,False,False,False,False,False,False,False,False,Цена ниже 1 000 TRY,исключить,не использовать для обучения и оценки,train
102307,Daire,250.0,,4+1,En Üst Kat,4,Ankara/Mamak/Mutlu,TRY,250.0,True,False,False,False,False,False,False,False,False,Цена ниже 1 000 TRY,исключить,не использовать для обучения и оценки,train
121838,Daire,250.0,,3+1,Kot 2,3,Aksaray/Merkez/Küçük Bölcek,TRY,250.0,True,False,False,False,False,False,False,False,False,Цена ниже 1 000 TRY,исключить,не использовать для обучения и оценки,test
122075,Daire,250.0,,3+1,Kot 2,3,Aksaray/Merkez/Küçük Bölcek,TRY,250.0,True,False,False,False,False,False,False,False,False,Цена ниже 1 000 TRY,исключить,не использовать для обучения и оценки,test
376392,Daire,250.0,,3+1,,,Denizli/Merkezefendi/Karahasanlı,TRY,250.0,True,False,False,False,False,False,False,False,False,Цена ниже 1 000 TRY,исключить,не использовать для обучения и оценки,test
392943,Daire,250.0,,+,,,Antalya/Alanya/Mahmutlar,TRY,250.0,True,False,False,False,False,False,True,False,False,"Цена ниже 1 000 TRY, Комнаты не разобраны",исключить,не использовать для обучения и оценки,train
15627,Daire,235.0,95.0,2+1,4,4,İzmir/Torbalı/Fevzi Çakmak,TRY,235.0,True,False,False,False,False,False,False,False,False,Цена ниже 1 000 TRY,исключить,не использовать для обучения и оценки,train
394319,Daire,235.0,,3+1,,,Aydın/Kuşadası/İkiçeşmelik,TRY,235.0,True,False,False,False,False,False,False,False,False,Цена ниже 1 000 TRY,исключить,не использовать для обучения и оценки,validation
348306,Müstakil Ev,230.0,200.0,2+1,Müstakil,4,Kütahya/Merkez/Maltepe,TRY,230.0,True,False,False,False,False,False,False,False,False,Цена ниже 1 000 TRY,исключить,не использовать для обучения и оценки,train
398586,Daire,222.0,,+,,,Sinop/Merkez/Meydankapı,TRY,222.0,True,False,False,False,False,False,True,False,False,"Цена ниже 1 000 TRY, Комнаты не разобраны",исключить,не использовать для обучения и оценки,train
18473,Daire,220.0,100.0,3+1,3,3,Erzurum/Aziziye/Ilıca,TRY,220.0,True,False,False,False,False,False,False,False,False,Цена ниже 1 000 TRY,исключить,не использовать для обучения и оценки,train
134018,Daire,220.0,130.0,3+1,Giriş Katı,4,İstanbul/Sancaktepe/Safa,TRY,220.0,True,False,False,False,False,False,False,False,False,Цена ниже 1 000 TRY,исключить,не использовать для обучения и оценки,test
329122,Daire,210.0,,+,,7,Niğde/Merkez/Efendibey,TRY,210.0,True,False,False,False,False,False,True,False,False,"Цена ниже 1 000 TRY, Комнаты не разобраны",исключить,не использовать для обучения и оценки,test
75673,Daire,200.0,,2+1,Yüksek Giriş,3,Aydın/Didim/Hisar,TRY,200.0,True,False,False,False,False,False,False,False,False,Цена ниже 1 000 TRY,исключить,не использовать для обучения и оценки,train
110412,Daire,200.0,100.0,2+1,Bahçe katı,5,İstanbul/Sultangazi/Cebeci,TRY,200.0,True,False,False,False,False,False,False,False,False,Цена ниже 1 000 TRY,исключить,не использовать для обучения и оценки,train
224722,Daire,200.0,,3+1,4,5,Kocaeli/İzmit/Kadıköy,TRY,200.0,True,False,False,False,False,False,False,False,False,Цена ниже 1 000 TRY,исключить,не использовать для обучения и оценки,train
224908,Daire,200.0,,3+1,4,5,Kocaeli/İzmit/Kadıköy,TRY,200.0,True,False,False,False,False,False,False,False,False,Цена ниже 1 000 TRY,исключить,не использовать для обучения и оценки,train
276699,Daire,200.0,110.0,3+1,2,4,Ankara/Mamak/Cengizhan,TRY,200.0,True,False,False,False,False,False,False,False,False,Цена ниже 1 000 TRY,исключить,не использовать для обучения и оценки,test
389700,Daire,200.0,,+,,,Antalya/Alanya/Mahmutlar,TRY,200.0,True,False,False,False,False,False,True,False,False,"Цена ниже 1 000 TRY, Комнаты не разобраны",исключить,не использовать для обучения и оценки,train
325968,Komple Bina,198.0,,+,,8,Kayseri/Melikgazi/Gesi Fatih,TRY,198.0,True,False,False,False,False,False,True,False,False,"Цена ниже 1 000 TRY, Комнаты не разобраны",исключить,не использовать для обучения и оценки,validation
397600,Daire,195.0,,3+1,,,Kayseri/Melikgazi/Esentepe,TRY,195.0,True,False,False,False,False,False,False,False,False,Цена ниже 1 000 TRY,исключить,не использовать для обучения и оценки,test
222838,Daire,175.0,85.0,2+1,4,5,İstanbul/Esenler/Tuna,TRY,175.0,True,False,False,False,False,False,False,False,False,Цена ниже 1 000 TRY,исключить,не использовать для обучения и оценки,train
263425,Daire,175.0,120.0,3+1,2,3,Ankara/Sincan/Mareşal Çakmak,TRY,175.0,True,False,False,False,False,False,False,False,False,Цена ниже 1 000 TRY,исключить,не использовать для обучения и оценки,train
401540,Daire,175.0,,+,,,Antalya/Alanya/Mahmutlar,TRY,175.0,True,False,False,False,False,False,True,False,False,"Цена ниже 1 000 TRY, Комнаты не разобраны",исключить,не использовать для обучения и оценки,train
137839,Daire,172.0,,2+1,Giriş Katı,4,Manisa/Turgutlu/Altay,TRY,172.0,True,False,False,False,False,False,False,False,False,Цена ниже 1 000 TRY,исключить,не использовать для обучения и оценки,train
173559,Daire,170.0,120.0,3+1,1,4,Ankara/Mamak/Durali Alıç,TRY,170.0,True,False,False,False,False,False,False,False,False,Цена ниже 1 000 TRY,исключить,не использовать для обучения и оценки,validation
382111,Daire,170.0,110.0,3+1,2,5,Ankara/Keçiören/Ufuktepe,TRY,170.0,True,False,False,False,False,False,False,False,False,Цена ниже 1 000 TRY,исключить,не использовать для обучения и оценки,train
276586,Daire,169.0,,3+1,2,4,Manisa/Turgutlu/Yiğitler,TRY,169.0,True,False,False,False,False,False,False,False,False,Цена ниже 1 000 TRY,исключить,не использовать для обучения и оценки,validation
397594,Daire,158.0,,2+1,,,Eskişehir/Tepebaşı/Esentepe,TRY,158.0,True,False,False,False,False,False,False,False,False,Цена ниже 1 000 TRY,исключить,не использовать для обучения и оценки,train
378298,Daire,150.0,,+,,,Antalya/Alanya/Mahmutlar,TRY,150.0,True,False,False,False,False,False,True,False,False,"Цена ниже 1 000 TRY, Комнаты не разобраны",исключить,не использовать для обучения и оценки,train
397480,Daire,150.0,,3+1,,,Tekirdağ/Saray/Ayaspaşa,TRY,150.0,True,False,False,False,False,False,False,False,False,Цена ниже 1 000 TRY,исключить,не использовать для обучения и оценки,validation
378591,Daire,149.0,,3+1,Kot 2,5,Giresun/Bulancak/Şemsettin,TRY,149.0,True,False,False,False,False,False,False,False,False,Цена ниже 1 000 TRY,исключить,не использовать для обучения и оценки,train
385761,Daire,149.0,,3+1,Kot 2,5,Giresun/Bulancak/Şemsettin,TRY,149.0,True,False,False,False,False,False,False,False,False,Цена ниже 1 000 TRY,исключить,не использовать для обучения и оценки,train
329128,Daire,147.0,,3+1,11,4,Kayseri/Melikgazi/Cumhuriyet,TRY,147.0,True,False,False,False,False,True,False,False,False,"Цена ниже 1 000 TRY, Этаж выше этажности здания",исключить,не использовать для обучения и оценки,validation
137059,Daire,145.0,,1+1,Giriş Katı,4,İzmir/Buca/Kuruçeşme,TRY,145.0,True,False,False,False,False,False,False,False,False,Цена ниже 1 000 TRY,исключить,не использовать для обучения и оценки,validation
236560,Daire,131.0,,2+1,4,4,Manisa/Turgutlu/Turan,TRY,131.0,True,False,False,False,False,False,False,False,False,Цена ниже 1 000 TRY,исключить,не использовать для обучения и оценки,train
338714,Daire,130.0,,3+1,5,7,Trabzon/Ortahisar/Kaymaklı,TRY,130.0,True,False,False,False,False,False,False,False,False,Цена ниже 1 000 TRY,исключить,не использовать для обучения и оценки,train
126310,Daire,127.0,130.0,2+1,Müstakil,4,İstanbul/Sancaktepe/Mevlana,TRY,127.0,True,False,False,False,False,False,False,False,False,Цена ниже 1 000 TRY,исключить,не использовать для обучения и оценки,train
237299,Daire,125.0,,2+1,4,4,Manisa/Turgutlu/Acarlar,TRY,125.0,True,False,False,False,False,False,False,False,False,Цена ниже 1 000 TRY,исключить,не использовать для обучения и оценки,train
344617,Daire,125.0,110.0,3+1,Kot 4,4,Balıkesir/Edremit/Tuzcumurat,TRY,125.0,True,False,False,False,False,False,False,False,False,Цена ниже 1 000 TRY,исключить,не использовать для обучения и оценки,train
143311,Daire,103.0,,3+1,Yüksek Giriş,4,Malatya/Yeşilyurt/Koyunoğlu,TRY,103.0,True,False,False,False,False,False,False,False,False,Цена ниже 1 000 TRY,исключить,не использовать для обучения и оценки,validation
132776,Daire,95.0,90.0,3+1,Giriş Katı,,Elazığ/Merkez/Yeni,TRY,95.0,True,False,False,False,False,False,False,False,False,Цена ниже 1 000 TRY,исключить,не использовать для обучения и оценки,train
402392,Müstakil Ev,82.0,,4+2,,,Osmaniye/Merkez/Mareşal Fevzi Çakmak,TRY,82.0,True,False,False,False,False,False,False,False,False,Цена ниже 1 000 TRY,исключить,не использовать для обучения и оценки,train
342563,Daire,60.0,90.0,2+1,2,5,Sinop/Merkez/Ada,TRY,60.0,True,False,False,False,False,False,False,False,False,Цена ниже 1 000 TRY,исключить,не использовать для обучения и оценки,train
386404,Prefabrik Ev,55.0,,+,,,İstanbul/Pendik/Kaynarca,TRY,55.0,True,False,False,False,False,False,True,False,False,"Цена ниже 1 000 TRY, Комнаты не разобраны",исключить,не использовать для обучения и оценки,train
350325,Prefabrik Ev,34.0,,3+1,,1,Manisa/Turgutlu/Selvilitepe,TRY,34.0,True,False,False,False,False,False,False,False,False,Цена ниже 1 000 TRY,исключить,не использовать для обучения и оценки,train
370082,Daire,30.381999999999998,497.0,5+1,16,10-20 arası,Ankara/Elmadağ/Hasanoğlan Havuzbaşı,EUR,5.0,True,False,False,False,False,False,False,False,False,Цена ниже 1 000 TRY,исключить,не использовать для обучения и оценки,train
373948,Daire,30.381999999999998,497.0,5+1,16,10-20 arası,Ankara/Elmadağ/Hasanoğlan Havuzbaşı,EUR,5.0,True,False,False,False,False,False,False,False,False,Цена ниже 1 000 TRY,исключить,не использовать для обучения и оценки,train
397992,Daire,5.0,,2+1,,,İstanbul/Kağıthane/Sultan Selim,TRY,5.0,True,False,False,False,False,False,False,False,False,Цена ниже 1 000 TRY,исключить,не использовать для обучения и оценки,train
400777,Daire,5.0,,2+1,,,İstanbul/Kağıthane/Sultan Selim,TRY,5.0,True,False,False,False,False,False,False,False,False,Цена ниже 1 000 TRY,исключить,не использовать для обучения и оценки,train
400781,Daire,5.0,,2+1,,,İstanbul/Kağıthane/Sultan Selim,TRY,5.0,True,False,False,False,False,False,False,False,False,Цена ниже 1 000 TRY,исключить,не использовать для обучения и оценки,train
126062,Müstakil Ev,1.0,200.0,4+1,Müstakil,2,Kocaeli/Gölcük/Körfez,TRY,1.0,True,False,False,False,False,False,False,False,False,Цена ниже 1 000 TRY,исключить,не использовать для обучения и оценки,train
233699,Daire,1.0,,3+1,4,4,Afyonkarahisar/Merkez/Dumlupınar,TRY,1.0,True,False,False,False,False,False,False,False,False,Цена ниже 1 000 TRY,исключить,не использовать для обучения и оценки,test
388204,Daire,1.0,,+,,,Aydın/Didim/Altınkum,TRY,1.0,True,False,False,False,False,False,True,False,False,"Цена ниже 1 000 TRY, Комнаты не разобраны",исключить,не использовать для обучения и оценки,train
7436,Köşk / Konak / Yalı,1650000000.0,426.0,10+0,,6,İstanbul/Beşiktaş/Bebek,TRY,1650000000.0,False,True,False,False,False,False,False,False,False,Цена выше 50 млн TRY,оставить,оставить признаки как есть,validation
369885,Köşk / Konak / Yalı,310000000.0,,10+0,,4,İstanbul/Üsküdar/Kandilli,TRY,310000000.0,False,True,False,False,False,False,False,False,False,Цена выше 50 млн TRY,оставить,оставить признаки как есть,train
371171,Köşk / Konak / Yalı,310000000.0,,10+0,,4,İstanbul/Üsküdar/Kandilli,TRY,310000000.0,False,True,False,False,False,False,False,False,False,Цена выше 50 млн TRY,оставить,оставить признаки как есть,train
13210,Daire,300000000.0,130.0,3+1,2,5,İstanbul/Bağcılar/Merkez,TRY,300000000.0,False,True,False,False,False,False,False,False,False,Цена выше 50 млн TRY,оставить,оставить признаки как есть,train
328480,Komple Bina,260000000.0,28323.0,+,,9,İstanbul/Şişli/Mecidiyeköy,TRY,260000000.0,False,True,False,True,False,False,True,False,False,"Цена выше 50 млн TRY, Площадь выше 3 000 м², Комнаты не разобраны",оставить,оставить признаки как есть,train
103705,Komple Bina,250000000.0,,+,,10-20 arası,Adana/Yumurtalık/Akyuva,TRY,250000000.0,False,True,False,False,False,False,True,False,False,"Цена выше 50 млн TRY, Комнаты не разобраны",оставить,оставить признаки как есть,train
1320,Komple Bina,200000000.0,140.0,+,,5,İstanbul/Fatih/Rüstem Paşa,TRY,200000000.0,False,True,False,False,False,False,True,False,False,"Цена выше 50 млн TRY, Комнаты не разобраны",оставить,оставить признаки как есть,test
99413,Köşk / Konak / Yalı,190000000.0,,5+2,,3,İstanbul/Sarıyer/Yeniköy,TRY,190000000.0,False,True,False,False,False,False,False,False,False,Цена выше 50 млн TRY,оставить,оставить признаки как есть,validation
112631,Köşk / Konak / Yalı,190000000.0,,5+2,,3,İstanbul/Sarıyer/Yeniköy,TRY,190000000.0,False,True,False,False,False,False,False,False,False,Цена выше 50 млн TRY,оставить,оставить признаки как есть,validation
112005,Köşk / Konak / Yalı,185000000.0,,10+0,,3,İstanbul/Beşiktaş/Etiler,TRY,185000000.0,False,True,False,False,False,False,False,False,False,Цена выше 50 млн TRY,оставить,оставить признаки как есть,train
112773,Köşk / Konak / Yalı,185000000.0,,10+0,,3,İstanbul/Beşiktaş/Etiler,TRY,185000000.0,False,True,False,False,False,False,False,False,False,Цена выше 50 млн TRY,оставить,оставить признаки как есть,train
370949,Köşk / Konak / Yalı,171243800.0,,10+2,,4,İstanbul/Üsküdar/Kandilli,USD,26000000.0,False,True,False,False,False,False,False,False,False,Цена выше 50 млн TRY,оставить,оставить признаки как есть,train
365913,Daire,156000000.0,120.0,2+1,Kot 3,5,Mersin/Toroslar/Mevlana,TRY,156000000.0,False,True,False,False,False,False,False,False,False,Цена выше 50 млн TRY,оставить,оставить признаки как есть,train
90973,Köşk / Konak / Yalı,150000000.0,1628.0,8+4,,5,İstanbul/Üsküdar/Kandilli,TRY,150000000.0,False,True,False,False,False,False,False,False,False,Цена выше 50 млн TRY,оставить,оставить признаки как есть,train
88059,Villa,145000000.0,250.0,4+1,Müstakil,3,Aydın/Didim/Altınkum,TRY,145000000.0,False,True,False,False,False,False,False,False,False,Цена выше 50 млн TRY,оставить,оставить признаки как есть,train
224,Rezidans,132500000.0,1.0,9+2,20 ve üzeri,20 ve üzeri,İstanbul/Beşiktaş/Vişnezade,TRY,132500000.0,False,True,True,False,False,False,False,False,False,"Цена выше 50 млн TRY, Площадь ниже 15 м²",оставить,площадь → пропуск,validation
171082,Daire,125000000.0,,2+1,1,5,Kayseri/Melikgazi/Aydınlıkevler,TRY,125000000.0,False,True,False,False,False,False,False,False,False,Цена выше 50 млн TRY,оставить,оставить признаки как есть,validation
172889,Daire,125000000.0,,2+1,1,5,Kayseri/Melikgazi/Aydınlıkevler,TRY,125000000.0,False,True,False,False,False,False,False,False,False,Цена выше 50 млн TRY,оставить,оставить признаки как есть,validation
99559,Rezidans,118084000.0,,1+0,20 ve üzeri,20 ve üzeri,Artvin/Kemalpaşa/Uzunyalı,USD,20000000.0,False,True,False,False,False,False,False,False,False,Цена выше 50 млн TRY,оставить,оставить признаки как есть,train
112331,Komple Bina,118000000.0,4000.0,+,,1,İstanbul/Kadıköy/Caferağa,TRY,118000000.0,False,True,False,True,False,False,True,False,False,"Цена выше 50 млн TRY, Площадь выше 3 000 м², Комнаты не разобраны",оставить,оставить признаки как есть,train
113625,Komple Bina,118000000.0,4000.0,+,,1,İstanbul/Kadıköy/Caferağa,TRY,118000000.0,False,True,False,True,False,False,True,False,False,"Цена выше 50 млн TRY, Площадь выше 3 000 м², Комнаты не разобраны",оставить,оставить признаки как есть,train
7126,Köşk / Konak / Yalı,111111111.0,620.0,5+1,,4,Antalya/Alanya/Küçükhasbahçe,TRY,111111111.0,False,True,False,False,False,False,False,False,False,Цена выше 50 млн TRY,оставить,оставить признаки как есть,train
97849,Komple Bina,111111111.0,,1+1,,,Ankara/Yenimahalle/Ostim,TRY,111111111.0,False,True,False,False,False,False,False,False,False,Цена выше 50 млн TRY,оставить,оставить признаки как есть,train
326988,Daire,110000000.0,85.0,2+1,20 ve üzeri,20 ve üzeri,İstanbul/Sarıyer/Maslak,TRY,110000000.0,False,True,False,False,False,False,False,False,False,Цена выше 50 млн TRY,оставить,оставить признаки как есть,validation
296215,Rezidans,106000000.0,800.0,7+2,20 ve üzeri,20 ve üzeri,İstanbul/Beşiktaş/Vişnezade,TRY,106000000.0,False,True,False,False,False,False,False,False,False,Цена выше 50 млн TRY,оставить,оставить признаки как есть,train
303473,Rezidans,106000000.0,800.0,7+2,20 ve üzeri,20 ve üzeri,İstanbul/Beşiktaş/Vişnezade,TRY,106000000.0,False,True,False,False,False,False,False,False,False,Цена выше 50 млн TRY,оставить,оставить признаки как есть,train
325548,Köşk / Konak / Yalı,106000000.0,,10+0,,3,İstanbul/Sarıyer/Emirgan,TRY,106000000.0,False,True,False,False,False,False,False,False,False,Цена выше 50 млн TRY,оставить,оставить признаки как есть,train
99457,Köşk / Konak / Yalı,100000000.0,800.0,10+0,,4,İstanbul/Üsküdar/Sultantepe,TRY,100000000.0,False,True,False,False,False,False,False,False,False,Цена выше 50 млн TRY,оставить,оставить признаки как есть,test
111155,Köşk / Konak / Yalı,100000000.0,800.0,10+0,,4,İstanbul/Üsküdar/Sultantepe,TRY,100000000.0,False,True,False,False,False,False,False,False,False,Цена выше 50 млн TRY,оставить,оставить признаки как есть,test
32700,Villa,92000000.0,,6+2,,4,İstanbul/Beşiktaş/Bebek,TRY,92000000.0,False,True,False,False,False,False,False,False,False,Цена выше 50 млн TRY,оставить,оставить признаки как есть,train
33000,Villa,92000000.0,,6+2,,4,İstanbul/Beşiktaş/Bebek,TRY,92000000.0,False,True,False,False,False,False,False,False,False,Цена выше 50 млн TRY,оставить,оставить признаки как есть,train
99447,Köşk / Konak / Yalı,85000000.0,,6+2,,3,İstanbul/Beykoz/Gümüşsuyu,TRY,85000000.0,False,True,False,False,False,False,False,False,False,Цена выше 50 млн TRY,оставить,оставить признаки как есть,train
398432,Köşk / Konak / Yalı,85000000.0,,10+0,,,İstanbul/Sarıyer/Cumhuriyet,TRY,85000000.0,False,True,False,False,False,False,False,False,False,Цена выше 50 млн TRY,оставить,оставить признаки как есть,train
111145,Köşk / Konak / Yalı,82000000.0,,10+3,,4,İstanbul/Sarıyer/Emirgan,TRY,82000000.0,False,True,False,False,False,False,False,False,False,Цена выше 50 млн TRY,оставить,оставить признаки как есть,validation
115449,Köşk / Konak / Yalı,82000000.0,,10+3,,4,İstanbul/Sarıyer/Emirgan,TRY,82000000.0,False,True,False,False,False,False,False,False,False,Цена выше 50 млн TRY,оставить,оставить признаки как есть,validation
385374,Rezidans,80880342.2259,111.0,2+1,,,Antalya/Elmalı/Bayralar,GBP,11532423.0,False,True,False,False,False,False,False,False,False,Цена выше 50 млн TRY,оставить,оставить признаки как есть,train
349385,Villa,80127000.0,600.0,9+2,,3,İzmir/Çeşme/Alaçatı,USD,15000000.0,False,True,False,False,False,False,False,False,False,Цена выше 50 млн TRY,оставить,оставить признаки как есть,validation
378842,Köşk / Konak / Yalı,79389000.0,1250.0,8+2,,2,İstanbul/Beykoz/Anadolufeneri,USD,15000000.0,False,True,False,False,False,False,False,False,False,Цена выше 50 млн TRY,оставить,оставить признаки как есть,train
325784,Komple Bina,78000000.0,14092.0,+,,9,İstanbul/Şişli/Kaptan Paşa,TRY,78000000.0,False,True,False,True,False,False,True,False,False,"Цена выше 50 млн TRY, Площадь выше 3 000 м², Комнаты не разобраны",оставить,оставить признаки как есть,train
326646,Komple Bina,78000000.0,14092.0,+,,9,İstanbul/Şişli/Kaptan Paşa,TRY,78000000.0,False,True,False,True,False,False,True,False,False,"Цена выше 50 млн TRY, Площадь выше 3 000 м², Комнаты не разобраны",оставить,оставить признаки как есть,train
327244,Komple Bina,78000000.0,14092.0,+,,9,İstanbul/Şişli/Kaptan Paşa,TRY,78000000.0,False,True,False,True,False,False,True,False,False,"Цена выше 50 млн TRY, Площадь выше 3 000 м², Комнаты не разобраны",оставить,оставить признаки как есть,train
297931,Komple Bina,76000000.0,8600.0,+,,10-20 arası,İstanbul/Ataşehir/Küçükbakkalköy,TRY,76000000.0,False,True,False,True,False,False,True,False,False,"Цена выше 50 млн TRY, Площадь выше 3 000 м², Комнаты не разобраны",оставить,оставить признаки как есть,test
299637,Komple Bina,76000000.0,8600.0,+,,10-20 arası,İstanbul/Ataşehir/Küçükbakkalköy,TRY,76000000.0,False,True,False,True,False,False,True,False,False,"Цена выше 50 млн TRY, Площадь выше 3 000 м², Комнаты не разобраны",оставить,оставить признаки как есть,test
105,Rezidans,75000000.0,,6+1,12,10-20 arası,İstanbul/Beşiktaş/Vişnezade,TRY,75000000.0,False,True,False,False,False,False,False,False,False,Цена выше 50 млн TRY,оставить,оставить признаки как есть,train
357,Rezidans,75000000.0,,6+1,12,10-20 arası,İstanbul/Beşiktaş/Vişnezade,TRY,75000000.0,False,True,False,False,False,False,False,False,False,Цена выше 50 млн TRY,оставить,оставить признаки как есть,train
106991,Komple Bina,75000000.0,,+,,4,İstanbul/Sarıyer/Rumeli Hisarı,TRY,75000000.0,False,True,False,False,False,False,True,False,False,"Цена выше 50 млн TRY, Комнаты не разобраны",оставить,оставить признаки как есть,test
391174,Yalı Dairesi,73312400.0,,10+0,,,İstanbul/Üsküdar/Salacak,USD,14000000.0,False,True,False,False,False,False,False,False,False,Цена выше 50 млн TRY,оставить,оставить признаки как есть,train
391382,Yalı Dairesi,73312400.0,,10+0,,,İstanbul/Üsküdar/Salacak,USD,14000000.0,False,True,False,False,False,False,False,False,False,Цена выше 50 млн TRY,оставить,оставить признаки как есть,train
378758,Daire,71201000.0,,2+1,,,İstanbul/Bakırköy/Osmaniye,USD,13000000.0,False,True,False,False,False,False,False,False,False,Цена выше 50 млн TRY,оставить,оставить признаки как есть,train
7757,Daire,71098443.92920001,,8+1,Bodrum Kat,8,İstanbul/Avcılar/Cihangir,GBP,8342342.0,False,True,False,False,False,False,False,False,False,Цена выше 50 млн TRY,оставить,оставить признаки как есть,test
96283,Müstakil Ev,65000000.0,850.0,6+3,,,İstanbul/Sarıyer/Emirgan,TRY,65000000.0,False,True,False,False,False,False,False,False,False,Цена выше 50 млн TRY,оставить,оставить признаки как есть,train
104101,Çiftlik Evi,60000000.0,850.0,6+2,,3,İstanbul/Pendik/Emirli,TRY,60000000.0,False,True,False,False,False,False,False,False,False,Цена выше 50 млн TRY,оставить,оставить признаки как есть,validation
105219,Çiftlik Evi,60000000.0,850.0,6+2,,3,İstanbul/Pendik/Emirli,TRY,60000000.0,False,True,False,False,False,False,False,False,False,Цена выше 50 млн TRY,оставить,оставить признаки как есть,validation
115213,Villa,60000000.0,810.0,8+2,,4,İstanbul/Beşiktaş/Ulus,TRY,60000000.0,False,True,False,False,False,False,False,False,False,Цена выше 50 млн TRY,оставить,оставить признаки как есть,validation
126376,Villa,58238345.0,,5+1,Müstakil,2,İstanbul/Beykoz/Riva,USD,9350000.0,False,True,False,False,False,False,False,False,False,Цена выше 50 млн TRY,оставить,оставить признаки как есть,train
24866,Komple Bina,57000000.0,2550.0,+,,5,Kocaeli/İzmit/Ömerağa,TRY,57000000.0,False,True,False,False,False,False,True,False,False,"Цена выше 50 млн TRY, Комнаты не разобраны",оставить,оставить признаки как есть,train
92737,Çiftlik Evi,55000000.0,,6+2,,3,İstanbul/Pendik/Emirli,TRY,55000000.0,False,True,False,False,False,False,False,False,False,Цена выше 50 млн TRY,оставить,оставить признаки как есть,train
99521,Komple Bina,55000000.0,525.0,10+0,,3,İstanbul/Sarıyer/Emirgan,TRY,55000000.0,False,True,False,False,False,False,False,False,False,Цена выше 50 млн TRY,оставить,оставить признаки как есть,train
110319,Köşk / Konak / Yalı,55000000.0,,10+1,,5,İstanbul/Beşiktaş/Bebek,TRY,55000000.0,False,True,False,False,False,False,False,False,False,Цена выше 50 млн TRY,оставить,оставить признаки как есть,train
327309,Villa,55000000.0,,6+2,Müstakil,4,İstanbul/Beşiktaş/Bebek,TRY,55000000.0,False,True,False,False,False,False,False,False,False,Цена выше 50 млн TRY,оставить,оставить признаки как есть,train
390570,Villa,55000000.0,1400.0,9+2,,,İstanbul/Sarıyer/Yeniköy,TRY,55000000.0,False,True,False,False,False,False,False,False,False,Цена выше 50 млн TRY,оставить,оставить признаки как есть,train
107219,Köşk / Konak / Yalı,53000000.0,,6+2,,4,İstanbul/Beykoz/Paşabahçe,TRY,53000000.0,False,True,False,False,False,False,False,False,False,Цена выше 50 млн TRY,оставить,оставить признаки как есть,test
110693,Köşk / Konak / Yalı,53000000.0,,6+2,,4,İstanbul/Beykoz/Paşabahçe,TRY,53000000.0,False,True,False,False,False,False,False,False,False,Цена выше 50 млн TRY,оставить,оставить признаки как есть,test
378754,Köşk / Konak / Yalı,53000000.0,602.0,6+2,,2,Muğla/Bodrum/Orak Adası,TRY,53000000.0,False,True,False,False,False,False,False,False,False,Цена выше 50 млн TRY,оставить,оставить признаки как есть,train
6894,Çiftlik Evi,50509600.0,10000.0,5+3,,3,İstanbul/Beykoz/Polonezköy,USD,9500000.0,False,True,False,True,False,False,False,False,False,"Цена выше 50 млн TRY, Площадь выше 3 000 м²",оставить,оставить признаки как есть,train
325928,Komple Bina,50000000.0,,+,,2,İstanbul/Başakşehir/Başakşehir,TRY,50000000.0,False,False,False,False,False,False,True,False,False,Комнаты не разобраны,оставить,оставить признаки как есть,test
367572,Daire,42023955.443,902221.0,4+1,1,10-20 arası,Ankara/Altındağ/Altınpark,USD,7824233.0,False,False,False,True,True,False,False,False,False,"Площадь выше 3 000 м², Площадь выше 100 000 м²",оставить,площадь → пропуск,train
367825,Daire,42023955.443,902221.0,4+1,1,10-20 arası,Ankara/Altındağ/Altınpark,USD,7824233.0,False,False,False,True,True,False,False,False,False,"Площадь выше 3 000 м², Площадь выше 100 000 м²",оставить,площадь → пропуск,train
368030,Daire,42023955.443,902221.0,4+1,1,10-20 arası,Ankara/Altındağ/Altınpark,USD,7824233.0,False,False,False,True,True,False,False,False,False,"Площадь выше 3 000 м², Площадь выше 100 000 м²",оставить,площадь → пропуск,train
98911,Komple Bina,40000000.0,1500.0,+,,4,İstanbul/Üsküdar/Çengelköy,TRY,40000000.0,False,False,False,False,False,False,True,False,False,Комнаты не разобраны,оставить,оставить признаки как есть,validation
110421,Komple Bina,34450000.0,1100.0,+,,4,İstanbul/Şişli/Esentepe,TRY,34450000.0,False,False,False,False,False,False,True,False,False,Комнаты не разобраны,оставить,оставить признаки как есть,train
329328,Komple Bina,31500000.0,9850.0,+,,5,Kayseri/Talas/Harman,TRY,31500000.0,False,False,False,True,False,False,True,False,False,"Площадь выше 3 000 м², Комнаты не разобраны",оставить,оставить признаки как есть,train
33226,Villa,31000000.0,1.0,8+2,,4,İstanbul/Sarıyer/Büyükdere,TRY,31000000.0,False,False,True,False,False,False,False,False,False,Площадь ниже 15 м²,оставить,площадь → пропуск,validation
373155,Villa,30500000.0,26000.0,6+2,Müstakil,3,Muğla/Bodrum/Yalıkavak,TRY,30500000.0,False,False,False,True,False,False,False,False,False,Площадь выше 3 000 м²,оставить,оставить признаки как есть,train
7548,Komple Bina,30000000.0,,+,,8,İstanbul/Kartal/Atalar,TRY,30000000.0,False,False,False,False,False,False,True,False,False,Комнаты не разобраны,оставить,оставить признаки как есть,train
105201,Komple Bina,30000000.0,950.0,+,,8,İstanbul/Fatih/Mimar Kemalettin,TRY,30000000.0,False,False,False,False,False,False,True,False,False,Комнаты не разобраны,оставить,оставить признаки как есть,train
113177,Komple Bina,30000000.0,1800.0,+,,8,İstanbul/Şişli/Cumhuriyet,TRY,30000000.0,False,False,False,False,False,False,True,False,False,Комнаты не разобраны,оставить,оставить признаки как есть,train
329402,Villa,27500000.0,4.0,10+2,,3,İstanbul/Ümraniye/Madenler,TRY,27500000.0,False,False,True,False,False,False,False,False,False,Площадь ниже 15 м²,оставить,площадь → пропуск,train
99527,Komple Bina,26000000.0,,+,,4,İstanbul/Esenler/Mimar Sinan,TRY,26000000.0,False,False,False,False,False,False,True,False,False,Комнаты не разобраны,оставить,оставить признаки как есть,train
374287,Villa,26000000.0,7000.0,4+1,1,2,Balıkesir/Burhaniye/Pelitköy,TRY,26000000.0,False,False,False,True,False,False,False,False,False,Площадь выше 3 000 м²,оставить,оставить признаки как есть,validation
91693,Komple Bina,25000000.0,8500.0,+,,9,İstanbul/Büyükçekmece/Mimaroba,TRY,25000000.0,False,False,False,True,False,False,True,False,False,"Площадь выше 3 000 м², Комнаты не разобраны",оставить,оставить признаки как есть,validation
92149,Komple Bina,25000000.0,1600.0,+,,7,İstanbul/Fatih/Akşemsettin,TRY,25000000.0,False,False,False,False,False,False,True,False,False,Комнаты не разобраны,оставить,оставить признаки как есть,test
105999,Komple Bina,25000000.0,7500.0,+,,6,Sakarya/Hendek/Yeni,TRY,25000000.0,False,False,False,True,False,False,True,False,False,"Площадь выше 3 000 м², Комнаты не разобраны",оставить,оставить признаки как есть,train
95081,Komple Bina,24974100.0,,+,,10-20 arası,İstanbul/Kağıthane/Çağlayan,USD,4500000.0,False,False,False,False,False,False,True,False,False,Комнаты не разобраны,оставить,оставить признаки как есть,train
95259,Komple Bina,24974100.0,,+,,10-20 arası,İstanbul/Kağıthane/Çağlayan,USD,4500000.0,False,False,False,False,False,False,True,False,False,Комнаты не разобраны,оставить,оставить признаки как есть,train
257975,Rezidans,24974100.0,7000.0,3+1,7,10-20 arası,İstanbul/Kağıthane/Çağlayan,USD,4500000.0,False,False,False,True,False,False,False,False,False,Площадь выше 3 000 м²,оставить,площадь → пропуск,train
260398,Rezidans,24974100.0,7000.0,3+1,7,10-20 arası,İstanbul/Kağıthane/Çağlayan,USD,4500000.0,False,False,False,True,False,False,False,False,False,Площадь выше 3 000 м²,оставить,площадь → пропуск,train
111653,Komple Bina,24750000.0,1380.0,+,,4,İstanbul/Şişli/Meşrutiyet,TRY,24750000.0,False,False,False,False,False,False,True,False,False,Комнаты не разобраны,оставить,оставить признаки как есть,validation
300761,Komple Bina,24500000.0,900.0,+,,4,İstanbul/Beşiktaş/Bebek,TRY,24500000.0,False,False,False,False,False,False,True,False,False,Комнаты не разобраны,оставить,оставить признаки как есть,train
370733,Çiftlik Evi,24000000.0,300000.0,10+0,,3,İstanbul/Silivri/Ortaköy,TRY,24000000.0,False,False,False,True,True,False,False,False,False,"Площадь выше 3 000 м², Площадь выше 100 000 м²",оставить,площадь → пропуск,train
105677,Komple Bina,23750000.0,1700.0,+,,7,İstanbul/Kağıthane/Sultan Selim,TRY,23750000.0,False,False,False,False,False,False,True,False,False,Комнаты не разобраны,оставить,оставить признаки как есть,test
109979,Çiftlik Evi,23560000.0,30000.0,10+2,,3,İstanbul/Silivri/Ortaköy,TRY,23560000.0,False,False,False,True,False,False,False,False,False,Площадь выше 3 000 м²,оставить,оставить признаки как есть,train
90935,Komple Bina,20000000.0,,+,,7,İstanbul/Kağıthane/Sultan Selim,TRY,20000000.0,False,False,False,False,False,False,True,False,False,Комнаты не разобраны,оставить,оставить признаки как есть,train
325984,Komple Bina,20000000.0,849.0,+,,7,İstanbul/Fatih/Mesih Paşa,TRY,20000000.0,False,False,False,False,False,False,True,False,False,Комнаты не разобраны,оставить,оставить признаки как есть,train
328074,Komple Bina,20000000.0,4500.0,+,,8,İstanbul/Küçükçekmece/Atakent,TRY,20000000.0,False,False,False,True,False,False,True,False,False,"Площадь выше 3 000 м², Комнаты не разобраны",оставить,оставить признаки как есть,train
328188,Komple Bina,20000000.0,1200.0,+,,6,İstanbul/Şişli/Esentepe,TRY,20000000.0,False,False,False,False,False,False,True,False,False,Комнаты не разобраны,оставить,оставить признаки как есть,validation
329450,Komple Bina,20000000.0,849.0,+,,7,İstanbul/Fatih/Mesih Paşa,TRY,20000000.0,False,False,False,False,False,False,True,False,False,Комнаты не разобраны,оставить,оставить признаки как есть,train
389841,Komple Bina,20000000.0,137.0,+,,7,İstanbul/Fatih/Hoca Paşa,TRY,20000000.0,False,False,False,False,False,False,True,False,False,Комнаты не разобраны,оставить,оставить признаки как есть,train
389849,Komple Bina,20000000.0,137.0,+,,8,İstanbul/Fatih/Hoca Paşa,TRY,20000000.0,False,False,False,False,False,False,True,False,False,Комнаты не разобраны,оставить,оставить признаки как есть,train
17690,Daire,19230893.8416,583.0,5+1,9,8,Ankara/Elmadağ/Hasanoğlan Havuzbaşı,USD,3576776.0,False,False,False,False,False,True,False,False,False,Этаж выше этажности здания,оставить,оставить признаки как есть; этаж → пропуск,train
248634,Daire,18480637.1232,48.0,7+1,5,2,İstanbul/Avcılar/Cihangir,GBP,2653434.0,False,False,False,False,False,True,False,False,False,Этаж выше этажности здания,оставить,оставить признаки как есть; этаж → пропуск,train
248709,Daire,18480637.1232,48.0,7+1,5,2,İstanbul/Avcılar/Cihangir,GBP,2653434.0,False,False,False,False,False,True,False,False,False,Этаж выше этажности здания,оставить,оставить признаки как есть; этаж → пропуск,train
249254,Daire,18480637.1232,48.0,7+1,5,2,İstanbul/Avcılar/Cihangir,GBP,2653434.0,False,False,False,False,False,True,False,False,False,Этаж выше этажности здания,оставить,оставить признаки как есть; этаж → пропуск,train
249564,Daire,18480637.1232,48.0,7+1,5,2,İstanbul/Avcılar/Cihangir,GBP,2653434.0,False,False,False,False,False,True,False,False,False,Этаж выше этажности здания,оставить,оставить признаки как есть; этаж → пропуск,train
756,Komple Bina,18000000.0,7000.0,+,,4,Antalya/Kepez/Sütçüler,TRY,18000000.0,False,False,False,True,False,False,True,False,False,"Площадь выше 3 000 м², Комнаты не разобраны",оставить,оставить признаки как есть,train
1806,Komple Bina,18000000.0,7000.0,+,,4,Antalya/Kepez/Sütçüler,TRY,18000000.0,False,False,False,True,False,False,True,False,False,"Площадь выше 3 000 м², Комнаты не разобраны",оставить,оставить признаки как есть,train
93843,Komple Bina,18000000.0,,+,,4,İstanbul/Güngören/Mehmet Nesih Özmen,TRY,18000000.0,False,False,False,False,False,False,True,False,False,Комнаты не разобраны,оставить,оставить признаки как есть,validation
108265,Villa,18000000.0,3720.0,10+2,,3,Bursa/Nilüfer/Demirci,TRY,18000000.0,False,False,False,True,False,False,False,False,False,Площадь выше 3 000 м²,оставить,оставить признаки как есть,train
214264,Villa,18000000.0,3600.0,10+2,3,3,Bursa/Nilüfer/Demirci,TRY,18000000.0,False,False,False,True,False,False,False,False,False,Площадь выше 3 000 м²,оставить,оставить признаки как есть,test
327058,Komple Bina,17900000.0,,+,,8,Malatya/Battalgazi/Sarıcıoğlu,TRY,17900000.0,False,False,False,False,False,False,True,False,False,Комнаты не разобраны,оставить,оставить признаки как есть,train
327558,Komple Bina,17124380.0,,+,,6,İstanbul/Şişli/19 Mayıs,USD,2600000.0,False,False,False,False,False,False,True,False,False,Комнаты не разобраны,оставить,оставить признаки как есть,train
113661,Komple Bina,16553250.0,,+,,8,Manisa/Turgutlu/Selvilitepe,USD,2500000.0,False,False,False,False,False,False,True,False,False,Комнаты не разобраны,оставить,оставить признаки как есть,train
1338,Komple Bina,16200000.0,,+,,5,İstanbul/Esenyurt/Zafer,TRY,16200000.0,False,False,False,False,False,False,True,False,False,Комнаты не разобраны,оставить,оставить признаки как есть,validation
1390,Komple Bina,16200000.0,,+,,5,İstanbul/Esenyurt/Zafer,TRY,16200000.0,False,False,False,False,False,False,True,False,False,Комнаты не разобраны,оставить,оставить признаки как есть,validation
6732,Komple Bina,16000000.0,1030.0,+,,4,İstanbul/Üsküdar/Salacak,TRY,16000000.0,False,False,False,False,False,False,True,False,False,Комнаты не разобраны,оставить,оставить признаки как есть,train
28596,Komple Bina,16000000.0,450.0,+,,5,İstanbul/Esenyurt/Turgut Özal,TRY,16000000.0,False,False,False,False,False,False,True,False,False,Комнаты не разобраны,оставить,оставить признаки как есть,train
370825,Komple Bina,16000000.0,,+,,9,İstanbul/Kadıköy/Osmanağa,TRY,16000000.0,False,False,False,False,False,False,True,False,False,Комнаты не разобраны,оставить,оставить признаки как есть,train
378802,Komple Bina,14100000.0,210.0,+,,5,İstanbul/Zeytinburnu/Telsiz,TRY,14100000.0,False,False,False,False,False,False,True,False,False,Комнаты не разобраны,оставить,оставить признаки как есть,validation
381830,Komple Bina,14100000.0,210.0,+,,5,İstanbul/Zeytinburnu/Telsiz,TRY,14100000.0,False,False,False,False,False,False,True,False,False,Комнаты не разобраны,оставить,оставить признаки как есть,validation
383052,Komple Bina,14100000.0,210.0,+,,5,İstanbul/Zeytinburnu/Telsiz,TRY,14100000.0,False,False,False,False,False,False,True,False,False,Комнаты не разобраны,оставить,оставить признаки как есть,validation
385570,Komple Bina,14100000.0,210.0,+,,5,İstanbul/Zeytinburnu/Telsiz,TRY,14100000.0,False,False,False,False,False,False,True,False,False,Комнаты не разобраны,оставить,оставить признаки как есть,validation
386442,Komple Bina,14100000.0,210.0,+,,5,İstanbul/Zeytinburnu/Telsiz,TRY,14100000.0,False,False,False,False,False,False,True,False,False,Комнаты не разобраны,оставить,оставить признаки как есть,validation
393729,Komple Bina,14100000.0,210.0,+,,5,İstanbul/Zeytinburnu/Telsiz,TRY,14100000.0,False,False,False,False,False,False,True,False,False,Комнаты не разобраны,оставить,оставить признаки как есть,validation
339716,Daire,14000000.0,,4+1,7,6,İstanbul/Şişli/Harbiye,TRY,14000000.0,False,False,False,False,False,True,False,False,False,Этаж выше этажности здания,оставить,оставить признаки как есть; этаж → пропуск,test
237552,Yalı Dairesi,13750000.0,270.0,4+2,4,3,İstanbul/Beykoz/Göztepe,TRY,13750000.0,False,False,False,False,False,True,False,False,False,Этаж выше этажности здания,оставить,оставить признаки как есть; этаж → пропуск,validation
33130,Villa,13500000.0,4.0,5+3,,3,İstanbul/Çatalca/Kaleiçi,TRY,13500000.0,False,False,True,False,False,False,False,False,False,Площадь ниже 15 м²,оставить,площадь → пропуск,train
103999,Komple Bina,13500000.0,2000.0,+,,6,İstanbul/Kadıköy/Sahrayı Cedit,TRY,13500000.0,False,False,False,False,False,False,True,False,False,Комнаты не разобраны,оставить,оставить признаки как есть,train
104353,Komple Bina,13500000.0,2000.0,+,,6,İstanbul/Kadıköy/Sahrayı Cedit,TRY,13500000.0,False,False,False,False,False,False,True,False,False,Комнаты не разобраны,оставить,оставить признаки как есть,train
104539,Komple Bina,13500000.0,,+,,6,İstanbul/Şişli/Kaptan Paşa,TRY,13500000.0,False,False,False,False,False,False,True,False,False,Комнаты не разобраны,оставить,оставить признаки как есть,train
386512,Komple Bina,13257250.0,450.0,+,,,İstanbul/Beşiktaş/Bebek,USD,2500000.0,False,False,False,False,False,False,True,False,False,Комнаты не разобраны,оставить,оставить признаки как есть,train
399466,Komple Bina,13257250.0,450.0,+,,,İstanbul/Beşiktaş/Bebek,USD,2500000.0,False,False,False,False,False,False,True,False,False,Комнаты не разобраны,оставить,оставить признаки как есть,train
327926,Komple Bina,13250000.0,,+,,6,İstanbul/Güngören/Mehmet Nesih Özmen,TRY,13250000.0,False,False,False,False,False,False,True,False,False,Комнаты не разобраны,оставить,оставить признаки как есть,validation
25956,Komple Bina,13000000.0,,+,,4,Antalya/Muratpaşa/Selçuk,TRY,13000000.0,False,False,False,False,False,False,True,False,False,Комнаты не разобраны,оставить,оставить признаки как есть,train
29266,Komple Bina,13000000.0,260.0,+,,4,Antalya/Muratpaşa/Selçuk,TRY,13000000.0,False,False,False,False,False,False,True,False,False,Комнаты не разобраны,оставить,оставить признаки как есть,train
106195,Komple Bina,13000000.0,750.0,+,,2,Gaziantep/Şehitkamil/Güvenevler,TRY,13000000.0,False,False,False,False,False,False,True,False,False,Комнаты не разобраны,оставить,оставить признаки как есть,train
108181,Komple Bina,13000000.0,300.0,+,,4,İstanbul/Bakırköy/Yeşilköy,TRY,13000000.0,False,False,False,False,False,False,True,False,False,Комнаты не разобраны,оставить,оставить признаки как есть,train
108595,Komple Bina,13000000.0,300.0,+,,4,İstanbul/Bakırköy/Yeşilköy,TRY,13000000.0,False,False,False,False,False,False,True,False,False,Комнаты не разобраны,оставить,оставить признаки как есть,train
111957,Komple Bina,13000000.0,300.0,+,,4,İstanbul/Bakırköy/Yeşilköy,TRY,13000000.0,False,False,False,False,False,False,True,False,False,Комнаты не разобраны,оставить,оставить признаки как есть,train
358463,Komple Bina,13000000.0,900.0,+,,5,İstanbul/Eyüpsultan/Mimar Sinan,TRY,13000000.0,False,False,False,False,False,False,True,False,False,Комнаты не разобраны,оставить,оставить признаки как есть,validation
25696,Villa,12917630.0,,+,,3,İstanbul/Üsküdar/Çengelköy,USD,2150000.0,False,False,False,False,False,False,True,False,False,Комнаты не разобраны,оставить,оставить признаки как есть,train
107171,Komple Bina,12750000.0,,+,,6,İstanbul/Kadıköy/Sahrayı Cedit,TRY,12750000.0,False,False,False,False,False,False,True,False,False,Комнаты не разобраны,оставить,оставить признаки как есть,train
33180,Komple Bina,12500000.0,600.0,+,,5,İzmir/Karşıyaka/Yalı,TRY,12500000.0,False,False,False,False,False,False,True,False,False,Комнаты не разобраны,оставить,оставить признаки как есть,train
90941,Komple Bina,12500000.0,900.0,+,,7,İstanbul/Kağıthane/Sultan Selim,TRY,12500000.0,False,False,False,False,False,False,True,False,False,Комнаты не разобраны,оставить,оставить признаки как есть,train
115455,Komple Bina,12500000.0,1044.0,+,,7,İstanbul/Kağıthane/Sultan Selim,TRY,12500000.0,False,False,False,False,False,False,True,False,False,Комнаты не разобраны,оставить,оставить признаки как есть,train
95047,Komple Bina,12000000.0,,+,,3,İstanbul/Sultangazi/Uğur Mumcu,TRY,12000000.0,False,False,False,False,False,False,True,False,False,Комнаты не разобраны,оставить,оставить признаки как есть,train
96693,Komple Bina,12000000.0,,+,,4,İstanbul/Bakırköy/Cevizlik,TRY,12000000.0,False,False,False,False,False,False,True,False,False,Комнаты не разобраны,оставить,оставить признаки как есть,train
98975,Komple Bina,12000000.0,550.0,+,,4,İstanbul/Bakırköy/Cevizlik,TRY,12000000.0,False,False,False,False,False,False,True,False,False,Комнаты не разобраны,оставить,оставить признаки как есть,train
108611,Komple Bina,12000000.0,500.0,+,,4,İstanbul/Bakırköy/Cevizlik,TRY,12000000.0,False,False,False,False,False,False,True,False,False,Комнаты не разобраны,оставить,оставить признаки как есть,validation
109075,Komple Bina,12000000.0,500.0,+,,4,İstanbul/Bakırköy/Cevizlik,TRY,12000000.0,False,False,False,False,False,False,True,False,False,Комнаты не разобраны,оставить,оставить признаки как есть,validation
110113,Komple Bina,12000000.0,,+,,5,İstanbul/Maltepe/Girne,TRY,12000000.0,False,False,False,False,False,False,True,False,False,Комнаты не разобраны,оставить,оставить признаки как есть,train
113369,Komple Bina,12000000.0,500.0,+,,4,İstanbul/Bakırköy/Cevizlik,TRY,12000000.0,False,False,False,False,False,False,True,False,False,Комнаты не разобраны,оставить,оставить признаки как есть,validation
115393,Komple Bina,12000000.0,,+,,3,İstanbul/Sultangazi/Uğur Mumcu,TRY,12000000.0,False,False,False,False,False,False,True,False,False,Комнаты не разобраны,оставить,оставить признаки как есть,train
343784,Daire,12000000.0,550.0,6+2,4,3,İstanbul/Sarıyer/Büyükdere,TRY,12000000.0,False,False,False,False,False,True,False,False,False,Этаж выше этажности здания,оставить,оставить признаки как есть; этаж → пропуск,train
389910,Köşk / Konak / Yalı,12000000.0,,+,,,İstanbul/Kadıköy/Göztepe,TRY,12000000.0,False,False,False,False,False,False,True,False,False,Комнаты не разобраны,оставить,оставить признаки как есть,train
98793,Komple Bina,11500000.0,650.0,+,,4,İstanbul/Fatih/Küçük Ayasofya,TRY,11500000.0,False,False,False,False,False,False,True,False,False,Комнаты не разобраны,оставить,оставить признаки как есть,train
110713,Komple Bina,11500000.0,,+,,5,İstanbul/Ataşehir/İnönü,TRY,11500000.0,False,False,False,False,False,False,True,False,False,Комнаты не разобраны,оставить,оставить признаки как есть,validation
7626,Komple Bina,11400000.0,508.0,+,,3,İstanbul/Bakırköy/Şenlikköy,TRY,11400000.0,False,False,False,False,False,False,True,False,False,Комнаты не разобраны,оставить,оставить признаки как есть,train
391030,Çiftlik Evi,11226800.0,,+,,,İstanbul/Şile/Yeniköy,USD,2000000.0,False,False,False,False,False,False,True,False,False,Комнаты не разобраны,оставить,оставить признаки как есть,train
106051,Komple Bina,11150000.0,570.0,+,,3,İstanbul/Bağcılar/Çınar,TRY,11150000.0,False,False,False,False,False,False,True,False,False,Комнаты не разобраны,оставить,оставить признаки как есть,train
42082,Villa,11000000.0,29000.0,5+1,Müstakil,2,İstanbul/Silivri/Alipaşa,TRY,11000000.0,False,False,False,True,False,False,False,False,False,Площадь выше 3 000 м²,оставить,оставить признаки как есть,train
110697,Komple Bina,11000000.0,250.0,+,,4,İstanbul/Pendik/Güzelyalı,TRY,11000000.0,False,False,False,False,False,False,True,False,False,Комнаты не разобраны,оставить,оставить признаки как есть,train
103995,Köşk / Konak / Yalı,10659652.006000001,336684.0,4+2,,20 ve üzeri,Ankara/Elmadağ/Hasanoğlan Havuzbaşı,EUR,1750066.0,False,False,False,True,True,False,False,False,False,"Площадь выше 3 000 м², Площадь выше 100 000 м²",оставить,площадь → пропуск,test
1834,Komple Bina,10500000.0,1190.0,+,,4,İstanbul/Beşiktaş/Mecidiye,TRY,10500000.0,False,False,False,False,False,False,True,False,False,Комнаты не разобраны,оставить,оставить признаки как есть,train
94761,Komple Bina,10500000.0,650.0,+,,6,İstanbul/Üsküdar/Burhaniye,TRY,10500000.0,False,False,False,False,False,False,True,False,False,Комнаты не разобраны,оставить,оставить признаки как есть,train
97771,Komple Bina,10500000.0,390.0,+,,5,Samsun/Çarşamba/Sarıcalı,TRY,10500000.0,False,False,False,False,False,False,True,False,False,Комнаты не разобраны,оставить,оставить признаки как есть,train
92653,Komple Bina,10000000.0,1400.0,+,,4,İstanbul/Güngören/Tozkoparan,TRY,10000000.0,False,False,False,False,False,False,True,False,False,Комнаты не разобраны,оставить,оставить признаки как есть,train
92803,Komple Bina,10000000.0,3086.0,+,,6,Ankara/Çankaya/Huzur,TRY,10000000.0,False,False,False,True,False,False,True,False,False,"Площадь выше 3 000 м², Комнаты не разобраны",оставить,оставить признаки как есть,train
93909,Komple Bina,10000000.0,,+,,4,İstanbul/Güngören/Tozkoparan,TRY,10000000.0,False,False,False,False,False,False,True,False,False,Комнаты не разобраны,оставить,оставить признаки как есть,train
94549,Komple Bina,10000000.0,,+,,4,İstanbul/Güngören/Tozkoparan,TRY,10000000.0,False,False,False,False,False,False,True,False,False,Комнаты не разобраны,оставить,оставить признаки как есть,train
97695,Komple Bina,10000000.0,544.0,+,,3,İstanbul/Beykoz/Kanlıca,TRY,10000000.0,False,False,False,False,False,False,True,False,False,Комнаты не разобраны,оставить,оставить признаки как есть,train
98185,Komple Bina,10000000.0,1400.0,+,,4,İstanbul/Güngören/Tozkoparan,TRY,10000000.0,False,False,False,False,False,False,True,False,False,Комнаты не разобраны,оставить,оставить признаки как есть,train
98489,Komple Bina,10000000.0,200.0,+,,4,İstanbul/Beyoğlu/Pürtelaş Hasan Efendi,TRY,10000000.0,False,False,False,False,False,False,True,False,False,Комнаты не разобраны,оставить,оставить признаки как есть,train
99111,Komple Bina,10000000.0,200.0,+,,4,İstanbul/Beyoğlu/Pürtelaş Hasan Efendi,TRY,10000000.0,False,False,False,False,False,False,True,False,False,Комнаты не разобраны,оставить,оставить признаки как есть,train
101247,Müstakil Ev,10000000.0,3388.0,10+0,Komple,3,İstanbul/Adalar/Maden,TRY,10000000.0,False,False,False,True,False,False,False,False,False,Площадь выше 3 000 м²,оставить,оставить признаки как есть,train
101947,Müstakil Ev,10000000.0,3388.0,10+0,Komple,3,İstanbul/Adalar/Maden,TRY,10000000.0,False,False,False,True,False,False,False,False,False,Площадь выше 3 000 м²,оставить,оставить признаки как есть,train
103803,Komple Bina,10000000.0,,+,,4,İstanbul/Güngören/Tozkoparan,TRY,10000000.0,False,False,False,False,False,False,True,False,False,Комнаты не разобраны,оставить,оставить признаки как есть,train
104641,Komple Bina,10000000.0,,+,,4,İstanbul/Güngören/Tozkoparan,TRY,10000000.0,False,False,False,False,False,False,True,False,False,Комнаты не разобраны,оставить,оставить признаки как есть,train
107527,Komple Bina,10000000.0,1400.0,+,,4,İstanbul/Güngören/Tozkoparan,TRY,10000000.0,False,False,False,False,False,False,True,False,False,Комнаты не разобраны,оставить,оставить признаки как есть,train
109969,Komple Bina,10000000.0,460.0,+,,3,İstanbul/Üsküdar/Beylerbeyi,TRY,10000000.0,False,False,False,False,False,False,True,False,False,Комнаты не разобраны,оставить,оставить признаки как есть,train
112181,Komple Bina,10000000.0,1400.0,+,,4,İstanbul/Güngören/Tozkoparan,TRY,10000000.0,False,False,False,False,False,False,True,False,False,Комнаты не разобраны,оставить,оставить признаки как есть,train
129775,Villa,10000000.0,1.0,3+1,Müstakil,2,İstanbul/Tuzla/Postane,TRY,10000000.0,False,False,True,False,False,False,False,False,False,Площадь ниже 15 м²,оставить,площадь → пропуск,train
32336,Komple Bina,9990000.0,1350.0,+,,5,Antalya/Kepez/Ulus,TRY,9990000.0,False,False,False,False,False,False,True,False,False,Комнаты не разобраны,оставить,оставить признаки как есть,validation
326122,Komple Bina,9950000.0,2600.0,+,,5,İstanbul/Beylikdüzü/Gürpınar,TRY,9950000.0,False,False,False,False,False,False,True,False,False,Комнаты не разобраны,оставить,оставить признаки как есть,test
91269,Komple Bina,9700000.0,2700.0,+,,8,İstanbul/Beylikdüzü/Yakuplu,TRY,9700000.0,False,False,False,False,False,False,True,False,False,Комнаты не разобраны,оставить,оставить признаки как есть,train
27062,Komple Bina,9600000.0,,+,,6,İstanbul/Güngören/Mehmet Nesih Özmen,TRY,9600000.0,False,False,False,False,False,False,True,False,False,Комнаты не разобраны,оставить,оставить признаки как есть,validation
109195,Villa,9600000.0,,+,,4,İstanbul/Kartal/Orhantepe,TRY,9600000.0,False,False,False,False,False,False,True,False,False,Комнаты не разобраны,оставить,оставить признаки как есть,validation
93949,Komple Bina,9500000.0,200.0,+,,7,Trabzon/Ortahisar/Soğuksu,TRY,9500000.0,False,False,False,False,False,False,True,False,False,Комнаты не разобраны,оставить,оставить признаки как есть,test
1092,Komple Bina,9000000.0,16900.0,+,,2,Denizli/Pamukkale/Cankurtaran,TRY,9000000.0,False,False,False,True,False,False,True,False,False,"Площадь выше 3 000 м², Комнаты не разобраны",оставить,оставить признаки как есть,validation
128421,Villa,9000000.0,3.0,6+1,Müstakil,2,İstanbul/Büyükçekmece/Alkent 2000,TRY,9000000.0,False,False,True,False,False,False,False,False,False,Площадь ниже 15 м²,оставить,площадь → пропуск,train
26473,Villa,8750000.0,2.0,6+2,Müstakil,2,İstanbul/Büyükçekmece/Celaliye,TRY,8750000.0,False,False,True,False,False,False,False,False,False,Площадь ниже 15 м²,оставить,площадь → пропуск,train
93681,Komple Bina,8700000.0,550.0,+,,6,İstanbul/Avcılar/Merkez,TRY,8700000.0,False,False,False,False,False,False,True,False,False,Комнаты не разобраны,оставить,оставить признаки как есть,train
380630,Komple Bina,8518560.0,,+,,4,Antalya/Alanya/Oba,EUR,1200000.0,False,False,False,False,False,False,True,False,False,Комнаты не разобраны,оставить,оставить признаки как есть,train
27338,Komple Bina,8500000.0,1320.0,+,,5,Mersin/Erdemli/Tömük,TRY,8500000.0,False,False,False,False,False,False,True,False,False,Комнаты не разобраны,оставить,оставить признаки как есть,train
31474,Komple Bina,8250000.0,,+,,3,Bursa/Osmangazi/Akpınar,TRY,8250000.0,False,False,False,False,False,False,True,False,False,Комнаты не разобраны,оставить,оставить признаки как есть,train
34050,Komple Bina,8250000.0,,+,,3,Bursa/Osmangazi/Akpınar,TRY,8250000.0,False,False,False,False,False,False,True,False,False,Комнаты не разобраны,оставить,оставить признаки как есть,train
368395,Villa,8250000.0,4177.0,4+2,Müstakil,2,Muğla/Bodrum/Geriş,TRY,8250000.0,False,False,False,True,False,False,False,False,False,Площадь выше 3 000 м²,оставить,оставить признаки как есть,validation
98839,Komple Bina,8200000.0,,+,,6,İstanbul/Kağıthane/Gürsel,TRY,8200000.0,False,False,False,False,False,False,True,False,False,Комнаты не разобраны,оставить,оставить признаки как есть,train
7182,Komple Bina,8000000.0,250.0,+,,4,İstanbul/Üsküdar/Kuzguncuk,TRY,8000000.0,False,False,False,False,False,False,True,False,False,Комнаты не разобраны,оставить,оставить признаки как есть,train
7362,Komple Bina,8000000.0,250.0,+,,4,İstanbul/Üsküdar/Kuzguncuk,TRY,8000000.0,False,False,False,False,False,False,True,False,False,Комнаты не разобраны,оставить,оставить признаки как есть,train
7428,Komple Bina,8000000.0,245.0,+,,4,İstanbul/Üsküdar/Kuzguncuk,TRY,8000000.0,False,False,False,False,False,False,True,False,False,Комнаты не разобраны,оставить,оставить признаки как есть,train
7716,Komple Bina,8000000.0,245.0,+,,4,İstanbul/Üsküdar/Kuzguncuk,TRY,8000000.0,False,False,False,False,False,False,True,False,False,Комнаты не разобраны,оставить,оставить признаки как есть,train
30030,Çiftlik Evi,8000000.0,19999.0,7+1,,,İstanbul/Silivri/Gazitepe,TRY,8000000.0,False,False,False,True,False,False,False,False,False,Площадь выше 3 000 м²,оставить,оставить признаки как есть,test
93755,Komple Bina,8000000.0,,+,,3,İstanbul/Fatih/Küçük Ayasofya,TRY,8000000.0,False,False,False,False,False,False,True,False,False,Комнаты не разобраны,оставить,оставить признаки как есть,train
114515,Komple Bina,8000000.0,,+,,3,İstanbul/Fatih/Küçük Ayasofya,TRY,8000000.0,False,False,False,False,False,False,True,False,False,Комнаты не разобраны,оставить,оставить признаки как есть,train
326466,Komple Bina,8000000.0,2350.0,+,,6,İstanbul/Güngören/Mehmet Nesih Özmen,TRY,8000000.0,False,False,False,False,False,False,True,False,False,Комнаты не разобраны,оставить,оставить признаки как есть,train
327002,Komple Bina,8000000.0,2350.0,+,,6,İstanbul/Güngören/Mehmet Nesih Özmen,TRY,8000000.0,False,False,False,False,False,False,True,False,False,Комнаты не разобраны,оставить,оставить признаки как есть,train
328336,Komple Bina,8000000.0,2350.0,+,,6,İstanbul/Güngören/Mehmet Nesih Özmen,TRY,8000000.0,False,False,False,False,False,False,True,False,False,Комнаты не разобраны,оставить,оставить признаки как есть,train
328954,Komple Bina,8000000.0,2350.0,+,,6,İstanbul/Güngören/Mehmet Nesih Özmen,TRY,8000000.0,False,False,False,False,False,False,True,False,False,Комнаты не разобраны,оставить,оставить признаки как есть,train
329392,Komple Bina,8000000.0,2350.0,+,,6,İstanbul/Güngören/Mehmet Nesih Özmen,TRY,8000000.0,False,False,False,False,False,False,True,False,False,Комнаты не разобраны,оставить,оставить признаки как есть,train
28054,Çiftlik Evi,7950000.0,10.0,7+3,,3,İstanbul/Büyükçekmece/Kamiloba,TRY,7950000.0,False,False,True,False,False,False,False,False,False,Площадь ниже 15 м²,оставить,площадь → пропуск,train
6764,Komple Bina,7840000.0,,+,,6,İstanbul/Beyoğlu/Hacımimi,TRY,7840000.0,False,False,False,False,False,False,True,False,False,Комнаты не разобраны,оставить,оставить признаки как есть,validation
91607,Komple Bina,7700000.0,1700.0,+,,7,İstanbul/Silivri/Piri Mehmet Paşa,TRY,7700000.0,False,False,False,False,False,False,True,False,False,Комнаты не разобраны,оставить,оставить признаки как есть,train
390548,Komple Bina,7600000.0,,+,,,Muğla/Bodrum/Gümüşlük,TRY,7600000.0,False,False,False,False,False,False,True,False,False,Комнаты не разобраны,оставить,оставить признаки как есть,train
728,Komple Bina,7500000.0,1144.0,+,,3,İzmir/Dikili/Çandarlı,TRY,7500000.0,False,False,False,False,False,False,True,False,False,Комнаты не разобраны,оставить,оставить признаки как есть,test
28344,Komple Bina,7500000.0,5900.0,+,,1,Aydın/Kuşadası/Bayraklıdede,TRY,7500000.0,False,False,False,True,False,False,True,False,False,"Площадь выше 3 000 м², Комнаты не разобраны",оставить,оставить признаки как есть,train
97003,Komple Bina,7500000.0,380.0,+,,4,İstanbul/Ataşehir/Küçükbakkalköy,TRY,7500000.0,False,False,False,False,False,False,True,False,False,Комнаты не разобраны,оставить,оставить признаки как есть,train
104597,Komple Bina,7500000.0,1338.0,+,,6,İstanbul/Ümraniye/Armağanevler,TRY,7500000.0,False,False,False,False,False,False,True,False,False,Комнаты не разобраны,оставить,оставить признаки как есть,train
105189,Komple Bina,7500000.0,1000.0,+,,5,İstanbul/Ataşehir/Kayışdağı,TRY,7500000.0,False,False,False,False,False,False,True,False,False,Комнаты не разобраны,оставить,оставить признаки как есть,test
106275,Komple Bina,7500000.0,,+,,7,Trabzon/Ortahisar/Gülbaharhatun,TRY,7500000.0,False,False,False,False,False,False,True,False,False,Комнаты не разобраны,оставить,оставить признаки как есть,validation
108081,Komple Bina,7500000.0,,+,,4,İstanbul/Üsküdar/Burhaniye,TRY,7500000.0,False,False,False,False,False,False,True,False,False,Комнаты не разобраны,оставить,оставить признаки как есть,train
110131,Komple Bina,7500000.0,,+,,5,Düzce/Merkez/Yörük Köyü,TRY,7500000.0,False,False,False,False,False,False,True,False,False,Комнаты не разобраны,оставить,оставить признаки как есть,test
113957,Komple Bina,7500000.0,1000.0,+,,5,İstanbul/Kadıköy/Erenköy,TRY,7500000.0,False,False,False,False,False,False,True,False,False,Комнаты не разобраны,оставить,оставить признаки как есть,train
114365,Komple Bina,7500000.0,,+,,7,Trabzon/Ortahisar/Gülbaharhatun,TRY,7500000.0,False,False,False,False,False,False,True,False,False,Комнаты не разобраны,оставить,оставить признаки как есть,validation
365188,Daire,7090737.600000001,,4+1,14,7,İstanbul/Avcılar/Cihangir,GBP,976000.0,False,False,False,False,False,True,False,False,False,Этаж выше этажности здания,оставить,оставить признаки как есть; этаж → пропуск,train
365434,Daire,7090737.600000001,,4+1,14,7,İstanbul/Avcılar/Cihangir,GBP,976000.0,False,False,False,False,False,True,False,False,False,Этаж выше этажности здания,оставить,оставить признаки как есть; этаж → пропуск,train
366015,Daire,7090737.600000001,,4+1,14,7,İstanbul/Avcılar/Cihangir,GBP,976000.0,False,False,False,False,False,True,False,False,False,Этаж выше этажности здания,оставить,оставить признаки как есть; этаж → пропуск,train
5535,Daire,7026511.6,,9+4,5,1,İstanbul/Avcılar/Cihangir,GBP,886000.0,False,False,False,False,False,True,False,False,False,Этаж выше этажности здания,оставить,оставить признаки как есть; этаж → пропуск,train
25916,Komple Bina,7000000.0,,+,,2,Antalya/Muratpaşa/Güzeloba,TRY,7000000.0,False,False,False,False,False,False,True,False,False,Комнаты не разобраны,оставить,оставить признаки как есть,train
27520,Komple Bina,7000000.0,395.0,+,,6,İstanbul/Fatih/Hoca Paşa,TRY,7000000.0,False,False,False,False,False,False,True,False,False,Комнаты не разобраны,оставить,оставить признаки как есть,validation
29036,Komple Bina,7000000.0,395.0,+,,6,İstanbul/Fatih/Hoca Paşa,TRY,7000000.0,False,False,False,False,False,False,True,False,False,Комнаты не разобраны,оставить,оставить признаки как есть,validation
92601,Komple Bina,7000000.0,1000.0,+,,6,İstanbul/Bahçelievler/Şirinevler,TRY,7000000.0,False,False,False,False,False,False,True,False,False,Комнаты не разобраны,оставить,оставить признаки как есть,train
104029,Komple Bina,7000000.0,650.0,+,,6,İstanbul/Şişli/Fulya,TRY,7000000.0,False,False,False,False,False,False,True,False,False,Комнаты не разобраны,оставить,оставить признаки как есть,train
327488,Komple Bina,7000000.0,435.0,+,,9,Trabzon/Ortahisar/Yalıncak,TRY,7000000.0,False,False,False,False,False,False,True,False,False,Комнаты не разобраны,оставить,оставить признаки как есть,validation
112235,Komple Bina,6850000.0,,+,,5,İstanbul/Ümraniye/Atakent,TRY,6850000.0,False,False,False,False,False,False,True,False,False,Комнаты не разобраны,оставить,оставить признаки как есть,test
114179,Komple Bina,6850000.0,,+,,5,İstanbul/Şişli/İnönü,TRY,6850000.0,False,False,False,False,False,False,True,False,False,Комнаты не разобраны,оставить,оставить признаки как есть,train
95829,Komple Bina,6750000.0,640.0,+,,4,İstanbul/Şişli/İnönü,TRY,6750000.0,False,False,False,False,False,False,True,False,False,Комнаты не разобраны,оставить,оставить признаки как есть,validation
98935,Komple Bina,6750000.0,380.0,+,,4,İstanbul/Sultanbeyli/Abdurrahmangazi,TRY,6750000.0,False,False,False,False,False,False,True,False,False,Комнаты не разобраны,оставить,оставить признаки как есть,train
105933,Komple Bina,6750000.0,1500.0,+,,3,Antalya/Konyaaltı/Molla Yusuf,TRY,6750000.0,False,False,False,False,False,False,True,False,False,Комнаты не разобраны,оставить,оставить признаки как есть,test
114157,Komple Bina,6750000.0,,+,,5,İstanbul/Kartal/Cevizli,TRY,6750000.0,False,False,False,False,False,False,True,False,False,Комнаты не разобраны,оставить,оставить признаки как есть,train
17720,Villa,6621000.0,9000.0,4+2,Komple,2,Çanakkale/Ayvacık/Kozlu Köyü,TRY,6621000.0,False,False,False,True,False,False,False,False,False,Площадь выше 3 000 м²,оставить,оставить признаки как есть,train
125937,Villa,6600000.0,1.0,7+2,Müstakil,2,İstanbul/Büyükçekmece/Alkent 2000,TRY,6600000.0,False,False,True,False,False,False,False,False,False,Площадь ниже 15 м²,оставить,площадь → пропуск,test
326410,Komple Bina,6600000.0,2100.0,+,,7,Trabzon/Ortahisar/2 Nolu Beşirli,TRY,6600000.0,False,False,False,False,False,False,True,False,False,Комнаты не разобраны,оставить,оставить признаки как есть,train
93061,Komple Bina,6500000.0,2250.0,+,,6,Bursa/Nilüfer/Beşevler,TRY,6500000.0,False,False,False,False,False,False,True,False,False,Комнаты не разобраны,оставить,оставить признаки как есть,train
112295,Komple Bina,6500000.0,,+,,5,Samsun/Atakum/Yenimahalle,TRY,6500000.0,False,False,False,False,False,False,True,False,False,Комнаты не разобраны,оставить,оставить признаки как есть,validation
349311,Komple Bina,6500000.0,,+,,3,Adıyaman/Merkez/Turgut Reis,TRY,6500000.0,False,False,False,False,False,False,True,False,False,Комнаты не разобраны,оставить,оставить признаки как есть,train
349607,Çiftlik Evi,6500000.0,18000.0,3+1,,2,Çanakkale/Bayramiç/Kutluoba Köyü,TRY,6500000.0,False,False,False,True,False,False,False,False,False,Площадь выше 3 000 м²,оставить,оставить признаки как есть,train
396916,Komple Bina,6500000.0,,+,,,Muğla/Menteşe/Kötekli,TRY,6500000.0,False,False,False,False,False,False,True,False,False,Комнаты не разобраны,оставить,оставить признаки как есть,train
7232,Komple Bina,6350000.0,161.0,+,,4,İstanbul/Fatih/Akşemsettin,TRY,6350000.0,False,False,False,False,False,False,True,False,False,Комнаты не разобраны,оставить,оставить признаки как есть,train
421,Daire,6332902.7762,81191.0,10+0,Giriş Katı,5,İstanbul/Sarıyer/Zekeriyaköy,GBP,937222.0,False,False,False,True,False,False,False,False,False,Площадь выше 3 000 м²,оставить,площадь → пропуск,train
358141,Komple Bina,6300000.0,4900.0,+,,5,Trabzon/Ortahisar/Konaklar,TRY,6300000.0,False,False,False,True,False,False,True,False,False,"Площадь выше 3 000 м², Комнаты не разобраны",оставить,оставить признаки как есть,validation
358167,Komple Bina,6300000.0,4900.0,+,,5,Trabzon/Ortahisar/Konaklar,TRY,6300000.0,False,False,False,True,False,False,True,False,False,"Площадь выше 3 000 м², Комнаты не разобраны",оставить,оставить признаки как есть,validation
399432,Daire,6264404.5542,94797.0,1+1,,,Düzce/Çilimli/Arabacı,GBP,927222.0,False,False,False,True,False,False,False,False,False,Площадь выше 3 000 м²,оставить,площадь → пропуск,validation
112733,Komple Bina,6200000.0,,+,,5,İstanbul/Kartal/Atalar,TRY,6200000.0,False,False,False,False,False,False,True,False,False,Комнаты не разобраны,оставить,оставить признаки как есть,train
372222,Daire,6190261.0,161912.0,10+0,Kot 4,8,İstanbul/Avcılar/Cihangir,EUR,935000.0,False,False,False,True,True,False,False,False,False,"Площадь выше 3 000 м², Площадь выше 100 000 м²",оставить,площадь → пропуск,train
372277,Daire,6190261.0,161912.0,10+0,Kot 4,8,İstanbul/Avcılar/Cihangir,EUR,935000.0,False,False,False,True,True,False,False,False,False,"Площадь выше 3 000 м², Площадь выше 100 000 м²",оставить,площадь → пропуск,train
372446,Daire,6190261.0,161912.0,10+0,Kot 4,8,İstanbul/Avcılar/Cihangir,EUR,935000.0,False,False,False,True,True,False,False,False,False,"Площадь выше 3 000 м², Площадь выше 100 000 м²",оставить,площадь → пропуск,train
372452,Daire,6190261.0,161912.0,10+0,Kot 4,8,İstanbul/Avcılar/Cihangir,EUR,935000.0,False,False,False,True,True,False,False,False,False,"Площадь выше 3 000 м², Площадь выше 100 000 м²",оставить,площадь → пропуск,train
31293,Daire,6125320.4196,207309.0,7+1,Bahçe katı,10,Ankara/Elmadağ/Hasanoğlan Havuzbaşı,GBP,899222.0,False,False,False,True,True,False,False,False,False,"Площадь выше 3 000 м², Площадь выше 100 000 м²",оставить,площадь → пропуск,validation
1060,Çiftlik Evi,6000000.0,9980.0,10+0,,2,Tekirdağ/Saray/Güngörmez,TRY,6000000.0,False,False,False,True,False,False,False,False,False,Площадь выше 3 000 м²,оставить,оставить признаки как есть,train
33418,Çiftlik Evi,6000000.0,19999.0,4+1,,10-20 arası,İstanbul/Silivri/Alibey,TRY,6000000.0,False,False,False,True,False,False,False,False,False,Площадь выше 3 000 м²,оставить,оставить признаки как есть,validation
91547,Komple Bina,6000000.0,,+,,8,İstanbul/Fatih/Cerrahpaşa,TRY,6000000.0,False,False,False,False,False,False,True,False,False,Комнаты не разобраны,оставить,оставить признаки как есть,train
109751,Komple Bina,6000000.0,170.0,+,,4,Mersin/Mezitli/Viranşehir,TRY,6000000.0,False,False,False,False,False,False,True,False,False,Комнаты не разобраны,оставить,оставить признаки как есть,train
110405,Komple Bina,6000000.0,175.0,+,,4,Mersin/Mezitli/Viranşehir,TRY,6000000.0,False,False,False,False,False,False,True,False,False,Комнаты не разобраны,оставить,оставить признаки как есть,test
112793,Komple Bina,6000000.0,,+,,8,İstanbul/Fatih/Cerrahpaşa,TRY,6000000.0,False,False,False,False,False,False,True,False,False,Комнаты не разобраны,оставить,оставить признаки как есть,train
113665,Komple Bina,6000000.0,,+,,8,İstanbul/Fatih/Cerrahpaşa,TRY,6000000.0,False,False,False,False,False,False,True,False,False,Комнаты не разобраны,оставить,оставить признаки как есть,train
115203,Komple Bina,6000000.0,,+,,8,İstanbul/Fatih/Cerrahpaşa,TRY,6000000.0,False,False,False,False,False,False,True,False,False,Комнаты не разобраны,оставить,оставить признаки как есть,train
115341,Komple Bina,6000000.0,,+,,8,İstanbul/Fatih/Cerrahpaşa,TRY,6000000.0,False,False,False,False,False,False,True,False,False,Комнаты не разобраны,оставить,оставить признаки как есть,train
327314,Komple Bina,6000000.0,,+,,5,Trabzon/Ortahisar/Kalkınma,TRY,6000000.0,False,False,False,False,False,False,True,False,False,Комнаты не разобраны,оставить,оставить признаки как есть,train
328638,Komple Bina,6000000.0,,+,,5,Trabzon/Ortahisar/Kalkınma,TRY,6000000.0,False,False,False,False,False,False,True,False,False,Комнаты не разобраны,оставить,оставить признаки как есть,train
370553,Komple Bina,6000000.0,297.0,+,,4,Trabzon/Ortahisar/Gazipaşa,TRY,6000000.0,False,False,False,False,False,False,True,False,False,Комнаты не разобраны,оставить,оставить признаки как есть,train
389589,Komple Bina,6000000.0,8450.0,+,,1,Eskişehir/Odunpazarı/75. Yıl OSB,TRY,6000000.0,False,False,False,True,False,False,True,False,False,"Площадь выше 3 000 м², Комнаты не разобраны",оставить,оставить признаки как есть,train
326672,Komple Bina,5900000.0,,+,,5,Ankara/Çankaya/Aziziye,TRY,5900000.0,False,False,False,False,False,False,True,False,False,Комнаты не разобраны,оставить,оставить признаки как есть,test
327940,Komple Bina,5900000.0,,+,,5,Ankara/Çankaya/Aziziye,TRY,5900000.0,False,False,False,False,False,False,True,False,False,Комнаты не разобраны,оставить,оставить признаки как есть,test
328302,Komple Bina,5900000.0,,+,,5,Ankara/Çankaya/Aziziye,TRY,5900000.0,False,False,False,False,False,False,True,False,False,Комнаты не разобраны,оставить,оставить признаки как есть,test
329404,Komple Bina,5900000.0,,+,,5,Ankara/Çankaya/Aziziye,TRY,5900000.0,False,False,False,False,False,False,True,False,False,Комнаты не разобраны,оставить,оставить признаки как есть,test
311124,Villa,5899999.0,1.0,10+1,Müstakil,3,İstanbul/Büyükçekmece/Alkent 2000,TRY,5899999.0,False,False,True,False,False,False,False,False,False,Площадь ниже 15 м²,оставить,площадь → пропуск,train
318087,Villa,5899999.0,1.0,10+1,Müstakil,3,İstanbul/Büyükçekmece/Alkent 2000,TRY,5899999.0,False,False,True,False,False,False,False,False,False,Площадь ниже 15 м²,оставить,площадь → пропуск,train
391489,Komple Bina,5804810.0,85.0,+,,5,İstanbul/Beyoğlu/Tomtom,USD,1100000.0,False,False,False,False,False,False,True,False,False,Комнаты не разобраны,оставить,оставить признаки как есть,validation
302480,Rezidans,5800000.0,,4+1,5,2,İstanbul/Beşiktaş/Levazım,TRY,5800000.0,False,False,False,False,False,True,False,False,False,Этаж выше этажности здания,оставить,оставить признаки как есть; этаж → пропуск,train
95008,Daire,5621247.2195999995,633.0,9+2,14,4,Ankara/Elmadağ/Hasanoğlan Havuzbaşı,GBP,825222.0,False,False,False,False,False,True,False,False,False,Этаж выше этажности здания,оставить,оставить признаки как есть; этаж → пропуск,train
297488,Daire,5616625.0,,9+1,15,8,İstanbul/Avcılar/Cihangir,GBP,686000.0,False,False,False,False,False,True,False,False,False,Этаж выше этажности здания,оставить,оставить признаки как есть; этаж → пропуск,train
298060,Daire,5616625.0,,9+1,15,8,İstanbul/Avcılar/Cihangir,GBP,686000.0,False,False,False,False,False,True,False,False,False,Этаж выше этажности здания,оставить,оставить признаки как есть; этаж → пропуск,train
298120,Daire,5616625.0,,9+1,15,8,İstanbul/Avcılar/Cihangir,GBP,686000.0,False,False,False,False,False,True,False,False,False,Этаж выше этажности здания,оставить,оставить признаки как есть; этаж → пропуск,train
369285,Rezidans,5608107.603999999,34.0,9+3,18,4,İstanbul/Fatih/Sarıdemir,EUR,930343.0,False,False,False,False,False,True,False,False,False,Этаж выше этажности здания,оставить,оставить признаки как есть; этаж → пропуск,train
6936,Daire,5592145.3788,42262.0,9+2,11,2,Elazığ/Merkez/Değirmenönü Köyü,GBP,835222.0,False,False,False,True,False,True,False,False,False,"Площадь выше 3 000 м², Этаж выше этажности здания",оставить,площадь → пропуск; этаж → пропуск,train
29602,Komple Bina,5500000.0,,+,,3,Muğla/Bodrum/Torba,TRY,5500000.0,False,False,False,False,False,False,True,False,False,Комнаты не разобраны,оставить,оставить признаки как есть,train
31462,Komple Bina,5500000.0,1400.0,+,,4,Antalya/Konyaaltı/Toros,TRY,5500000.0,False,False,False,False,False,False,True,False,False,Комнаты не разобраны,оставить,оставить признаки как есть,validation
87397,Villa,5500000.0,10000.0,6+1,Müstakil,2,İstanbul/Silivri/Akören,TRY,5500000.0,False,False,False,True,False,False,False,False,False,Площадь выше 3 000 м²,оставить,оставить признаки как есть,train
106307,Komple Bina,5500000.0,270.0,+,,6,İstanbul/Beyoğlu/Gümüşsuyu,TRY,5500000.0,False,False,False,False,False,False,True,False,False,Комнаты не разобраны,оставить,оставить признаки как есть,train
350339,Komple Bina,5500000.0,575.0,+,,3,Trabzon/Ortahisar/Pazarkapı,TRY,5500000.0,False,False,False,False,False,False,True,False,False,Комнаты не разобраны,оставить,оставить признаки как есть,validation
366351,Komple Bina,5500000.0,1100.0,+,,5,Antalya/Muratpaşa/Çağlayan,TRY,5500000.0,False,False,False,False,False,False,True,False,False,Комнаты не разобраны,оставить,оставить признаки как есть,validation
377083,Villa,5500000.0,4212.0,3+1,Müstakil,1,Muğla/Bodrum/Yalıkavak,TRY,5500000.0,False,False,False,True,False,False,False,False,False,Площадь выше 3 000 м²,оставить,оставить признаки как есть,test
386063,Villa,5500000.0,4212.0,3+1,Müstakil,1,Muğla/Bodrum/Yalıkavak,TRY,5500000.0,False,False,False,True,False,False,False,False,False,Площадь выше 3 000 м²,оставить,оставить признаки как есть,test
374995,Daire,5448154.1585,84987.0,6+1,2,7,Ankara/Elmadağ/Hasanoğlan Havuzbaşı,EUR,904333.0,False,False,False,True,False,False,False,False,False,Площадь выше 3 000 м²,оставить,площадь → пропуск,train
93409,Komple Bina,5300000.0,,+,,6,Trabzon/Ortahisar/Pelitli,TRY,5300000.0,False,False,False,False,False,False,True,False,False,Комнаты не разобраны,оставить,оставить признаки как есть,train
106807,Komple Bina,5300000.0,,+,,6,Trabzon/Ortahisar/Pelitli,TRY,5300000.0,False,False,False,False,False,False,True,False,False,Комнаты не разобраны,оставить,оставить признаки как есть,train
127591,Villa,5300000.0,1.0,5+2,Müstakil,3,İstanbul/Beykoz/Çiftlik,TRY,5300000.0,False,False,True,False,False,False,False,False,False,Площадь ниже 15 м²,оставить,площадь → пропуск,train
326203,Villa,5300000.0,4565.0,5+1,2,2,Muğla/Dalaman/Atakent,TRY,5300000.0,False,False,False,True,False,False,False,False,False,Площадь выше 3 000 м²,оставить,оставить признаки как есть,validation
347709,Villa,5300000.0,4565.0,5+1,2,2,Muğla/Dalaman/Atakent,TRY,5300000.0,False,False,False,True,False,False,False,False,False,Площадь выше 3 000 м²,оставить,оставить признаки как есть,validation
347935,Villa,5300000.0,4565.0,5+1,2,2,Muğla/Dalaman/Atakent,TRY,5300000.0,False,False,False,True,False,False,False,False,False,Площадь выше 3 000 м²,оставить,оставить признаки как есть,validation
400164,Villa,5278100.0,,+,,,İzmir/Çeşme/Musalla,USD,1000000.0,False,False,False,False,False,False,True,False,False,Комнаты не разобраны,оставить,оставить признаки как есть,validation
395176,Komple Bina,5263800.0,1950.0,+,,,İstanbul/Beykoz/Elmalı,USD,1000000.0,False,False,False,False,False,False,True,False,False,Комнаты не разобраны,оставить,оставить признаки как есть,train
108,Komple Bina,5257323.8982,225.0,+,,6,Ankara/Elmadağ/Hasanoğlan Havuzbaşı,GBP,757878.0,False,False,False,False,False,False,True,False,False,Комнаты не разобраны,оставить,оставить признаки как есть,train
260,Komple Bina,5257323.8982,225.0,+,,6,Ankara/Elmadağ/Hasanoğlan Havuzbaşı,GBP,757878.0,False,False,False,False,False,False,True,False,False,Комнаты не разобраны,оставить,оставить признаки как есть,train
96231,Komple Bina,5250000.0,165.0,+,,6,Trabzon/Ortahisar/Pelitli,TRY,5250000.0,False,False,False,False,False,False,True,False,False,Комнаты не разобраны,оставить,оставить признаки как есть,train
386290,Komple Bina,5250000.0,1461.0,+,,5,İzmir/Buca/İnkılap,TRY,5250000.0,False,False,False,False,False,False,True,False,False,Комнаты не разобраны,оставить,оставить признаки как есть,validation
50386,Rezidans,5211119.0052,2461.0,6+1,14,4,Ankara/Elmadağ/Hasanoğlan Havuzbaşı,USD,969222.0,False,False,False,False,False,True,False,False,False,Этаж выше этажности здания,оставить,оставить признаки как есть; этаж → пропуск,train
111351,Komple Bina,5200000.0,,+,,2,İstanbul/Maltepe/Çınar,TRY,5200000.0,False,False,False,False,False,False,True,False,False,Комнаты не разобраны,оставить,оставить признаки как есть,train
19399,Komple Bina,5198000.0,,+,,4,Antalya/Kepez/Ahatlı,TRY,5198000.0,False,False,False,False,False,False,True,False,False,Комнаты не разобраны,оставить,оставить признаки как есть,train
30146,Daire,5196944.4,785474.0,3+2,10,10-20 arası,Ankara/Elmadağ/Hasanoğlan Havuzbaşı,EUR,852000.0,False,False,False,True,True,False,False,False,False,"Площадь выше 3 000 м², Площадь выше 100 000 м²",оставить,площадь → пропуск,test
98723,Komple Bina,5164900.0,149.0,+,,10,Mersin/Mezitli/Yeni,USD,1000000.0,False,False,False,False,False,False,True,False,False,Комнаты не разобраны,оставить,оставить признаки как есть,train
19433,Daire,5152110.7396,107319.0,4+1,9,5,Ankara/Elmadağ/Hasanoğlan Havuzbaşı,GBP,772222.0,False,False,False,True,True,True,False,False,False,"Площадь выше 3 000 м², Площадь выше 100 000 м², Этаж выше этажности здания",оставить,площадь → пропуск; этаж → пропуск,train
7600,Komple Bina,5000000.0,,+,,5,İstanbul/Beyoğlu/Hacımimi,TRY,5000000.0,False,False,False,False,False,False,True,False,False,Комнаты не разобраны,оставить,оставить признаки как есть,validation
25518,Komple Bina,5000000.0,,+,,3,Antalya/Muratpaşa/Fener,TRY,5000000.0,False,False,False,False,False,False,True,False,False,Комнаты не разобраны,оставить,оставить признаки как есть,train
25888,Komple Bina,5000000.0,1650.0,+,,8,Antalya/Muratpaşa/Kışla,TRY,5000000.0,False,False,False,False,False,False,True,False,False,Комнаты не разобраны,оставить,оставить признаки как есть,train
28548,Komple Bina,5000000.0,,+,,3,Çanakkale/Ayvacık/Ahmetçe Köyü,TRY,5000000.0,False,False,False,False,False,False,True,False,False,Комнаты не разобраны,оставить,оставить признаки как есть,validation
30364,Komple Bina,5000000.0,400.0,+,,2,Muğla/Bodrum/Gümüşlük,TRY,5000000.0,False,False,False,False,False,False,True,False,False,Комнаты не разобраны,оставить,оставить признаки как есть,validation
108791,Komple Bina,5000000.0,900.0,+,,3,Sakarya/Sapanca/Kırkpınar Hasanpaşa,TRY,5000000.0,False,False,False,False,False,False,True,False,False,Комнаты не разобраны,оставить,оставить признаки как есть,test
109763,Komple Bina,5000000.0,,+,,2,Sakarya/Sapanca/Kırkpınar Hasanpaşa,TRY,5000000.0,False,False,False,False,False,False,True,False,False,Комнаты не разобраны,оставить,оставить признаки как есть,train
363755,Çiftlik Evi,5000000.0,200000.0,4+3,,2,İstanbul/Çatalca/Ovayenice,TRY,5000000.0,False,False,False,True,True,False,False,False,False,"Площадь выше 3 000 м², Площадь выше 100 000 м²",оставить,площадь → пропуск,test
94289,Komple Bina,4950000.0,450.0,+,,6,İstanbul/Esenyurt/Güzelyurt,TRY,4950000.0,False,False,False,False,False,False,True,False,False,Комнаты не разобраны,оставить,оставить признаки как есть,train
108261,Komple Bina,4950000.0,564.0,+,,5,İstanbul/Fatih/Atikali,TRY,4950000.0,False,False,False,False,False,False,True,False,False,Комнаты не разобраны,оставить,оставить признаки как есть,train
113733,Komple Bina,4900000.0,,+,,1,İstanbul/Zeytinburnu/Maltepe,TRY,4900000.0,False,False,False,False,False,False,True,False,False,Комнаты не разобраны,оставить,оставить признаки как есть,train
94275,Komple Bina,4800000.0,380.0,+,,6,İstanbul/Beylikdüzü/Cumhuriyet,TRY,4800000.0,False,False,False,False,False,False,True,False,False,Комнаты не разобраны,оставить,оставить признаки как есть,train
106737,Komple Bina,4800000.0,115.0,+,,6,İstanbul/Beylikdüzü/Yakuplu,TRY,4800000.0,False,False,False,False,False,False,True,False,False,Комнаты не разобраны,оставить,оставить признаки как есть,train
327972,Daire,4786191.399999999,,9+5,9,7,İstanbul/Avcılar/Cihangir,GBP,614000.0,False,False,False,False,False,True,False,False,False,Этаж выше этажности здания,оставить,оставить признаки как есть; этаж → пропуск,train
83773,Villa,4750000.0,1.0,10+0,Müstakil,4,Kayseri/Melikgazi/Becen,TRY,4750000.0,False,False,True,False,False,False,False,False,False,Площадь ниже 15 м²,оставить,площадь → пропуск,train
348303,Çiftlik Evi,4750000.0,11000.0,10+0,,3,İstanbul/Çatalca/Subaşı,TRY,4750000.0,False,False,False,True,False,False,False,False,False,Площадь выше 3 000 м²,оставить,оставить признаки как есть,train
357333,Daire,4682670.3,101824.0,9+5,Asma Kat,2,İstanbul/Beylikdüzü/Yakuplu,GBP,693000.0,False,False,False,True,True,False,False,False,False,"Площадь выше 3 000 м², Площадь выше 100 000 м²",оставить,площадь → пропуск,validation
74802,Villa,4675000.0,1.0,7+2,Bahçe katı,2,Sakarya/Serdivan/Kuruçeşme,TRY,4675000.0,False,False,True,False,False,False,False,False,False,Площадь ниже 15 м²,оставить,площадь → пропуск,train
32714,Komple Bina,4671525.0,,+,,6,İstanbul/Fatih/Aksaray,USD,750000.0,False,False,False,False,False,False,True,False,False,Комнаты не разобраны,оставить,оставить признаки как есть,train
33604,Komple Bina,4671525.0,,+,,6,İstanbul/Fatih/Aksaray,USD,750000.0,False,False,False,False,False,False,True,False,False,Комнаты не разобраны,оставить,оставить признаки как есть,train
108579,Komple Bina,4650000.0,,+,,4,Malatya/Yeşilyurt/Özalper,TRY,4650000.0,False,False,False,False,False,False,True,False,False,Комнаты не разобраны,оставить,оставить признаки как есть,train
390,Daire,4629283.788799999,608860.0,8+3,7,4,İstanbul/Beylikdüzü/Yakuplu,USD,865222.0,False,False,False,True,True,True,False,False,False,"Площадь выше 3 000 м², Площадь выше 100 000 м², Этаж выше этажности здания",оставить,площадь → пропуск; этаж → пропуск,train
97747,Komple Bina,4600000.0,395.0,+,,6,İstanbul/Fatih/Mimar Hayrettin,TRY,4600000.0,False,False,False,False,False,False,True,False,False,Комнаты не разобраны,оставить,оставить признаки как есть,test
367279,Daire,4558606.4196,1.0,7+3,Kot 3,4,Ankara/Elmadağ/Hasanoğlan Havuzbaşı,GBP,669222.0,False,False,True,False,False,False,False,False,False,Площадь ниже 15 м²,оставить,площадь → пропуск,test
92165,Komple Bina,4500000.0,,+,,4,Kocaeli/Kartepe/Dumlupınar,TRY,4500000.0,False,False,False,False,False,False,True,False,False,Комнаты не разобраны,оставить,оставить признаки как есть,validation
92675,Komple Bina,4500000.0,,+,,4,Yalova/Çınarcık/Taşliman,TRY,4500000.0,False,False,False,False,False,False,True,False,False,Комнаты не разобраны,оставить,оставить признаки как есть,validation
97389,Komple Bina,4500000.0,,+,,4,İstanbul/Sancaktepe/Kemal Türkler,TRY,4500000.0,False,False,False,False,False,False,True,False,False,Комнаты не разобраны,оставить,оставить признаки как есть,validation
107141,Komple Bina,4500000.0,350.0,+,,4,İstanbul/Kadıköy/Rasimpaşa,TRY,4500000.0,False,False,False,False,False,False,True,False,False,Комнаты не разобраны,оставить,оставить признаки как есть,train
114213,Komple Bina,4500000.0,,+,,5,İzmir/Bornova/Evka 3,TRY,4500000.0,False,False,False,False,False,False,True,False,False,Комнаты не разобраны,оставить,оставить признаки как есть,validation
329064,Komple Bina,4500000.0,1736.0,+,,7,Eskişehir/Tepebaşı/Yenibağlar,TRY,4500000.0,False,False,False,False,False,False,True,False,False,Комнаты не разобраны,оставить,оставить признаки как есть,train
370995,Çiftlik Evi,4500000.0,6495.0,6+1,,2,İstanbul/Silivri/Ortaköy,TRY,4500000.0,False,False,False,True,False,False,False,False,False,Площадь выше 3 000 м²,оставить,оставить признаки как есть,train
388118,Komple Bina,4500000.0,170.0,+,,,İstanbul/Beşiktaş/Arnavutköy,TRY,4500000.0,False,False,False,False,False,False,True,False,False,Комнаты не разобраны,оставить,оставить признаки как есть,train
397044,Komple Bina,4500000.0,420.0,+,,,İstanbul/Üsküdar/Çengelköy,TRY,4500000.0,False,False,False,False,False,False,True,False,False,Комнаты не разобраны,оставить,оставить признаки как есть,test
107483,Komple Bina,4495000.0,,+,,4,Sakarya/Adapazarı/Yenigün,TRY,4495000.0,False,False,False,False,False,False,True,False,False,Комнаты не разобраны,оставить,оставить признаки как есть,train
107973,Komple Bina,4495000.0,,+,,4,Sakarya/Adapazarı/Yenigün,TRY,4495000.0,False,False,False,False,False,False,True,False,False,Комнаты не разобраны,оставить,оставить признаки как есть,train
109185,Komple Bina,4495000.0,,+,,4,Sakarya/Adapazarı/Yenigün,TRY,4495000.0,False,False,False,False,False,False,True,False,False,Комнаты не разобраны,оставить,оставить признаки как есть,train
363988,Daire,4410055.0006,83224.0,8+3,13,5,İstanbul/Güngören/Sanayi,USD,802222.0,False,False,False,True,False,True,False,False,False,"Площадь выше 3 000 м², Этаж выше этажности здания",оставить,площадь → пропуск; этаж → пропуск,validation
391580,Daire,4343333.0,1.0,2+2,,,Ankara/Elmadağ/Hasanoğlan Havuzbaşı,TRY,4343333.0,False,False,True,False,False,False,False,False,False,Площадь ниже 15 м²,оставить,площадь → пропуск,train
29382,Komple Bina,4300000.0,300.0,+,,7,İstanbul/Fatih/İskenderpaşa,TRY,4300000.0,False,False,False,False,False,False,True,False,False,Комнаты не разобраны,оставить,оставить признаки как есть,train
98753,Komple Bina,4300000.0,1650.0,+,,4,İstanbul/Silivri/Selimpaşa,TRY,4300000.0,False,False,False,False,False,False,True,False,False,Комнаты не разобраны,оставить,оставить признаки как есть,train
8924,Daire,4296322.8,31207.0,8+3,12,5,İstanbul/Avcılar/Cihangir,EUR,693000.0,False,False,False,True,False,True,False,False,False,"Площадь выше 3 000 м², Этаж выше этажности здания",оставить,площадь → пропуск; этаж → пропуск,test
12519,Daire,4296322.8,31207.0,8+3,12,5,İstanbul/Avcılar/Cihangir,EUR,693000.0,False,False,False,True,False,True,False,False,False,"Площадь выше 3 000 м², Этаж выше этажности здания",оставить,площадь → пропуск; этаж → пропуск,test
16686,Daire,4296322.8,31207.0,8+3,12,5,İstanbul/Avcılar/Cihangir,EUR,693000.0,False,False,False,True,False,True,False,False,False,"Площадь выше 3 000 м², Этаж выше этажности здания",оставить,площадь → пропуск; этаж → пропуск,test
97323,Komple Bina,4288880.0,100.0,+,,,İstanbul/Fatih/Şehremini,USD,800000.0,False,False,False,False,False,False,True,False,False,Комнаты не разобраны,оставить,оставить признаки как есть,test
1544,Komple Bina,4250000.0,143.0,+,,4,İstanbul/Fatih/Süleymaniye,TRY,4250000.0,False,False,False,False,False,False,True,False,False,Комнаты не разобраны,оставить,оставить признаки как есть,test
29728,Komple Bina,4250000.0,555.0,+,,4,Antalya/Muratpaşa/Fener,TRY,4250000.0,False,False,False,False,False,False,True,False,False,Комнаты не разобраны,оставить,оставить признаки как есть,test
31938,Komple Bina,4250000.0,,+,,2,İstanbul/Fatih/Hobyar,TRY,4250000.0,False,False,False,False,False,False,True,False,False,Комнаты не разобраны,оставить,оставить признаки как есть,train
94029,Komple Bina,4250000.0,1500.0,+,,4,Ankara/Etimesgut/Bağlıca,TRY,4250000.0,False,False,False,False,False,False,True,False,False,Комнаты не разобраны,оставить,оставить признаки как есть,train
98923,Komple Bina,4250000.0,599.0,+,,3,İstanbul/Üsküdar/Kısıklı,TRY,4250000.0,False,False,False,False,False,False,True,False,False,Комнаты не разобраны,оставить,оставить признаки как есть,train
98953,Komple Bina,4250000.0,1050.0,+,,3,Bursa/Osmangazi/Demirtaş Dumlupınar,TRY,4250000.0,False,False,False,False,False,False,True,False,False,Комнаты не разобраны,оставить,оставить признаки как есть,test
328380,Komple Bina,4250000.0,,+,,6,Denizli/Pamukkale/Topraklık,TRY,4250000.0,False,False,False,False,False,False,True,False,False,Комнаты не разобраны,оставить,оставить признаки как есть,train
17600,Komple Bina,4200000.0,1500.0,+,,4,Isparta/Merkez/İskender,TRY,4200000.0,False,False,False,False,False,False,True,False,False,Комнаты не разобраны,оставить,оставить признаки как есть,train
109789,Komple Bina,4200000.0,,+,,3,Sakarya/Pamukova/Yenice,TRY,4200000.0,False,False,False,False,False,False,True,False,False,Комнаты не разобраны,оставить,оставить признаки как есть,train
390203,Komple Bina,4200000.0,950.0,+,,,İstanbul/Bahçelievler/Soğanlı,TRY,4200000.0,False,False,False,False,False,False,True,False,False,Комнаты не разобраны,оставить,оставить признаки как есть,train
95461,Komple Bina,4184924.0,,+,,6,İstanbul/Beyoğlu/Cihangir,USD,680000.0,False,False,False,False,False,False,True,False,False,Комнаты не разобраны,оставить,оставить признаки как есть,train
381008,Daire,4108113.8545999997,76169.0,2+1,,,Giresun/Çanakçı/Orta,GBP,608222.0,False,False,False,True,False,False,False,False,False,Площадь выше 3 000 м²,оставить,площадь → пропуск,train
401729,Daire,4108113.8545999997,76169.0,2+1,,,Giresun/Çanakçı/Orta,GBP,608222.0,False,False,False,True,False,False,False,False,False,Площадь выше 3 000 м²,оставить,площадь → пропуск,train
105855,Komple Bina,4100000.0,55.0,+,,5,Bolu/Merkez/Borazanlar,TRY,4100000.0,False,False,False,False,False,False,True,False,False,Комнаты не разобраны,оставить,оставить признаки как есть,validation
128374,Villa,4100000.0,6090.0,7+2,Müstakil,3,İstanbul/Çatalca/Ovayenice,TRY,4100000.0,False,False,False,True,False,False,False,False,False,Площадь выше 3 000 м²,оставить,оставить признаки как есть,train
128774,Villa,4100000.0,6090.0,7+2,Müstakil,3,İstanbul/Çatalca/Ovayenice,TRY,4100000.0,False,False,False,True,False,False,False,False,False,Площадь выше 3 000 м²,оставить,оставить признаки как есть,train
128777,Villa,4100000.0,6090.0,7+2,Müstakil,3,İstanbul/Çatalca/Ovayenice,TRY,4100000.0,False,False,False,True,False,False,False,False,False,Площадь выше 3 000 м²,оставить,оставить признаки как есть,train
129036,Villa,4100000.0,6090.0,7+2,Müstakil,3,İstanbul/Çatalca/Ovayenice,TRY,4100000.0,False,False,False,True,False,False,False,False,False,Площадь выше 3 000 м²,оставить,оставить признаки как есть,train
129053,Villa,4100000.0,6090.0,7+2,Müstakil,3,İstanbul/Çatalca/Ovayenice,TRY,4100000.0,False,False,False,True,False,False,False,False,False,Площадь выше 3 000 м²,оставить,оставить признаки как есть,train
28158,Komple Bina,4000000.0,,+,,6,İstanbul/Fatih/Balabanağa,TRY,4000000.0,False,False,False,False,False,False,True,False,False,Комнаты не разобраны,оставить,оставить признаки как есть,train
28266,Komple Bina,4000000.0,265.0,+,,2,İzmir/Çeşme/Alaçatı,TRY,4000000.0,False,False,False,False,False,False,True,False,False,Комнаты не разобраны,оставить,оставить признаки как есть,train
29188,Çiftlik Evi,4000000.0,5500.0,6+2,,2,İstanbul/Çatalca/Çanakça,TRY,4000000.0,False,False,False,True,False,False,False,False,False,Площадь выше 3 000 м²,оставить,оставить признаки как есть,train
29408,Komple Bina,4000000.0,,+,,6,İstanbul/Fatih/Balabanağa,TRY,4000000.0,False,False,False,False,False,False,True,False,False,Комнаты не разобраны,оставить,оставить признаки как есть,train
30652,Çiftlik Evi,4000000.0,5500.0,6+2,,2,İstanbul/Çatalca/Çanakça,TRY,4000000.0,False,False,False,True,False,False,False,False,False,Площадь выше 3 000 м²,оставить,оставить признаки как есть,train
30768,Komple Bina,4000000.0,,+,,6,İstanbul/Fatih/Balabanağa,TRY,4000000.0,False,False,False,False,False,False,True,False,False,Комнаты не разобраны,оставить,оставить признаки как есть,train
32002,Komple Bina,4000000.0,,+,,6,İstanbul/Fatih/Balabanağa,TRY,4000000.0,False,False,False,False,False,False,True,False,False,Комнаты не разобраны,оставить,оставить признаки как есть,train
34038,Komple Bina,4000000.0,,+,,6,İstanbul/Fatih/Balabanağa,TRY,4000000.0,False,False,False,False,False,False,True,False,False,Комнаты не разобраны,оставить,оставить признаки как есть,train
34802,Çiftlik Evi,4000000.0,5500.0,6+2,,2,İstanbul/Çatalca/Çanakça,TRY,4000000.0,False,False,False,True,False,False,False,False,False,Площадь выше 3 000 м²,оставить,оставить признаки как есть,train
98799,Komple Bina,4000000.0,,+,,5,İstanbul/Sultanbeyli/Necip Fazıl,TRY,4000000.0,False,False,False,False,False,False,True,False,False,Комнаты не разобраны,оставить,оставить признаки как есть,train
327706,Komple Bina,4000000.0,1450.0,+,,4,İstanbul/Beylikdüzü/Yakuplu,TRY,4000000.0,False,False,False,False,False,False,True,False,False,Комнаты не разобраны,оставить,оставить признаки как есть,train
329364,Komple Bina,4000000.0,3100.0,+,,6,Balıkesir/Karesi/Aygören,TRY,4000000.0,False,False,False,True,False,False,True,False,False,"Площадь выше 3 000 м², Комнаты не разобраны",оставить,оставить признаки как есть,train
349677,Komple Bina,4000000.0,450.0,+,,3,Kocaeli/Karamürsel/Dereköy,TRY,4000000.0,False,False,False,False,False,False,True,False,False,Комнаты не разобраны,оставить,оставить признаки как есть,train
386856,Komple Bina,4000000.0,135.0,+,,5,Mersin/Mezitli/Seymenli,TRY,4000000.0,False,False,False,False,False,False,True,False,False,Комнаты не разобраны,оставить,оставить признаки как есть,train
370347,Komple Bina,3999999.0,,+,,4,Trabzon/Ortahisar/Akyazı,TRY,3999999.0,False,False,False,False,False,False,True,False,False,Комнаты не разобраны,оставить,оставить признаки как есть,validation
27166,Komple Bina,3983525.0,520.0,+,,4,Antalya/Muratpaşa/Bayındır,EUR,650000.0,False,False,False,False,False,False,True,False,False,Комнаты не разобраны,оставить,оставить признаки как есть,train
491,Daire,3980544.4601999996,8602.0,6+2,15,1,İstanbul/Güngören/Sanayi,EUR,660222.0,False,False,False,True,False,True,False,False,False,"Площадь выше 3 000 м², Этаж выше этажности здания",оставить,площадь → пропуск; этаж → пропуск,train
368461,Komple Bina,3904524.4905,200.0,+,,8,Ankara/Elmadağ/Hasanoğlan Havuzbaşı,USD,722565.0,False,False,False,False,False,False,True,False,False,Комнаты не разобраны,оставить,оставить признаки как есть,validation
1056,Komple Bina,3901544.0,80.0,+,,4,KKTC/Gazimağusa/Karakol Mh.,GBP,580000.0,False,False,False,False,False,False,True,False,False,Комнаты не разобраны,оставить,оставить признаки как есть,train
28514,Komple Bina,3900000.0,,+,,3,Muğla/Bodrum/Akyarlar,TRY,3900000.0,False,False,False,False,False,False,True,False,False,Комнаты не разобраны,оставить,оставить признаки как есть,train
29026,Komple Bina,3900000.0,748.0,+,,3,Antalya/Muratpaşa/Şirinyalı,TRY,3900000.0,False,False,False,False,False,False,True,False,False,Комнаты не разобраны,оставить,оставить признаки как есть,train
155598,Rezidans,3817864.3788,514783.0,2+1,1,10-20 arası,İstanbul/Sarıyer/Maslak,GBP,570222.0,False,False,False,True,True,False,False,False,False,"Площадь выше 3 000 м², Площадь выше 100 000 м²",оставить,площадь → пропуск,train
24506,Komple Bina,3800000.0,999.0,+,,5,Trabzon/Ortahisar/Konaklar,TRY,3800000.0,False,False,False,False,False,False,True,False,False,Комнаты не разобраны,оставить,оставить признаки как есть,test
24554,Komple Bina,3800000.0,999.0,+,,5,Trabzon/Ortahisar/Konaklar,TRY,3800000.0,False,False,False,False,False,False,True,False,False,Комнаты не разобраны,оставить,оставить признаки как есть,test
33474,Komple Bina,3800000.0,999.0,+,,5,Trabzon/Ortahisar/Konaklar,TRY,3800000.0,False,False,False,False,False,False,True,False,False,Комнаты не разобраны,оставить,оставить признаки как есть,test
34232,Komple Bina,3800000.0,999.0,+,,5,Trabzon/Ortahisar/Konaklar,TRY,3800000.0,False,False,False,False,False,False,True,False,False,Комнаты не разобраны,оставить,оставить признаки как есть,test
35188,Komple Bina,3800000.0,999.0,+,,5,Trabzon/Ortahisar/Konaklar,TRY,3800000.0,False,False,False,False,False,False,True,False,False,Комнаты не разобраны,оставить,оставить признаки как есть,test
26476,Komple Bina,3750000.0,,+,,4,Antalya/Muratpaşa/Konuksever,TRY,3750000.0,False,False,False,False,False,False,True,False,False,Комнаты не разобраны,оставить,оставить признаки как есть,train
28780,Komple Bina,3750000.0,,+,,4,Mersin/Mezitli/Çankaya,TRY,3750000.0,False,False,False,False,False,False,True,False,False,Комнаты не разобраны,оставить,оставить признаки как есть,validation
108371,Komple Bina,3750000.0,300.0,+,,5,İstanbul/Beşiktaş/Türkali,TRY,3750000.0,False,False,False,False,False,False,True,False,False,Комнаты не разобраны,оставить,оставить признаки как есть,test
108681,Komple Bina,3750000.0,300.0,+,,5,İstanbul/Beşiktaş/Türkali,TRY,3750000.0,False,False,False,False,False,False,True,False,False,Комнаты не разобраны,оставить,оставить признаки как есть,test
112461,Komple Bina,3750000.0,300.0,+,,5,İstanbul/Beşiktaş/Türkali,TRY,3750000.0,False,False,False,False,False,False,True,False,False,Комнаты не разобраны,оставить,оставить признаки как есть,test
114129,Komple Bina,3750000.0,300.0,+,,5,İstanbul/Beşiktaş/Türkali,TRY,3750000.0,False,False,False,False,False,False,True,False,False,Комнаты не разобраны,оставить,оставить признаки как есть,test
382259,Villa,3750000.0,3550.0,8+2,Müstakil,,İstanbul/Arnavutköy/Haraççı,TRY,3750000.0,False,False,False,True,False,False,False,False,False,Площадь выше 3 000 м²,оставить,оставить признаки как есть,train
384026,Komple Bina,3750000.0,,+,,5,Adıyaman/Merkez/Cumhuriyet,TRY,3750000.0,False,False,False,False,False,False,True,False,False,Комнаты не разобраны,оставить,оставить признаки как есть,train
6774,Komple Bina,3700000.0,1000.0,+,,4,Bursa/Osmangazi/Demirtaş Barbaros,TRY,3700000.0,False,False,False,False,False,False,True,False,False,Комнаты не разобраны,оставить,оставить признаки как есть,train
18428,Daire,3621415.0,146117.0,7+3,Kot 4,9,İstanbul/Avcılar/Cihangir,GBP,535000.0,False,False,False,True,True,False,False,False,False,"Площадь выше 3 000 м², Площадь выше 100 000 м²",оставить,площадь → пропуск,train
18477,Daire,3621415.0,146117.0,7+3,Kot 4,9,İstanbul/Avcılar/Cihangir,GBP,535000.0,False,False,False,True,True,False,False,False,False,"Площадь выше 3 000 м², Площадь выше 100 000 м²",оставить,площадь → пропуск,train
26930,Komple Bina,3600000.0,,+,,4,Antalya/Muratpaşa/Çaybaşı,TRY,3600000.0,False,False,False,False,False,False,True,False,False,Комнаты не разобраны,оставить,оставить признаки как есть,train
28808,Komple Bina,3600000.0,,+,,4,Antalya/Muratpaşa/Çaybaşı,TRY,3600000.0,False,False,False,False,False,False,True,False,False,Комнаты не разобраны,оставить,оставить признаки как есть,train
28992,Komple Bina,3600000.0,,+,,4,Antalya/Muratpaşa/Çaybaşı,TRY,3600000.0,False,False,False,False,False,False,True,False,False,Комнаты не разобраны,оставить,оставить признаки как есть,train
109913,Komple Bina,3600000.0,223.0,+,,1,İstanbul/Ataşehir/Barbaros,TRY,3600000.0,False,False,False,False,False,False,True,False,False,Комнаты не разобраны,оставить,оставить признаки как есть,train
378075,Villa,3600000.0,199300.0,4+2,Müstakil,,İstanbul/Şile/Alacalı,TRY,3600000.0,False,False,False,True,True,False,False,False,False,"Площадь выше 3 000 м², Площадь выше 100 000 м²",оставить,площадь → пропуск,test
380916,Komple Bina,3600000.0,848.0,+,,,Aydın/Kuşadası/Davutlar,TRY,3600000.0,False,False,False,False,False,False,True,False,False,Комнаты не разобраны,оставить,оставить признаки как есть,train
16154,Daire,3587917.2918,111472.0,8+4,2,3,Ankara/Elmadağ/Hasanoğlan Havuzbaşı,GBP,517222.0,False,False,False,True,True,False,False,False,False,"Площадь выше 3 000 м², Площадь выше 100 000 м²",оставить,площадь → пропуск,train
391386,Komple Bina,3520170.0,,+,,4,KKTC/Gazimağusa/Karakol Mh.,GBP,450000.0,False,False,False,False,False,False,True,False,False,Комнаты не разобраны,оставить,оставить признаки как есть,train
1176,Komple Bina,3500000.0,400.0,+,,2,Kayseri/Melikgazi/Nurihas,TRY,3500000.0,False,False,False,False,False,False,True,False,False,Комнаты не разобраны,оставить,оставить признаки как есть,validation
97787,Komple Bina,3500000.0,,+,,4,Kayseri/Melikgazi/Kıranardı Cumhuriyet,TRY,3500000.0,False,False,False,False,False,False,True,False,False,Комнаты не разобраны,оставить,оставить признаки как есть,train
98523,Komple Bina,3500000.0,,+,,5,İstanbul/Sancaktepe/Abdurrahmangazi,TRY,3500000.0,False,False,False,False,False,False,True,False,False,Комнаты не разобраны,оставить,оставить признаки как есть,train
99053,Komple Bina,3500000.0,,+,,7,Kayseri/Kocasinan/Gevhernesibe,TRY,3500000.0,False,False,False,False,False,False,True,False,False,Комнаты не разобраны,оставить,оставить признаки как есть,train
105443,Komple Bina,3500000.0,,+,,4,Kayseri/Melikgazi/Kıranardı Cumhuriyet,TRY,3500000.0,False,False,False,False,False,False,True,False,False,Комнаты не разобраны,оставить,оставить признаки как есть,train
105759,Komple Bina,3500000.0,300.0,+,,6,İstanbul/Kadıköy/Rasimpaşa,TRY,3500000.0,False,False,False,False,False,False,True,False,False,Комнаты не разобраны,оставить,оставить признаки как есть,train
107791,Komple Bina,3500000.0,,+,,5,İstanbul/Sancaktepe/Abdurrahmangazi,TRY,3500000.0,False,False,False,False,False,False,True,False,False,Комнаты не разобраны,оставить,оставить признаки как есть,train
111443,Komple Bina,3500000.0,,+,,4,Kayseri/Melikgazi/Kıranardı Cumhuriyet,TRY,3500000.0,False,False,False,False,False,False,True,False,False,Комнаты не разобраны,оставить,оставить признаки как есть,train
327368,Komple Bina,3500000.0,350.0,+,,7,Trabzon/Ortahisar/Yalıncak,TRY,3500000.0,False,False,False,False,False,False,True,False,False,Комнаты не разобраны,оставить,оставить признаки как есть,test
329114,Komple Bina,3500000.0,1295.0,+,,3,Sakarya/Serdivan/Kemalpaşa,TRY,3500000.0,False,False,False,False,False,False,True,False,False,Комнаты не разобраны,оставить,оставить признаки как есть,train
376174,Komple Bina,3500000.0,250.0,+,,3,İstanbul/Beşiktaş/Bebek,TRY,3500000.0,False,False,False,False,False,False,True,False,False,Комнаты не разобраны,оставить,оставить признаки как есть,train
377654,Komple Bina,3500000.0,,+,,5,Antalya/Muratpaşa/Şirinyalı,TRY,3500000.0,False,False,False,False,False,False,True,False,False,Комнаты не разобраны,оставить,оставить признаки как есть,train
392963,Komple Bina,3500000.0,105.0,+,,,İzmir/Karşıyaka/Donanmacı,TRY,3500000.0,False,False,False,False,False,False,True,False,False,Комнаты не разобраны,оставить,оставить признаки как есть,train
21098,Villa,3455920.0,3850.0,5+2,Giriş Katı,3,Bursa/Mudanya/Aydınpınar,USD,650000.0,False,False,False,True,False,False,False,False,False,Площадь выше 3 000 м²,оставить,оставить признаки как есть,train
91241,Komple Bina,3450000.0,850.0,+,,2,Denizli/Merkezefendi/Gültepe,TRY,3450000.0,False,False,False,False,False,False,True,False,False,Комнаты не разобраны,оставить,оставить признаки как есть,train
91913,Komple Bina,3450000.0,850.0,+,,2,Denizli/Merkezefendi/Gültepe,TRY,3450000.0,False,False,False,False,False,False,True,False,False,Комнаты не разобраны,оставить,оставить признаки как есть,train
96899,Komple Bina,3450000.0,850.0,+,,2,Denizli/Merkezefendi/Gültepe,TRY,3450000.0,False,False,False,False,False,False,True,False,False,Комнаты не разобраны,оставить,оставить признаки как есть,train
109251,Komple Bina,3450000.0,850.0,+,,2,Denizli/Merkezefendi/Gültepe,TRY,3450000.0,False,False,False,False,False,False,True,False,False,Комнаты не разобраны,оставить,оставить признаки как есть,train
398093,Komple Bina,3400000.0,2400.0,+,,,Ağrı/Patnos/Alpaslan,TRY,3400000.0,False,False,False,False,False,False,True,False,False,Комнаты не разобраны,оставить,оставить признаки как есть,train
356940,Daire,3289878.3354,1695.0,7+3,12,8,İstanbul/Avcılar/Cihangir,GBP,458111.0,False,False,False,False,False,True,False,False,False,Этаж выше этажности здания,оставить,оставить признаки как есть; этаж → пропуск,validation
363485,Daire,3289878.3354,1695.0,7+3,12,8,İstanbul/Avcılar/Cihangir,GBP,458111.0,False,False,False,False,False,True,False,False,False,Этаж выше этажности здания,оставить,оставить признаки как есть; этаж → пропуск,validation
25200,Daire,3265585.3,547903.0,6+3,Komple,1,İstanbul/Avcılar/Cihangir,GBP,463000.0,False,False,False,True,True,False,False,False,False,"Площадь выше 3 000 м², Площадь выше 100 000 м²",оставить,площадь → пропуск,train
6908,Komple Bina,3250000.0,950.0,+,,6,Trabzon/Ortahisar/Konaklar,TRY,3250000.0,False,False,False,False,False,False,True,False,False,Комнаты не разобраны,оставить,оставить признаки как есть,validation
96679,Komple Bina,3250000.0,740.0,+,,4,İstanbul/Esenyurt/İstiklal,TRY,3250000.0,False,False,False,False,False,False,True,False,False,Комнаты не разобраны,оставить,оставить признаки как есть,validation
98971,Komple Bina,3250000.0,,+,,5,İstanbul/Ataşehir/Ferhatpaşa,TRY,3250000.0,False,False,False,False,False,False,True,False,False,Комнаты не разобраны,оставить,оставить признаки как есть,train
104501,Komple Bina,3250000.0,175.0,+,,6,Trabzon/Ortahisar/Konaklar,TRY,3250000.0,False,False,False,False,False,False,True,False,False,Комнаты не разобраны,оставить,оставить признаки как есть,train
91489,Komple Bina,3200000.0,,+,,8,Ankara/Etimesgut/Bağlıca,TRY,3200000.0,False,False,False,False,False,False,True,False,False,Комнаты не разобраны,оставить,оставить признаки как есть,train
96073,Komple Bina,3200000.0,,+,,8,Ankara/Etimesgut/Bağlıca,TRY,3200000.0,False,False,False,False,False,False,True,False,False,Комнаты не разобраны,оставить,оставить признаки как есть,train
327694,Komple Bina,3200000.0,280.0,+,,5,İstanbul/Beyoğlu/Kocatepe,TRY,3200000.0,False,False,False,False,False,False,True,False,False,Комнаты не разобраны,оставить,оставить признаки как есть,train
370275,Villa,3200000.0,4999.0,4+1,,3,Sakarya/Sapanca/Yanık,TRY,3200000.0,False,False,False,True,False,False,False,False,False,Площадь выше 3 000 м²,оставить,оставить признаки как есть,train
370497,Villa,3200000.0,4999.0,4+1,,3,Sakarya/Sapanca/Yanık,TRY,3200000.0,False,False,False,True,False,False,False,False,False,Площадь выше 3 000 м²,оставить,оставить признаки как есть,train
370585,Villa,3200000.0,4999.0,4+1,,3,Sakarya/Sapanca/Yanık,TRY,3200000.0,False,False,False,True,False,False,False,False,False,Площадь выше 3 000 м²,оставить,оставить признаки как есть,train
370787,Villa,3200000.0,4999.0,4+1,,3,Sakarya/Sapanca/Yanık,TRY,3200000.0,False,False,False,True,False,False,False,False,False,Площадь выше 3 000 м²,оставить,оставить признаки как есть,train
370897,Villa,3200000.0,4999.0,4+1,,3,Sakarya/Sapanca/Yanık,TRY,3200000.0,False,False,False,True,False,False,False,False,False,Площадь выше 3 000 м²,оставить,оставить признаки как есть,train
24260,Komple Bina,3150000.0,600.0,+,,4,İzmir/Güzelbahçe/Kahramandere,TRY,3150000.0,False,False,False,False,False,False,True,False,False,Комнаты не разобраны,оставить,оставить признаки как есть,train
26732,Komple Bina,3150000.0,990.0,+,,4,Antalya/Kepez/Şafak,TRY,3150000.0,False,False,False,False,False,False,True,False,False,Комнаты не разобраны,оставить,оставить признаки как есть,train
27534,Komple Bina,3150000.0,600.0,+,,4,İzmir/Güzelbahçe/Kahramandere,TRY,3150000.0,False,False,False,False,False,False,True,False,False,Комнаты не разобраны,оставить,оставить признаки как есть,train
28584,Komple Bina,3150000.0,990.0,+,,4,Antalya/Kepez/Şafak,TRY,3150000.0,False,False,False,False,False,False,True,False,False,Комнаты не разобраны,оставить,оставить признаки как есть,train
32488,Komple Bina,3150000.0,600.0,+,,4,İzmir/Güzelbahçe/Kahramandere,TRY,3150000.0,False,False,False,False,False,False,True,False,False,Комнаты не разобраны,оставить,оставить признаки как есть,train
33016,Komple Bina,3150000.0,600.0,+,,4,İzmir/Güzelbahçe/Kahramandere,TRY,3150000.0,False,False,False,False,False,False,True,False,False,Комнаты не разобраны,оставить,оставить признаки как есть,train
110711,Komple Bina,3150000.0,290.0,+,,5,İstanbul/Beykoz/Kavacık,TRY,3150000.0,False,False,False,False,False,False,True,False,False,Комнаты не разобраны,оставить,оставить признаки как есть,train
113361,Komple Bina,3150000.0,290.0,+,,5,İstanbul/Beykoz/Kavacık,TRY,3150000.0,False,False,False,False,False,False,True,False,False,Комнаты не разобраны,оставить,оставить признаки как есть,train
357297,Komple Bina,3150000.0,450.0,+,,6,İstanbul/Fatih/Yavuz Sultan Selim,TRY,3150000.0,False,False,False,False,False,False,True,False,False,Комнаты не разобраны,оставить,оставить признаки как есть,validation
83831,Daire,3126062.8,,3+2,12,4,İstanbul/Avcılar/Cihangir,EUR,457000.0,False,False,False,False,False,True,False,False,False,Этаж выше этажности здания,оставить,оставить признаки как есть; этаж → пропуск,train
348477,Komple Bina,3100000.0,,+,,2,Kayseri/Melikgazi/Osman Kavuncu,TRY,3100000.0,False,False,False,False,False,False,True,False,False,Комнаты не разобраны,оставить,оставить признаки как есть,train
349569,Komple Bina,3100000.0,800.0,+,,2,Kayseri/Melikgazi/Osman Kavuncu,TRY,3100000.0,False,False,False,False,False,False,True,False,False,Комнаты не разобраны,оставить,оставить признаки как есть,validation
369220,Daire,3093868.8,930259.0,2+1,Giriş Katı,5,Ankara/Elmadağ/Hasanoğlan Havuzbaşı,GBP,456000.0,False,False,False,True,True,False,False,False,False,"Площадь выше 3 000 м², Площадь выше 100 000 м²",оставить,площадь → пропуск,train
102113,Daire,3082710.3018,3277.0,1+0,Asma Kat,10,İstanbul/Pendik/Ahmet Yesevi,EUR,510222.0,False,False,False,True,False,False,False,False,False,Площадь выше 3 000 м²,оставить,площадь → пропуск,train
25742,Komple Bina,3000000.0,615.0,+,,4,Antalya/Konyaaltı/Liman,TRY,3000000.0,False,False,False,False,False,False,True,False,False,Комнаты не разобраны,оставить,оставить признаки как есть,train
26178,Komple Bina,3000000.0,615.0,+,,4,Antalya/Konyaaltı/Liman,TRY,3000000.0,False,False,False,False,False,False,True,False,False,Комнаты не разобраны,оставить,оставить признаки как есть,train
32816,Komple Bina,3000000.0,1122.0,+,,3,Antalya/Manavgat/Side,TRY,3000000.0,False,False,False,False,False,False,True,False,False,Комнаты не разобраны,оставить,оставить признаки как есть,train
34172,Komple Bina,3000000.0,,+,,4,Antalya/Kepez/Gülveren,TRY,3000000.0,False,False,False,False,False,False,True,False,False,Комнаты не разобраны,оставить,оставить признаки как есть,test
34672,Komple Bina,3000000.0,,+,,4,Antalya/Kepez/Gülveren,TRY,3000000.0,False,False,False,False,False,False,True,False,False,Комнаты не разобраны,оставить,оставить признаки как есть,test
90857,Komple Bina,3000000.0,435.0,+,,7,İstanbul/Fatih/Yavuz Sultan Selim,TRY,3000000.0,False,False,False,False,False,False,True,False,False,Комнаты не разобраны,оставить,оставить признаки как есть,train
92933,Komple Bina,3000000.0,750.0,+,,5,İstanbul/Küçükçekmece/Mehmet Akif,TRY,3000000.0,False,False,False,False,False,False,True,False,False,Комнаты не разобраны,оставить,оставить признаки как есть,test
95161,Komple Bina,3000000.0,1300.0,+,,4,İstanbul/Pendik/Kurtköy,TRY,3000000.0,False,False,False,False,False,False,True,False,False,Комнаты не разобраны,оставить,оставить признаки как есть,validation
98879,Komple Bina,3000000.0,435.0,+,,7,İstanbul/Fatih/Yavuz Sultan Selim,TRY,3000000.0,False,False,False,False,False,False,True,False,False,Комнаты не разобраны,оставить,оставить признаки как есть,train
99199,Komple Bina,3000000.0,800.0,+,,4,Diyarbakır/Kayapınar/Mezopotamya,TRY,3000000.0,False,False,False,False,False,False,True,False,False,Комнаты не разобраны,оставить,оставить признаки как есть,train
111921,Komple Bina,3000000.0,70.0,+,,5,İstanbul/Şişli/Ergenekon,TRY,3000000.0,False,False,False,False,False,False,True,False,False,Комнаты не разобраны,оставить,оставить признаки как есть,train
113303,Komple Bina,3000000.0,,+,,4,İstanbul/Ataşehir/Ferhatpaşa,TRY,3000000.0,False,False,False,False,False,False,True,False,False,Комнаты не разобраны,оставить,оставить признаки как есть,train
114769,Komple Bina,3000000.0,435.0,+,,7,İstanbul/Fatih/Yavuz Sultan Selim,TRY,3000000.0,False,False,False,False,False,False,True,False,False,Комнаты не разобраны,оставить,оставить признаки как есть,train
114775,Komple Bina,3000000.0,435.0,+,,7,İstanbul/Fatih/Yavuz Sultan Selim,TRY,3000000.0,False,False,False,False,False,False,True,False,False,Комнаты не разобраны,оставить,оставить признаки как есть,train
328816,Komple Bina,3000000.0,65.0,+,,7,İstanbul/Beyoğlu/Çukur,TRY,3000000.0,False,False,False,False,False,False,True,False,False,Комнаты не разобраны,оставить,оставить признаки как есть,validation
363749,Çiftlik Evi,3000000.0,500000.0,9+3,,2,Sivas/Hafik/Tavşanlı Köyü,TRY,3000000.0,False,False,False,True,True,False,False,False,False,"Площадь выше 3 000 м², Площадь выше 100 000 м²",оставить,площадь → пропуск,test
363959,Çiftlik Evi,3000000.0,500000.0,9+3,,2,Sivas/Hafik/Tavşanlı Köyü,TRY,3000000.0,False,False,False,True,True,False,False,False,False,"Площадь выше 3 000 м², Площадь выше 100 000 м²",оставить,площадь → пропуск,test
369955,Komple Bina,3000000.0,,+,,2,Sakarya/Söğütlü/Akarca,TRY,3000000.0,False,False,False,False,False,False,True,False,False,Комнаты не разобраны,оставить,оставить признаки как есть,validation
370263,Komple Bina,3000000.0,,+,,2,Sakarya/Söğütlü/Akarca,TRY,3000000.0,False,False,False,False,False,False,True,False,False,Комнаты не разобраны,оставить,оставить признаки как есть,validation
384058,Komple Bina,3000000.0,50.0,+,,4,İstanbul/Fatih/Ali Kuşçu,TRY,3000000.0,False,False,False,False,False,False,True,False,False,Комнаты не разобраны,оставить,оставить признаки как есть,train
384090,Komple Bina,3000000.0,705.0,+,,3,İzmir/Menderes/Orta,TRY,3000000.0,False,False,False,False,False,False,True,False,False,Комнаты не разобраны,оставить,оставить признаки как есть,train
389838,Komple Bina,3000000.0,360.0,+,,3,Ankara/Mamak/Demirlibahçe,TRY,3000000.0,False,False,False,False,False,False,True,False,False,Комнаты не разобраны,оставить,оставить признаки как есть,train
391455,Komple Bina,3000000.0,1380.0,+,,6,Kocaeli/İzmit/Bekirdere,TRY,3000000.0,False,False,False,False,False,False,True,False,False,Комнаты не разобраны,оставить,оставить признаки как есть,train
394859,Komple Bina,3000000.0,50.0,+,,4,İstanbul/Fatih/Ali Kuşçu,TRY,3000000.0,False,False,False,False,False,False,True,False,False,Комнаты не разобраны,оставить,оставить признаки как есть,train
368142,Daire,2979428.0,414211.0,9+5,Kot 1,10-20 arası,İstanbul/Avcılar/Cihangir,GBP,398000.0,False,False,False,True,True,False,False,False,False,"Площадь выше 3 000 м², Площадь выше 100 000 м²",оставить,площадь → пропуск,train
91003,Komple Bina,2950000.0,175.0,+,,8,Mersin/Yenişehir/Menteş,TRY,2950000.0,False,False,False,False,False,False,True,False,False,Комнаты не разобраны,оставить,оставить признаки как есть,validation
92287,Komple Bina,2950000.0,,+,,4,İstanbul/Zeytinburnu/Telsiz,TRY,2950000.0,False,False,False,False,False,False,True,False,False,Комнаты не разобраны,оставить,оставить признаки как есть,test
99293,Komple Bina,2950000.0,200.0,+,,2,İstanbul/Beşiktaş/Arnavutköy,TRY,2950000.0,False,False,False,False,False,False,True,False,False,Комнаты не разобраны,оставить,оставить признаки как есть,test
326446,Komple Bina,2950000.0,,+,,3,Gaziantep/Şahinbey/Güneykent,TRY,2950000.0,False,False,False,False,False,False,True,False,False,Комнаты не разобраны,оставить,оставить признаки как есть,train
401423,Daire,2908513.218,394369.0,1+1,,,Artvin/Merkez/Bağcılar Köyü,EUR,483222.0,False,False,False,True,True,False,False,False,False,"Площадь выше 3 000 м², Площадь выше 100 000 м²",оставить,площадь → пропуск,validation
94187,Komple Bina,2900000.0,800.0,+,,4,Diyarbakır/Kayapınar/Barış,TRY,2900000.0,False,False,False,False,False,False,True,False,False,Комнаты не разобраны,оставить,оставить признаки как есть,train
94851,Komple Bina,2900000.0,,+,,3,Sakarya/Serdivan/Arabacıalanı,TRY,2900000.0,False,False,False,False,False,False,True,False,False,Комнаты не разобраны,оставить,оставить признаки как есть,train
98703,Komple Bina,2900000.0,360.0,+,,4,İstanbul/Fatih/Ali Kuşçu,TRY,2900000.0,False,False,False,False,False,False,True,False,False,Комнаты не разобраны,оставить,оставить признаки как есть,train
301932,Daire,2900000.0,3170.0,3+1,4,5,İstanbul/Beşiktaş/Ulus,TRY,2900000.0,False,False,False,True,False,False,False,False,False,Площадь выше 3 000 м²,оставить,площадь → пропуск,train
361312,Daire,2871412.8695,19981.0,2+2,Müstakil,2,Ankara/Elmadağ/Hasanoğlan Havuzbaşı,GBP,424445.0,False,False,False,True,False,False,False,False,False,Площадь выше 3 000 м²,оставить,площадь → пропуск,train
14235,Daire,2857132.5694000004,94433.0,2+1,7,3,İstanbul/Güngören/Sanayi,GBP,427222.0,False,False,False,True,False,True,False,False,False,"Площадь выше 3 000 м², Этаж выше этажности здания",оставить,площадь → пропуск; этаж → пропуск,train
25910,Komple Bina,2850000.0,,+,,5,İstanbul/Beyoğlu/Kocatepe,TRY,2850000.0,False,False,False,False,False,False,True,False,False,Комнаты не разобраны,оставить,оставить признаки как есть,train
30038,Komple Bina,2850000.0,,+,,5,İstanbul/Beyoğlu/Kocatepe,TRY,2850000.0,False,False,False,False,False,False,True,False,False,Комнаты не разобраны,оставить,оставить признаки как есть,train
93189,Komple Bina,2850000.0,55.0,+,,4,Denizli/Pamukkale/Bağbaşı,TRY,2850000.0,False,False,False,False,False,False,True,False,False,Комнаты не разобраны,оставить,оставить признаки как есть,train
104721,Komple Bina,2850000.0,110.0,+,,5,İstanbul/Pendik/Bahçelievler,TRY,2850000.0,False,False,False,False,False,False,True,False,False,Комнаты не разобраны,оставить,оставить признаки как есть,train
382000,Komple Bina,2850000.0,,+,,5,İstanbul/Beyoğlu/Kocatepe,TRY,2850000.0,False,False,False,False,False,False,True,False,False,Комнаты не разобраны,оставить,оставить признаки как есть,train
385702,Komple Bina,2850000.0,,+,,5,İstanbul/Beyoğlu/Kocatepe,TRY,2850000.0,False,False,False,False,False,False,True,False,False,Комнаты не разобраны,оставить,оставить признаки как есть,train
370519,Komple Bina,2840000.0,670.0,+,,3,İzmir/Urla/Çamlıçay,TRY,2840000.0,False,False,False,False,False,False,True,False,False,Комнаты не разобраны,оставить,оставить признаки как есть,validation
29304,Komple Bina,2800000.0,,+,,3,Muğla/Fethiye/Foça,TRY,2800000.0,False,False,False,False,False,False,True,False,False,Комнаты не разобраны,оставить,оставить признаки как есть,test
31896,Komple Bina,2800000.0,,+,,3,Muğla/Fethiye/Foça,TRY,2800000.0,False,False,False,False,False,False,True,False,False,Комнаты не разобраны,оставить,оставить признаки как есть,test
32890,Komple Bina,2800000.0,,+,,3,Muğla/Fethiye/Foça,TRY,2800000.0,False,False,False,False,False,False,True,False,False,Комнаты не разобраны,оставить,оставить признаки как есть,test
34870,Komple Bina,2800000.0,,+,,3,Muğla/Fethiye/Foça,TRY,2800000.0,False,False,False,False,False,False,True,False,False,Комнаты не разобраны,оставить,оставить признаки как есть,test
90927,Komple Bina,2800000.0,,+,,3,Samsun/Atakum/Mimarsinan,TRY,2800000.0,False,False,False,False,False,False,True,False,False,Комнаты не разобраны,оставить,оставить признаки как есть,train
91191,Komple Bina,2800000.0,,+,,3,Samsun/Atakum/Mimarsinan,TRY,2800000.0,False,False,False,False,False,False,True,False,False,Комнаты не разобраны,оставить,оставить признаки как есть,train
91611,Komple Bina,2800000.0,,+,,5,İstanbul/Büyükçekmece/Kamiloba,TRY,2800000.0,False,False,False,False,False,False,True,False,False,Комнаты не разобраны,оставить,оставить признаки как есть,train
93725,Komple Bina,2800000.0,,+,,3,Samsun/Atakum/Mimarsinan,TRY,2800000.0,False,False,False,False,False,False,True,False,False,Комнаты не разобраны,оставить,оставить признаки как есть,train
95771,Komple Bina,2800000.0,,+,,5,İstanbul/Büyükçekmece/Kamiloba,TRY,2800000.0,False,False,False,False,False,False,True,False,False,Комнаты не разобраны,оставить,оставить признаки как есть,train
96093,Komple Bina,2800000.0,,+,,3,Samsun/Atakum/Mimarsinan,TRY,2800000.0,False,False,False,False,False,False,True,False,False,Комнаты не разобраны,оставить,оставить признаки как есть,train
97791,Komple Bina,2800000.0,,+,,5,İstanbul/Büyükçekmece/Kamiloba,TRY,2800000.0,False,False,False,False,False,False,True,False,False,Комнаты не разобраны,оставить,оставить признаки как есть,train
104121,Komple Bina,2800000.0,,+,,3,Samsun/Atakum/Mimarsinan,TRY,2800000.0,False,False,False,False,False,False,True,False,False,Комнаты не разобраны,оставить,оставить признаки как есть,train
106939,Komple Bina,2800000.0,,+,,5,İstanbul/Büyükçekmece/Kamiloba,TRY,2800000.0,False,False,False,False,False,False,True,False,False,Комнаты не разобраны,оставить,оставить признаки как есть,train
108567,Komple Bina,2800000.0,,+,,3,Samsun/Atakum/Mimarsinan,TRY,2800000.0,False,False,False,False,False,False,True,False,False,Комнаты не разобраны,оставить,оставить признаки как есть,train
111001,Komple Bina,2800000.0,,+,,5,İstanbul/Büyükçekmece/Kamiloba,TRY,2800000.0,False,False,False,False,False,False,True,False,False,Комнаты не разобраны,оставить,оставить признаки как есть,train
112179,Komple Bina,2800000.0,345.0,+,,5,Trabzon/Ortahisar/Üniversite,TRY,2800000.0,False,False,False,False,False,False,True,False,False,Комнаты не разобраны,оставить,оставить признаки как есть,train
112457,Komple Bina,2800000.0,,+,,3,Samsun/Atakum/Mimarsinan,TRY,2800000.0,False,False,False,False,False,False,True,False,False,Комнаты не разобраны,оставить,оставить признаки как есть,train
113035,Komple Bina,2800000.0,,+,,3,Samsun/Atakum/Mimarsinan,TRY,2800000.0,False,False,False,False,False,False,True,False,False,Комнаты не разобраны,оставить,оставить признаки как есть,train
357189,Komple Bina,2800000.0,,+,,3,Isparta/Merkez/Mehmet Tönge,TRY,2800000.0,False,False,False,False,False,False,True,False,False,Комнаты не разобраны,оставить,оставить признаки как есть,train
377464,Komple Bina,2800000.0,189.0,+,,,Ordu/Altınordu/Yeni,TRY,2800000.0,False,False,False,False,False,False,True,False,False,Комнаты не разобраны,оставить,оставить признаки как есть,train
866,Komple Bina,2750000.0,,+,,2,Çanakkale/Merkez/Kemalpaşa,TRY,2750000.0,False,False,False,False,False,False,True,False,False,Комнаты не разобраны,оставить,оставить признаки как есть,train
91429,Komple Bina,2750000.0,,+,,5,İstanbul/Kadıköy/Osmanağa,TRY,2750000.0,False,False,False,False,False,False,True,False,False,Комнаты не разобраны,оставить,оставить признаки как есть,train
93961,Komple Bina,2750000.0,120.0,+,,5,İstanbul/Fatih/Akşemsettin,TRY,2750000.0,False,False,False,False,False,False,True,False,False,Комнаты не разобраны,оставить,оставить признаки как есть,train
97897,Komple Bina,2750000.0,675.0,+,,5,İstanbul/Kartal/Karlıktepe,TRY,2750000.0,False,False,False,False,False,False,True,False,False,Комнаты не разобраны,оставить,оставить признаки как есть,train
98149,Komple Bina,2750000.0,675.0,+,,5,İstanbul/Kartal/Karlıktepe,TRY,2750000.0,False,False,False,False,False,False,True,False,False,Комнаты не разобраны,оставить,оставить признаки как есть,train
99217,Komple Bina,2750000.0,660.0,+,,6,Yalova/Çınarcık/Koru Bld. (Cumhuriyet),TRY,2750000.0,False,False,False,False,False,False,True,False,False,Комнаты не разобраны,оставить,оставить признаки как есть,train
99321,Komple Bina,2750000.0,390.0,+,,3,İstanbul/Büyükçekmece/Kamiloba,TRY,2750000.0,False,False,False,False,False,False,True,False,False,Комнаты не разобраны,оставить,оставить признаки как есть,train
104747,Komple Bina,2750000.0,,+,,5,İstanbul/Bakırköy/Cevizlik,TRY,2750000.0,False,False,False,False,False,False,True,False,False,Комнаты не разобраны,оставить,оставить признаки как есть,train
105571,Komple Bina,2750000.0,120.0,+,,5,İstanbul/Fatih/Akşemsettin,TRY,2750000.0,False,False,False,False,False,False,True,False,False,Комнаты не разобраны,оставить,оставить признаки как есть,train
106489,Komple Bina,2750000.0,675.0,+,,5,İstanbul/Kartal/Karlıktepe,TRY,2750000.0,False,False,False,False,False,False,True,False,False,Комнаты не разобраны,оставить,оставить признаки как есть,train
107911,Komple Bina,2750000.0,,+,,5,İstanbul/Bakırköy/Cevizlik,TRY,2750000.0,False,False,False,False,False,False,True,False,False,Комнаты не разобраны,оставить,оставить признаки как есть,train
108255,Komple Bina,2750000.0,675.0,+,,5,İstanbul/Kartal/Karlıktepe,TRY,2750000.0,False,False,False,False,False,False,True,False,False,Комнаты не разобраны,оставить,оставить признаки как есть,train
112221,Komple Bina,2750000.0,675.0,+,,5,İstanbul/Kartal/Karlıktepe,TRY,2750000.0,False,False,False,False,False,False,True,False,False,Комнаты не разобраны,оставить,оставить признаки как есть,train
112269,Komple Bina,2750000.0,,+,,5,İstanbul/Bakırköy/Cevizlik,TRY,2750000.0,False,False,False,False,False,False,True,False,False,Комнаты не разобраны,оставить,оставить признаки как есть,train
350379,Komple Bina,2750000.0,,+,,4,Kocaeli/Kandıra/Kefken,TRY,2750000.0,False,False,False,False,False,False,True,False,False,Комнаты не разобраны,оставить,оставить признаки как есть,train
391243,Komple Bina,2750000.0,,+,,3,Kahramanmaraş/Dulkadiroğlu/Yeni Şehir,TRY,2750000.0,False,False,False,False,False,False,True,False,False,Комнаты не разобраны,оставить,оставить признаки как есть,train
368131,Komple Bina,2737755.0,919.0,+,,2,Aydın/Didim/Yalıköy,EUR,450000.0,False,False,False,False,False,False,True,False,False,Комнаты не разобраны,оставить,оставить признаки как есть,train
29020,Villa,2700000.0,1.0,4+2,,2,Gaziantep/Şehitkamil/Karadede,TRY,2700000.0,False,False,True,False,False,False,False,False,False,Площадь ниже 15 м²,оставить,площадь → пропуск,train
97093,Komple Bina,2700000.0,100.0,+,,5,İstanbul/Fatih/Akşemsettin,TRY,2700000.0,False,False,False,False,False,False,True,False,False,Комнаты не разобраны,оставить,оставить признаки как есть,test
112653,Komple Bina,2700000.0,,+,,8,Tekirdağ/Çerkezköy/İstasyon,TRY,2700000.0,False,False,False,False,False,False,True,False,False,Комнаты не разобраны,оставить,оставить признаки как есть,train
106205,Komple Bina,2650000.0,100.0,+,,4,Balıkesir/Karesi/Mirzabey,TRY,2650000.0,False,False,False,False,False,False,True,False,False,Комнаты не разобраны,оставить,оставить признаки как есть,train
108047,Komple Bina,2650000.0,200.0,+,,4,Balıkesir/Karesi/Mirzabey,TRY,2650000.0,False,False,False,False,False,False,True,False,False,Комнаты не разобраны,оставить,оставить признаки как есть,train
1674,Komple Bina,2600000.0,310.0,+,,4,İstanbul/Kadıköy/Rasimpaşa,TRY,2600000.0,False,False,False,False,False,False,True,False,False,Комнаты не разобраны,оставить,оставить признаки как есть,train
8176,Komple Bina,2600000.0,400.0,+,,2,İstanbul/Büyükçekmece/Güzelce,TRY,2600000.0,False,False,False,False,False,False,True,False,False,Комнаты не разобраны,оставить,оставить признаки как есть,test
93143,Komple Bina,2600000.0,90.0,+,,4,İstanbul/Fatih/Atikali,TRY,2600000.0,False,False,False,False,False,False,True,False,False,Комнаты не разобраны,оставить,оставить признаки как есть,train
96029,Komple Bina,2600000.0,495.0,+,,3,Sakarya/Sapanca/Rüstempaşa,TRY,2600000.0,False,False,False,False,False,False,True,False,False,Комнаты не разобраны,оставить,оставить признаки как есть,train
97037,Komple Bina,2600000.0,360.0,+,,4,İstanbul/Sarıyer/Reşitpaşa,TRY,2600000.0,False,False,False,False,False,False,True,False,False,Комнаты не разобраны,оставить,оставить признаки как есть,validation
106975,Komple Bina,2600000.0,90.0,+,,4,İstanbul/Fatih/Atikali,TRY,2600000.0,False,False,False,False,False,False,True,False,False,Комнаты не разобраны,оставить,оставить признаки как есть,train
113841,Komple Bina,2600000.0,400.0,+,,5,İstanbul/Fatih/Akşemsettin,TRY,2600000.0,False,False,False,False,False,False,True,False,False,Комнаты не разобраны,оставить,оставить признаки как есть,train
183722,Daire,2600000.0,1.0,8+1,2,2,Mersin/Mezitli/Merkez,TRY,2600000.0,False,False,True,False,False,False,False,False,False,Площадь ниже 15 м²,оставить,площадь → пропуск,train
109457,Komple Bina,2590000.0,550.0,+,,5,İstanbul/Ataşehir/İnönü,TRY,2590000.0,False,False,False,False,False,False,True,False,False,Комнаты не разобраны,оставить,оставить признаки как есть,train
111207,Komple Bina,2587171.0,,+,,3,Denizli/Merkezefendi/Gümüşçay,USD,395000.0,False,False,False,False,False,False,True,False,False,Комнаты не разобраны,оставить,оставить признаки как есть,validation
357535,Daire,2584242.9,858484.0,7+3,Teras Kat,2,İstanbul/Avcılar/Cihangir,USD,477000.0,False,False,False,True,True,False,False,False,False,"Площадь выше 3 000 м², Площадь выше 100 000 м²",оставить,площадь → пропуск,test
357617,Daire,2584242.9,858484.0,7+3,Teras Kat,2,İstanbul/Avcılar/Cihangir,USD,477000.0,False,False,False,True,True,False,False,False,False,"Площадь выше 3 000 м², Площадь выше 100 000 м²",оставить,площадь → пропуск,test
357709,Daire,2584242.9,858484.0,7+3,Teras Kat,2,İstanbul/Avcılar/Cihangir,USD,477000.0,False,False,False,True,True,False,False,False,False,"Площадь выше 3 000 м², Площадь выше 100 000 м²",оставить,площадь → пропуск,test
107831,Komple Bina,2580000.0,220.0,+,,5,İstanbul/Beykoz/Çubuklu,TRY,2580000.0,False,False,False,False,False,False,True,False,False,Комнаты не разобраны,оставить,оставить признаки как есть,train
113703,Komple Bina,2580000.0,220.0,+,,5,İstanbul/Beykoz/Çubuklu,TRY,2580000.0,False,False,False,False,False,False,True,False,False,Комнаты не разобраны,оставить,оставить признаки как есть,train
33688,Komple Bina,2550000.0,694.0,+,,,Antalya/Muratpaşa/Topçular,TRY,2550000.0,False,False,False,False,False,False,True,False,False,Комнаты не разобраны,оставить,оставить признаки как есть,validation
92853,Komple Bina,2550000.0,,+,,3,İstanbul/Beşiktaş/Kuruçeşme,TRY,2550000.0,False,False,False,False,False,False,True,False,False,Комнаты не разобраны,оставить,оставить признаки как есть,train
97017,Komple Bina,2550000.0,,+,,3,İstanbul/Beşiktaş/Kuruçeşme,TRY,2550000.0,False,False,False,False,False,False,True,False,False,Комнаты не разобраны,оставить,оставить признаки как есть,train
104263,Komple Bina,2550000.0,,+,,3,İstanbul/Beşiktaş/Kuruçeşme,TRY,2550000.0,False,False,False,False,False,False,True,False,False,Комнаты не разобраны,оставить,оставить признаки как есть,train
114645,Komple Bina,2550000.0,800.0,+,,5,İstanbul/Fatih/Koca Mustafapaşa,TRY,2550000.0,False,False,False,False,False,False,True,False,False,Комнаты не разобраны,оставить,оставить признаки как есть,validation
386662,Daire,2512965.2694,870752.0,1+0,,,Manisa/Demirci/Akıncılar,EUR,423222.0,False,False,False,True,True,False,False,False,False,"Площадь выше 3 000 м², Площадь выше 100 000 м²",оставить,площадь → пропуск,train
399427,Daire,2512965.2694,870752.0,1+0,,,Manisa/Demirci/Akıncılar,EUR,423222.0,False,False,False,True,True,False,False,False,False,"Площадь выше 3 000 м², Площадь выше 100 000 м²",оставить,площадь → пропуск,train
1234,Komple Bina,2500000.0,400.0,+,,2,Balıkesir/Burhaniye/Yunus,TRY,2500000.0,False,False,False,False,False,False,True,False,False,Комнаты не разобраны,оставить,оставить признаки как есть,train
6698,Komple Bina,2500000.0,480.0,+,,3,Bursa/Nilüfer/Karaman,TRY,2500000.0,False,False,False,False,False,False,True,False,False,Комнаты не разобраны,оставить,оставить признаки как есть,test
7260,Komple Bina,2500000.0,760.0,+,,2,Antalya/Muratpaşa/Güzeloba,TRY,2500000.0,False,False,False,False,False,False,True,False,False,Комнаты не разобраны,оставить,оставить признаки как есть,test
22592,Komple Bina,2500000.0,2800.0,+,,6,Adana/Kozan/Cumhuriyet,TRY,2500000.0,False,False,False,False,False,False,True,False,False,Комнаты не разобраны,оставить,оставить признаки как есть,train
28862,Komple Bina,2500000.0,240.0,+,,3,Muğla/Bodrum/Bitez,TRY,2500000.0,False,False,False,False,False,False,True,False,False,Комнаты не разобраны,оставить,оставить признаки как есть,test
65483,Müstakil Ev,2500000.0,5840.0,5+1,Kot 2,2,İzmir/Foça/Yeniköy,TRY,2500000.0,False,False,False,True,False,False,False,False,False,Площадь выше 3 000 м²,оставить,оставить признаки как есть,train
96149,Komple Bina,2500000.0,130.0,+,,4,İstanbul/Beykoz/Yavuz Selim,TRY,2500000.0,False,False,False,False,False,False,True,False,False,Комнаты не разобраны,оставить,оставить признаки как есть,train
97177,Komple Bina,2500000.0,,+,,3,Sakarya/Adapazarı/Cumhuriyet,TRY,2500000.0,False,False,False,False,False,False,True,False,False,Комнаты не разобраны,оставить,оставить признаки как есть,validation
98805,Komple Bina,2500000.0,600.0,+,,4,İstanbul/Beşiktaş/Vişnezade,TRY,2500000.0,False,False,False,False,False,False,True,False,False,Комнаты не разобраны,оставить,оставить признаки как есть,train
99009,Komple Bina,2500000.0,,+,,3,Ankara/Altındağ/Ali Ersoy,TRY,2500000.0,False,False,False,False,False,False,True,False,False,Комнаты не разобраны,оставить,оставить признаки как есть,train
103889,Komple Bina,2500000.0,,+,,5,İstanbul/Beyoğlu/Keçeci Piri,TRY,2500000.0,False,False,False,False,False,False,True,False,False,Комнаты не разобраны,оставить,оставить признаки как есть,train
104191,Komple Bina,2500000.0,,+,,5,İstanbul/Beykoz/Çubuklu,TRY,2500000.0,False,False,False,False,False,False,True,False,False,Комнаты не разобраны,оставить,оставить признаки как есть,train
104961,Komple Bina,2500000.0,105.0,+,,4,Ordu/Altınordu/Şarkiye,TRY,2500000.0,False,False,False,False,False,False,True,False,False,Комнаты не разобраны,оставить,оставить признаки как есть,train
105285,Komple Bina,2500000.0,,+,,3,Sakarya/Adapazarı/Cumhuriyet,TRY,2500000.0,False,False,False,False,False,False,True,False,False,Комнаты не разобраны,оставить,оставить признаки как есть,validation
106487,Komple Bina,2500000.0,150.0,+,,3,İstanbul/Sarıyer/Reşitpaşa,TRY,2500000.0,False,False,False,False,False,False,True,False,False,Комнаты не разобраны,оставить,оставить признаки как есть,train
107279,Komple Bina,2500000.0,130.0,+,,4,İstanbul/Beykoz/Yavuz Selim,TRY,2500000.0,False,False,False,False,False,False,True,False,False,Комнаты не разобраны,оставить,оставить признаки как есть,train
107921,Komple Bina,2500000.0,,+,,3,Sakarya/Adapazarı/Cumhuriyet,TRY,2500000.0,False,False,False,False,False,False,True,False,False,Комнаты не разобраны,оставить,оставить признаки как есть,validation
112557,Komple Bina,2500000.0,450.0,+,,7,İstanbul/Fatih/Haseki Sultan,TRY,2500000.0,False,False,False,False,False,False,True,False,False,Комнаты не разобраны,оставить,оставить признаки как есть,validation
112997,Komple Bina,2500000.0,,+,,3,Ankara/Altındağ/Ali Ersoy,TRY,2500000.0,False,False,False,False,False,False,True,False,False,Комнаты не разобраны,оставить,оставить признаки как есть,train
113667,Komple Bina,2500000.0,550.0,+,,5,İstanbul/Esenyurt/Güzelyurt,TRY,2500000.0,False,False,False,False,False,False,True,False,False,Комнаты не разобраны,оставить,оставить признаки как есть,train
114289,Komple Bina,2500000.0,220.0,+,,5,İstanbul/Beykoz/Çubuklu,TRY,2500000.0,False,False,False,False,False,False,True,False,False,Комнаты не разобраны,оставить,оставить признаки как есть,train
327020,Komple Bina,2500000.0,1400.0,+,,4,Ankara/Çankaya/Maltepe,TRY,2500000.0,False,False,False,False,False,False,True,False,False,Комнаты не разобраны,оставить,оставить признаки как есть,train
359799,Yazlık,2500000.0,1.0,7+2,Müstakil,3,İstanbul/Beykoz/Poyrazköy,TRY,2500000.0,False,False,True,False,False,False,False,False,False,Площадь ниже 15 м²,оставить,площадь → пропуск,train
359965,Yazlık,2500000.0,1.0,7+2,Müstakil,3,İstanbul/Beykoz/Poyrazköy,TRY,2500000.0,False,False,True,False,False,False,False,False,False,Площадь ниже 15 м²,оставить,площадь → пропуск,train
371161,Komple Bina,2500000.0,,+,,4,Trabzon/Akçaabat/Darıca,TRY,2500000.0,False,False,False,False,False,False,True,False,False,Комнаты не разобраны,оставить,оставить признаки как есть,test
378106,Komple Bina,2500000.0,,+,,,Antalya/Manavgat/Side,TRY,2500000.0,False,False,False,False,False,False,True,False,False,Комнаты не разобраны,оставить,оставить признаки как есть,validation
390137,Komple Bina,2500000.0,,+,,,Muğla/Menteşe/Kötekli,TRY,2500000.0,False,False,False,False,False,False,True,False,False,Комнаты не разобраны,оставить,оставить признаки как есть,train
390512,Komple Bina,2500000.0,,+,,,Antalya/Manavgat/Side,TRY,2500000.0,False,False,False,False,False,False,True,False,False,Комнаты не разобраны,оставить,оставить признаки как есть,validation
397786,Komple Bina,2500000.0,,+,,,Antalya/Manavgat/Side,TRY,2500000.0,False,False,False,False,False,False,True,False,False,Комнаты не разобраны,оставить,оставить признаки как есть,validation
401331,Komple Bina,2500000.0,,+,,,Antalya/Manavgat/Side,TRY,2500000.0,False,False,False,False,False,False,True,False,False,Комнаты не разобраны,оставить,оставить признаки как есть,validation
1516,Müstakil Ev,2450000.0,1.0,4+3,,3,Kastamonu/İnebolu/Cünürye,TRY,2450000.0,False,False,True,False,False,False,False,False,False,Площадь ниже 15 м²,оставить,площадь → пропуск,validation
7674,Komple Bina,2450000.0,,+,,5,Malatya/Battalgazi/İstiklal,TRY,2450000.0,False,False,False,False,False,False,True,False,False,Комнаты не разобраны,оставить,оставить признаки как есть,train
107437,Komple Bina,2450000.0,,+,,4,İzmir/Gaziemir/Menderes,TRY,2450000.0,False,False,False,False,False,False,True,False,False,Комнаты не разобраны,оставить,оставить признаки как есть,train
108533,Komple Bina,2450000.0,650.0,+,,5,İstanbul/Bayrampaşa/Kocatepe,TRY,2450000.0,False,False,False,False,False,False,True,False,False,Комнаты не разобраны,оставить,оставить признаки как есть,test
193199,Daire,2450000.0,150.0,3+1,3,1,İstanbul/Kadıköy/Caddebostan,TRY,2450000.0,False,False,False,False,False,True,False,False,False,Этаж выше этажности здания,оставить,оставить признаки как есть; этаж → пропуск,test
196182,Daire,2450000.0,150.0,3+1,3,1,İstanbul/Kadıköy/Caddebostan,TRY,2450000.0,False,False,False,False,False,True,False,False,False,Этаж выше этажности здания,оставить,оставить признаки как есть; этаж → пропуск,test
372455,Daire,2430560.0,14251.0,3+2,Çatı Katı,6,Ankara/Elmadağ/Hasanoğlan Havuzbaşı,EUR,400000.0,False,False,False,True,False,False,False,False,False,Площадь выше 3 000 м²,оставить,площадь → пропуск,train
372519,Daire,2430560.0,14251.0,3+2,Çatı Katı,6,Ankara/Elmadağ/Hasanoğlan Havuzbaşı,EUR,400000.0,False,False,False,True,False,False,False,False,False,Площадь выше 3 000 м²,оставить,площадь → пропуск,train
372643,Daire,2430560.0,14251.0,3+2,Çatı Katı,6,Ankara/Elmadağ/Hasanoğlan Havuzbaşı,EUR,400000.0,False,False,False,True,False,False,False,False,False,Площадь выше 3 000 м²,оставить,площадь → пропуск,train
92207,Komple Bina,2400000.0,306.0,+,,2,Bursa/Yıldırım/Vatan,TRY,2400000.0,False,False,False,False,False,False,True,False,False,Комнаты не разобраны,оставить,оставить признаки как есть,train
106957,Komple Bina,2350000.0,130.0,+,,6,İstanbul/Beyoğlu/Yahya Kahya,TRY,2350000.0,False,False,False,False,False,False,True,False,False,Комнаты не разобраны,оставить,оставить признаки как есть,train
114651,Komple Bina,2350000.0,1200.0,+,,3,Ankara/Altındağ/Önder,TRY,2350000.0,False,False,False,False,False,False,True,False,False,Комнаты не разобраны,оставить,оставить признаки как есть,validation
386652,Daire,2312268.9207,30164.0,2+1,,,Konya/Bozkır/Aydınkışla,EUR,383213.0,False,False,False,True,False,False,False,False,False,Площадь выше 3 000 м²,оставить,площадь → пропуск,validation
386656,Daire,2312268.9207,30164.0,2+1,,,Konya/Bozkır/Aydınkışla,EUR,383213.0,False,False,False,True,False,False,False,False,False,Площадь выше 3 000 м²,оставить,площадь → пропуск,validation
401011,Daire,2312268.9207,30164.0,2+1,,,Konya/Bozkır/Aydınkışla,EUR,383213.0,False,False,False,True,False,False,False,False,False,Площадь выше 3 000 м²,оставить,площадь → пропуск,validation
7838,Komple Bina,2300000.0,660.0,+,,4,İzmir/Bornova/Evka 4,TRY,2300000.0,False,False,False,False,False,False,True,False,False,Комнаты не разобраны,оставить,оставить признаки как есть,train
95117,Komple Bina,2300000.0,350.0,+,,6,İstanbul/Üsküdar/Sultantepe,TRY,2300000.0,False,False,False,False,False,False,True,False,False,Комнаты не разобраны,оставить,оставить признаки как есть,train
98139,Komple Bina,2300000.0,350.0,+,,6,İstanbul/Beşiktaş/Türkali,TRY,2300000.0,False,False,False,False,False,False,True,False,False,Комнаты не разобраны,оставить,оставить признаки как есть,train
104609,Komple Bina,2300000.0,470.0,+,,5,Bursa/Yıldırım/Kurtoğlu,TRY,2300000.0,False,False,False,False,False,False,True,False,False,Комнаты не разобраны,оставить,оставить признаки как есть,test
109639,Komple Bina,2300000.0,1180.0,+,,4,İstanbul/Pendik/Kurtköy,TRY,2300000.0,False,False,False,False,False,False,True,False,False,Комнаты не разобраны,оставить,оставить признаки как есть,test
110919,Komple Bina,2300000.0,99.0,+,,6,İstanbul/Beşiktaş/Türkali,TRY,2300000.0,False,False,False,False,False,False,True,False,False,Комнаты не разобраны,оставить,оставить признаки как есть,train
112605,Komple Bina,2300000.0,780.0,+,,5,İstanbul/Maltepe/Zümrütevler,TRY,2300000.0,False,False,False,False,False,False,True,False,False,Комнаты не разобраны,оставить,оставить признаки как есть,train
302389,Daire,2300000.0,145.0,4+1,11,10,İstanbul/Kadıköy/Fenerbahçe,TRY,2300000.0,False,False,False,False,False,True,False,False,False,Этаж выше этажности здания,оставить,оставить признаки как есть; этаж → пропуск,train
370575,Komple Bina,2300000.0,,+,,2,Muğla/Marmaris/Hisarönü,TRY,2300000.0,False,False,False,False,False,False,True,False,False,Комнаты не разобраны,оставить,оставить признаки как есть,test
370881,Komple Bina,2300000.0,,+,,2,Muğla/Marmaris/Hisarönü,TRY,2300000.0,False,False,False,False,False,False,True,False,False,Комнаты не разобраны,оставить,оставить признаки как есть,test
371217,Komple Bina,2300000.0,,+,,2,Muğla/Marmaris/Hisarönü,TRY,2300000.0,False,False,False,False,False,False,True,False,False,Комнаты не разобраны,оставить,оставить признаки как есть,test
1754,Komple Bina,2295000.0,985.0,+,,5,Kocaeli/İzmit/Bekirdere,TRY,2295000.0,False,False,False,False,False,False,True,False,False,Комнаты не разобраны,оставить,оставить признаки как есть,train
114747,Komple Bina,2275000.0,160.0,+,,8,Denizli/Merkezefendi/Karaman,TRY,2275000.0,False,False,False,False,False,False,True,False,False,Комнаты не разобраны,оставить,оставить признаки как есть,test
24906,Komple Bina,2250000.0,1100.0,+,,3,Muğla/Marmaris/İçmeler,TRY,2250000.0,False,False,False,False,False,False,True,False,False,Комнаты не разобраны,оставить,оставить признаки как есть,train
31244,Komple Bina,2250000.0,135.0,+,,5,Mersin/Mezitli/Seymenli,TRY,2250000.0,False,False,False,False,False,False,True,False,False,Комнаты не разобраны,оставить,оставить признаки как есть,train
91255,Komple Bina,2250000.0,840.0,+,,7,İstanbul/Bahçelievler/Kocasinan Merkez,TRY,2250000.0,False,False,False,False,False,False,True,False,False,Комнаты не разобраны,оставить,оставить признаки как есть,train
95229,Komple Bina,2250000.0,550.0,+,,4,İstanbul/Kağıthane/Merkez,TRY,2250000.0,False,False,False,False,False,False,True,False,False,Комнаты не разобраны,оставить,оставить признаки как есть,train
99377,Komple Bina,2250000.0,930.0,+,,7,İstanbul/Bahçelievler/Kocasinan Merkez,TRY,2250000.0,False,False,False,False,False,False,True,False,False,Комнаты не разобраны,оставить,оставить признаки как есть,train
99503,Komple Bina,2250000.0,980.0,+,,4,İstanbul/Tuzla/Yayla,TRY,2250000.0,False,False,False,False,False,False,True,False,False,Комнаты не разобраны,оставить,оставить признаки как есть,train
108571,Komple Bina,2250000.0,700.0,+,,5,Bursa/Osmangazi/Emek Adnan Menderes,TRY,2250000.0,False,False,False,False,False,False,True,False,False,Комнаты не разобраны,оставить,оставить признаки как есть,train
110161,Komple Bina,2250000.0,670.0,+,,3,Yalova/Merkez/Adnan Menderes,TRY,2250000.0,False,False,False,False,False,False,True,False,False,Комнаты не разобраны,оставить,оставить признаки как есть,train
113353,Komple Bina,2250000.0,840.0,+,,7,İstanbul/Bahçelievler/Kocasinan Merkez,TRY,2250000.0,False,False,False,False,False,False,True,False,False,Комнаты не разобраны,оставить,оставить признаки как есть,train
325586,Komple Bina,2250000.0,,+,,3,Düzce/Merkez/Çay,TRY,2250000.0,False,False,False,False,False,False,True,False,False,Комнаты не разобраны,оставить,оставить признаки как есть,train
348739,Komple Bina,2250000.0,240.0,+,,5,Trabzon/Akçaabat/Ortaalan,TRY,2250000.0,False,False,False,False,False,False,True,False,False,Комнаты не разобраны,оставить,оставить признаки как есть,train
349167,Komple Bina,2250000.0,450.0,+,,3,Balıkesir/Ayvalık/Zekibey,TRY,2250000.0,False,False,False,False,False,False,True,False,False,Комнаты не разобраны,оставить,оставить признаки как есть,train
401472,Komple Bina,2250000.0,,+,,,İstanbul/Küçükçekmece/Mehmet Akif,TRY,2250000.0,False,False,False,False,False,False,True,False,False,Комнаты не разобраны,оставить,оставить признаки как есть,train
17672,Komple Bina,2200000.0,,+,,5,Trabzon/Ortahisar/Akyazı,TRY,2200000.0,False,False,False,False,False,False,True,False,False,Комнаты не разобраны,оставить,оставить признаки как есть,validation
91873,Komple Bina,2200000.0,127.0,+,,3,İstanbul/Kadıköy/Acıbadem,TRY,2200000.0,False,False,False,False,False,False,True,False,False,Комнаты не разобраны,оставить,оставить признаки как есть,validation
98855,Komple Bina,2200000.0,,+,,3,İstanbul/Bayrampaşa/Kartaltepe,TRY,2200000.0,False,False,False,False,False,False,True,False,False,Комнаты не разобраны,оставить,оставить признаки как есть,validation
106355,Komple Bina,2200000.0,90.0,+,,6,İstanbul/Pendik/Esenler,TRY,2200000.0,False,False,False,False,False,False,True,False,False,Комнаты не разобраны,оставить,оставить признаки как есть,test
111071,Komple Bina,2200000.0,140.0,+,,4,Denizli/Pamukkale/Fatih,TRY,2200000.0,False,False,False,False,False,False,True,False,False,Комнаты не разобраны,оставить,оставить признаки как есть,train
111697,Komple Bina,2200000.0,,+,,5,Trabzon/Ortahisar/Konaklar,TRY,2200000.0,False,False,False,False,False,False,True,False,False,Комнаты не разобраны,оставить,оставить признаки как есть,train
114755,Komple Bina,2200000.0,127.0,+,,3,İstanbul/Kadıköy/Acıbadem,TRY,2200000.0,False,False,False,False,False,False,True,False,False,Комнаты не разобраны,оставить,оставить признаки как есть,validation
328016,Komple Bina,2200000.0,,+,,7,Trabzon/Akçaabat/Yaylacık,TRY,2200000.0,False,False,False,False,False,False,True,False,False,Комнаты не разобраны,оставить,оставить признаки как есть,validation
430,Daire,2176425.3018,195148.0,8+4,Zemin Kat,10-20 arası,İstanbul/Güngören/Sanayi,EUR,360222.0,False,False,False,True,True,False,False,False,False,"Площадь выше 3 000 м², Площадь выше 100 000 м²",оставить,площадь → пропуск,train
6628,Komple Bina,2150000.0,200.0,+,,6,Tekirdağ/Çerkezköy/Kızılpınar,TRY,2150000.0,False,False,False,False,False,False,True,False,False,Комнаты не разобраны,оставить,оставить признаки как есть,test
7124,Komple Bina,2150000.0,200.0,+,,6,Tekirdağ/Çerkezköy/Kızılpınar,TRY,2150000.0,False,False,False,False,False,False,True,False,False,Комнаты не разобраны,оставить,оставить признаки как есть,test
7532,Komple Bina,2150000.0,200.0,+,,6,Tekirdağ/Çerkezköy/Kızılpınar,TRY,2150000.0,False,False,False,False,False,False,True,False,False,Комнаты не разобраны,оставить,оставить признаки как есть,test
7850,Komple Bina,2150000.0,200.0,+,,6,Tekirdağ/Çerkezköy/Kızılpınar,TRY,2150000.0,False,False,False,False,False,False,True,False,False,Комнаты не разобраны,оставить,оставить признаки как есть,test
17562,Komple Bina,2150000.0,,+,,7,Trabzon/Akçaabat/Yaylacık,TRY,2150000.0,False,False,False,False,False,False,True,False,False,Комнаты не разобраны,оставить,оставить признаки как есть,validation
93179,Komple Bina,2150000.0,,+,,3,Erzincan/Merkez/İnönü,TRY,2150000.0,False,False,False,False,False,False,True,False,False,Комнаты не разобраны,оставить,оставить признаки как есть,train
111963,Komple Bina,2150000.0,90.0,+,,4,Mersin/Yenişehir/Batıkent,TRY,2150000.0,False,False,False,False,False,False,True,False,False,Комнаты не разобраны,оставить,оставить признаки как есть,train
113051,Komple Bina,2150000.0,85.0,+,,4,Mersin/Yenişehir/Batıkent,TRY,2150000.0,False,False,False,False,False,False,True,False,False,Комнаты не разобраны,оставить,оставить признаки как есть,train
369977,Komple Bina,2150000.0,,+,,5,Trabzon/Maçka/Merkez,TRY,2150000.0,False,False,False,False,False,False,True,False,False,Комнаты не разобраны,оставить,оставить признаки как есть,train
367111,Daire,2144969.1999999997,751657.0,4+3,Giriş Katı,1,Ankara/Elmadağ/Hasanoğlan Havuzbaşı,EUR,353000.0,False,False,False,True,True,False,False,False,False,"Площадь выше 3 000 м², Площадь выше 100 000 м²",оставить,площадь → пропуск,validation
367306,Daire,2144969.1999999997,751657.0,4+3,Giriş Katı,1,Ankara/Elmadağ/Hasanoğlan Havuzbaşı,EUR,353000.0,False,False,False,True,True,False,False,False,False,"Площадь выше 3 000 м², Площадь выше 100 000 м²",оставить,площадь → пропуск,validation
367618,Daire,2144969.1999999997,751657.0,4+3,Giriş Katı,1,Ankara/Elmadağ/Hasanoğlan Havuzbaşı,EUR,353000.0,False,False,False,True,True,False,False,False,False,"Площадь выше 3 000 м², Площадь выше 100 000 м²",оставить,площадь → пропуск,validation
367840,Daire,2144969.1999999997,751657.0,4+3,Giriş Katı,1,Ankara/Elmadağ/Hasanoğlan Havuzbaşı,EUR,353000.0,False,False,False,True,True,False,False,False,False,"Площадь выше 3 000 м², Площадь выше 100 000 м²",оставить,площадь → пропуск,validation
398954,Komple Bina,2125000.0,200.0,+,,,Ordu/Ünye/Orta Yılmazlar,TRY,2125000.0,False,False,False,False,False,False,True,False,False,Комнаты не разобраны,оставить,оставить признаки как есть,validation
698,Komple Bina,2100000.0,420.0,+,,5,İstanbul/Kadıköy/Rasimpaşa,TRY,2100000.0,False,False,False,False,False,False,True,False,False,Комнаты не разобраны,оставить,оставить признаки как есть,test
31664,Komple Bina,2100000.0,1046.0,+,,5,Trabzon/Ortahisar/Ortahisar,TRY,2100000.0,False,False,False,False,False,False,True,False,False,Комнаты не разобраны,оставить,оставить признаки как есть,train
109889,Komple Bina,2100000.0,450.0,+,,4,İstanbul/Fatih/Zeyrek,TRY,2100000.0,False,False,False,False,False,False,True,False,False,Комнаты не разобраны,оставить,оставить признаки как есть,train
111437,Komple Bina,2100000.0,250.0,+,,4,Kırklareli/Merkez/İstasyon,TRY,2100000.0,False,False,False,False,False,False,True,False,False,Комнаты не разобраны,оставить,оставить признаки как есть,validation
111439,Komple Bina,2100000.0,250.0,+,,4,Kırklareli/Merkez/İstasyon,TRY,2100000.0,False,False,False,False,False,False,True,False,False,Комнаты не разобраны,оставить,оставить признаки как есть,validation
112881,Komple Bina,2100000.0,850.0,+,,5,Kırklareli/Lüleburgaz/İnönü,TRY,2100000.0,False,False,False,False,False,False,True,False,False,Комнаты не разобраны,оставить,оставить признаки как есть,validation
113105,Komple Bina,2100000.0,130.0,+,,5,İzmir/Gaziemir/Irmak,TRY,2100000.0,False,False,False,False,False,False,True,False,False,Комнаты не разобраны,оставить,оставить признаки как есть,train
113209,Daire,2100000.0,,4+1,10,2,İstanbul/Kadıköy/Erenköy,TRY,2100000.0,False,False,False,False,False,True,False,False,False,Этаж выше этажности здания,оставить,оставить признаки как есть; этаж → пропуск,train
113391,Daire,2100000.0,,4+1,10,2,İstanbul/Kadıköy/Erenköy,TRY,2100000.0,False,False,False,False,False,True,False,False,False,Этаж выше этажности здания,оставить,оставить признаки как есть; этаж → пропуск,train
113651,Daire,2100000.0,,4+1,10,2,İstanbul/Kadıköy/Erenköy,TRY,2100000.0,False,False,False,False,False,True,False,False,False,Этаж выше этажности здания,оставить,оставить признаки как есть; этаж → пропуск,train
114893,Daire,2100000.0,,4+1,10,2,İstanbul/Kadıköy/Erenköy,TRY,2100000.0,False,False,False,False,False,True,False,False,False,Этаж выше этажности здания,оставить,оставить признаки как есть; этаж → пропуск,train
114927,Komple Bina,2100000.0,450.0,+,,4,İstanbul/Fatih/Zeyrek,TRY,2100000.0,False,False,False,False,False,False,True,False,False,Комнаты не разобраны,оставить,оставить признаки как есть,train
115207,Daire,2100000.0,294.0,+,,4,İstanbul/Beykoz/Çubuklu,TRY,2100000.0,False,False,False,False,False,False,True,False,False,Комнаты не разобраны,оставить,оставить признаки как есть,validation
115301,Daire,2100000.0,,4+1,10,2,İstanbul/Kadıköy/Erenköy,TRY,2100000.0,False,False,False,False,False,True,False,False,False,Этаж выше этажности здания,оставить,оставить признаки как есть; этаж → пропуск,train
327658,Komple Bina,2100000.0,160.0,+,,4,Kahramanmaraş/Türkoğlu/Gaziler,TRY,2100000.0,False,False,False,False,False,False,True,False,False,Комнаты не разобраны,оставить,оставить признаки как есть,validation
393674,Komple Bina,2100000.0,,+,,,Yalova/Çınarcık/Koru Bld. (Hürriyet),TRY,2100000.0,False,False,False,False,False,False,True,False,False,Комнаты не разобраны,оставить,оставить признаки как есть,validation
402508,Komple Bina,2100000.0,,+,,,Yalova/Çınarcık/Koru Bld. (Hürriyet),TRY,2100000.0,False,False,False,False,False,False,True,False,False,Комнаты не разобраны,оставить,оставить признаки как есть,validation
7576,Komple Bina,2050000.0,95.0,+,,4,İstanbul/Kartal/Atalar,TRY,2050000.0,False,False,False,False,False,False,True,False,False,Комнаты не разобраны,оставить,оставить признаки как есть,validation
357760,Villa,2050000.0,5500.0,5+2,Müstakil,2,İzmir/Torbalı/Demirci,TRY,2050000.0,False,False,False,True,False,False,False,False,False,Площадь выше 3 000 м²,оставить,оставить признаки как есть,train
1170,Komple Bina,2000000.0,200.0,+,,2,İzmir/Güzelbahçe/Siteler,TRY,2000000.0,False,False,False,False,False,False,True,False,False,Комнаты не разобраны,оставить,оставить признаки как есть,train
6972,Komple Bina,2000000.0,,+,,5,İstanbul/Kartal/Yunus,TRY,2000000.0,False,False,False,False,False,False,True,False,False,Комнаты не разобраны,оставить,оставить признаки как есть,train
19361,Komple Bina,2000000.0,,+,,3,Muğla/Bodrum/Torba,TRY,2000000.0,False,False,False,False,False,False,True,False,False,Комнаты не разобраны,оставить,оставить признаки как есть,train
31368,Komple Bina,2000000.0,110.0,+,,5,Antalya/Alanya/Oba,TRY,2000000.0,False,False,False,False,False,False,True,False,False,Комнаты не разобраны,оставить,оставить признаки как есть,train
91405,Komple Bina,2000000.0,700.0,+,,4,İstanbul/Büyükçekmece/Fatih,TRY,2000000.0,False,False,False,False,False,False,True,False,False,Комнаты не разобраны,оставить,оставить признаки как есть,train
92099,Komple Bina,2000000.0,,+,,2,Eskişehir/Odunpazarı/Büyükdere,TRY,2000000.0,False,False,False,False,False,False,True,False,False,Комнаты не разобраны,оставить,оставить признаки как есть,validation
93855,Komple Bina,2000000.0,500.0,+,,3,Balıkesir/Bandırma/100. Yıl,TRY,2000000.0,False,False,False,False,False,False,True,False,False,Комнаты не разобраны,оставить,оставить признаки как есть,validation
97467,Komple Bina,2000000.0,500.0,+,,3,Balıkesir/Bandırma/100. Yıl,TRY,2000000.0,False,False,False,False,False,False,True,False,False,Комнаты не разобраны,оставить,оставить признаки как есть,validation
97919,Komple Bina,2000000.0,53.0,+,,2,Balıkesir/Bandırma/Ayyıldız,TRY,2000000.0,False,False,False,False,False,False,True,False,False,Комнаты не разобраны,оставить,оставить признаки как есть,train
98453,Komple Bina,2000000.0,500.0,+,,5,Mersin/Mezitli/Akdeniz,TRY,2000000.0,False,False,False,False,False,False,True,False,False,Комнаты не разобраны,оставить,оставить признаки как есть,train
98623,Komple Bina,2000000.0,445.0,+,,3,Bursa/Osmangazi/Güneştepe,TRY,2000000.0,False,False,False,False,False,False,True,False,False,Комнаты не разобраны,оставить,оставить признаки как есть,train
98905,Komple Bina,2000000.0,,+,,3,Kocaeli/Başiskele/Fatih,TRY,2000000.0,False,False,False,False,False,False,True,False,False,Комнаты не разобраны,оставить,оставить признаки как есть,validation
104699,Komple Bina,2000000.0,50.0,+,,3,Balıkesir/Bandırma/100. Yıl,TRY,2000000.0,False,False,False,False,False,False,True,False,False,Комнаты не разобраны,оставить,оставить признаки как есть,train
105025,Komple Bina,2000000.0,400.0,+,,2,İstanbul/Beykoz/Anadolu Kavağı,TRY,2000000.0,False,False,False,False,False,False,True,False,False,Комнаты не разобраны,оставить,оставить признаки как есть,train
105365,Komple Bina,2000000.0,65.0,+,,3,İstanbul/Beyoğlu/Şahkulu,TRY,2000000.0,False,False,False,False,False,False,True,False,False,Комнаты не разобраны,оставить,оставить признаки как есть,train
105513,Komple Bina,2000000.0,,+,,5,Isparta/Merkez/Pirimehmet,TRY,2000000.0,False,False,False,False,False,False,True,False,False,Комнаты не разобраны,оставить,оставить признаки как есть,validation
108037,Komple Bina,2000000.0,400.0,+,,2,İstanbul/Beykoz/Anadolu Kavağı,TRY,2000000.0,False,False,False,False,False,False,True,False,False,Комнаты не разобраны,оставить,оставить признаки как есть,train
108607,Komple Bina,2000000.0,340.0,+,,3,Balıkesir/Bandırma/100. Yıl,TRY,2000000.0,False,False,False,False,False,False,True,False,False,Комнаты не разобраны,оставить,оставить признаки как есть,test
109211,Komple Bina,2000000.0,,+,,5,Isparta/Merkez/Pirimehmet,TRY,2000000.0,False,False,False,False,False,False,True,False,False,Комнаты не разобраны,оставить,оставить признаки как есть,validation
110371,Komple Bina,2000000.0,,+,,5,Bursa/Yıldırım/Arabayatağı,TRY,2000000.0,False,False,False,False,False,False,True,False,False,Комнаты не разобраны,оставить,оставить признаки как есть,train
110941,Komple Bina,2000000.0,129.0,+,,3,İzmir/Bornova/Yeşilova,TRY,2000000.0,False,False,False,False,False,False,True,False,False,Комнаты не разобраны,оставить,оставить признаки как есть,train
111837,Komple Bina,2000000.0,500.0,+,,5,Mersin/Mezitli/Akdeniz,TRY,2000000.0,False,False,False,False,False,False,True,False,False,Комнаты не разобраны,оставить,оставить признаки как есть,train
112283,Komple Bina,2000000.0,53.0,+,,2,Balıkesir/Bandırma/Ayyıldız,TRY,2000000.0,False,False,False,False,False,False,True,False,False,Комнаты не разобраны,оставить,оставить признаки как есть,train
112759,Komple Bina,2000000.0,500.0,+,,5,Mersin/Mezitli/Akdeniz,TRY,2000000.0,False,False,False,False,False,False,True,False,False,Комнаты не разобраны,оставить,оставить признаки как есть,train
113215,Komple Bina,2000000.0,94.0,+,,5,İstanbul/Gaziosmanpaşa/Şemsipaşa,TRY,2000000.0,False,False,False,False,False,False,True,False,False,Комнаты не разобраны,оставить,оставить признаки как есть,train
113719,Komple Bina,2000000.0,290.0,+,,2,Balıkesir/Bandırma/Ayyıldız,TRY,2000000.0,False,False,False,False,False,False,True,False,False,Комнаты не разобраны,оставить,оставить признаки как есть,train
114913,Komple Bina,2000000.0,,+,,5,Isparta/Merkez/Pirimehmet,TRY,2000000.0,False,False,False,False,False,False,True,False,False,Комнаты не разобраны,оставить,оставить признаки как есть,validation
115297,Komple Bina,2000000.0,50.0,+,,3,Balıkesir/Bandırma/100. Yıl,TRY,2000000.0,False,False,False,False,False,False,True,False,False,Комнаты не разобраны,оставить,оставить признаки как есть,train
327924,Komple Bina,2000000.0,,+,,2,Balıkesir/Burhaniye/Öğretmenler,TRY,2000000.0,False,False,False,False,False,False,True,False,False,Комнаты не разобраны,оставить,оставить признаки как есть,train
350557,Komple Bina,2000000.0,75.0,+,,3,İstanbul/Şişli/Bozkurt,TRY,2000000.0,False,False,False,False,False,False,True,False,False,Комнаты не разобраны,оставить,оставить признаки как есть,test
368563,Komple Bina,2000000.0,350.0,+,,3,İzmir/Balçova/Korutürk,TRY,2000000.0,False,False,False,False,False,False,True,False,False,Комнаты не разобраны,оставить,оставить признаки как есть,train
371037,Komple Bina,2000000.0,650.0,+,,4,Trabzon/Ortahisar/Akyazı,TRY,2000000.0,False,False,False,False,False,False,True,False,False,Комнаты не разобраны,оставить,оставить признаки как есть,train
378606,Komple Bina,2000000.0,,+,,5,Afyonkarahisar/Sandıklı/Çakır,TRY,2000000.0,False,False,False,False,False,False,True,False,False,Комнаты не разобраны,оставить,оставить признаки как есть,train
399703,Çiftlik Evi,2000000.0,27140.0,3+1,,,Sakarya/Adapazarı/Aşırlar,TRY,2000000.0,False,False,False,True,False,False,False,False,False,Площадь выше 3 000 м²,оставить,оставить признаки как есть,train
104359,Komple Bina,1999999.0,1300.0,+,,3,Kayseri/Kocasinan/Örnekevler,TRY,1999999.0,False,False,False,False,False,False,True,False,False,Комнаты не разобраны,оставить,оставить признаки как есть,validation
370963,Komple Bina,1999999.0,,+,,5,Afyonkarahisar/Sandıklı/Ece,TRY,1999999.0,False,False,False,False,False,False,True,False,False,Комнаты не разобраны,оставить,оставить признаки как есть,train
370967,Komple Bina,1999999.0,,+,,5,Afyonkarahisar/Sandıklı/Ece,TRY,1999999.0,False,False,False,False,False,False,True,False,False,Комнаты не разобраны,оставить,оставить признаки как есть,train
114705,Komple Bina,1990000.0,1408.0,+,,8,Kayseri/Kocasinan/Sanayi,TRY,1990000.0,False,False,False,False,False,False,True,False,False,Комнаты не разобраны,оставить,оставить признаки как есть,train
393647,Komple Bina,1990000.0,340.0,+,,3,Giresun/Görele/Kaba,TRY,1990000.0,False,False,False,False,False,False,True,False,False,Комнаты не разобраны,оставить,оставить признаки как есть,train
370342,Villa,1980000.0,,+,Müstakil,3,İzmir/Urla/Zeytinalanı,TRY,1980000.0,False,False,False,False,False,False,True,False,False,Комнаты не разобраны,оставить,оставить признаки как есть,train
35076,Komple Bina,1950000.0,600.0,+,,3,Aydın/Didim/Çamlık,TRY,1950000.0,False,False,False,False,False,False,True,False,False,Комнаты не разобраны,оставить,оставить признаки как есть,train
94169,Komple Bina,1950000.0,,+,,3,Isparta/Merkez/Pirimehmet,TRY,1950000.0,False,False,False,False,False,False,True,False,False,Комнаты не разобраны,оставить,оставить признаки как есть,validation
104411,Komple Bina,1950000.0,1.0,+,,,Sakarya/Erenler/Yeşiltepe,TRY,1950000.0,False,False,True,False,False,False,True,False,False,"Площадь ниже 15 м², Комнаты не разобраны",оставить,площадь → пропуск,test
110341,Komple Bina,1950000.0,,+,,3,Isparta/Merkez/Pirimehmet,TRY,1950000.0,False,False,False,False,False,False,True,False,False,Комнаты не разобраны,оставить,оставить признаки как есть,validation
113095,Komple Bina,1950000.0,1.0,+,,,Sakarya/Erenler/Yeşiltepe,TRY,1950000.0,False,False,True,False,False,False,True,False,False,"Площадь ниже 15 м², Комнаты не разобраны",оставить,площадь → пропуск,test
738,Komple Bina,1900000.0,,+,,2,Antalya/Muratpaşa/Güzeloba,TRY,1900000.0,False,False,False,False,False,False,True,False,False,Комнаты не разобраны,оставить,оставить признаки как есть,train
6594,Komple Bina,1900000.0,,+,,5,İstanbul/Beylikdüzü/Yakuplu,TRY,1900000.0,False,False,False,False,False,False,True,False,False,Комнаты не разобраны,оставить,оставить признаки как есть,validation
7842,Komple Bina,1900000.0,,+,,,İstanbul/Beylikdüzü/Yakuplu,TRY,1900000.0,False,False,False,False,False,False,True,False,False,Комнаты не разобраны,оставить,оставить признаки как есть,validation
26050,Komple Bina,1900000.0,300.0,+,,4,Adana/Çukurova/Beyazevler,TRY,1900000.0,False,False,False,False,False,False,True,False,False,Комнаты не разобраны,оставить,оставить признаки как есть,train
91029,Komple Bina,1900000.0,,+,,7,Mersin/Yenişehir/Menteş,TRY,1900000.0,False,False,False,False,False,False,True,False,False,Комнаты не разобраны,оставить,оставить признаки как есть,train
108487,Komple Bina,1900000.0,440.0,+,,2,Yalova/Merkez/Samanlı Köyü,TRY,1900000.0,False,False,False,False,False,False,True,False,False,Комнаты не разобраны,оставить,оставить признаки как есть,train
113263,Komple Bina,1900000.0,160.0,+,,3,Denizli/Pamukkale/Zeytinköy,TRY,1900000.0,False,False,False,False,False,False,True,False,False,Комнаты не разобраны,оставить,оставить признаки как есть,test
114255,Komple Bina,1900000.0,140.0,+,,4,İstanbul/Fatih/Koca Mustafapaşa,TRY,1900000.0,False,False,False,False,False,False,True,False,False,Комнаты не разобраны,оставить,оставить признаки как есть,test
111395,Komple Bina,1880000.0,185.0,+,,4,İstanbul/Sancaktepe/Osmangazi,TRY,1880000.0,False,False,False,False,False,False,True,False,False,Комнаты не разобраны,оставить,оставить признаки как есть,test
384004,Rezidans,1853693.2362,68476.0,1+1,,,Antalya/Demre/Çağman,EUR,312222.0,False,False,False,True,False,False,False,False,False,Площадь выше 3 000 м²,оставить,площадь → пропуск,validation
1712,Çiftlik Evi,1850000.0,8497.0,4+1,,2,İzmir/Torbalı/Demirci,TRY,1850000.0,False,False,False,True,False,False,False,False,False,Площадь выше 3 000 м²,оставить,оставить признаки как есть,train
1778,Komple Bina,1850000.0,300.0,+,,3,Aydın/Didim/Altınkum,TRY,1850000.0,False,False,False,False,False,False,True,False,False,Комнаты не разобраны,оставить,оставить признаки как есть,train
94729,Komple Bina,1850000.0,,+,,3,Kocaeli/Başiskele/Yeşilyurt,TRY,1850000.0,False,False,False,False,False,False,True,False,False,Комнаты не разобраны,оставить,оставить признаки как есть,train
94737,Komple Bina,1850000.0,,+,,3,Kocaeli/Başiskele/Yeşilyurt,TRY,1850000.0,False,False,False,False,False,False,True,False,False,Комнаты не разобраны,оставить,оставить признаки как есть,train
107741,Komple Bina,1850000.0,,+,,4,İstanbul/Tuzla/Postane,TRY,1850000.0,False,False,False,False,False,False,True,False,False,Комнаты не разобраны,оставить,оставить признаки как есть,train
108667,Komple Bina,1850000.0,199.0,+,,4,İstanbul/Tuzla/Postane,TRY,1850000.0,False,False,False,False,False,False,True,False,False,Комнаты не разобраны,оставить,оставить признаки как есть,train
326600,Komple Bina,1850000.0,1650.0,+,,7,Trabzon/Sürmene/Yemişli,TRY,1850000.0,False,False,False,False,False,False,True,False,False,Комнаты не разобраны,оставить,оставить признаки как есть,test
1158,Komple Bina,1800000.0,350.0,+,,5,İstanbul/Kadıköy/Osmanağa,TRY,1800000.0,False,False,False,False,False,False,True,False,False,Комнаты не разобраны,оставить,оставить признаки как есть,train
27960,Komple Bina,1800000.0,350.0,+,,3,Balıkesir/Burhaniye/Öğretmenler,TRY,1800000.0,False,False,False,False,False,False,True,False,False,Комнаты не разобраны,оставить,оставить признаки как есть,train
90835,Komple Bina,1800000.0,,+,,3,Kayseri/Melikgazi/Mimarsinanfatih,TRY,1800000.0,False,False,False,False,False,False,True,False,False,Комнаты не разобраны,оставить,оставить признаки как есть,validation
106133,Komple Bina,1800000.0,114.0,+,,2,İstanbul/Beykoz/Anadolu Kavağı,TRY,1800000.0,False,False,False,False,False,False,True,False,False,Комнаты не разобраны,оставить,оставить признаки как есть,train
107435,Komple Bina,1800000.0,,+,,6,İstanbul/Şişli/Bozkurt,TRY,1800000.0,False,False,False,False,False,False,True,False,False,Комнаты не разобраны,оставить,оставить признаки как есть,train
107951,Komple Bina,1800000.0,,+,,4,İstanbul/Ümraniye/Altınşehir,TRY,1800000.0,False,False,False,False,False,False,True,False,False,Комнаты не разобраны,оставить,оставить признаки как есть,train
349269,Komple Bina,1800000.0,,+,,2,Çanakkale/Ayvacık/Büyükhusun Köyü,TRY,1800000.0,False,False,False,False,False,False,True,False,False,Комнаты не разобраны,оставить,оставить признаки как есть,train
382344,Komple Bina,1800000.0,135.0,+,,2,Isparta/Merkez/Fatih,TRY,1800000.0,False,False,False,False,False,False,True,False,False,Комнаты не разобраны,оставить,оставить признаки как есть,train
28628,Komple Bina,1750000.0,300.0,+,,2,Osmaniye/Merkez/Adnan Menderes,TRY,1750000.0,False,False,False,False,False,False,True,False,False,Комнаты не разобраны,оставить,оставить признаки как есть,train
32198,Komple Bina,1750000.0,300.0,+,,2,Osmaniye/Merkez/Adnan Menderes,TRY,1750000.0,False,False,False,False,False,False,True,False,False,Комнаты не разобраны,оставить,оставить признаки как есть,train
59696,Daire,1750000.0,341.0,4+1,16,1,Mersin/Yenişehir/Akkent,TRY,1750000.0,False,False,False,False,False,True,False,False,False,Этаж выше этажности здания,оставить,оставить признаки как есть; этаж → пропуск,train
91411,Komple Bina,1750000.0,730.0,+,,4,İstanbul/Esenyurt/İncirtepe,TRY,1750000.0,False,False,False,False,False,False,True,False,False,Комнаты не разобраны,оставить,оставить признаки как есть,train
94361,Komple Bina,1750000.0,200.0,+,,3,İstanbul/Bahçelievler/Kocasinan Merkez,TRY,1750000.0,False,False,False,False,False,False,True,False,False,Комнаты не разобраны,оставить,оставить признаки как есть,train
95341,Komple Bina,1750000.0,730.0,+,,4,İstanbul/Esenyurt/İncirtepe,TRY,1750000.0,False,False,False,False,False,False,True,False,False,Комнаты не разобраны,оставить,оставить признаки как есть,train
96497,Komple Bina,1750000.0,95.0,+,,4,İzmir/Buca/Hürriyet,TRY,1750000.0,False,False,False,False,False,False,True,False,False,Комнаты не разобраны,оставить,оставить признаки как есть,test
97417,Komple Bina,1750000.0,105.0,+,,4,Bursa/Osmangazi/Bahar,TRY,1750000.0,False,False,False,False,False,False,True,False,False,Комнаты не разобраны,оставить,оставить признаки как есть,train
99039,Komple Bina,1750000.0,350.0,+,,5,İstanbul/Kadıköy/Acıbadem,TRY,1750000.0,False,False,False,False,False,False,True,False,False,Комнаты не разобраны,оставить,оставить признаки как есть,train
100839,Müstakil Ev,1750000.0,7391.0,5+1,Komple,3,Kocaeli/Karamürsel/Tepeköy,TRY,1750000.0,False,False,False,True,False,False,False,False,False,Площадь выше 3 000 м²,оставить,оставить признаки как есть,test
104437,Komple Bina,1750000.0,110.0,+,,5,İstanbul/Arnavutköy/Arnavutköy Merkez,TRY,1750000.0,False,False,False,False,False,False,True,False,False,Комнаты не разобраны,оставить,оставить признаки как есть,train
105593,Komple Bina,1750000.0,95.0,+,,4,İzmir/Buca/Hürriyet,TRY,1750000.0,False,False,False,False,False,False,True,False,False,Комнаты не разобраны,оставить,оставить признаки как есть,test
107997,Komple Bina,1750000.0,730.0,+,,4,İstanbul/Esenyurt/İncirtepe,TRY,1750000.0,False,False,False,False,False,False,True,False,False,Комнаты не разобраны,оставить,оставить признаки как есть,train
111729,Komple Bina,1750000.0,580.0,+,,4,İstanbul/Ümraniye/Ihlamurkuyu,TRY,1750000.0,False,False,False,False,False,False,True,False,False,Комнаты не разобраны,оставить,оставить признаки как есть,train
325458,Komple Bina,1750000.0,1200.0,+,,6,Ankara/Etimesgut/Kazım Karabekir,TRY,1750000.0,False,False,False,False,False,False,True,False,False,Комнаты не разобраны,оставить,оставить признаки как есть,validation
325494,Komple Bina,1750000.0,1200.0,+,,6,Ankara/Etimesgut/Kazım Karabekir,TRY,1750000.0,False,False,False,False,False,False,True,False,False,Комнаты не разобраны,оставить,оставить признаки как есть,validation
325536,Komple Bina,1750000.0,1200.0,+,,6,Ankara/Etimesgut/Kazım Karabekir,TRY,1750000.0,False,False,False,False,False,False,True,False,False,Комнаты не разобраны,оставить,оставить признаки как есть,validation
325690,Komple Bina,1750000.0,1200.0,+,,6,Ankara/Etimesgut/Kazım Karabekir,TRY,1750000.0,False,False,False,False,False,False,True,False,False,Комнаты не разобраны,оставить,оставить признаки как есть,validation
325858,Komple Bina,1750000.0,1200.0,+,,6,Ankara/Etimesgut/Kazım Karabekir,TRY,1750000.0,False,False,False,False,False,False,True,False,False,Комнаты не разобраны,оставить,оставить признаки как есть,validation
325868,Komple Bina,1750000.0,1200.0,+,,6,Ankara/Etimesgut/Kazım Karabekir,TRY,1750000.0,False,False,False,False,False,False,True,False,False,Комнаты не разобраны,оставить,оставить признаки как есть,validation
325980,Komple Bina,1750000.0,1200.0,+,,6,Ankara/Etimesgut/Kazım Karabekir,TRY,1750000.0,False,False,False,False,False,False,True,False,False,Комнаты не разобраны,оставить,оставить признаки как есть,validation
325982,Komple Bina,1750000.0,1200.0,+,,6,Ankara/Etimesgut/Kazım Karabekir,TRY,1750000.0,False,False,False,False,False,False,True,False,False,Комнаты не разобраны,оставить,оставить признаки как есть,validation
325990,Komple Bina,1750000.0,1200.0,+,,6,Ankara/Etimesgut/Kazım Karabekir,TRY,1750000.0,False,False,False,False,False,False,True,False,False,Комнаты не разобраны,оставить,оставить признаки как есть,validation
326026,Komple Bina,1750000.0,1200.0,+,,6,Ankara/Etimesgut/Kazım Karabekir,TRY,1750000.0,False,False,False,False,False,False,True,False,False,Комнаты не разобраны,оставить,оставить признаки как есть,validation
326084,Komple Bina,1750000.0,1200.0,+,,6,Ankara/Etimesgut/Kazım Karabekir,TRY,1750000.0,False,False,False,False,False,False,True,False,False,Комнаты не разобраны,оставить,оставить признаки как есть,validation
326366,Komple Bina,1750000.0,1200.0,+,,6,Ankara/Etimesgut/Kazım Karabekir,TRY,1750000.0,False,False,False,False,False,False,True,False,False,Комнаты не разобраны,оставить,оставить признаки как есть,validation
326390,Komple Bina,1750000.0,1200.0,+,,6,Ankara/Etimesgut/Kazım Karabekir,TRY,1750000.0,False,False,False,False,False,False,True,False,False,Комнаты не разобраны,оставить,оставить признаки как есть,validation
326550,Komple Bina,1750000.0,1200.0,+,,6,Ankara/Etimesgut/Kazım Karabekir,TRY,1750000.0,False,False,False,False,False,False,True,False,False,Комнаты не разобраны,оставить,оставить признаки как есть,validation
326578,Komple Bina,1750000.0,1200.0,+,,6,Ankara/Etimesgut/Kazım Karabekir,TRY,1750000.0,False,False,False,False,False,False,True,False,False,Комнаты не разобраны,оставить,оставить признаки как есть,validation
326828,Komple Bina,1750000.0,1200.0,+,,6,Ankara/Etimesgut/Kazım Karabekir,TRY,1750000.0,False,False,False,False,False,False,True,False,False,Комнаты не разобраны,оставить,оставить признаки как есть,validation
326850,Komple Bina,1750000.0,1200.0,+,,6,Ankara/Etimesgut/Kazım Karabekir,TRY,1750000.0,False,False,False,False,False,False,True,False,False,Комнаты не разобраны,оставить,оставить признаки как есть,validation
326908,Komple Bina,1750000.0,1200.0,+,,6,Ankara/Etimesgut/Kazım Karabekir,TRY,1750000.0,False,False,False,False,False,False,True,False,False,Комнаты не разобраны,оставить,оставить признаки как есть,validation
327264,Komple Bina,1750000.0,1200.0,+,,6,Ankara/Etimesgut/Kazım Karabekir,TRY,1750000.0,False,False,False,False,False,False,True,False,False,Комнаты не разобраны,оставить,оставить признаки как есть,validation
327350,Komple Bina,1750000.0,1200.0,+,,6,Ankara/Etimesgut/Kazım Karabekir,TRY,1750000.0,False,False,False,False,False,False,True,False,False,Комнаты не разобраны,оставить,оставить признаки как есть,validation
327356,Komple Bina,1750000.0,1200.0,+,,6,Ankara/Etimesgut/Kazım Karabekir,TRY,1750000.0,False,False,False,False,False,False,True,False,False,Комнаты не разобраны,оставить,оставить признаки как есть,validation
327360,Komple Bina,1750000.0,1200.0,+,,6,Ankara/Etimesgut/Kazım Karabekir,TRY,1750000.0,False,False,False,False,False,False,True,False,False,Комнаты не разобраны,оставить,оставить признаки как есть,validation
327412,Komple Bina,1750000.0,1200.0,+,,6,Ankara/Etimesgut/Kazım Karabekir,TRY,1750000.0,False,False,False,False,False,False,True,False,False,Комнаты не разобраны,оставить,оставить признаки как есть,validation
327454,Komple Bina,1750000.0,1200.0,+,,6,Ankara/Etimesgut/Kazım Karabekir,TRY,1750000.0,False,False,False,False,False,False,True,False,False,Комнаты не разобраны,оставить,оставить признаки как есть,validation
327704,Komple Bina,1750000.0,1200.0,+,,6,Ankara/Etimesgut/Kazım Karabekir,TRY,1750000.0,False,False,False,False,False,False,True,False,False,Комнаты не разобраны,оставить,оставить признаки как есть,validation
327860,Komple Bina,1750000.0,1200.0,+,,6,Ankara/Etimesgut/Kazım Karabekir,TRY,1750000.0,False,False,False,False,False,False,True,False,False,Комнаты не разобраны,оставить,оставить признаки как есть,validation
327918,Komple Bina,1750000.0,1200.0,+,,6,Ankara/Etimesgut/Kazım Karabekir,TRY,1750000.0,False,False,False,False,False,False,True,False,False,Комнаты не разобраны,оставить,оставить признаки как есть,validation
327988,Komple Bina,1750000.0,1200.0,+,,6,Ankara/Etimesgut/Kazım Karabekir,TRY,1750000.0,False,False,False,False,False,False,True,False,False,Комнаты не разобраны,оставить,оставить признаки как есть,validation
328062,Komple Bina,1750000.0,1200.0,+,,6,Ankara/Etimesgut/Kazım Karabekir,TRY,1750000.0,False,False,False,False,False,False,True,False,False,Комнаты не разобраны,оставить,оставить признаки как есть,validation
328198,Komple Bina,1750000.0,1200.0,+,,6,Ankara/Etimesgut/Kazım Karabekir,TRY,1750000.0,False,False,False,False,False,False,True,False,False,Комнаты не разобраны,оставить,оставить признаки как есть,validation
328262,Komple Bina,1750000.0,1200.0,+,,6,Ankara/Etimesgut/Kazım Karabekir,TRY,1750000.0,False,False,False,False,False,False,True,False,False,Комнаты не разобраны,оставить,оставить признаки как есть,validation
328264,Komple Bina,1750000.0,1200.0,+,,6,Ankara/Etimesgut/Kazım Karabekir,TRY,1750000.0,False,False,False,False,False,False,True,False,False,Комнаты не разобраны,оставить,оставить признаки как есть,validation
328580,Komple Bina,1750000.0,1200.0,+,,6,Ankara/Etimesgut/Kazım Karabekir,TRY,1750000.0,False,False,False,False,False,False,True,False,False,Комнаты не разобраны,оставить,оставить признаки как есть,validation
328892,Komple Bina,1750000.0,1200.0,+,,6,Ankara/Etimesgut/Kazım Karabekir,TRY,1750000.0,False,False,False,False,False,False,True,False,False,Комнаты не разобраны,оставить,оставить признаки как есть,validation
329116,Komple Bina,1750000.0,1200.0,+,,6,Ankara/Etimesgut/Kazım Karabekir,TRY,1750000.0,False,False,False,False,False,False,True,False,False,Комнаты не разобраны,оставить,оставить признаки как есть,validation
329134,Komple Bina,1750000.0,1200.0,+,,6,Ankara/Etimesgut/Kazım Karabekir,TRY,1750000.0,False,False,False,False,False,False,True,False,False,Комнаты не разобраны,оставить,оставить признаки как есть,validation
329210,Komple Bina,1750000.0,1200.0,+,,6,Ankara/Etimesgut/Kazım Karabekir,TRY,1750000.0,False,False,False,False,False,False,True,False,False,Комнаты не разобраны,оставить,оставить признаки как есть,validation
329360,Komple Bina,1750000.0,1200.0,+,,6,Ankara/Etimesgut/Kazım Karabekir,TRY,1750000.0,False,False,False,False,False,False,True,False,False,Комнаты не разобраны,оставить,оставить признаки как есть,validation
329378,Komple Bina,1750000.0,1200.0,+,,6,Ankara/Etimesgut/Kazım Karabekir,TRY,1750000.0,False,False,False,False,False,False,True,False,False,Комнаты не разобраны,оставить,оставить признаки как есть,validation
368475,Komple Bina,1750000.0,340.0,+,,4,İzmir/Narlıdere/Ilıca,TRY,1750000.0,False,False,False,False,False,False,True,False,False,Комнаты не разобраны,оставить,оставить признаки как есть,train
370023,Komple Bina,1750000.0,,+,,2,Kayseri/Yeşilhisar/Yavuz Selim,TRY,1750000.0,False,False,False,False,False,False,True,False,False,Комнаты не разобраны,оставить,оставить признаки как есть,validation
371069,Komple Bina,1750000.0,18500.0,+,,2,Kayseri/Yeşilhisar/Yavuz Selim,TRY,1750000.0,False,False,False,True,False,False,True,False,False,"Площадь выше 3 000 м², Комнаты не разобраны",оставить,оставить признаки как есть,validation
382520,Komple Bina,1750000.0,,+,,,İstanbul/Fatih/Balat,TRY,1750000.0,False,False,False,False,False,False,True,False,False,Комнаты не разобраны,оставить,оставить признаки как есть,train
386406,Komple Bina,1750000.0,,+,,,İstanbul/Fatih/Balat,TRY,1750000.0,False,False,False,False,False,False,True,False,False,Комнаты не разобраны,оставить,оставить признаки как есть,train
402348,Komple Bina,1750000.0,,+,,,İstanbul/Fatih/Balat,TRY,1750000.0,False,False,False,False,False,False,True,False,False,Комнаты не разобраны,оставить,оставить признаки как есть,train
108689,Komple Bina,1740000.0,45.0,+,,2,Denizli/Pamukkale/Siteler,TRY,1740000.0,False,False,False,False,False,False,True,False,False,Комнаты не разобраны,оставить,оставить признаки как есть,train
19439,Komple Bina,1725000.0,230.0,+,,3,Trabzon/Sürmene/Petekli,TRY,1725000.0,False,False,False,False,False,False,True,False,False,Комнаты не разобраны,оставить,оставить признаки как есть,train
25912,Komple Bina,1700000.0,300.0,+,,3,Antalya/Muratpaşa/Dutlubahçe,TRY,1700000.0,False,False,False,False,False,False,True,False,False,Комнаты не разобраны,оставить,оставить признаки как есть,test
98215,Komple Bina,1700000.0,135.0,+,,4,Denizli/Merkezefendi/Bahçelievler,TRY,1700000.0,False,False,False,False,False,False,True,False,False,Комнаты не разобраны,оставить,оставить признаки как есть,train
98533,Komple Bina,1700000.0,980.0,+,,4,Kocaeli/Derince/Sırrıpaşa,TRY,1700000.0,False,False,False,False,False,False,True,False,False,Комнаты не разобраны,оставить,оставить признаки как есть,train
98761,Komple Bina,1700000.0,595.0,+,,4,İstanbul/Ümraniye/Çakmak,TRY,1700000.0,False,False,False,False,False,False,True,False,False,Комнаты не разобраны,оставить,оставить признаки как есть,train
348971,Komple Bina,1700000.0,,+,,3,Tekirdağ/Çorlu/Şeyh Sinan,TRY,1700000.0,False,False,False,False,False,False,True,False,False,Комнаты не разобраны,оставить,оставить признаки как есть,train
402578,Rezidans,1700000.0,,+,,,İstanbul/Sarıyer/Maslak,TRY,1700000.0,False,False,False,False,False,False,True,False,False,Комнаты не разобраны,оставить,оставить признаки как есть,train
111713,Komple Bina,1699000.0,,+,,5,İstanbul/Esenler/Oruçreis,TRY,1699000.0,False,False,False,False,False,False,True,False,False,Комнаты не разобраны,оставить,оставить признаки как есть,validation
112033,Komple Bina,1699000.0,,+,,5,İstanbul/Esenler/Oruçreis,TRY,1699000.0,False,False,False,False,False,False,True,False,False,Комнаты не разобраны,оставить,оставить признаки как есть,validation
113583,Komple Bina,1699000.0,,+,,5,İstanbul/Esenler/Oruçreis,TRY,1699000.0,False,False,False,False,False,False,True,False,False,Комнаты не разобраны,оставить,оставить признаки как есть,validation
356226,Rezidans,1675712.0,737990.0,8+3,Bahçe katı,1,İstanbul/Avcılar/Cihangir,USD,320000.0,False,False,False,True,True,False,False,False,False,"Площадь выше 3 000 м², Площадь выше 100 000 м²",оставить,площадь → пропуск,test
126479,Daire,1668398.8976,948235.0,9+5,Müstakil,3,Ankara/Elmadağ/Hasanoğlan Havuzbaşı,USD,311222.0,False,False,False,True,True,False,False,False,False,"Площадь выше 3 000 м², Площадь выше 100 000 м²",оставить,площадь → пропуск,validation
500,Komple Bina,1650000.0,200.0,+,,4,Kocaeli/Gebze/Gaziler,TRY,1650000.0,False,False,False,False,False,False,True,False,False,Комнаты не разобраны,оставить,оставить признаки как есть,train
7623,Yazlık,1650000.0,3950.0,6+2,Bahçe katı,1,Gaziantep/Şehitkamil/Yeşilce,TRY,1650000.0,False,False,False,True,False,False,False,False,False,Площадь выше 3 000 м²,оставить,оставить признаки как есть,test
27710,Komple Bina,1650000.0,145.0,+,,3,Muğla/Ortaca/Atatürk,TRY,1650000.0,False,False,False,False,False,False,True,False,False,Комнаты не разобраны,оставить,оставить признаки как есть,train
29356,Komple Bina,1650000.0,400.0,+,,4,Aydın/Kuşadası/Kadınlar Denizi,TRY,1650000.0,False,False,False,False,False,False,True,False,False,Комнаты не разобраны,оставить,оставить признаки как есть,train
30088,Komple Bina,1650000.0,145.0,+,,3,Muğla/Ortaca/Atatürk,TRY,1650000.0,False,False,False,False,False,False,True,False,False,Комнаты не разобраны,оставить,оставить признаки как есть,train
91423,Komple Bina,1650000.0,,+,,5,İstanbul/Büyükçekmece/Ekinoba,TRY,1650000.0,False,False,False,False,False,False,True,False,False,Комнаты не разобраны,оставить,оставить признаки как есть,train
91521,Komple Bina,1650000.0,,+,,5,Kocaeli/İzmit/Kadıköy,TRY,1650000.0,False,False,False,False,False,False,True,False,False,Комнаты не разобраны,оставить,оставить признаки как есть,test
93729,Komple Bina,1650000.0,200.0,+,,2,Sakarya/Erenler/Yeni,TRY,1650000.0,False,False,False,False,False,False,True,False,False,Комнаты не разобраны,оставить,оставить признаки как есть,train
98831,Komple Bina,1650000.0,400.0,+,,4,Aydın/Kuşadası/Kadınlar Denizi,TRY,1650000.0,False,False,False,False,False,False,True,False,False,Комнаты не разобраны,оставить,оставить признаки как есть,train
111313,Komple Bina,1650000.0,,+,,5,İstanbul/Fatih/Şehremini,TRY,1650000.0,False,False,False,False,False,False,True,False,False,Комнаты не разобраны,оставить,оставить признаки как есть,validation
111553,Komple Bina,1650000.0,400.0,+,,4,Aydın/Kuşadası/Kadınlar Denizi,TRY,1650000.0,False,False,False,False,False,False,True,False,False,Комнаты не разобраны,оставить,оставить признаки как есть,train
349401,Villa,1650000.0,3200.0,4+1,,2,İzmir/Kemalpaşa/75. Yıl Cumhuriyet,TRY,1650000.0,False,False,False,True,False,False,False,False,False,Площадь выше 3 000 м²,оставить,оставить признаки как есть,train
366515,Komple Bina,1650000.0,800.0,+,,4,Adana/Çukurova/Karslılar,TRY,1650000.0,False,False,False,False,False,False,True,False,False,Комнаты не разобраны,оставить,оставить признаки как есть,train
366647,Komple Bina,1650000.0,800.0,+,,4,Adana/Çukurova/Karslılar,TRY,1650000.0,False,False,False,False,False,False,True,False,False,Комнаты не разобраны,оставить,оставить признаки как есть,train
366667,Komple Bina,1650000.0,800.0,+,,4,Adana/Çukurova/Karslılar,TRY,1650000.0,False,False,False,False,False,False,True,False,False,Комнаты не разобраны,оставить,оставить признаки как есть,train
371105,Komple Bina,1650000.0,,+,,5,Gaziantep/Şahinbey/Alleben,TRY,1650000.0,False,False,False,False,False,False,True,False,False,Комнаты не разобраны,оставить,оставить признаки как есть,test
371145,Komple Bina,1650000.0,,+,,5,Gaziantep/Şahinbey/Alleben,TRY,1650000.0,False,False,False,False,False,False,True,False,False,Комнаты не разобраны,оставить,оставить признаки как есть,test
389529,Komple Bina,1650000.0,155.0,+,,,Denizli/Pamukkale/Kınıklı,TRY,1650000.0,False,False,False,False,False,False,True,False,False,Комнаты не разобраны,оставить,оставить признаки как есть,train
113233,Komple Bina,1625000.0,460.0,+,,8,İstanbul/Zeytinburnu/Gökalp,TRY,1625000.0,False,False,False,False,False,False,True,False,False,Комнаты не разобраны,оставить,оставить признаки как есть,train
31096,Komple Bina,1600000.0,,+,,3,Antalya/Aksu/Barbaros,TRY,1600000.0,False,False,False,False,False,False,True,False,False,Комнаты не разобраны,оставить,оставить признаки как есть,train
31440,Komple Bina,1600000.0,220.0,+,,4,Muğla/Marmaris/Kemeraltı,TRY,1600000.0,False,False,False,False,False,False,True,False,False,Комнаты не разобраны,оставить,оставить признаки как есть,train
93165,Komple Bina,1600000.0,,+,,6,İstanbul/Şişli/Bozkurt,TRY,1600000.0,False,False,False,False,False,False,True,False,False,Комнаты не разобраны,оставить,оставить признаки как есть,train
93541,Komple Bina,1600000.0,,+,,6,İstanbul/Şişli/Bozkurt,TRY,1600000.0,False,False,False,False,False,False,True,False,False,Комнаты не разобраны,оставить,оставить признаки как есть,train
93705,Komple Bina,1600000.0,,+,,6,İstanbul/Şişli/Bozkurt,TRY,1600000.0,False,False,False,False,False,False,True,False,False,Комнаты не разобраны,оставить,оставить признаки как есть,train
93787,Komple Bina,1600000.0,,+,,6,İstanbul/Şişli/Bozkurt,TRY,1600000.0,False,False,False,False,False,False,True,False,False,Комнаты не разобраны,оставить,оставить признаки как есть,train
94195,Komple Bina,1600000.0,,+,,6,İstanbul/Şişli/Bozkurt,TRY,1600000.0,False,False,False,False,False,False,True,False,False,Комнаты не разобраны,оставить,оставить признаки как есть,train
94197,Komple Bina,1600000.0,,+,,2,İstanbul/Kadıköy/Koşuyolu,TRY,1600000.0,False,False,False,False,False,False,True,False,False,Комнаты не разобраны,оставить,оставить признаки как есть,train
95399,Komple Bina,1600000.0,,+,,6,İstanbul/Şişli/Bozkurt,TRY,1600000.0,False,False,False,False,False,False,True,False,False,Комнаты не разобраны,оставить,оставить признаки как есть,train
96517,Komple Bina,1600000.0,250.0,+,,4,İzmir/Menemen/Uğur Mumcu,TRY,1600000.0,False,False,False,False,False,False,True,False,False,Комнаты не разобраны,оставить,оставить признаки как есть,train
96737,Komple Bina,1600000.0,,+,,6,İstanbul/Kartal/Orta,TRY,1600000.0,False,False,False,False,False,False,True,False,False,Комнаты не разобраны,оставить,оставить признаки как есть,train
96897,Komple Bina,1600000.0,,+,,6,İstanbul/Şişli/Bozkurt,TRY,1600000.0,False,False,False,False,False,False,True,False,False,Комнаты не разобраны,оставить,оставить признаки как есть,train
97103,Komple Bina,1600000.0,,+,,6,İstanbul/Şişli/Bozkurt,TRY,1600000.0,False,False,False,False,False,False,True,False,False,Комнаты не разобраны,оставить,оставить признаки как есть,train
98187,Komple Bina,1600000.0,810.0,+,,5,İstanbul/Arnavutköy/Anadolu,TRY,1600000.0,False,False,False,False,False,False,True,False,False,Комнаты не разобраны,оставить,оставить признаки как есть,train
98801,Komple Bina,1600000.0,300.0,+,,5,Trabzon/Ortahisar/Pelitli,TRY,1600000.0,False,False,False,False,False,False,True,False,False,Комнаты не разобраны,оставить,оставить признаки как есть,test
104433,Komple Bina,1600000.0,350.0,+,,5,Samsun/İlkadım/19 Mayıs,TRY,1600000.0,False,False,False,False,False,False,True,False,False,Комнаты не разобраны,оставить,оставить признаки как есть,train
108129,Komple Bina,1600000.0,,+,,6,İstanbul/Şişli/Bozkurt,TRY,1600000.0,False,False,False,False,False,False,True,False,False,Комнаты не разобраны,оставить,оставить признаки как есть,train
109207,Komple Bina,1600000.0,,+,,3,Sakarya/Serdivan/Arabacıalanı,TRY,1600000.0,False,False,False,False,False,False,True,False,False,Комнаты не разобраны,оставить,оставить признаки как есть,train
110501,Komple Bina,1600000.0,105.0,+,,5,İstanbul/Bahçelievler/Kocasinan Merkez,TRY,1600000.0,False,False,False,False,False,False,True,False,False,Комнаты не разобраны,оставить,оставить признаки как есть,test
114323,Komple Bina,1600000.0,,+,,5,İstanbul/Avcılar/Merkez,TRY,1600000.0,False,False,False,False,False,False,True,False,False,Комнаты не разобраны,оставить,оставить признаки как есть,train
115219,Komple Bina,1600000.0,375.0,+,,4,İstanbul/Zeytinburnu/Telsiz,TRY,1600000.0,False,False,False,False,False,False,True,False,False,Комнаты не разобраны,оставить,оставить признаки как есть,train
326184,Komple Bina,1600000.0,180.0,+,,5,Gaziantep/Şahinbey/Deniz,TRY,1600000.0,False,False,False,False,False,False,True,False,False,Комнаты не разобраны,оставить,оставить признаки как есть,validation
370487,Komple Bina,1600000.0,405.0,+,,3,İzmir/Güzelbahçe/Yalı,TRY,1600000.0,False,False,False,False,False,False,True,False,False,Комнаты не разобраны,оставить,оставить признаки как есть,train
382038,Villa,1600000.0,,+,,,Gaziantep/Şehitkamil/Yığınlı,TRY,1600000.0,False,False,False,False,False,False,True,False,False,Комнаты не разобраны,оставить,оставить признаки как есть,test
385798,Müstakil Ev,1600000.0,6250.0,+,,,Muğla/Bodrum/Dereköy,TRY,1600000.0,False,False,False,True,False,False,True,False,False,"Площадь выше 3 000 м², Комнаты не разобраны",оставить,оставить признаки как есть,train
370407,Komple Bina,1590000.0,200.0,+,,5,İstanbul/Fatih/Balat,TRY,1590000.0,False,False,False,False,False,False,True,False,False,Комнаты не разобраны,оставить,оставить признаки как есть,train
6802,Komple Bina,1587780.0,55.0,+,,4,İstanbul/Fatih/Derviş Ali,USD,300000.0,False,False,False,False,False,False,True,False,False,Комнаты не разобраны,оставить,оставить признаки как есть,train
7158,Komple Bina,1587780.0,55.0,+,,4,İstanbul/Fatih/Derviş Ali,USD,300000.0,False,False,False,False,False,False,True,False,False,Комнаты не разобраны,оставить,оставить признаки как есть,train
26652,Komple Bina,1550000.0,334.0,+,,3,İzmir/Buca/Güven,TRY,1550000.0,False,False,False,False,False,False,True,False,False,Комнаты не разобраны,оставить,оставить признаки как есть,train
92805,Komple Bina,1550000.0,,+,,3,İstanbul/Ataşehir/Ferhatpaşa,TRY,1550000.0,False,False,False,False,False,False,True,False,False,Комнаты не разобраны,оставить,оставить признаки как есть,train
93735,Komple Bina,1550000.0,,+,,6,İstanbul/Esenyurt/Turgut Özal,TRY,1550000.0,False,False,False,False,False,False,True,False,False,Комнаты не разобраны,оставить,оставить признаки как есть,train
96363,Komple Bina,1550000.0,,+,,6,İstanbul/Esenyurt/Turgut Özal,TRY,1550000.0,False,False,False,False,False,False,True,False,False,Комнаты не разобраны,оставить,оставить признаки как есть,train
96909,Komple Bina,1550000.0,,+,,6,İstanbul/Esenyurt/Turgut Özal,TRY,1550000.0,False,False,False,False,False,False,True,False,False,Комнаты не разобраны,оставить,оставить признаки как есть,train
98049,Komple Bina,1550000.0,320.0,+,,4,İstanbul/Kadıköy/Suadiye,TRY,1550000.0,False,False,False,False,False,False,True,False,False,Комнаты не разобраны,оставить,оставить признаки как есть,train
98655,Komple Bina,1550000.0,,+,,6,İstanbul/Esenyurt/Turgut Özal,TRY,1550000.0,False,False,False,False,False,False,True,False,False,Комнаты не разобраны,оставить,оставить признаки как есть,train
98725,Komple Bina,1550000.0,300.0,+,,4,İstanbul/Kadıköy/Suadiye,TRY,1550000.0,False,False,False,False,False,False,True,False,False,Комнаты не разобраны,оставить,оставить признаки как есть,train
107175,Komple Bina,1550000.0,,+,,6,İstanbul/Esenyurt/Turgut Özal,TRY,1550000.0,False,False,False,False,False,False,True,False,False,Комнаты не разобраны,оставить,оставить признаки как есть,train
107561,Komple Bina,1550000.0,330.0,+,,4,İstanbul/Eyüpsultan/Çırçır,TRY,1550000.0,False,False,False,False,False,False,True,False,False,Комнаты не разобраны,оставить,оставить признаки как есть,test
107713,Komple Bina,1550000.0,,+,,5,İstanbul/Beylikdüzü/Yakuplu,TRY,1550000.0,False,False,False,False,False,False,True,False,False,Комнаты не разобраны,оставить,оставить признаки как есть,validation
108313,Komple Bina,1550000.0,,+,,6,İstanbul/Esenyurt/Turgut Özal,TRY,1550000.0,False,False,False,False,False,False,True,False,False,Комнаты не разобраны,оставить,оставить признаки как есть,train
108603,Komple Bina,1550000.0,,+,,4,İstanbul/Kadıköy/Suadiye,TRY,1550000.0,False,False,False,False,False,False,True,False,False,Комнаты не разобраны,оставить,оставить признаки как есть,train
109531,Komple Bina,1550000.0,,+,,6,İstanbul/Esenyurt/Turgut Özal,TRY,1550000.0,False,False,False,False,False,False,True,False,False,Комнаты не разобраны,оставить,оставить признаки как есть,train
109557,Komple Bina,1550000.0,500.0,+,,4,Sakarya/Serdivan/İstiklal,TRY,1550000.0,False,False,False,False,False,False,True,False,False,Комнаты не разобраны,оставить,оставить признаки как есть,train
109737,Komple Bina,1550000.0,,+,,6,İstanbul/Esenyurt/Turgut Özal,TRY,1550000.0,False,False,False,False,False,False,True,False,False,Комнаты не разобраны,оставить,оставить признаки как есть,train
109895,Komple Bina,1550000.0,,+,,6,İstanbul/Esenyurt/Turgut Özal,TRY,1550000.0,False,False,False,False,False,False,True,False,False,Комнаты не разобраны,оставить,оставить признаки как есть,train
112275,Komple Bina,1550000.0,350.0,+,,4,İstanbul/Sancaktepe/Merve,TRY,1550000.0,False,False,False,False,False,False,True,False,False,Комнаты не разобраны,оставить,оставить признаки как есть,validation
326352,Komple Bina,1550000.0,,+,,5,Konya/Selçuklu/İhsaniye,TRY,1550000.0,False,False,False,False,False,False,True,False,False,Комнаты не разобраны,оставить,оставить признаки как есть,validation
326436,Komple Bina,1550000.0,,+,,5,Konya/Selçuklu/İhsaniye,TRY,1550000.0,False,False,False,False,False,False,True,False,False,Комнаты не разобраны,оставить,оставить признаки как есть,validation
348429,Komple Bina,1550000.0,140.0,+,,5,Adıyaman/Merkez/Bahçelievler,TRY,1550000.0,False,False,False,False,False,False,True,False,False,Комнаты не разобраны,оставить,оставить признаки как есть,train
389813,Komple Bina,1550000.0,130.0,+,,3,Denizli/Pamukkale/Fatih,TRY,1550000.0,False,False,False,False,False,False,True,False,False,Комнаты не разобраны,оставить,оставить признаки как есть,train
21807,Daire,1546042.8984,204835.0,1+0,3,20 ve üzeri,Ankara/Elmadağ/Hasanoğlan Havuzbaşı,GBP,222222.0,False,False,False,True,True,False,False,False,False,"Площадь выше 3 000 м², Площадь выше 100 000 м²",оставить,площадь → пропуск,test
30404,Komple Bina,1540000.0,80.0,+,,4,KKTC/Lefkoşa/Gönyeli Köyü,TRY,1540000.0,False,False,False,False,False,False,True,False,False,Комнаты не разобраны,оставить,оставить признаки как есть,train
399533,Çiftlik Evi,1530000.0,,+,,,Malatya/Yazıhan/Durucasu,TRY,1530000.0,False,False,False,False,False,False,True,False,False,Комнаты не разобраны,оставить,оставить признаки как есть,train
948,Komple Bina,1500000.0,,+,,4,İzmir/Bornova/Zafer,TRY,1500000.0,False,False,False,False,False,False,True,False,False,Комнаты не разобраны,оставить,оставить признаки как есть,train
1514,Komple Bina,1500000.0,,+,,4,İzmir/Bornova/Zafer,TRY,1500000.0,False,False,False,False,False,False,True,False,False,Комнаты не разобраны,оставить,оставить признаки как есть,train
1794,Komple Bina,1500000.0,,+,,4,İzmir/Bornova/Zafer,TRY,1500000.0,False,False,False,False,False,False,True,False,False,Комнаты не разобраны,оставить,оставить признаки как есть,train
17742,Komple Bina,1500000.0,330.0,+,,3,Balıkesir/Ayvalık/Küçükköy,TRY,1500000.0,False,False,False,False,False,False,True,False,False,Комнаты не разобраны,оставить,оставить признаки как есть,train
17758,Komple Bina,1500000.0,330.0,+,,3,Balıkesir/Ayvalık/Küçükköy,TRY,1500000.0,False,False,False,False,False,False,True,False,False,Комнаты не разобраны,оставить,оставить признаки как есть,train
28524,Komple Bina,1500000.0,400.0,+,,7,Mersin/Akdeniz/Çankaya,TRY,1500000.0,False,False,False,False,False,False,True,False,False,Комнаты не разобраны,оставить,оставить признаки как есть,train
30758,Komple Bina,1500000.0,700.0,+,,4,Antalya/Kepez/Mehmet Akif Ersoy,TRY,1500000.0,False,False,False,False,False,False,True,False,False,Комнаты не разобраны,оставить,оставить признаки как есть,train
33760,Komple Bina,1500000.0,700.0,+,,4,Antalya/Kepez/Mehmet Akif Ersoy,TRY,1500000.0,False,False,False,False,False,False,True,False,False,Комнаты не разобраны,оставить,оставить признаки как есть,train
92229,Komple Bina,1500000.0,,+,,4,Mersin/Toroslar/Zeki Ayan,TRY,1500000.0,False,False,False,False,False,False,True,False,False,Комнаты не разобраны,оставить,оставить признаки как есть,train
92413,Komple Bina,1500000.0,,+,,3,İstanbul/Beykoz/Rüzgarlıbahçe,TRY,1500000.0,False,False,False,False,False,False,True,False,False,Комнаты не разобраны,оставить,оставить признаки как есть,train
92431,Komple Bina,1500000.0,,+,,3,İstanbul/Beykoz/Rüzgarlıbahçe,TRY,1500000.0,False,False,False,False,False,False,True,False,False,Комнаты не разобраны,оставить,оставить признаки как есть,train
92755,Komple Bina,1500000.0,,+,,3,Aksaray/Merkez/Nakkaş,TRY,1500000.0,False,False,False,False,False,False,True,False,False,Комнаты не разобраны,оставить,оставить признаки как есть,test
93129,Komple Bina,1500000.0,,+,,4,İstanbul/Esenler/Havaalanı,TRY,1500000.0,False,False,False,False,False,False,True,False,False,Комнаты не разобраны,оставить,оставить признаки как есть,train
93333,Komple Bina,1500000.0,,+,,3,Gaziantep/Şahinbey/Binevler,TRY,1500000.0,False,False,False,False,False,False,True,False,False,Комнаты не разобраны,оставить,оставить признаки как есть,train
93627,Komple Bina,1500000.0,400.0,+,,4,İstanbul/Tuzla/Cami,TRY,1500000.0,False,False,False,False,False,False,True,False,False,Комнаты не разобраны,оставить,оставить признаки как есть,train
94525,Komple Bina,1500000.0,,+,,3,İstanbul/Tuzla/Aydıntepe,TRY,1500000.0,False,False,False,False,False,False,True,False,False,Комнаты не разобраны,оставить,оставить признаки как есть,train
95717,Komple Bina,1500000.0,,+,,3,Gaziantep/Şahinbey/Binevler,TRY,1500000.0,False,False,False,False,False,False,True,False,False,Комнаты не разобраны,оставить,оставить признаки как есть,train
98157,Komple Bina,1500000.0,,+,,3,İstanbul/Tuzla/Aydıntepe,TRY,1500000.0,False,False,False,False,False,False,True,False,False,Комнаты не разобраны,оставить,оставить признаки как есть,train
103843,Komple Bina,1500000.0,800.0,+,,5,Aydın/Efeler/Meşrutiyet,TRY,1500000.0,False,False,False,False,False,False,True,False,False,Комнаты не разобраны,оставить,оставить признаки как есть,validation
105451,Komple Bina,1500000.0,,+,,3,Gaziantep/Şahinbey/Binevler,TRY,1500000.0,False,False,False,False,False,False,True,False,False,Комнаты не разобраны,оставить,оставить признаки как есть,train
105697,Komple Bina,1500000.0,,+,,4,Denizli/Merkezefendi/Karaman,TRY,1500000.0,False,False,False,False,False,False,True,False,False,Комнаты не разобраны,оставить,оставить признаки как есть,test
106255,Komple Bina,1500000.0,650.0,+,,4,Trabzon/Ortahisar/Fatih,TRY,1500000.0,False,False,False,False,False,False,True,False,False,Комнаты не разобраны,оставить,оставить признаки как есть,train
108005,Komple Bina,1500000.0,,+,,4,Düzce/Merkez/Cedidiye,TRY,1500000.0,False,False,False,False,False,False,True,False,False,Комнаты не разобраны,оставить,оставить признаки как есть,train
109819,Komple Bina,1500000.0,450.0,+,,5,Trabzon/Ortahisar/Konaklar,TRY,1500000.0,False,False,False,False,False,False,True,False,False,Комнаты не разобраны,оставить,оставить признаки как есть,test
110061,Komple Bina,1500000.0,100.0,+,,6,İstanbul/Gaziosmanpaşa/Yıldıztabya,TRY,1500000.0,False,False,False,False,False,False,True,False,False,Комнаты не разобраны,оставить,оставить признаки как есть,validation
110907,Komple Bina,1500000.0,800.0,+,,5,Aydın/Efeler/Meşrutiyet,TRY,1500000.0,False,False,False,False,False,False,True,False,False,Комнаты не разобраны,оставить,оставить признаки как есть,validation
111691,Komple Bina,1500000.0,,+,,3,İstanbul/Tuzla/Aydıntepe,TRY,1500000.0,False,False,False,False,False,False,True,False,False,Комнаты не разобраны,оставить,оставить признаки как есть,train
111733,Komple Bina,1500000.0,,+,,4,İstanbul/Esenler/Havaalanı,TRY,1500000.0,False,False,False,False,False,False,True,False,False,Комнаты не разобраны,оставить,оставить признаки как есть,train
111851,Komple Bina,1500000.0,410.0,+,,3,Ordu/Altınordu/Bahçelievler,TRY,1500000.0,False,False,False,False,False,False,True,False,False,Комнаты не разобраны,оставить,оставить признаки как есть,test
112525,Komple Bina,1500000.0,,+,,3,İstanbul/Tuzla/Aydıntepe,TRY,1500000.0,False,False,False,False,False,False,True,False,False,Комнаты не разобраны,оставить,оставить признаки как есть,train
112737,Komple Bina,1500000.0,,+,,3,Gaziantep/Şahinbey/Binevler,TRY,1500000.0,False,False,False,False,False,False,True,False,False,Комнаты не разобраны,оставить,оставить признаки как есть,train
349321,Komple Bina,1500000.0,,+,,3,Antalya/Manavgat/Aşağı Hisar,TRY,1500000.0,False,False,False,False,False,False,True,False,False,Комнаты не разобраны,оставить,оставить признаки как есть,train
370581,Villa,1500000.0,17000.0,5+2,,3,Elazığ/Merkez/Cipköy Köyü,TRY,1500000.0,False,False,False,True,False,False,False,False,False,Площадь выше 3 000 м²,оставить,оставить признаки как есть,train
370988,Yazlık,1500000.0,1.0,2+1,Müstakil,2,Çanakkale/Ezine/Tavaklı Köyü,TRY,1500000.0,False,False,True,False,False,False,False,False,False,Площадь ниже 15 м²,оставить,площадь → пропуск,train
371235,Villa,1500000.0,17000.0,5+2,,3,Elazığ/Merkez/Cipköy Köyü,TRY,1500000.0,False,False,False,True,False,False,False,False,False,Площадь выше 3 000 м²,оставить,оставить признаки как есть,train
381526,Komple Bina,1500000.0,,+,,,Tekirdağ/Kapaklı/Atatürk,TRY,1500000.0,False,False,False,False,False,False,True,False,False,Комнаты не разобраны,оставить,оставить признаки как есть,train
382050,Komple Bina,1500000.0,650.0,+,,5,İstanbul/Esenyurt/Turgut Özal,TRY,1500000.0,False,False,False,False,False,False,True,False,False,Комнаты не разобраны,оставить,оставить признаки как есть,train
391104,Komple Bina,1500000.0,,+,,3,İstanbul/Beyoğlu/Katip Mustafa Çelebi,TRY,1500000.0,False,False,False,False,False,False,True,False,False,Комнаты не разобраны,оставить,оставить признаки как есть,train
104019,Komple Bina,1499000.0,,+,,4,Kocaeli/Çayırova/Çayırova,TRY,1499000.0,False,False,False,False,False,False,True,False,False,Комнаты не разобраны,оставить,оставить признаки как есть,train
329162,Komple Bina,1490000.0,,+,,4,Ankara/Çankaya/Yaşamkent,TRY,1490000.0,False,False,False,False,False,False,True,False,False,Комнаты не разобраны,оставить,оставить признаки как есть,train
357141,Komple Bina,1490000.0,300.0,+,,4,Denizli/Pamukkale/Zeytinköy,TRY,1490000.0,False,False,False,False,False,False,True,False,False,Комнаты не разобраны,оставить,оставить признаки как есть,test
25980,Komple Bina,1485000.0,400.0,+,,4,Antalya/Muratpaşa/Güzeloba,TRY,1485000.0,False,False,False,False,False,False,True,False,False,Комнаты не разобраны,оставить,оставить признаки как есть,test
108349,Komple Bina,1475000.0,,+,,4,Gaziantep/Şahinbey/Yeşilevler,TRY,1475000.0,False,False,False,False,False,False,True,False,False,Комнаты не разобраны,оставить,оставить признаки как есть,test
327366,Komple Bina,1475000.0,430.0,+,,4,Ankara/Çankaya/Yaşamkent,TRY,1475000.0,False,False,False,False,False,False,True,False,False,Комнаты не разобраны,оставить,оставить признаки как есть,train
329316,Komple Bina,1475000.0,,+,,4,Ankara/Çankaya/Yaşamkent,TRY,1475000.0,False,False,False,False,False,False,True,False,False,Комнаты не разобраны,оставить,оставить признаки как есть,train
24360,Daire,1450000.0,120.0,3+1,9,6,İstanbul/Kadıköy/Caddebostan,TRY,1450000.0,False,False,False,False,False,True,False,False,False,Этаж выше этажности здания,оставить,оставить признаки как есть; этаж → пропуск,train
37841,Villa,1450000.0,1.0,4+1,Müstakil,3,Aydın/Didim/Altınkum,TRY,1450000.0,False,False,True,False,False,False,False,False,False,Площадь ниже 15 м²,оставить,площадь → пропуск,test
91189,Komple Bina,1450000.0,,+,,1,İstanbul/Sultangazi/Cebeci,TRY,1450000.0,False,False,False,False,False,False,True,False,False,Комнаты не разобраны,оставить,оставить признаки как есть,train
92107,Komple Bina,1450000.0,,+,,1,İstanbul/Sultangazi/Cebeci,TRY,1450000.0,False,False,False,False,False,False,True,False,False,Комнаты не разобраны,оставить,оставить признаки как есть,train
107745,Komple Bina,1450000.0,172.0,+,,4,İstanbul/Bağcılar/Demirkapı,TRY,1450000.0,False,False,False,False,False,False,True,False,False,Комнаты не разобраны,оставить,оставить признаки как есть,validation
113785,Komple Bina,1450000.0,,+,,1,İstanbul/Sultangazi/Cebeci,TRY,1450000.0,False,False,False,False,False,False,True,False,False,Комнаты не разобраны,оставить,оставить признаки как есть,train
114577,Komple Bina,1450000.0,,+,,1,İstanbul/Sultangazi/Cebeci,TRY,1450000.0,False,False,False,False,False,False,True,False,False,Комнаты не разобраны,оставить,оставить признаки как есть,train
327338,Komple Bina,1450000.0,,+,,5,Eskişehir/Tepebaşı/Ömerağa,TRY,1450000.0,False,False,False,False,False,False,True,False,False,Комнаты не разобраны,оставить,оставить признаки как есть,train
350425,Komple Bina,1450000.0,,+,,4,Trabzon/Çarşıbaşı/Büyükdere,TRY,1450000.0,False,False,False,False,False,False,True,False,False,Комнаты не разобраны,оставить,оставить признаки как есть,train
352508,Daire,1434006.0,231280.0,8+3,15,20 ve üzeri,İstanbul/Avcılar/Cihangir,GBP,210000.0,False,False,False,True,True,False,False,False,False,"Площадь выше 3 000 м², Площадь выше 100 000 м²",оставить,площадь → пропуск,train
6660,Komple Bina,1400000.0,,+,,4,İstanbul/Beyoğlu/Şehit Muhtar,TRY,1400000.0,False,False,False,False,False,False,True,False,False,Комнаты не разобраны,оставить,оставить признаки как есть,train
93093,Komple Bina,1400000.0,230.0,+,,6,İstanbul/Beyoğlu/Çukur,TRY,1400000.0,False,False,False,False,False,False,True,False,False,Комнаты не разобраны,оставить,оставить признаки как есть,test
97379,Komple Bina,1400000.0,401.0,+,,3,Denizli/Pamukkale/Kınıklı,TRY,1400000.0,False,False,False,False,False,False,True,False,False,Комнаты не разобраны,оставить,оставить признаки как есть,train
109857,Komple Bina,1400000.0,90.0,+,,4,İstanbul/Esenler/Kemer,TRY,1400000.0,False,False,False,False,False,False,True,False,False,Комнаты не разобраны,оставить,оставить признаки как есть,train
110311,Komple Bina,1400000.0,230.0,+,,6,İstanbul/Beyoğlu/Çukur,TRY,1400000.0,False,False,False,False,False,False,True,False,False,Комнаты не разобраны,оставить,оставить признаки как есть,test
110637,Komple Bina,1400000.0,,+,,5,Bursa/Gemlik/Kumla,TRY,1400000.0,False,False,False,False,False,False,True,False,False,Комнаты не разобраны,оставить,оставить признаки как есть,train
113409,Komple Bina,1400000.0,90.0,+,,4,İstanbul/Esenler/Kemer,TRY,1400000.0,False,False,False,False,False,False,True,False,False,Комнаты не разобраны,оставить,оставить признаки как есть,train
327478,Rezidans,1400000.0,10000.0,2+1,En Üst Kat,2,Muğla/Bodrum/Koyunbaba,TRY,1400000.0,False,False,False,True,False,False,False,False,False,Площадь выше 3 000 м²,оставить,площадь → пропуск,train
402431,Komple Bina,1400000.0,120.0,+,,,İstanbul/Bağcılar/Güneşli,TRY,1400000.0,False,False,False,False,False,False,True,False,False,Комнаты не разобраны,оставить,оставить признаки как есть,train
24850,Komple Bina,1390000.0,120.0,+,,3,Antalya/Kepez/Altınova Orta,TRY,1390000.0,False,False,False,False,False,False,True,False,False,Комнаты не разобраны,оставить,оставить признаки как есть,train
32056,Komple Bina,1390000.0,120.0,+,,3,Antalya/Kepez/Altınova Orta,TRY,1390000.0,False,False,False,False,False,False,True,False,False,Комнаты не разобраны,оставить,оставить признаки как есть,train
34634,Komple Bina,1390000.0,120.0,+,,3,Antalya/Kepez/Altınova Orta,TRY,1390000.0,False,False,False,False,False,False,True,False,False,Комнаты не разобраны,оставить,оставить признаки как есть,train
93011,Komple Bina,1390000.0,,+,,3,Kocaeli/Başiskele/Barbaros,TRY,1390000.0,False,False,False,False,False,False,True,False,False,Комнаты не разобраны,оставить,оставить признаки как есть,validation
7986,Komple Bina,1375000.0,450.0,+,,4,Sakarya/Sapanca/Gazipaşa,TRY,1375000.0,False,False,False,False,False,False,True,False,False,Комнаты не разобраны,оставить,оставить признаки как есть,test
98555,Komple Bina,1375000.0,90.0,+,,3,Denizli/Merkezefendi/Gümüşçay,TRY,1375000.0,False,False,False,False,False,False,True,False,False,Комнаты не разобраны,оставить,оставить признаки как есть,train
114489,Komple Bina,1375000.0,90.0,+,,3,Denizli/Merkezefendi/Gümüşçay,TRY,1375000.0,False,False,False,False,False,False,True,False,False,Комнаты не разобраны,оставить,оставить признаки как есть,train
394810,Komple Bina,1375000.0,280.0,+,,,İstanbul/Kartal/Cevizli,TRY,1375000.0,False,False,False,False,False,False,True,False,False,Комнаты не разобраны,оставить,оставить признаки как есть,train
109119,Komple Bina,1370000.0,,+,,5,İstanbul/Esenyurt/İstiklal,TRY,1370000.0,False,False,False,False,False,False,True,False,False,Комнаты не разобраны,оставить,оставить признаки как есть,train
31966,Komple Bina,1360000.0,,+,,3,Muğla/Bodrum/Peksimet,TRY,1360000.0,False,False,False,False,False,False,True,False,False,Комнаты не разобраны,оставить,оставить признаки как есть,train
1296,Komple Bina,1350000.0,75.0,+,,3,İzmir/Çiğli/Ataşehir,TRY,1350000.0,False,False,False,False,False,False,True,False,False,Комнаты не разобраны,оставить,оставить признаки как есть,train
1530,Komple Bina,1350000.0,235.0,+,,3,İzmir/Menderes/Gölcükler,TRY,1350000.0,False,False,False,False,False,False,True,False,False,Комнаты не разобраны,оставить,оставить признаки как есть,train
6668,Komple Bina,1350000.0,,+,,3,İstanbul/Sarıyer/Tarabya,TRY,1350000.0,False,False,False,False,False,False,True,False,False,Комнаты не разобраны,оставить,оставить признаки как есть,validation
31552,Komple Bina,1350000.0,440.0,+,,4,Trabzon/Yomra/Sancak,TRY,1350000.0,False,False,False,False,False,False,True,False,False,Комнаты не разобраны,оставить,оставить признаки как есть,train
33072,Komple Bina,1350000.0,440.0,+,,4,Trabzon/Yomra/Sancak,TRY,1350000.0,False,False,False,False,False,False,True,False,False,Комнаты не разобраны,оставить,оставить признаки как есть,train
34745,Villa,1350000.0,1.0,3+1,Müstakil,1,Çanakkale/Bozcaada/Alaybey,TRY,1350000.0,False,False,True,False,False,False,False,False,False,Площадь ниже 15 м²,оставить,площадь → пропуск,train
35180,Komple Bina,1350000.0,440.0,+,,4,Trabzon/Yomra/Sancak,TRY,1350000.0,False,False,False,False,False,False,True,False,False,Комнаты не разобраны,оставить,оставить признаки как есть,train
61241,Daire,1350000.0,,2+1,2,1,Muğla/Bodrum/Gündoğan,TRY,1350000.0,False,False,False,False,False,True,False,False,False,Этаж выше этажности здания,оставить,оставить признаки как есть; этаж → пропуск,train
91737,Komple Bina,1350000.0,,+,,2,Kocaeli/Darıca/Kazım Karabekir,TRY,1350000.0,False,False,False,False,False,False,True,False,False,Комнаты не разобраны,оставить,оставить признаки как есть,validation
92617,Komple Bina,1350000.0,,+,,3,Mersin/Yenişehir/Dumlupınar,TRY,1350000.0,False,False,False,False,False,False,True,False,False,Комнаты не разобраны,оставить,оставить признаки как есть,train
93487,Komple Bina,1350000.0,,+,,3,İstanbul/Silivri/Piri Mehmet Paşa,TRY,1350000.0,False,False,False,False,False,False,True,False,False,Комнаты не разобраны,оставить,оставить признаки как есть,train
93697,Komple Bina,1350000.0,,+,,3,Mersin/Yenişehir/Dumlupınar,TRY,1350000.0,False,False,False,False,False,False,True,False,False,Комнаты не разобраны,оставить,оставить признаки как есть,train
93751,Komple Bina,1350000.0,,+,,3,Mersin/Yenişehir/Dumlupınar,TRY,1350000.0,False,False,False,False,False,False,True,False,False,Комнаты не разобраны,оставить,оставить признаки как есть,train
94687,Komple Bina,1350000.0,,+,,3,Mersin/Yenişehir/Dumlupınar,TRY,1350000.0,False,False,False,False,False,False,True,False,False,Комнаты не разобраны,оставить,оставить признаки как есть,train
104033,Komple Bina,1350000.0,480.0,+,,4,İstanbul/Avcılar/Firuzköy,TRY,1350000.0,False,False,False,False,False,False,True,False,False,Комнаты не разобраны,оставить,оставить признаки как есть,train
105805,Komple Bina,1350000.0,,+,,4,Denizli/Merkezefendi/Gültepe,TRY,1350000.0,False,False,False,False,False,False,True,False,False,Комнаты не разобраны,оставить,оставить признаки как есть,train
107059,Komple Bina,1350000.0,,+,,4,Yalova/Çınarcık/Koru Bld. (Cumhuriyet),TRY,1350000.0,False,False,False,False,False,False,True,False,False,Комнаты не разобраны,оставить,оставить признаки как есть,test
108917,Komple Bina,1350000.0,,+,,3,Mersin/Yenişehir/Dumlupınar,TRY,1350000.0,False,False,False,False,False,False,True,False,False,Комнаты не разобраны,оставить,оставить признаки как есть,train
111413,Komple Bina,1350000.0,380.0,+,,5,Trabzon/Ortahisar/Kalkınma,TRY,1350000.0,False,False,False,False,False,False,True,False,False,Комнаты не разобраны,оставить,оставить признаки как есть,train
111949,Komple Bina,1350000.0,275.0,+,,3,İzmir/Bornova/Atatürk,TRY,1350000.0,False,False,False,False,False,False,True,False,False,Комнаты не разобраны,оставить,оставить признаки как есть,train
114817,Komple Bina,1350000.0,,+,,3,İstanbul/Silivri/Piri Mehmet Paşa,TRY,1350000.0,False,False,False,False,False,False,True,False,False,Комнаты не разобраны,оставить,оставить признаки как есть,train
115491,Komple Bina,1350000.0,165.0,+,,4,Kocaeli/Çayırova/Özgürlük,TRY,1350000.0,False,False,False,False,False,False,True,False,False,Комнаты не разобраны,оставить,оставить признаки как есть,validation
326250,Komple Bina,1350000.0,140.0,+,,5,Çanakkale/Gelibolu/Alaeddin,TRY,1350000.0,False,False,False,False,False,False,True,False,False,Комнаты не разобраны,оставить,оставить признаки как есть,train
326584,Komple Bina,1350000.0,140.0,+,,5,Çanakkale/Gelibolu/Alaeddin,TRY,1350000.0,False,False,False,False,False,False,True,False,False,Комнаты не разобраны,оставить,оставить признаки как есть,train
348307,Komple Bina,1350000.0,630.0,+,,3,Antalya/Manavgat/Hatipler,TRY,1350000.0,False,False,False,False,False,False,True,False,False,Комнаты не разобраны,оставить,оставить признаки как есть,train
348557,Komple Bina,1350000.0,345.0,+,,4,Isparta/Merkez/Bağlar,TRY,1350000.0,False,False,False,False,False,False,True,False,False,Комнаты не разобраны,оставить,оставить признаки как есть,train
387663,Villa,1350000.0,3.0,4+2,Müstakil,2,Çanakkale/Bozcaada/Cumhuriyet,TRY,1350000.0,False,False,True,False,False,False,False,False,False,Площадь ниже 15 м²,оставить,площадь → пропуск,validation
395048,Komple Bina,1350000.0,,+,,,İstanbul/Sultanbeyli/Battalgazi,TRY,1350000.0,False,False,False,False,False,False,True,False,False,Комнаты не разобраны,оставить,оставить признаки как есть,train
93045,Komple Bina,1330000.0,,+,,3,İzmir/Bornova/Atatürk,TRY,1330000.0,False,False,False,False,False,False,True,False,False,Комнаты не разобраны,оставить,оставить признаки как есть,train
104541,Komple Bina,1330000.0,,+,,3,İzmir/Bornova/Atatürk,TRY,1330000.0,False,False,False,False,False,False,True,False,False,Комнаты не разобраны,оставить,оставить признаки как есть,train
1510,Komple Bina,1325000.0,,+,,1,Antalya/Muratpaşa/Yenigöl,TRY,1325000.0,False,False,False,False,False,False,True,False,False,Комнаты не разобраны,оставить,оставить признаки как есть,validation
17606,Komple Bina,1325000.0,685.0,+,,5,Trabzon/Ortahisar/Pelitli,TRY,1325000.0,False,False,False,False,False,False,True,False,False,Комнаты не разобраны,оставить,оставить признаки как есть,train
356771,Komple Bina,1325000.0,,+,,3,Eskişehir/Tepebaşı/Ertuğrulgazi,TRY,1325000.0,False,False,False,False,False,False,True,False,False,Комнаты не разобраны,оставить,оставить признаки как есть,train
516,Komple Bina,1300000.0,,+,,4,İzmir/Bayraklı/Fuat Edip Baksı,TRY,1300000.0,False,False,False,False,False,False,True,False,False,Комнаты не разобраны,оставить,оставить признаки как есть,train
524,Komple Bina,1300000.0,,+,,4,İzmir/Bayraklı/Fuat Edip Baksı,TRY,1300000.0,False,False,False,False,False,False,True,False,False,Комнаты не разобраны,оставить,оставить признаки как есть,train
962,Komple Bina,1300000.0,,+,,4,İzmir/Bayraklı/Fuat Edip Baksı,TRY,1300000.0,False,False,False,False,False,False,True,False,False,Комнаты не разобраны,оставить,оставить признаки как есть,train
994,Komple Bina,1300000.0,210.0,+,,2,İstanbul/Beykoz/Gümüşsuyu,TRY,1300000.0,False,False,False,False,False,False,True,False,False,Комнаты не разобраны,оставить,оставить признаки как есть,train
1062,Komple Bina,1300000.0,,+,,4,İzmir/Bayraklı/Fuat Edip Baksı,TRY,1300000.0,False,False,False,False,False,False,True,False,False,Комнаты не разобраны,оставить,оставить признаки как есть,train
6716,Komple Bina,1300000.0,90.0,+,,4,İstanbul/Bağcılar/Kirazlı,TRY,1300000.0,False,False,False,False,False,False,True,False,False,Комнаты не разобраны,оставить,оставить признаки как есть,train
7062,Komple Bina,1300000.0,75.0,+,,4,İstanbul/Fatih/Silivrikapı,TRY,1300000.0,False,False,False,False,False,False,True,False,False,Комнаты не разобраны,оставить,оставить признаки как есть,train
8194,Komple Bina,1300000.0,425.0,+,,5,Denizli/Merkezefendi/Adalet,TRY,1300000.0,False,False,False,False,False,False,True,False,False,Комнаты не разобраны,оставить,оставить признаки как есть,train
17522,Komple Bina,1300000.0,,+,,3,Balıkesir/Burhaniye/Öğretmenler,TRY,1300000.0,False,False,False,False,False,False,True,False,False,Комнаты не разобраны,оставить,оставить признаки как есть,train
25078,Komple Bina,1300000.0,65.0,+,,4,Antalya/Muratpaşa/Sinan,TRY,1300000.0,False,False,False,False,False,False,True,False,False,Комнаты не разобраны,оставить,оставить признаки как есть,test
32702,Komple Bina,1300000.0,800.0,+,,2,Antalya/Kemer/Beldibi,TRY,1300000.0,False,False,False,False,False,False,True,False,False,Комнаты не разобраны,оставить,оставить признаки как есть,test
94627,Komple Bina,1300000.0,50.0,+,,4,Edirne/Merkez/Abdurrahman,TRY,1300000.0,False,False,False,False,False,False,True,False,False,Комнаты не разобраны,оставить,оставить признаки как есть,test
94805,Komple Bina,1300000.0,800.0,+,,2,Kocaeli/İzmit/Tüysüzler,TRY,1300000.0,False,False,False,False,False,False,True,False,False,Комнаты не разобраны,оставить,оставить признаки как есть,train
97411,Komple Bina,1300000.0,100.0,+,,3,İstanbul/Fatih/Derviş Ali,TRY,1300000.0,False,False,False,False,False,False,True,False,False,Комнаты не разобраны,оставить,оставить признаки как есть,validation
97427,Komple Bina,1300000.0,,+,,4,Sakarya/Serdivan/Beşköprü,TRY,1300000.0,False,False,False,False,False,False,True,False,False,Комнаты не разобраны,оставить,оставить признаки как есть,test
98307,Komple Bina,1300000.0,350.0,+,,3,İstanbul/Avcılar/Cihangir,TRY,1300000.0,False,False,False,False,False,False,True,False,False,Комнаты не разобраны,оставить,оставить признаки как есть,train
110147,Komple Bina,1300000.0,45.0,+,,3,Edirne/Merkez/Meydan,TRY,1300000.0,False,False,False,False,False,False,True,False,False,Комнаты не разобраны,оставить,оставить признаки как есть,test
110671,Komple Bina,1300000.0,125.0,+,,4,İstanbul/Sultanbeyli/Battalgazi,TRY,1300000.0,False,False,False,False,False,False,True,False,False,Комнаты не разобраны,оставить,оставить признаки как есть,test
111913,Komple Bina,1300000.0,580.0,+,,4,Adıyaman/Merkez/Yavuz Selim,TRY,1300000.0,False,False,False,False,False,False,True,False,False,Комнаты не разобраны,оставить,оставить признаки как есть,train
112113,Komple Bina,1300000.0,580.0,+,,4,Adıyaman/Merkez/Yavuz Selim,TRY,1300000.0,False,False,False,False,False,False,True,False,False,Комнаты не разобраны,оставить,оставить признаки как есть,train
112163,Komple Bina,1300000.0,,+,,3,İstanbul/Pendik/Fevzi Çakmak,TRY,1300000.0,False,False,False,False,False,False,True,False,False,Комнаты не разобраны,оставить,оставить признаки как есть,test
112597,Komple Bina,1300000.0,500.0,+,,5,Trabzon/Ortahisar/Yalıncak,TRY,1300000.0,False,False,False,False,False,False,True,False,False,Комнаты не разобраны,оставить,оставить признаки как есть,train
325626,Komple Bina,1300000.0,180.0,+,,5,Trabzon/Ortahisar/Yalıncak,TRY,1300000.0,False,False,False,False,False,False,True,False,False,Комнаты не разобраны,оставить,оставить признаки как есть,train
355969,Villa,1300000.0,2.0,6+3,Kot 3,3,Trabzon/Ortahisar/Sayvan,TRY,1300000.0,False,False,True,False,False,False,False,False,False,Площадь ниже 15 м²,оставить,площадь → пропуск,test
373002,Daire,1284600.1548,64837.0,7+2,16,4,İstanbul/Güngören/Sanayi,USD,242222.0,False,False,False,True,False,True,False,False,False,"Площадь выше 3 000 м², Этаж выше этажности здания",оставить,площадь → пропуск; этаж → пропуск,train
389823,Komple Bina,1280000.0,,+,,,Denizli/Pamukkale/Fesleğen,TRY,1280000.0,False,False,False,False,False,False,True,False,False,Комнаты не разобраны,оставить,оставить признаки как есть,train
401581,Komple Bina,1280000.0,,+,,,Denizli/Pamukkale/Fesleğen,TRY,1280000.0,False,False,False,False,False,False,True,False,False,Комнаты не разобраны,оставить,оставить признаки как есть,train
23958,Komple Bina,1275000.0,350.0,+,,3,Balıkesir/Erdek/Şahinburgaz,TRY,1275000.0,False,False,False,False,False,False,True,False,False,Комнаты не разобраны,оставить,оставить признаки как есть,train
26796,Komple Bina,1275000.0,350.0,+,,3,Balıkesir/Erdek/Şahinburgaz,TRY,1275000.0,False,False,False,False,False,False,True,False,False,Комнаты не разобраны,оставить,оставить признаки как есть,train
28900,Komple Bina,1275000.0,350.0,+,,3,Balıkesir/Erdek/Şahinburgaz,TRY,1275000.0,False,False,False,False,False,False,True,False,False,Комнаты не разобраны,оставить,оставить признаки как есть,train
32072,Komple Bina,1275000.0,350.0,+,,3,Balıkesir/Erdek/Şahinburgaz,TRY,1275000.0,False,False,False,False,False,False,True,False,False,Комнаты не разобраны,оставить,оставить признаки как есть,train
363867,Çiftlik Evi,1275000.0,8.0,5+2,,2,Bursa/Orhangazi/Muradiye,TRY,1275000.0,False,False,True,False,False,False,False,False,False,Площадь ниже 15 м²,оставить,площадь → пропуск,train
319687,Daire,1270000.0,160.0,3+1,4,1,İstanbul/Ataşehir/Atatürk,TRY,1270000.0,False,False,False,False,False,True,False,False,False,Этаж выше этажности здания,оставить,оставить признаки как есть; этаж → пропуск,train
7108,Komple Bina,1250000.0,70.0,+,,3,Denizli/Pamukkale/Yunusemre,TRY,1250000.0,False,False,False,False,False,False,True,False,False,Комнаты не разобраны,оставить,оставить признаки как есть,train
7432,Komple Bina,1250000.0,,+,,4,Kocaeli/İzmit/Topçular,TRY,1250000.0,False,False,False,False,False,False,True,False,False,Комнаты не разобраны,оставить,оставить признаки как есть,validation
8018,Komple Bina,1250000.0,,+,,4,Kocaeli/İzmit/Topçular,TRY,1250000.0,False,False,False,False,False,False,True,False,False,Комнаты не разобраны,оставить,оставить признаки как есть,validation
17620,Komple Bina,1250000.0,81.0,+,,4,İstanbul/Beyoğlu/Yenişehir,TRY,1250000.0,False,False,False,False,False,False,True,False,False,Комнаты не разобраны,оставить,оставить признаки как есть,test
22516,Komple Bina,1250000.0,161.0,+,,4,Antalya/Muratpaşa/Sinan,TRY,1250000.0,False,False,False,False,False,False,True,False,False,Комнаты не разобраны,оставить,оставить признаки как есть,train
22988,Komple Bina,1250000.0,240.0,+,,,Muğla/Bodrum/Göltürkbükü,TRY,1250000.0,False,False,False,False,False,False,True,False,False,Комнаты не разобраны,оставить,оставить признаки как есть,train
28864,Villa,1250000.0,4650.0,6+1,,3,İzmir/Kemalpaşa/Aşağıkızılca,TRY,1250000.0,False,False,False,True,False,False,False,False,False,Площадь выше 3 000 м²,оставить,оставить признаки как есть,train
40660,Müstakil Ev,1250000.0,1.0,3+1,Müstakil,1,Antalya/Konyaaltı/Çakırlar,TRY,1250000.0,False,False,True,False,False,False,False,False,False,Площадь ниже 15 м²,оставить,площадь → пропуск,train
92867,Komple Bina,1250000.0,65.0,+,,4,Sakarya/Serdivan/Otuziki Evler,TRY,1250000.0,False,False,False,False,False,False,True,False,False,Комнаты не разобраны,оставить,оставить признаки как есть,train
92921,Komple Bina,1250000.0,85.0,+,,3,İstanbul/Fatih/Hırka-i Şerif,TRY,1250000.0,False,False,False,False,False,False,True,False,False,Комнаты не разобраны,оставить,оставить признаки как есть,train
92937,Komple Bina,1250000.0,135.0,+,,5,Samsun/Atakum/Yeşildere,TRY,1250000.0,False,False,False,False,False,False,True,False,False,Комнаты не разобраны,оставить,оставить признаки как есть,train
95288,Daire,1250000.0,165.0,3+1,14,7,İstanbul/Zeytinburnu/Seyitnizam,TRY,1250000.0,False,False,False,False,False,True,False,False,False,Этаж выше этажности здания,оставить,оставить признаки как есть; этаж → пропуск,train
97191,Komple Bina,1250000.0,104.0,+,,4,Kocaeli/Darıca/Bağlarbaşı,TRY,1250000.0,False,False,False,False,False,False,True,False,False,Комнаты не разобраны,оставить,оставить признаки как есть,train
97629,Komple Bina,1250000.0,90.0,+,,4,İstanbul/Fatih/Topkapı,TRY,1250000.0,False,False,False,False,False,False,True,False,False,Комнаты не разобраны,оставить,оставить признаки как есть,test
98561,Komple Bina,1250000.0,60.0,+,,3,Uşak/Merkez/Kurtuluş,TRY,1250000.0,False,False,False,False,False,False,True,False,False,Комнаты не разобраны,оставить,оставить признаки как есть,train
98987,Komple Bina,1250000.0,135.0,+,,5,Samsun/Atakum/Yeşildere,TRY,1250000.0,False,False,False,False,False,False,True,False,False,Комнаты не разобраны,оставить,оставить признаки как есть,train
99117,Komple Bina,1250000.0,434.0,+,,5,Trabzon/Ortahisar/1 Nolu Erdoğdu,TRY,1250000.0,False,False,False,False,False,False,True,False,False,Комнаты не разобраны,оставить,оставить признаки как есть,train
99467,Komple Bina,1250000.0,90.0,+,,4,İstanbul/Fatih/Topkapı,TRY,1250000.0,False,False,False,False,False,False,True,False,False,Комнаты не разобраны,оставить,оставить признаки как есть,test
103935,Komple Bina,1250000.0,,+,,4,Yalova/Merkez/Süleyman Bey,TRY,1250000.0,False,False,False,False,False,False,True,False,False,Комнаты не разобраны,оставить,оставить признаки как есть,validation
104063,Komple Bina,1250000.0,300.0,+,,5,İstanbul/Fatih/Haseki Sultan,TRY,1250000.0,False,False,False,False,False,False,True,False,False,Комнаты не разобраны,оставить,оставить признаки как есть,test
105017,Komple Bina,1250000.0,300.0,+,,3,Trabzon/Ortahisar/Üniversite,TRY,1250000.0,False,False,False,False,False,False,True,False,False,Комнаты не разобраны,оставить,оставить признаки как есть,test
107675,Komple Bina,1250000.0,120.0,+,,5,İstanbul/Bağcılar/15 Temmuz,TRY,1250000.0,False,False,False,False,False,False,True,False,False,Комнаты не разобраны,оставить,оставить признаки как есть,train
107873,Komple Bina,1250000.0,235.0,+,,5,İstanbul/Sultangazi/Sultançiftliği,TRY,1250000.0,False,False,False,False,False,False,True,False,False,Комнаты не разобраны,оставить,оставить признаки как есть,train
109023,Komple Bina,1250000.0,60.0,+,,4,İstanbul/Üsküdar/İcadiye,TRY,1250000.0,False,False,False,False,False,False,True,False,False,Комнаты не разобраны,оставить,оставить признаки как есть,train
110081,Komple Bina,1250000.0,100.0,+,,6,İstanbul/Bağcılar/Yenimahalle,TRY,1250000.0,False,False,False,False,False,False,True,False,False,Комнаты не разобраны,оставить,оставить признаки как есть,train
111401,Komple Bina,1250000.0,200.0,+,,2,İstanbul/Beykoz/Zerzavatçı,TRY,1250000.0,False,False,False,False,False,False,True,False,False,Комнаты не разобраны,оставить,оставить признаки как есть,test
112185,Komple Bina,1250000.0,85.0,+,,3,İstanbul/Fatih/Hırka-i Şerif,TRY,1250000.0,False,False,False,False,False,False,True,False,False,Комнаты не разобраны,оставить,оставить признаки как есть,train
112917,Komple Bina,1250000.0,60.0,+,,3,Uşak/Merkez/Kurtuluş,TRY,1250000.0,False,False,False,False,False,False,True,False,False,Комнаты не разобраны,оставить,оставить признаки как есть,train
113393,Komple Bina,1250000.0,120.0,+,,4,Ordu/Altınordu/Şarkiye,TRY,1250000.0,False,False,False,False,False,False,True,False,False,Комнаты не разобраны,оставить,оставить признаки как есть,train
113609,Komple Bina,1250000.0,800.0,+,,5,Trabzon/Ortahisar/Konaklar,TRY,1250000.0,False,False,False,False,False,False,True,False,False,Комнаты не разобраны,оставить,оставить признаки как есть,validation
115173,Komple Bina,1250000.0,150.0,+,,5,Trabzon/Ortahisar/Konaklar,TRY,1250000.0,False,False,False,False,False,False,True,False,False,Комнаты не разобраны,оставить,оставить признаки как есть,train
349369,Komple Bina,1250000.0,,+,,2,Çanakkale/Ayvacık/Ahmetçe Köyü,TRY,1250000.0,False,False,False,False,False,False,True,False,False,Комнаты не разобраны,оставить,оставить признаки как есть,validation
349967,Komple Bina,1250000.0,305.0,+,,3,Balıkesir/Edremit/Güre,TRY,1250000.0,False,False,False,False,False,False,True,False,False,Комнаты не разобраны,оставить,оставить признаки как есть,train
350163,Komple Bina,1250000.0,305.0,+,,3,Balıkesir/Edremit/Güre,TRY,1250000.0,False,False,False,False,False,False,True,False,False,Комнаты не разобраны,оставить,оставить признаки как есть,train
382930,Komple Bina,1250000.0,,+,,,İstanbul/Silivri/Piri Mehmet Paşa,TRY,1250000.0,False,False,False,False,False,False,True,False,False,Комнаты не разобраны,оставить,оставить признаки как есть,train
393162,Daire,1250000.0,,+,,,Gaziantep/Şehitkamil/Atatürk,TRY,1250000.0,False,False,False,False,False,False,True,False,False,Комнаты не разобраны,оставить,оставить признаки как есть,test
401266,Komple Bina,1250000.0,,+,,,İstanbul/Silivri/Piri Mehmet Paşa,TRY,1250000.0,False,False,False,False,False,False,True,False,False,Комнаты не разобраны,оставить,оставить признаки как есть,train
108959,Komple Bina,1220000.0,509.0,+,,4,Bursa/Nilüfer/Fethiye,TRY,1220000.0,False,False,False,False,False,False,True,False,False,Комнаты не разобраны,оставить,оставить признаки как есть,train
370749,Çiftlik Evi,1220000.0,4000.0,4+2,,2,Kırklareli/Merkez/Pınar,TRY,1220000.0,False,False,False,True,False,False,False,False,False,Площадь выше 3 000 м²,оставить,оставить признаки как есть,train
371009,Çiftlik Evi,1220000.0,4000.0,4+2,,2,Kırklareli/Merkez/Pınar,TRY,1220000.0,False,False,False,True,False,False,False,False,False,Площадь выше 3 000 м²,оставить,оставить признаки как есть,train
371151,Çiftlik Evi,1220000.0,4000.0,4+2,,2,Kırklareli/Merkez/Pınar,TRY,1220000.0,False,False,False,True,False,False,False,False,False,Площадь выше 3 000 м²,оставить,оставить признаки как есть,train
522,Komple Bina,1200000.0,232.0,+,,2,Samsun/İlkadım/İstasyon,TRY,1200000.0,False,False,False,False,False,False,True,False,False,Комнаты не разобраны,оставить,оставить признаки как есть,train
548,Komple Bina,1200000.0,,+,,4,İstanbul/Sultangazi/Uğur Mumcu,TRY,1200000.0,False,False,False,False,False,False,True,False,False,Комнаты не разобраны,оставить,оставить признаки как есть,train
686,Komple Bina,1200000.0,232.0,+,,2,Samsun/İlkadım/İstasyon,TRY,1200000.0,False,False,False,False,False,False,True,False,False,Комнаты не разобраны,оставить,оставить признаки как есть,train
1242,Komple Bina,1200000.0,232.0,+,,2,Samsun/İlkadım/İstasyon,TRY,1200000.0,False,False,False,False,False,False,True,False,False,Комнаты не разобраны,оставить,оставить признаки как есть,train
1780,Komple Bina,1200000.0,,+,,4,İstanbul/Sultangazi/Uğur Mumcu,TRY,1200000.0,False,False,False,False,False,False,True,False,False,Комнаты не разобраны,оставить,оставить признаки как есть,train
25498,Komple Bina,1200000.0,250.0,+,,,Aydın/Didim/Efeler,TRY,1200000.0,False,False,False,False,False,False,True,False,False,Комнаты не разобраны,оставить,оставить признаки как есть,validation
29368,Komple Bina,1200000.0,250.0,+,,,Aydın/Didim/Efeler,TRY,1200000.0,False,False,False,False,False,False,True,False,False,Комнаты не разобраны,оставить,оставить признаки как есть,validation
32382,Komple Bina,1200000.0,250.0,+,,,Aydın/Didim/Efeler,TRY,1200000.0,False,False,False,False,False,False,True,False,False,Комнаты не разобраны,оставить,оставить признаки как есть,validation
34814,Komple Bina,1200000.0,250.0,+,,,Aydın/Didim/Efeler,TRY,1200000.0,False,False,False,False,False,False,True,False,False,Комнаты не разобраны,оставить,оставить признаки как есть,validation
92073,Komple Bina,1200000.0,160.0,+,,3,Denizli/Merkezefendi/Şemikler,TRY,1200000.0,False,False,False,False,False,False,True,False,False,Комнаты не разобраны,оставить,оставить признаки как есть,train
92117,Komple Bina,1200000.0,59.0,+,,4,İstanbul/Kağıthane/Gültepe,TRY,1200000.0,False,False,False,False,False,False,True,False,False,Комнаты не разобраны,оставить,оставить признаки как есть,train
93907,Komple Bina,1200000.0,,+,,5,İstanbul/Ümraniye/Esenkent,TRY,1200000.0,False,False,False,False,False,False,True,False,False,Комнаты не разобраны,оставить,оставить признаки как есть,train
95021,Komple Bina,1200000.0,105.0,+,,4,Gaziantep/Şahinbey/Deniz,TRY,1200000.0,False,False,False,False,False,False,True,False,False,Комнаты не разобраны,оставить,оставить признаки как есть,train
95295,Komple Bina,1200000.0,400.0,+,,4,İstanbul/Beykoz/Paşabahçe,TRY,1200000.0,False,False,False,False,False,False,True,False,False,Комнаты не разобраны,оставить,оставить признаки как есть,train
98305,Komple Bina,1200000.0,,+,,3,Bursa/Osmangazi/Nalbantoğlu,TRY,1200000.0,False,False,False,False,False,False,True,False,False,Комнаты не разобраны,оставить,оставить признаки как есть,train
99289,Komple Bina,1200000.0,,+,,3,Bursa/Osmangazi/Nalbantoğlu,TRY,1200000.0,False,False,False,False,False,False,True,False,False,Комнаты не разобраны,оставить,оставить признаки как есть,train
103961,Komple Bina,1200000.0,550.0,+,,4,Trabzon/Ortahisar/Kalkınma,TRY,1200000.0,False,False,False,False,False,False,True,False,False,Комнаты не разобраны,оставить,оставить признаки как есть,test
104405,Komple Bina,1200000.0,,+,,5,İstanbul/Ümraniye/Esenkent,TRY,1200000.0,False,False,False,False,False,False,True,False,False,Комнаты не разобраны,оставить,оставить признаки как есть,train
104635,Komple Bina,1200000.0,,+,,3,Bursa/Osmangazi/Nalbantoğlu,TRY,1200000.0,False,False,False,False,False,False,True,False,False,Комнаты не разобраны,оставить,оставить признаки как есть,train
106361,Komple Bina,1200000.0,59.0,+,,4,İstanbul/Kağıthane/Gültepe,TRY,1200000.0,False,False,False,False,False,False,True,False,False,Комнаты не разобраны,оставить,оставить признаки как есть,train
106485,Komple Bina,1200000.0,,+,,4,İstanbul/Sancaktepe/İnönü,TRY,1200000.0,False,False,False,False,False,False,True,False,False,Комнаты не разобраны,оставить,оставить признаки как есть,train
106885,Komple Bina,1200000.0,500.0,+,,5,İstanbul/Kağıthane/Çeliktepe,TRY,1200000.0,False,False,False,False,False,False,True,False,False,Комнаты не разобраны,оставить,оставить признаки как есть,train
107379,Komple Bina,1200000.0,,+,,5,İstanbul/Ümraniye/Esenkent,TRY,1200000.0,False,False,False,False,False,False,True,False,False,Комнаты не разобраны,оставить,оставить признаки как есть,train
107401,Komple Bina,1200000.0,,+,,2,Balıkesir/Karesi/1. Sakarya,TRY,1200000.0,False,False,False,False,False,False,True,False,False,Комнаты не разобраны,оставить,оставить признаки как есть,train
107641,Komple Bina,1200000.0,380.0,+,,4,İstanbul/Esenler/Tuna,TRY,1200000.0,False,False,False,False,False,False,True,False,False,Комнаты не разобраны,оставить,оставить признаки как есть,test
108251,Komple Bina,1200000.0,900.0,+,,4,Bursa/Yıldırım/Erikli,TRY,1200000.0,False,False,False,False,False,False,True,False,False,Комнаты не разобраны,оставить,оставить признаки как есть,train
108797,Komple Bina,1200000.0,270.0,+,,4,Eskişehir/Odunpazarı/Emek,TRY,1200000.0,False,False,False,False,False,False,True,False,False,Комнаты не разобраны,оставить,оставить признаки как есть,train
109303,Komple Bina,1200000.0,,+,,3,Bursa/Osmangazi/Nalbantoğlu,TRY,1200000.0,False,False,False,False,False,False,True,False,False,Комнаты не разобраны,оставить,оставить признаки как есть,train
109685,Komple Bina,1200000.0,,+,,4,Rize/Merkez/Çarşı,TRY,1200000.0,False,False,False,False,False,False,True,False,False,Комнаты не разобраны,оставить,оставить признаки как есть,train
110033,Komple Bina,1200000.0,,+,,4,Bursa/Yıldırım/Esenevler,TRY,1200000.0,False,False,False,False,False,False,True,False,False,Комнаты не разобраны,оставить,оставить признаки как есть,train
114709,Komple Bina,1200000.0,270.0,+,,3,Eskişehir/Odunpazarı/Sümer,TRY,1200000.0,False,False,False,False,False,False,True,False,False,Комнаты не разобраны,оставить,оставить признаки как есть,train
114871,Komple Bina,1200000.0,400.0,+,,4,İstanbul/Beykoz/Paşabahçe,TRY,1200000.0,False,False,False,False,False,False,True,False,False,Комнаты не разобраны,оставить,оставить признаки как есть,train
349553,Komple Bina,1200000.0,61.0,+,,3,İstanbul/Fatih/Koca Mustafapaşa,TRY,1200000.0,False,False,False,False,False,False,True,False,False,Комнаты не разобраны,оставить,оставить признаки как есть,validation
349745,Komple Bina,1200000.0,61.0,+,,3,İstanbul/Fatih/Koca Mustafapaşa,TRY,1200000.0,False,False,False,False,False,False,True,False,False,Комнаты не разобраны,оставить,оставить признаки как есть,validation
350099,Komple Bina,1200000.0,61.0,+,,3,İstanbul/Fatih/Koca Mustafapaşa,TRY,1200000.0,False,False,False,False,False,False,True,False,False,Комнаты не разобраны,оставить,оставить признаки как есть,validation
364067,Çiftlik Evi,1200000.0,10599.0,2+1,,,Aydın/Kuşadası/Yeniköy,TRY,1200000.0,False,False,False,True,False,False,False,False,False,Площадь выше 3 000 м²,оставить,оставить признаки как есть,test
376638,Komple Bina,1200000.0,,+,,4,İstanbul/Şile/Hacı Kasım,TRY,1200000.0,False,False,False,False,False,False,True,False,False,Комнаты не разобраны,оставить,оставить признаки как есть,train
376750,Komple Bina,1200000.0,,+,,3,Trabzon/Ortahisar/Kalkınma,TRY,1200000.0,False,False,False,False,False,False,True,False,False,Комнаты не разобраны,оставить,оставить признаки как есть,train
378528,Komple Bina,1200000.0,200.0,+,,5,Mersin/Yenişehir/Çiftlikköy,TRY,1200000.0,False,False,False,False,False,False,True,False,False,Комнаты не разобраны,оставить,оставить признаки как есть,train
389833,Komple Bina,1200000.0,,+,,,Denizli/Pamukkale/İncilipınar,TRY,1200000.0,False,False,False,False,False,False,True,False,False,Комнаты не разобраны,оставить,оставить признаки как есть,train
390384,Komple Bina,1200000.0,,+,,3,Trabzon/Ortahisar/Kalkınma,TRY,1200000.0,False,False,False,False,False,False,True,False,False,Комнаты не разобраны,оставить,оставить признаки как есть,train
391036,Komple Bina,1200000.0,,+,,3,Trabzon/Ortahisar/Kalkınma,TRY,1200000.0,False,False,False,False,False,False,True,False,False,Комнаты не разобраны,оставить,оставить признаки как есть,train
391234,Komple Bina,1200000.0,135.0,+,,,Sakarya/Sapanca/Çayiçi,TRY,1200000.0,False,False,False,False,False,False,True,False,False,Комнаты не разобраны,оставить,оставить признаки как есть,train
391381,Komple Bina,1200000.0,,+,,3,Trabzon/Ortahisar/Kalkınma,TRY,1200000.0,False,False,False,False,False,False,True,False,False,Комнаты не разобраны,оставить,оставить признаки как есть,train
392297,Komple Bina,1200000.0,,+,,3,Trabzon/Ortahisar/Kalkınma,TRY,1200000.0,False,False,False,False,False,False,True,False,False,Комнаты не разобраны,оставить,оставить признаки как есть,train
396511,Komple Bina,1200000.0,,+,,,İstanbul/Şişli/İnönü,TRY,1200000.0,False,False,False,False,False,False,True,False,False,Комнаты не разобраны,оставить,оставить признаки как есть,train
402219,Komple Bina,1198000.0,,+,,,Eskişehir/Odunpazarı/Emek,TRY,1198000.0,False,False,False,False,False,False,True,False,False,Комнаты не разобраны,оставить,оставить признаки как есть,train
95227,Komple Bina,1190000.0,,+,,4,Kocaeli/Darıca/Cami,TRY,1190000.0,False,False,False,False,False,False,True,False,False,Комнаты не разобраны,оставить,оставить признаки как есть,train
370173,Komple Bina,1185000.0,120.0,+,,3,İzmir/Bornova/Kızılay,TRY,1185000.0,False,False,False,False,False,False,True,False,False,Комнаты не разобраны,оставить,оставить признаки как есть,test
396035,Komple Bina,1185000.0,,+,,,İzmir/Bornova/Kızılay,TRY,1185000.0,False,False,False,False,False,False,True,False,False,Комнаты не разобраны,оставить,оставить признаки как есть,validation
98461,Komple Bina,1180000.0,,+,,2,Bursa/Nilüfer/Fethiye,TRY,1180000.0,False,False,False,False,False,False,True,False,False,Комнаты не разобраны,оставить,оставить признаки как есть,train
34468,Komple Bina,1169420.0,,+,,2,Muğla/Marmaris/Tepe,USD,175000.0,False,False,False,False,False,False,True,False,False,Комнаты не разобраны,оставить,оставить признаки как есть,train
382976,Rezidans,1159204.5636,33059.0,2+1,,,KKTC/İskele/Ardahan Köyü,USD,220222.0,False,False,False,True,False,False,False,False,False,Площадь выше 3 000 м²,оставить,площадь → пропуск,validation
403376,Komple Bina,1150061.0,70.0,+,,,Trabzon/Ortahisar/Konaklar,TRY,1150061.0,False,False,False,False,False,False,True,False,False,Комнаты не разобраны,оставить,оставить признаки как есть,train
96809,Villa,1150000.0,1.0,5+1,,3,İstanbul/Büyükçekmece/Türkoba,TRY,1150000.0,False,False,True,False,False,False,False,False,False,Площадь ниже 15 м²,оставить,площадь → пропуск,train
97863,Komple Bina,1150000.0,300.0,+,,3,Balıkesir/Altıeylül/Dinkçiler,TRY,1150000.0,False,False,False,False,False,False,True,False,False,Комнаты не разобраны,оставить,оставить признаки как есть,train
98803,Komple Bina,1150000.0,400.0,+,,3,Balıkesir/Altıeylül/Dinkçiler,TRY,1150000.0,False,False,False,False,False,False,True,False,False,Комнаты не разобраны,оставить,оставить признаки как есть,validation
99271,Komple Bina,1150000.0,350.0,+,,4,İstanbul/Bahçelievler/Fevzi Çakmak,TRY,1150000.0,False,False,False,False,False,False,True,False,False,Комнаты не разобраны,оставить,оставить признаки как есть,train
103965,Komple Bina,1150000.0,280.0,+,,3,Balıkesir/Altıeylül/Dinkçiler,TRY,1150000.0,False,False,False,False,False,False,True,False,False,Комнаты не разобраны,оставить,оставить признаки как есть,train
112105,Komple Bina,1150000.0,,+,,2,İstanbul/Tuzla/Yayla,TRY,1150000.0,False,False,False,False,False,False,True,False,False,Комнаты не разобраны,оставить,оставить признаки как есть,train
113201,Komple Bina,1150000.0,300.0,+,,5,Bursa/Kestel/Vanimehmet,TRY,1150000.0,False,False,False,False,False,False,True,False,False,Комнаты не разобраны,оставить,оставить признаки как есть,train
348781,Komple Bina,1150000.0,136.0,+,,4,İstanbul/Büyükçekmece/Kumburgaz,TRY,1150000.0,False,False,False,False,False,False,True,False,False,Комнаты не разобраны,оставить,оставить признаки как есть,train
389798,Komple Bina,1150000.0,,+,,,Denizli/Pamukkale/Fesleğen,TRY,1150000.0,False,False,False,False,False,False,True,False,False,Комнаты не разобраны,оставить,оставить признаки как есть,train
398207,Komple Bina,1150000.0,,+,,,Denizli/Pamukkale/Fesleğen,TRY,1150000.0,False,False,False,False,False,False,True,False,False,Комнаты не разобраны,оставить,оставить признаки как есть,train
348825,Komple Bina,1140000.0,200.0,+,,5,Bursa/Yıldırım/Yediselviler,TRY,1140000.0,False,False,False,False,False,False,True,False,False,Комнаты не разобраны,оставить,оставить признаки как есть,train
99395,Villa,1125000.0,1.0,4+1,,2,Gaziantep/Şahinbey/Küçükkızılhisar,TRY,1125000.0,False,False,True,False,False,False,False,False,False,Площадь ниже 15 м²,оставить,площадь → пропуск,train
326738,Daire,1125000.0,,3+1,10,1,İstanbul/Zeytinburnu/Merkezefendi,TRY,1125000.0,False,False,False,False,False,True,False,False,False,Этаж выше этажности здания,оставить,оставить признаки как есть; этаж → пропуск,test
26032,Komple Bina,1120000.0,43.0,+,,4,Aydın/Efeler/Zafer,TRY,1120000.0,False,False,False,False,False,False,True,False,False,Комнаты не разобраны,оставить,оставить признаки как есть,train
325914,Komple Bina,1111111.0,260000.0,+,,9,İstanbul/Şişli/Mecidiyeköy,TRY,1111111.0,False,False,False,True,True,False,True,False,False,"Площадь выше 3 000 м², Площадь выше 100 000 м², Комнаты не разобраны",оставить,площадь → пропуск,validation
8084,Komple Bina,1100000.0,135.0,+,,5,Bursa/Osmangazi/Bağlarbaşı,TRY,1100000.0,False,False,False,False,False,False,True,False,False,Комнаты не разобраны,оставить,оставить признаки как есть,train
17556,Komple Bina,1100000.0,406.0,+,,3,Isparta/Merkez/İskender,TRY,1100000.0,False,False,False,False,False,False,True,False,False,Комнаты не разобраны,оставить,оставить признаки как есть,train
26842,Komple Bina,1100000.0,175.0,+,,2,Antalya/Manavgat/Side,TRY,1100000.0,False,False,False,False,False,False,True,False,False,Комнаты не разобраны,оставить,оставить признаки как есть,train
28748,Komple Bina,1100000.0,175.0,+,,2,Antalya/Manavgat/Side,TRY,1100000.0,False,False,False,False,False,False,True,False,False,Комнаты не разобраны,оставить,оставить признаки как есть,train
30668,Komple Bina,1100000.0,150.0,+,,3,Balıkesir/Ayvalık/Fevzipaşa-Vehbibey,TRY,1100000.0,False,False,False,False,False,False,True,False,False,Комнаты не разобраны,оставить,оставить признаки как есть,train
32530,Komple Bina,1100000.0,540.0,+,,4,Antalya/Kepez/Düdenbaşı,TRY,1100000.0,False,False,False,False,False,False,True,False,False,Комнаты не разобраны,оставить,оставить признаки как есть,train
33696,Komple Bina,1100000.0,540.0,+,,4,Antalya/Kepez/Düdenbaşı,TRY,1100000.0,False,False,False,False,False,False,True,False,False,Комнаты не разобраны,оставить,оставить признаки как есть,train
50925,Villa,1100000.0,140.0,4+1,4,3,Aydın/Didim/Altınkum,TRY,1100000.0,False,False,False,False,False,True,False,False,False,Этаж выше этажности здания,оставить,оставить признаки как есть; этаж → пропуск,test
92781,Komple Bina,1100000.0,341.0,+,,4,İstanbul/Kartal/Hürriyet,TRY,1100000.0,False,False,False,False,False,False,True,False,False,Комнаты не разобраны,оставить,оставить признаки как есть,train
94973,Komple Bina,1100000.0,,+,,3,Tekirdağ/Kapaklı/Bahçelievler,TRY,1100000.0,False,False,False,False,False,False,True,False,False,Комнаты не разобраны,оставить,оставить признаки как есть,train
95819,Komple Bina,1100000.0,250.0,+,,3,İstanbul/Tuzla/Yayla,TRY,1100000.0,False,False,False,False,False,False,True,False,False,Комнаты не разобраны,оставить,оставить признаки как есть,validation
98675,Komple Bina,1100000.0,500.0,+,,5,İstanbul/Arnavutköy/Anadolu,TRY,1100000.0,False,False,False,False,False,False,True,False,False,Комнаты не разобраны,оставить,оставить признаки как есть,test
99157,Komple Bina,1100000.0,330.0,+,,4,İstanbul/Kartal/Hürriyet,TRY,1100000.0,False,False,False,False,False,False,True,False,False,Комнаты не разобраны,оставить,оставить признаки как есть,validation
104759,Komple Bina,1100000.0,430.0,+,,4,İstanbul/Kartal/Gümüşpınar,TRY,1100000.0,False,False,False,False,False,False,True,False,False,Комнаты не разобраны,оставить,оставить признаки как есть,validation
105335,Komple Bina,1100000.0,157.0,+,,2,Denizli/Merkezefendi/Sırakapılar,TRY,1100000.0,False,False,False,False,False,False,True,False,False,Комнаты не разобраны,оставить,оставить признаки как есть,validation
108823,Komple Bina,1100000.0,500.0,+,,5,İstanbul/Arnavutköy/Anadolu,TRY,1100000.0,False,False,False,False,False,False,True,False,False,Комнаты не разобраны,оставить,оставить признаки как есть,test
111267,Komple Bina,1100000.0,,+,,3,Çanakkale/Merkez/Kepez Bld. (Cumhuriyet),TRY,1100000.0,False,False,False,False,False,False,True,False,False,Комнаты не разобраны,оставить,оставить признаки как есть,train
111841,Komple Bina,1100000.0,500.0,+,,5,İstanbul/Arnavutköy/Anadolu,TRY,1100000.0,False,False,False,False,False,False,True,False,False,Комнаты не разобраны,оставить,оставить признаки как есть,test
113329,Komple Bina,1100000.0,570.0,+,,4,Sakarya/Ferizli/İnönü,TRY,1100000.0,False,False,False,False,False,False,True,False,False,Комнаты не разобраны,оставить,оставить признаки как есть,test
113879,Daire,1100000.0,220.0,4+1,10,9,İstanbul/Kadıköy/Bostancı,TRY,1100000.0,False,False,False,False,False,True,False,False,False,Этаж выше этажности здания,оставить,оставить признаки как есть; этаж → пропуск,validation
298100,Daire,1100000.0,150.0,3+1,7,5,İstanbul/Başakşehir/Kayabaşı,TRY,1100000.0,False,False,False,False,False,True,False,False,False,Этаж выше этажности здания,оставить,оставить признаки как есть; этаж → пропуск,validation
348567,Komple Bina,1100000.0,,+,,1,Muğla/Köyceğiz/Toparlar,TRY,1100000.0,False,False,False,False,False,False,True,False,False,Комнаты не разобраны,оставить,оставить признаки как есть,train
348849,Komple Bina,1100000.0,,+,,1,Muğla/Köyceğiz/Toparlar,TRY,1100000.0,False,False,False,False,False,False,True,False,False,Комнаты не разобраны,оставить,оставить признаки как есть,train
348977,Komple Bina,1100000.0,160.0,+,,4,İstanbul/Küçükçekmece/İstasyon,TRY,1100000.0,False,False,False,False,False,False,True,False,False,Комнаты не разобраны,оставить,оставить признаки как есть,train
349409,Köşk / Konak / Yalı,1100000.0,46600.0,10+0,,3,İzmir/Ödemiş/Hacıhasan,TRY,1100000.0,False,False,False,True,False,False,False,False,False,Площадь выше 3 000 м²,оставить,оставить признаки как есть,train
349691,Komple Bina,1100000.0,,+,,1,Muğla/Köyceğiz/Toparlar,TRY,1100000.0,False,False,False,False,False,False,True,False,False,Комнаты не разобраны,оставить,оставить признаки как есть,train
349953,Komple Bina,1100000.0,,+,,1,Muğla/Köyceğiz/Toparlar,TRY,1100000.0,False,False,False,False,False,False,True,False,False,Комнаты не разобраны,оставить,оставить признаки как есть,train
350191,Komple Bina,1100000.0,160.0,+,,4,İstanbul/Küçükçekmece/İstasyon,TRY,1100000.0,False,False,False,False,False,False,True,False,False,Комнаты не разобраны,оставить,оставить признаки как есть,train
363679,Komple Bina,1100000.0,,+,,,İstanbul/Pendik/Kaynarca,TRY,1100000.0,False,False,False,False,False,False,True,False,False,Комнаты не разобраны,оставить,оставить признаки как есть,train
397068,Komple Bina,1100000.0,,+,,,Sakarya/Akyazı/Kuzuluk,TRY,1100000.0,False,False,False,False,False,False,True,False,False,Комнаты не разобраны,оставить,оставить признаки как есть,train
399277,Daire,1100000.0,,+,,,Samsun/Atakum/Körfez,TRY,1100000.0,False,False,False,False,False,False,True,False,False,Комнаты не разобраны,оставить,оставить признаки как есть,train
27080,Komple Bina,1080000.0,38.0,+,,5,Aydın/Efeler/Zafer,TRY,1080000.0,False,False,False,False,False,False,True,False,False,Комнаты не разобраны,оставить,оставить признаки как есть,train
109333,Komple Bina,1055000.0,50.0,+,,3,Kocaeli/İzmit/Tepecik,TRY,1055000.0,False,False,False,False,False,False,True,False,False,Комнаты не разобраны,оставить,оставить признаки как есть,train
31928,Komple Bina,1050000.0,140.0,+,,4,Antalya/Kepez/Yeşilyurt,TRY,1050000.0,False,False,False,False,False,False,True,False,False,Комнаты не разобраны,оставить,оставить признаки как есть,train
93597,Komple Bina,1050000.0,,+,,3,Eskişehir/Tepebaşı/Çamlıca,TRY,1050000.0,False,False,False,False,False,False,True,False,False,Комнаты не разобраны,оставить,оставить признаки как есть,train
94875,Komple Bina,1050000.0,,+,,3,Sakarya/Adapazarı/Tığcılar,TRY,1050000.0,False,False,False,False,False,False,True,False,False,Комнаты не разобраны,оставить,оставить признаки как есть,train
95279,Daire,1050000.0,230.0,3+2,11,10,İstanbul/Başakşehir/Başak,TRY,1050000.0,False,False,False,False,False,True,False,False,False,Этаж выше этажности здания,оставить,оставить признаки как есть; этаж → пропуск,test
99137,Komple Bina,1050000.0,390.0,+,,4,Eskişehir/Odunpazarı/İstiklal,TRY,1050000.0,False,False,False,False,False,False,True,False,False,Комнаты не разобраны,оставить,оставить признаки как есть,validation
104385,Komple Bina,1050000.0,50.0,+,,4,Eskişehir/Tepebaşı/Tunalı,TRY,1050000.0,False,False,False,False,False,False,True,False,False,Комнаты не разобраны,оставить,оставить признаки как есть,test
108283,Komple Bina,1050000.0,,+,,5,İstanbul/Gaziosmanpaşa/Sarıgöl,TRY,1050000.0,False,False,False,False,False,False,True,False,False,Комнаты не разобраны,оставить,оставить признаки как есть,validation
110897,Komple Bina,1050000.0,380.0,+,,3,Sakarya/Sapanca/Çayiçi,TRY,1050000.0,False,False,False,False,False,False,True,False,False,Комнаты не разобраны,оставить,оставить признаки как есть,train
219329,Daire,1050000.0,173.0,2+2,4,3,İstanbul/Maltepe/Altıntepe,TRY,1050000.0,False,False,False,False,False,True,False,False,False,Этаж выше этажности здания,оставить,оставить признаки как есть; этаж → пропуск,train
245652,Daire,1050000.0,100.0,2+1,5,4,İstanbul/Eyüpsultan/Göktürk Merkez,TRY,1050000.0,False,False,False,False,False,True,False,False,False,Этаж выше этажности здания,оставить,оставить признаки как есть; этаж → пропуск,validation
261607,Daire,1050000.0,125.0,2+1,8,6,İstanbul/Beykoz/Kavacık,TRY,1050000.0,False,False,False,False,False,True,False,False,False,Этаж выше этажности здания,оставить,оставить признаки как есть; этаж → пропуск,train
316527,Daire,1050000.0,1.0,4+1,2,10-20 arası,İstanbul/Ataşehir/Atatürk,TRY,1050000.0,False,False,True,False,False,False,False,False,False,Площадь ниже 15 м²,оставить,площадь → пропуск,train
342871,Rezidans,1050000.0,135.0,3+1,2,1,Aydın/Kuşadası/Kadınlar Denizi,TRY,1050000.0,False,False,False,False,False,True,False,False,False,Этаж выше этажности здания,оставить,оставить признаки как есть; этаж → пропуск,train
350511,Komple Bina,1050000.0,700.0,+,,7,İstanbul/Esenler/Fatih,TRY,1050000.0,False,False,False,False,False,False,True,False,False,Комнаты не разобраны,оставить,оставить признаки как есть,train
357299,Komple Bina,1050000.0,,+,,3,Kocaeli/Derince/İbnisina,TRY,1050000.0,False,False,False,False,False,False,True,False,False,Комнаты не разобраны,оставить,оставить признаки как есть,train
94387,Komple Bina,1025000.0,,+,,3,İstanbul/Ataşehir/İçerenköy,TRY,1025000.0,False,False,False,False,False,False,True,False,False,Комнаты не разобраны,оставить,оставить признаки как есть,train
113445,Villa,1025000.0,1.0,4+1,,1,Kayseri/Melikgazi/Becen,TRY,1025000.0,False,False,True,False,False,False,False,False,False,Площадь ниже 15 м²,оставить,площадь → пропуск,train
1784,Komple Bina,1000000.0,,+,,2,İstanbul/Çekmeköy/Çatalmeşe,TRY,1000000.0,False,False,False,False,False,False,True,False,False,Комнаты не разобраны,оставить,оставить признаки как есть,train
30716,Komple Bina,1000000.0,250.0,+,,2,Aydın/Didim/Cumhuriyet,TRY,1000000.0,False,False,False,False,False,False,True,False,False,Комнаты не разобраны,оставить,оставить признаки как есть,test
33668,Komple Bina,1000000.0,520.0,+,,3,İzmir/Bornova/Mevlana,TRY,1000000.0,False,False,False,False,False,False,True,False,False,Комнаты не разобраны,оставить,оставить признаки как есть,validation
90865,Komple Bina,1000000.0,,+,,4,Kocaeli/Çayırova/Emek,TRY,1000000.0,False,False,False,False,False,False,True,False,False,Комнаты не разобраны,оставить,оставить признаки как есть,train
91125,Komple Bina,1000000.0,600.0,+,,5,İstanbul/Gaziosmanpaşa/Karayolları,TRY,1000000.0,False,False,False,False,False,False,True,False,False,Комнаты не разобраны,оставить,оставить признаки как есть,train
91447,Daire,1000000.0,220.0,4+1,10,1,Mersin/Yenişehir/Eğriçam,TRY,1000000.0,False,False,False,False,False,True,False,False,False,Этаж выше этажности здания,оставить,оставить признаки как есть; этаж → пропуск,train
91671,Komple Bina,1000000.0,111111.0,+,,9,İstanbul/Kadıköy/Osmanağa,TRY,1000000.0,False,False,False,True,True,False,True,False,False,"Площадь выше 3 000 м², Площадь выше 100 000 м², Комнаты не разобраны",оставить,площадь → пропуск,train
91923,Komple Bina,1000000.0,,+,,2,Konya/Selçuklu/Selçuk,TRY,1000000.0,False,False,False,False,False,False,True,False,False,Комнаты не разобраны,оставить,оставить признаки как есть,train
93461,Komple Bina,1000000.0,,+,,4,İstanbul/Bağcılar/Kirazlı,TRY,1000000.0,False,False,False,False,False,False,True,False,False,Комнаты не разобраны,оставить,оставить признаки как есть,train
99249,Komple Bina,1000000.0,360.0,+,,4,Bursa/Nilüfer/Üçevler,TRY,1000000.0,False,False,False,False,False,False,True,False,False,Комнаты не разобраны,оставить,оставить признаки как есть,train
99335,Komple Bina,1000000.0,,+,,5,İstanbul/Bağcılar/15 Temmuz,TRY,1000000.0,False,False,False,False,False,False,True,False,False,Комнаты не разобраны,оставить,оставить признаки как есть,validation
106545,Komple Bina,1000000.0,500.0,+,,5,Trabzon/Ortahisar/Konaklar,TRY,1000000.0,False,False,False,False,False,False,True,False,False,Комнаты не разобраны,оставить,оставить признаки как есть,test
108467,Komple Bina,1000000.0,,+,,4,İstanbul/Bağcılar/Kirazlı,TRY,1000000.0,False,False,False,False,False,False,True,False,False,Комнаты не разобраны,оставить,оставить признаки как есть,train
110325,Komple Bina,1000000.0,,+,,5,Erzurum/Yakutiye/Lalapaşa,TRY,1000000.0,False,False,False,False,False,False,True,False,False,Комнаты не разобраны,оставить,оставить признаки как есть,train
110609,Komple Bina,1000000.0,360.0,+,,4,Bursa/Nilüfer/Üçevler,TRY,1000000.0,False,False,False,False,False,False,True,False,False,Комнаты не разобраны,оставить,оставить признаки как есть,train
110657,Komple Bina,1000000.0,111111.0,+,,9,İstanbul/Kadıköy/Osmanağa,TRY,1000000.0,False,False,False,True,True,False,True,False,False,"Площадь выше 3 000 м², Площадь выше 100 000 м², Комнаты не разобраны",оставить,площадь → пропуск,train
111013,Komple Bina,1000000.0,,+,,5,İstanbul/Bağcılar/15 Temmuz,TRY,1000000.0,False,False,False,False,False,False,True,False,False,Комнаты не разобраны,оставить,оставить признаки как есть,validation
112935,Komple Bina,1000000.0,,+,,5,Erzurum/Yakutiye/Lalapaşa,TRY,1000000.0,False,False,False,False,False,False,True,False,False,Комнаты не разобраны,оставить,оставить признаки как есть,train
364271,Komple Bina,1000000.0,650.0,+,,3,Mersin/Toroslar/Arpaçsakarlar,TRY,1000000.0,False,False,False,False,False,False,True,False,False,Комнаты не разобраны,оставить,оставить признаки как есть,validation
366561,Komple Bina,1000000.0,250.0,+,,3,Muğla/Milas/Kıyıkışlacık,TRY,1000000.0,False,False,False,False,False,False,True,False,False,Комнаты не разобраны,оставить,оставить признаки как есть,test
370015,Komple Bina,1000000.0,,+,,1,Kırklareli/Lüleburgaz/Sakızköy Köyü,TRY,1000000.0,False,False,False,False,False,False,True,False,False,Комнаты не разобраны,оставить,оставить признаки как есть,train
370043,Komple Bina,1000000.0,,+,,1,Kırklareli/Lüleburgaz/Sakızköy Köyü,TRY,1000000.0,False,False,False,False,False,False,True,False,False,Комнаты не разобраны,оставить,оставить признаки как есть,train
370587,Komple Bina,1000000.0,,+,,1,Kırklareli/Lüleburgaz/Sakızköy Köyü,TRY,1000000.0,False,False,False,False,False,False,True,False,False,Комнаты не разобраны,оставить,оставить признаки как есть,train
370753,Komple Bina,1000000.0,,+,,1,Kırklareli/Lüleburgaz/Sakızköy Köyü,TRY,1000000.0,False,False,False,False,False,False,True,False,False,Комнаты не разобраны,оставить,оставить признаки как есть,train
371179,Komple Bina,1000000.0,,+,,1,Kırklareli/Lüleburgaz/Sakızköy Köyü,TRY,1000000.0,False,False,False,False,False,False,True,False,False,Комнаты не разобраны,оставить,оставить признаки как есть,train
376460,Komple Bina,1000000.0,,+,,,İstanbul/Büyükçekmece/Mimar Sinan Merkez,TRY,1000000.0,False,False,False,False,False,False,True,False,False,Комнаты не разобраны,оставить,оставить признаки как есть,validation
384964,Komple Bina,1000000.0,,+,,1,Burdur/Merkez/Konak,TRY,1000000.0,False,False,False,False,False,False,True,False,False,Комнаты не разобраны,оставить,оставить признаки как есть,train
393781,Komple Bina,1000000.0,,+,,4,Tekirdağ/Kapaklı/Cumhuriyet,TRY,1000000.0,False,False,False,False,False,False,True,False,False,Комнаты не разобраны,оставить,оставить признаки как есть,train
348793,Komple Bina,999000.0,600.0,+,,4,Antalya/Kepez/Kuzeyyaka,TRY,999000.0,False,False,False,False,False,False,True,False,False,Комнаты не разобраны,оставить,оставить признаки как есть,validation
358521,Komple Bina,999000.0,,+,,4,Denizli/Pamukkale/İncilipınar,TRY,999000.0,False,False,False,False,False,False,True,False,False,Комнаты не разобраны,оставить,оставить признаки как есть,train
28346,Komple Bina,995000.0,300.0,+,,3,Antalya/Kemer/Beldibi,TRY,995000.0,False,False,False,False,False,False,True,False,False,Комнаты не разобраны,оставить,оставить признаки как есть,train
29426,Komple Bina,995000.0,300.0,+,,3,Antalya/Kemer/Beldibi,TRY,995000.0,False,False,False,False,False,False,True,False,False,Комнаты не разобраны,оставить,оставить признаки как есть,train
349741,Komple Bina,995000.0,,+,,4,Trabzon/Ortahisar/Gazipaşa,TRY,995000.0,False,False,False,False,False,False,True,False,False,Комнаты не разобраны,оставить,оставить признаки как есть,train
349923,Komple Bina,995000.0,,+,,4,Trabzon/Ortahisar/Gazipaşa,TRY,995000.0,False,False,False,False,False,False,True,False,False,Комнаты не разобраны,оставить,оставить признаки как есть,train
90,Daire,994177.527,22699.0,6+3,9,20 ve üzeri,Ankara/Elmadağ/Hasanoğlan Havuzbaşı,EUR,162222.0,False,False,False,True,False,False,False,False,False,Площадь выше 3 000 м²,оставить,площадь → пропуск,test
21772,Rezidans,992222.0,27053.0,7+2,12,1,Ankara/Ayaş/Akkaya,TRY,992222.0,False,False,False,True,False,True,False,False,False,"Площадь выше 3 000 м², Этаж выше этажности здания",оставить,площадь → пропуск; этаж → пропуск,train
43594,Villa,990000.0,1.0,5+1,Müstakil,2,Antalya/Manavgat/Seydiler,TRY,990000.0,False,False,True,False,False,False,False,False,False,Площадь ниже 15 м²,оставить,площадь → пропуск,train
112643,Komple Bina,990000.0,,+,,5,İstanbul/Eyüpsultan/Silahtarağa,TRY,990000.0,False,False,False,False,False,False,True,False,False,Комнаты не разобраны,оставить,оставить признаки как есть,train
6860,Çiftlik Evi,985000.0,,+,,5,Kayseri/İncesu/Bahçelievler,TRY,985000.0,False,False,False,False,False,False,True,False,False,Комнаты не разобраны,оставить,оставить признаки как есть,test
1868,Komple Bina,980000.0,370.0,+,,4,İzmir/Selçuk/14 Mayıs,TRY,980000.0,False,False,False,False,False,False,True,False,False,Комнаты не разобраны,оставить,оставить признаки как есть,test
6962,Komple Bina,980000.0,450.0,+,,3,İstanbul/Üsküdar/Yavuztürk,TRY,980000.0,False,False,False,False,False,False,True,False,False,Комнаты не разобраны,оставить,оставить признаки как есть,train
7662,Komple Bina,980000.0,450.0,+,,3,İstanbul/Üsküdar/Yavuztürk,TRY,980000.0,False,False,False,False,False,False,True,False,False,Комнаты не разобраны,оставить,оставить признаки как есть,train
113653,Komple Bina,980000.0,80.0,+,,5,Kırklareli/Demirköy/İğneada Bld. (Deniz),TRY,980000.0,False,False,False,False,False,False,True,False,False,Комнаты не разобраны,оставить,оставить признаки как есть,train
349287,Çiftlik Evi,980000.0,13000.0,3+1,,2,Aksaray/Merkez/Yenikent Bld. (Gazi),TRY,980000.0,False,False,False,True,False,False,False,False,False,Площадь выше 3 000 м²,оставить,оставить признаки как есть,train
386886,Villa,980000.0,,+,,,Muğla/Datça/Yaka,TRY,980000.0,False,False,False,False,False,False,True,False,False,Комнаты не разобраны,оставить,оставить признаки как есть,train
33286,Komple Bina,975000.0,,+,,3,Antalya/Kepez/Güneş,TRY,975000.0,False,False,False,False,False,False,True,False,False,Комнаты не разобраны,оставить,оставить признаки как есть,train
33306,Komple Bina,975000.0,,+,,3,Antalya/Kepez/Güneş,TRY,975000.0,False,False,False,False,False,False,True,False,False,Комнаты не разобраны,оставить,оставить признаки как есть,train
35949,Müstakil Ev,975000.0,5600.0,2+1,Müstakil,1,İzmir/Torbalı/Yeniköy,TRY,975000.0,False,False,False,True,False,False,False,False,False,Площадь выше 3 000 м²,оставить,оставить признаки как есть,train
86896,Müstakil Ev,975000.0,5600.0,2+1,Müstakil,1,İzmir/Torbalı/Yeniköy,TRY,975000.0,False,False,False,True,False,False,False,False,False,Площадь выше 3 000 м²,оставить,оставить признаки как есть,train
110139,Komple Bina,975000.0,,+,,2,İstanbul/Beykoz/Çubuklu,TRY,975000.0,False,False,False,False,False,False,True,False,False,Комнаты не разобраны,оставить,оставить признаки как есть,train
114787,Komple Bina,975000.0,600.0,+,,3,Adıyaman/Merkez/Yeni Sanayi,TRY,975000.0,False,False,False,False,False,False,True,False,False,Комнаты не разобраны,оставить,оставить признаки как есть,validation
370049,Komple Bina,975000.0,280.0,+,,4,Kocaeli/Gebze/Barış,TRY,975000.0,False,False,False,False,False,False,True,False,False,Комнаты не разобраны,оставить,оставить признаки как есть,train
370265,Komple Bina,975000.0,280.0,+,,4,Kocaeli/Gebze/Barış,TRY,975000.0,False,False,False,False,False,False,True,False,False,Комнаты не разобраны,оставить,оставить признаки как есть,train
370669,Komple Bina,975000.0,280.0,+,,4,Kocaeli/Gebze/Barış,TRY,975000.0,False,False,False,False,False,False,True,False,False,Комнаты не разобраны,оставить,оставить признаки как есть,train
371111,Komple Bina,975000.0,280.0,+,,4,Kocaeli/Gebze/Barış,TRY,975000.0,False,False,False,False,False,False,True,False,False,Комнаты не разобраны,оставить,оставить признаки как есть,train
301209,Daire,970000.0,160.0,5+1,11,10,İstanbul/Başakşehir/Başakşehir,TRY,970000.0,False,False,False,False,False,True,False,False,False,Этаж выше этажности здания,оставить,оставить признаки как есть; этаж → пропуск,train
349137,Komple Bina,970000.0,120.0,+,,5,Ordu/Ünye/Saraçlı,TRY,970000.0,False,False,False,False,False,False,True,False,False,Комнаты не разобраны,оставить,оставить признаки как есть,test
384010,Villa,970000.0,1.0,4+1,,2,İstanbul/Çatalca/Çakıl,TRY,970000.0,False,False,True,False,False,False,False,False,False,Площадь ниже 15 м²,оставить,площадь → пропуск,validation
105111,Komple Bina,960000.0,150.0,+,,4,Trabzon/Ortahisar/2 Nolu Bostancı,TRY,960000.0,False,False,False,False,False,False,True,False,False,Комнаты не разобраны,оставить,оставить признаки как есть,train
107775,Komple Bina,955000.0,350.0,+,,3,Sakarya/Adapazarı/Tuzla,TRY,955000.0,False,False,False,False,False,False,True,False,False,Комнаты не разобраны,оставить,оставить признаки как есть,validation
108385,Komple Bina,955000.0,350.0,+,,3,Sakarya/Adapazarı/Tuzla,TRY,955000.0,False,False,False,False,False,False,True,False,False,Комнаты не разобраны,оставить,оставить признаки как есть,validation
6630,Komple Bina,950000.0,,+,,4,Kocaeli/İzmit/Tüysüzler,TRY,950000.0,False,False,False,False,False,False,True,False,False,Комнаты не разобраны,оставить,оставить признаки как есть,validation
7204,Komple Bina,950000.0,300.0,+,,3,İstanbul/Ataşehir/İçerenköy,TRY,950000.0,False,False,False,False,False,False,True,False,False,Комнаты не разобраны,оставить,оставить признаки как есть,validation
39296,Villa,950000.0,1.0,3+1,Müstakil,2,İzmir/Çeşme/Alaçatı,TRY,950000.0,False,False,True,False,False,False,False,False,False,Площадь ниже 15 м²,оставить,площадь → пропуск,train
40542,Villa,950000.0,1.0,3+1,Müstakil,2,İzmir/Çeşme/Alaçatı,TRY,950000.0,False,False,True,False,False,False,False,False,False,Площадь ниже 15 м²,оставить,площадь → пропуск,train
94091,Komple Bina,950000.0,700.0,+,,3,Denizli/Pamukkale/Kınıklı,TRY,950000.0,False,False,False,False,False,False,True,False,False,Комнаты не разобраны,оставить,оставить признаки как есть,train
94413,Komple Bina,950000.0,,+,,3,Sakarya/Sapanca/Rüstempaşa,TRY,950000.0,False,False,False,False,False,False,True,False,False,Комнаты не разобраны,оставить,оставить признаки как есть,train
97067,Komple Bina,950000.0,116.0,+,,3,İzmir/Menderes/Cüneytbey,TRY,950000.0,False,False,False,False,False,False,True,False,False,Комнаты не разобраны,оставить,оставить признаки как есть,train
98117,Komple Bina,950000.0,360.0,+,,3,İstanbul/Beykoz/Fatih,TRY,950000.0,False,False,False,False,False,False,True,False,False,Комнаты не разобраны,оставить,оставить признаки как есть,train
104711,Komple Bina,950000.0,85.0,+,,3,Balıkesir/Bandırma/17 Eylül,TRY,950000.0,False,False,False,False,False,False,True,False,False,Комнаты не разобраны,оставить,оставить признаки как есть,train
105349,Komple Bina,950000.0,510.0,+,,3,Adıyaman/Merkez/Cumhuriyet,TRY,950000.0,False,False,False,False,False,False,True,False,False,Комнаты не разобраны,оставить,оставить признаки как есть,train
106443,Komple Bina,950000.0,,+,,5,İstanbul/Sultangazi/Esentepe,TRY,950000.0,False,False,False,False,False,False,True,False,False,Комнаты не разобраны,оставить,оставить признаки как есть,validation
106773,Komple Bina,950000.0,,+,,6,İstanbul/Gaziosmanpaşa/Karayolları,TRY,950000.0,False,False,False,False,False,False,True,False,False,Комнаты не разобраны,оставить,оставить признаки как есть,test
107127,Komple Bina,950000.0,,+,,6,İstanbul/Gaziosmanpaşa/Karayolları,TRY,950000.0,False,False,False,False,False,False,True,False,False,Комнаты не разобраны,оставить,оставить признаки как есть,test
107431,Komple Bina,950000.0,,+,,5,İstanbul/Sultangazi/Esentepe,TRY,950000.0,False,False,False,False,False,False,True,False,False,Комнаты не разобраны,оставить,оставить признаки как есть,validation
108489,Komple Bina,950000.0,,+,,6,İstanbul/Gaziosmanpaşa/Karayolları,TRY,950000.0,False,False,False,False,False,False,True,False,False,Комнаты не разобраны,оставить,оставить признаки как есть,test
111423,Komple Bina,950000.0,85.0,+,,3,Balıkesir/Bandırma/17 Eylül,TRY,950000.0,False,False,False,False,False,False,True,False,False,Комнаты не разобраны,оставить,оставить признаки как есть,train
112849,Komple Bina,950000.0,242.0,+,,3,İstanbul/Avcılar/Firuzköy,TRY,950000.0,False,False,False,False,False,False,True,False,False,Комнаты не разобраны,оставить,оставить признаки как есть,train
113061,Komple Bina,950000.0,230.0,+,,3,Sakarya/Sapanca/Rüstempaşa,TRY,950000.0,False,False,False,False,False,False,True,False,False,Комнаты не разобраны,оставить,оставить признаки как есть,validation
115469,Komple Bina,950000.0,360.0,+,,3,İstanbul/Beykoz/Fatih,TRY,950000.0,False,False,False,False,False,False,True,False,False,Комнаты не разобраны,оставить,оставить признаки как есть,train
245542,Daire,950000.0,2.0,6+2,5,5,İstanbul/Sultangazi/Uğur Mumcu,TRY,950000.0,False,False,True,False,False,False,False,False,False,Площадь ниже 15 м²,оставить,площадь → пропуск,train
257955,Rezidans,950000.0,340.0,4+1,7,2,Mersin/Yenişehir/Fuatmorel,TRY,950000.0,False,False,False,False,False,True,False,False,False,Этаж выше этажности здания,оставить,оставить признаки как есть; этаж → пропуск,train
328334,Komple Bina,950000.0,1000.0,+,,4,Elazığ/Merkez/Abdullah Paşa,TRY,950000.0,False,False,False,False,False,False,True,False,False,Комнаты не разобраны,оставить,оставить признаки как есть,train
103043,Rezidans,943213.0,909039.0,7+1,En Üst Kat,5,İstanbul/Güngören/Tozkoparan,TRY,943213.0,False,False,False,True,True,False,False,False,False,"Площадь выше 3 000 м², Площадь выше 100 000 м²",оставить,площадь → пропуск,train
379066,Komple Bina,940065.0,,+,,2,Muğla/Ortaca/Kemaliye,USD,150000.0,False,False,False,False,False,False,True,False,False,Комнаты не разобраны,оставить,оставить признаки как есть,test
379972,Komple Bina,940065.0,,+,,2,Muğla/Ortaca/Kemaliye,USD,150000.0,False,False,False,False,False,False,True,False,False,Комнаты не разобраны,оставить,оставить признаки как есть,test
392209,Komple Bina,940065.0,,+,,2,Muğla/Ortaca/Kemaliye,USD,150000.0,False,False,False,False,False,False,True,False,False,Комнаты не разобраны,оставить,оставить признаки как есть,test
91695,Komple Bina,940000.0,,+,,2,Ordu/Altınordu/Cumhuriyet,TRY,940000.0,False,False,False,False,False,False,True,False,False,Комнаты не разобраны,оставить,оставить признаки как есть,validation
92111,Komple Bina,940000.0,,+,,2,Ordu/Altınordu/Cumhuriyet,TRY,940000.0,False,False,False,False,False,False,True,False,False,Комнаты не разобраны,оставить,оставить признаки как есть,validation
92881,Komple Bina,940000.0,,+,,2,Ordu/Altınordu/Cumhuriyet,TRY,940000.0,False,False,False,False,False,False,True,False,False,Комнаты не разобраны,оставить,оставить признаки как есть,validation
93637,Komple Bina,940000.0,,+,,2,Ordu/Altınordu/Cumhuriyet,TRY,940000.0,False,False,False,False,False,False,True,False,False,Комнаты не разобраны,оставить,оставить признаки как есть,validation
96157,Komple Bina,940000.0,,+,,2,Ordu/Altınordu/Cumhuriyet,TRY,940000.0,False,False,False,False,False,False,True,False,False,Комнаты не разобраны,оставить,оставить признаки как есть,validation
98041,Komple Bina,940000.0,,+,,2,Ordu/Altınordu/Cumhuriyet,TRY,940000.0,False,False,False,False,False,False,True,False,False,Комнаты не разобраны,оставить,оставить признаки как есть,validation
107723,Komple Bina,940000.0,,+,,2,Ordu/Altınordu/Cumhuriyet,TRY,940000.0,False,False,False,False,False,False,True,False,False,Комнаты не разобраны,оставить,оставить признаки как есть,validation
108091,Komple Bina,940000.0,,+,,2,Ordu/Altınordu/Cumhuriyet,TRY,940000.0,False,False,False,False,False,False,True,False,False,Комнаты не разобраны,оставить,оставить признаки как есть,validation
368309,Daire,936222.0,676535.0,6+2,Bahçe katı,8,İstanbul/Güngören/Tozkoparan,TRY,936222.0,False,False,False,True,True,False,False,False,False,"Площадь выше 3 000 м², Площадь выше 100 000 м²",оставить,площадь → пропуск,train
92443,Komple Bina,933000.0,400.0,+,,3,Kocaeli/İzmit/Akçakoca,TRY,933000.0,False,False,False,False,False,False,True,False,False,Комнаты не разобраны,оставить,оставить признаки как есть,train
103827,Komple Bina,933000.0,400.0,+,,3,Kocaeli/İzmit/Akçakoca,TRY,933000.0,False,False,False,False,False,False,True,False,False,Комнаты не разобраны,оставить,оставить признаки как есть,train
104209,Komple Bina,933000.0,400.0,+,,3,Kocaeli/İzmit/Akçakoca,TRY,933000.0,False,False,False,False,False,False,True,False,False,Комнаты не разобраны,оставить,оставить признаки как есть,train
109739,Komple Bina,933000.0,400.0,+,,3,Kocaeli/İzmit/Akçakoca,TRY,933000.0,False,False,False,False,False,False,True,False,False,Комнаты не разобраны,оставить,оставить признаки как есть,train
7286,Komple Bina,930000.0,122.0,+,,2,Bursa/Nilüfer/Üçevler,TRY,930000.0,False,False,False,False,False,False,True,False,False,Комнаты не разобраны,оставить,оставить признаки как есть,validation
104781,Komple Bina,930000.0,135.0,+,,3,Denizli/Pamukkale/İncilipınar,TRY,930000.0,False,False,False,False,False,False,True,False,False,Комнаты не разобраны,оставить,оставить признаки как есть,validation
361491,Daire,923220.2224,501994.0,7+3,18,20 ve üzeri,İstanbul/Avcılar/Cihangir,GBP,130544.0,False,False,False,True,True,False,False,False,False,"Площадь выше 3 000 м², Площадь выше 100 000 м²",оставить,площадь → пропуск,train
349431,Komple Bina,920000.0,,+,,3,Sakarya/Akyazı/Alaağaç,TRY,920000.0,False,False,False,False,False,False,True,False,False,Комнаты не разобраны,оставить,оставить признаки как есть,train
350073,Komple Bina,920000.0,,+,,3,Sakarya/Akyazı/Alaağaç,TRY,920000.0,False,False,False,False,False,False,True,False,False,Комнаты не разобраны,оставить,оставить признаки как есть,train
350119,Komple Bina,920000.0,,+,,3,Sakarya/Akyazı/Alaağaç,TRY,920000.0,False,False,False,False,False,False,True,False,False,Комнаты не разобраны,оставить,оставить признаки как есть,train
92465,Komple Bina,910000.0,980.0,+,,4,Denizli/Merkezefendi/Karahasanlı,TRY,910000.0,False,False,False,False,False,False,True,False,False,Комнаты не разобраны,оставить,оставить признаки как есть,train
1286,Komple Bina,900000.0,210.0,+,,3,Bursa/Gemlik/Dr. Ziya Kaya,TRY,900000.0,False,False,False,False,False,False,True,False,False,Комнаты не разобраны,оставить,оставить признаки как есть,validation
1760,Komple Bina,900000.0,369.0,+,,4,İzmir/Selçuk/14 Mayıs,TRY,900000.0,False,False,False,False,False,False,True,False,False,Комнаты не разобраны,оставить,оставить признаки как есть,train
1894,Komple Bina,900000.0,348.0,+,,2,İzmir/Karaburun/Merkez,TRY,900000.0,False,False,False,False,False,False,True,False,False,Комнаты не разобраны,оставить,оставить признаки как есть,train
7692,Komple Bina,900000.0,92.0,+,,5,İstanbul/Arnavutköy/Anadolu,TRY,900000.0,False,False,False,False,False,False,True,False,False,Комнаты не разобраны,оставить,оставить признаки как есть,validation
7778,Komple Bina,900000.0,200.0,+,,4,İstanbul/Sancaktepe/Abdurrahmangazi,TRY,900000.0,False,False,False,False,False,False,True,False,False,Комнаты не разобраны,оставить,оставить признаки как есть,train
49483,Daire,900000.0,,4+1,7,6,İstanbul/Pendik/Bahçelievler,TRY,900000.0,False,False,False,False,False,True,False,False,False,Этаж выше этажности здания,оставить,оставить признаки как есть; этаж → пропуск,train
90983,Komple Bina,900000.0,440.0,+,,4,İstanbul/Silivri/Fevzipaşa,TRY,900000.0,False,False,False,False,False,False,True,False,False,Комнаты не разобраны,оставить,оставить признаки как есть,train
91239,Komple Bina,900000.0,85.0,+,,3,İstanbul/Ümraniye/Kazım Karabekir,TRY,900000.0,False,False,False,False,False,False,True,False,False,Комнаты не разобраны,оставить,оставить признаки как есть,train
94135,Komple Bina,900000.0,450.0,+,,3,Eskişehir/Tepebaşı/Şirintepe,TRY,900000.0,False,False,False,False,False,False,True,False,False,Комнаты не разобраны,оставить,оставить признаки как есть,train
95559,Komple Bina,900000.0,150.0,+,,3,İstanbul/Fatih/Derviş Ali,TRY,900000.0,False,False,False,False,False,False,True,False,False,Комнаты не разобраны,оставить,оставить признаки как есть,validation
98611,Komple Bina,900000.0,,+,,3,Sakarya/Adapazarı/Akıncılar,TRY,900000.0,False,False,False,False,False,False,True,False,False,Комнаты не разобраны,оставить,оставить признаки как есть,train
99389,Komple Bina,900000.0,500.0,+,,4,Bursa/Osmangazi/Kavaklı,TRY,900000.0,False,False,False,False,False,False,True,False,False,Комнаты не разобраны,оставить,оставить признаки как есть,train
105209,Komple Bina,900000.0,470.0,+,,5,İstanbul/Sultangazi/Cebeci,TRY,900000.0,False,False,False,False,False,False,True,False,False,Комнаты не разобраны,оставить,оставить признаки как есть,train
105559,Komple Bina,900000.0,,+,,5,İstanbul/Kartal/Yakacık Yeni,TRY,900000.0,False,False,False,False,False,False,True,False,False,Комнаты не разобраны,оставить,оставить признаки как есть,validation
106211,Komple Bina,900000.0,,+,,3,İzmir/Torbalı/Atatürk,TRY,900000.0,False,False,False,False,False,False,True,False,False,Комнаты не разобраны,оставить,оставить признаки как есть,validation
109455,Komple Bina,900000.0,599.0,+,,4,Denizli/Pamukkale/Bağbaşı,TRY,900000.0,False,False,False,False,False,False,True,False,False,Комнаты не разобраны,оставить,оставить признаки как есть,train
110285,Komple Bina,900000.0,470.0,+,,5,İstanbul/Sultangazi/Cebeci,TRY,900000.0,False,False,False,False,False,False,True,False,False,Комнаты не разобраны,оставить,оставить признаки как есть,train
297041,Komple Bina,900000.0,,+,,4,Denizli/Pamukkale/İncilipınar,TRY,900000.0,False,False,False,False,False,False,True,False,False,Комнаты не разобраны,оставить,оставить признаки как есть,train
357443,Komple Bina,900000.0,450.0,+,,2,Denizli/Merkezefendi/Gültepe,TRY,900000.0,False,False,False,False,False,False,True,False,False,Комнаты не разобраны,оставить,оставить признаки как есть,train
357665,Komple Bina,900000.0,,+,,3,Sakarya/Serdivan/Vatan,TRY,900000.0,False,False,False,False,False,False,True,False,False,Комнаты не разобраны,оставить,оставить признаки как есть,validation
358531,Komple Bina,900000.0,9500.0,4+1,,2,Eskişehir/Tepebaşı/Emirceoğlu,TRY,900000.0,False,False,False,True,False,False,False,False,False,Площадь выше 3 000 м²,оставить,оставить признаки как есть,train
382312,Komple Bina,900000.0,,+,,4,Antalya/Kepez/Gülveren,TRY,900000.0,False,False,False,False,False,False,True,False,False,Комнаты не разобраны,оставить,оставить признаки как есть,test
322582,Daire,899000.0,,2+1,8,7,İstanbul/Küçükçekmece/Atakent,TRY,899000.0,False,False,False,False,False,True,False,False,False,Этаж выше этажности здания,оставить,оставить признаки как есть; этаж → пропуск,test
348443,Komple Bina,890000.0,220.0,+,,4,İstanbul/Üsküdar/Salacak,TRY,890000.0,False,False,False,False,False,False,True,False,False,Комнаты не разобраны,оставить,оставить признаки как есть,train
105663,Komple Bina,885000.0,120.0,+,,5,İstanbul/Sultanbeyli/Mehmet Akif,TRY,885000.0,False,False,False,False,False,False,True,False,False,Комнаты не разобраны,оставить,оставить признаки как есть,train
108769,Komple Bina,880000.0,425.0,+,,4,İstanbul/Şile/İmrenli,TRY,880000.0,False,False,False,False,False,False,True,False,False,Комнаты не разобраны,оставить,оставить признаки как есть,train
6806,Komple Bina,875000.0,,+,,3,Sakarya/Akyazı/Ömercikler,TRY,875000.0,False,False,False,False,False,False,True,False,False,Комнаты не разобраны,оставить,оставить признаки как есть,train
7382,Komple Bina,875000.0,90.0,+,,4,İstanbul/Esenler/Davutpaşa,TRY,875000.0,False,False,False,False,False,False,True,False,False,Комнаты не разобраны,оставить,оставить признаки как есть,train
93587,Komple Bina,875000.0,55.0,+,,2,İstanbul/Fatih/Ayvansaray,TRY,875000.0,False,False,False,False,False,False,True,False,False,Комнаты не разобраны,оставить,оставить признаки как есть,test
97709,Komple Bina,875000.0,450.0,+,,4,Kocaeli/Çayırova/Atatürk,TRY,875000.0,False,False,False,False,False,False,True,False,False,Комнаты не разобраны,оставить,оставить признаки как есть,train
104823,Komple Bina,875000.0,80.0,+,,2,İstanbul/Fatih/Ayvansaray,TRY,875000.0,False,False,False,False,False,False,True,False,False,Комнаты не разобраны,оставить,оставить признаки как есть,train
366575,Komple Bina,875000.0,400.0,+,,3,Tekirdağ/Marmaraereğlisi/Dereağzı,TRY,875000.0,False,False,False,False,False,False,True,False,False,Комнаты не разобраны,оставить,оставить признаки как есть,validation
391385,Daire,870000.0,,+,,,İzmir/Bornova/Kazımdirik,TRY,870000.0,False,False,False,False,False,False,True,False,False,Комнаты не разобраны,оставить,оставить признаки как есть,test
94909,Komple Bina,860000.0,450.0,+,,4,Kocaeli/İzmit/Erenler,TRY,860000.0,False,False,False,False,False,False,True,False,False,Комнаты не разобраны,оставить,оставить признаки как есть,test
363699,Komple Bina,855555.0,220.0,+,,3,Mersin/Toroslar/Çavuşlu,TRY,855555.0,False,False,False,False,False,False,True,False,False,Комнаты не разобраны,оставить,оставить признаки как есть,validation
92983,Komple Bina,855000.0,216.0,+,,3,Burdur/Merkez/Atatürk,TRY,855000.0,False,False,False,False,False,False,True,False,False,Комнаты не разобраны,оставить,оставить признаки как есть,train
6686,Komple Bina,850000.0,270.0,+,,3,İstanbul/Beykoz/Soğuksu,TRY,850000.0,False,False,False,False,False,False,True,False,False,Комнаты не разобраны,оставить,оставить признаки как есть,train
17574,Komple Bina,850000.0,310.0,+,,3,Trabzon/Akçaabat/Kirazlık,TRY,850000.0,False,False,False,False,False,False,True,False,False,Комнаты не разобраны,оставить,оставить признаки как есть,test
19906,Villa,850000.0,180.0,3+1,6,2,Aydın/Kuşadası/Karaova,TRY,850000.0,False,False,False,False,False,True,False,False,False,Этаж выше этажности здания,оставить,оставить признаки как есть; этаж → пропуск,test
25186,Villa,850000.0,1.0,6+2,,3,Antalya/Aksu/Karaçallı,TRY,850000.0,False,False,True,False,False,False,False,False,False,Площадь ниже 15 м²,оставить,площадь → пропуск,train
27332,Villa,850000.0,1.0,6+2,,3,Antalya/Aksu/Karaçallı,TRY,850000.0,False,False,True,False,False,False,False,False,False,Площадь ниже 15 м²,оставить,площадь → пропуск,train
29032,Komple Bina,850000.0,145.0,+,,3,İzmir/Karabağlar/Ali Fuat Erden,TRY,850000.0,False,False,False,False,False,False,True,False,False,Комнаты не разобраны,оставить,оставить признаки как есть,test
32766,Çiftlik Evi,850000.0,3200.0,2+1,,2,Gaziantep/Oğuzeli/Körkün,TRY,850000.0,False,False,False,True,False,False,False,False,False,Площадь выше 3 000 м²,оставить,оставить признаки как есть,train
33974,Villa,850000.0,1.0,6+2,,3,Antalya/Aksu/Karaçallı,TRY,850000.0,False,False,True,False,False,False,False,False,False,Площадь ниже 15 м²,оставить,площадь → пропуск,train
91165,Komple Bina,850000.0,250.0,+,,1,Konya/Meram/Kozağaç,TRY,850000.0,False,False,False,False,False,False,True,False,False,Комнаты не разобраны,оставить,оставить признаки как есть,train
91803,Komple Bina,850000.0,,+,,4,Kilis/Merkez/Osman Gazi,TRY,850000.0,False,False,False,False,False,False,True,False,False,Комнаты не разобраны,оставить,оставить признаки как есть,train
92373,Komple Bina,850000.0,,+,,4,Kilis/Merkez/Osman Gazi,TRY,850000.0,False,False,False,False,False,False,True,False,False,Комнаты не разобраны,оставить,оставить признаки как есть,train
92383,Komple Bina,850000.0,,+,,4,Kilis/Merkez/Osman Gazi,TRY,850000.0,False,False,False,False,False,False,True,False,False,Комнаты не разобраны,оставить,оставить признаки как есть,train
92923,Komple Bina,850000.0,525.0,+,,3,Sakarya/Adapazarı/Tuzla,TRY,850000.0,False,False,False,False,False,False,True,False,False,Комнаты не разобраны,оставить,оставить признаки как есть,test
92991,Komple Bina,850000.0,525.0,+,,3,Sakarya/Adapazarı/Tuzla,TRY,850000.0,False,False,False,False,False,False,True,False,False,Комнаты не разобраны,оставить,оставить признаки как есть,test
93215,Komple Bina,850000.0,525.0,+,,3,Sakarya/Adapazarı/Tuzla,TRY,850000.0,False,False,False,False,False,False,True,False,False,Комнаты не разобраны,оставить,оставить признаки как есть,test
93929,Komple Bina,850000.0,525.0,+,,3,Sakarya/Adapazarı/Tuzla,TRY,850000.0,False,False,False,False,False,False,True,False,False,Комнаты не разобраны,оставить,оставить признаки как есть,test
98387,Komple Bina,850000.0,,+,,3,Denizli/Merkezefendi/Değirmenönü,TRY,850000.0,False,False,False,False,False,False,True,False,False,Комнаты не разобраны,оставить,оставить признаки как есть,train
99077,Komple Bina,850000.0,165.0,+,,3,Bursa/Gemlik/Umurbey,TRY,850000.0,False,False,False,False,False,False,True,False,False,Комнаты не разобраны,оставить,оставить признаки как есть,test
105297,Komple Bina,850000.0,122.0,+,,5,İstanbul/Arnavutköy/İmrahor,TRY,850000.0,False,False,False,False,False,False,True,False,False,Комнаты не разобраны,оставить,оставить признаки как есть,validation
105975,Komple Bina,850000.0,,+,,4,Malatya/Battalgazi/Tandoğan,TRY,850000.0,False,False,False,False,False,False,True,False,False,Комнаты не разобраны,оставить,оставить признаки как есть,train
106208,Villa,850000.0,5.0,4+1,Bahçe katı,2,Gaziantep/Şehitkamil/Yığınlı,TRY,850000.0,False,False,True,False,False,False,False,False,False,Площадь ниже 15 м²,оставить,площадь → пропуск,train
106349,Komple Bina,850000.0,199.0,+,,5,Samsun/İlkadım/Kılıçdede,TRY,850000.0,False,False,False,False,False,False,True,False,False,Комнаты не разобраны,оставить,оставить признаки как есть,train
107915,Komple Bina,850000.0,525.0,+,,3,Sakarya/Adapazarı/Tuzla,TRY,850000.0,False,False,False,False,False,False,True,False,False,Комнаты не разобраны,оставить,оставить признаки как есть,test
110331,Komple Bina,850000.0,,+,,4,İstanbul/Ümraniye/Atatürk,TRY,850000.0,False,False,False,False,False,False,True,False,False,Комнаты не разобраны,оставить,оставить признаки как есть,train
252543,Daire,850000.0,4.0,4+1,5,5,İstanbul/Maltepe/Feyzullah,TRY,850000.0,False,False,True,False,False,False,False,False,False,Площадь ниже 15 м²,оставить,площадь → пропуск,train
328968,Komple Bina,850000.0,,+,,3,Aydın/Köşk/Çarşı,TRY,850000.0,False,False,False,False,False,False,True,False,False,Комнаты не разобраны,оставить,оставить признаки как есть,train
349107,Çiftlik Evi,850000.0,4700.0,5+2,,3,Balıkesir/Erdek/Ocaklar,TRY,850000.0,False,False,False,True,False,False,False,False,False,Площадь выше 3 000 м²,оставить,оставить признаки как есть,train
349235,Çiftlik Evi,850000.0,4700.0,5+2,,3,Balıkesir/Erdek/Ocaklar,TRY,850000.0,False,False,False,True,False,False,False,False,False,Площадь выше 3 000 м²,оставить,оставить признаки как есть,train
349695,Villa,850000.0,5.0,3+1,,2,Malatya/Yeşilyurt/Gündüzbey,TRY,850000.0,False,False,True,False,False,False,False,False,False,Площадь ниже 15 м²,оставить,площадь → пропуск,validation
350285,Çiftlik Evi,850000.0,4700.0,5+2,,3,Balıkesir/Erdek/Ocaklar,TRY,850000.0,False,False,False,True,False,False,False,False,False,Площадь выше 3 000 м²,оставить,оставить признаки как есть,train
371419,Müstakil Ev,850000.0,170.0,3+1,6,2,Muğla/Bodrum/Gümüşlük,TRY,850000.0,False,False,False,False,False,True,False,False,False,Этаж выше этажности здания,оставить,оставить признаки как есть; этаж → пропуск,test
380226,Komple Bina,850000.0,80.0,+,,4,Samsun/Atakum/Denizevleri,TRY,850000.0,False,False,False,False,False,False,True,False,False,Комнаты не разобраны,оставить,оставить признаки как есть,test
389447,Komple Bina,850000.0,131.0,+,,1,Antalya/Muratpaşa/Kılınçarslan,TRY,850000.0,False,False,False,False,False,False,True,False,False,Комнаты не разобраны,оставить,оставить признаки как есть,train
390175,Komple Bina,850000.0,,+,,3,İstanbul/Ataşehir/Aşıkveysel,TRY,850000.0,False,False,False,False,False,False,True,False,False,Комнаты не разобраны,оставить,оставить признаки как есть,train
391079,Komple Bina,850000.0,,+,,,Tekirdağ/Çorlu/Havuzlar,TRY,850000.0,False,False,False,False,False,False,True,False,False,Комнаты не разобраны,оставить,оставить признаки как есть,test
395881,Komple Bina,850000.0,,+,,,Tekirdağ/Çorlu/Havuzlar,TRY,850000.0,False,False,False,False,False,False,True,False,False,Комнаты не разобраны,оставить,оставить признаки как есть,test
398624,Komple Bina,850000.0,,+,,,Tekirdağ/Çorlu/Havuzlar,TRY,850000.0,False,False,False,False,False,False,True,False,False,Комнаты не разобраны,оставить,оставить признаки как есть,test
399331,Komple Bina,850000.0,500.0,+,,,Ankara/Keçiören/Gümüşdere,TRY,850000.0,False,False,False,False,False,False,True,False,False,Комнаты не разобраны,оставить,оставить признаки как есть,train
401089,Komple Bina,850000.0,,+,,,Tekirdağ/Çorlu/Havuzlar,TRY,850000.0,False,False,False,False,False,False,True,False,False,Комнаты не разобраны,оставить,оставить признаки как есть,test
356553,Daire,849540.3094,168360.0,9+2,8,3,Ankara/Elmadağ/Hasanoğlan Havuzbaşı,GBP,127333.0,False,False,False,True,True,True,False,False,False,"Площадь выше 3 000 м², Площадь выше 100 000 м², Этаж выше этажности здания",оставить,площадь → пропуск; этаж → пропуск,train
33,Rezidans,847000.0,618173.0,6+3,Zemin Kat,7,İstanbul/Avcılar/Yeşilkent,TRY,847000.0,False,False,False,True,True,False,False,False,False,"Площадь выше 3 000 м², Площадь выше 100 000 м²",оставить,площадь → пропуск,test
3666,Daire,844436.3844,10.0,1+1,Kot 1,20 ve üzeri,Ankara/Elmadağ/Hasanoğlan Havuzbaşı,GBP,123333.0,False,False,True,False,False,False,False,False,False,Площадь ниже 15 м²,оставить,площадь → пропуск,train
7898,Komple Bina,840000.0,,+,,4,Denizli/Pamukkale/Bağbaşı,TRY,840000.0,False,False,False,False,False,False,True,False,False,Комнаты не разобраны,оставить,оставить признаки как есть,train
386686,Daire,836334.3984000001,33172.0,2+1,,,Karaman/Ermenek/Ardıçkaya Köyü,EUR,139222.0,False,False,False,True,False,False,False,False,False,Площадь выше 3 000 м²,оставить,площадь → пропуск,validation
389862,Daire,836334.3984000001,33172.0,2+1,,,Karaman/Ermenek/Ardıçkaya Köyü,EUR,139222.0,False,False,False,True,False,False,False,False,False,Площадь выше 3 000 м²,оставить,площадь → пропуск,validation
397899,Daire,836334.3984000001,33172.0,2+1,,,Karaman/Ermenek/Ardıçkaya Köyü,EUR,139222.0,False,False,False,True,False,False,False,False,False,Площадь выше 3 000 м²,оставить,площадь → пропуск,validation
397920,Daire,836334.3984000001,33172.0,2+1,,,Karaman/Ermenek/Ardıçkaya Köyü,EUR,139222.0,False,False,False,True,False,False,False,False,False,Площадь выше 3 000 м²,оставить,площадь → пропуск,validation
107721,Komple Bina,830000.0,110.0,+,,4,İstanbul/Bağcılar/Demirkapı,TRY,830000.0,False,False,False,False,False,False,True,False,False,Комнаты не разобраны,оставить,оставить признаки как есть,train
112131,Komple Bina,830000.0,,+,,3,Kayseri/Kocasinan/Oymaağaç,TRY,830000.0,False,False,False,False,False,False,True,False,False,Комнаты не разобраны,оставить,оставить признаки как есть,train
113481,Komple Bina,830000.0,110.0,+,,4,İstanbul/Bağcılar/Demirkapı,TRY,830000.0,False,False,False,False,False,False,True,False,False,Комнаты не разобраны,оставить,оставить признаки как есть,train
113859,Komple Bina,830000.0,110.0,+,,4,İstanbul/Bağcılar/Demirkapı,TRY,830000.0,False,False,False,False,False,False,True,False,False,Комнаты не разобраны,оставить,оставить признаки как есть,train
371259,Komple Bina,830000.0,110.0,+,,4,Aydın/Efeler/Meşrutiyet,TRY,830000.0,False,False,False,False,False,False,True,False,False,Комнаты не разобраны,оставить,оставить признаки как есть,train
26088,Komple Bina,825000.0,,+,,5,İzmir/Bayraklı/Körfez,TRY,825000.0,False,False,False,False,False,False,True,False,False,Комнаты не разобраны,оставить,оставить признаки как есть,test
28972,Komple Bina,825000.0,150.0,+,,3,Mersin/Yenişehir/Cumhuriyet,TRY,825000.0,False,False,False,False,False,False,True,False,False,Комнаты не разобраны,оставить,оставить признаки как есть,validation
31292,Komple Bina,825000.0,,+,,5,İzmir/Bayraklı/Körfez,TRY,825000.0,False,False,False,False,False,False,True,False,False,Комнаты не разобраны,оставить,оставить признаки как есть,test
97857,Komple Bina,825000.0,,+,,3,Bursa/Osmangazi/Güneştepe,TRY,825000.0,False,False,False,False,False,False,True,False,False,Комнаты не разобраны,оставить,оставить признаки как есть,train
348301,Komple Bina,825000.0,210.0,+,,3,Osmaniye/Merkez/Yıldırım Beyazıt,TRY,825000.0,False,False,False,False,False,False,True,False,False,Комнаты не разобраны,оставить,оставить признаки как есть,train
348571,Komple Bina,825000.0,210.0,+,,3,Osmaniye/Merkez/Yıldırım Beyazıt,TRY,825000.0,False,False,False,False,False,False,True,False,False,Комнаты не разобраны,оставить,оставить признаки как есть,train
349197,Komple Bina,825000.0,,+,,5,İzmir/Bayraklı/Onur,TRY,825000.0,False,False,False,False,False,False,True,False,False,Комнаты не разобраны,оставить,оставить признаки как есть,train
349837,Komple Bina,825000.0,210.0,+,,3,Osmaniye/Merkez/Yıldırım Beyazıt,TRY,825000.0,False,False,False,False,False,False,True,False,False,Комнаты не разобраны,оставить,оставить признаки как есть,train
114017,Komple Bina,820000.0,120.0,+,,5,İstanbul/Sancaktepe/Osmangazi,TRY,820000.0,False,False,False,False,False,False,True,False,False,Комнаты не разобраны,оставить,оставить признаки как есть,validation
348331,Komple Bina,820000.0,,+,,4,Antalya/Kepez/Kuzeyyaka,TRY,820000.0,False,False,False,False,False,False,True,False,False,Комнаты не разобраны,оставить,оставить признаки как есть,validation
348727,Komple Bina,820000.0,,+,,4,Antalya/Kepez/Kuzeyyaka,TRY,820000.0,False,False,False,False,False,False,True,False,False,Комнаты не разобраны,оставить,оставить признаки как есть,validation
349397,Komple Bina,820000.0,,+,,4,Antalya/Kepez/Kuzeyyaka,TRY,820000.0,False,False,False,False,False,False,True,False,False,Комнаты не разобраны,оставить,оставить признаки как есть,validation
396784,Komple Bina,820000.0,,+,,,Sakarya/Adapazarı/Yenidoğan,TRY,820000.0,False,False,False,False,False,False,True,False,False,Комнаты не разобраны,оставить,оставить признаки как есть,validation
366434,Villa,817222.0,497833.0,6+1,Bahçe katı,2,Ankara/Şereflikoçhisar/Çavuşköy,TRY,817222.0,False,False,False,True,True,False,False,False,False,"Площадь выше 3 000 м², Площадь выше 100 000 м²",оставить,площадь → пропуск,train
395696,Çiftlik Evi,810000.0,,+,,,Malatya/Yazıhan/Durucasu,TRY,810000.0,False,False,False,False,False,False,True,False,False,Комнаты не разобраны,оставить,оставить признаки как есть,train
149,Daire,808222.0,367331.0,9+4,Kot 4,5,İstanbul/Güngören/Gençosman,TRY,808222.0,False,False,False,True,True,False,False,False,False,"Площадь выше 3 000 м², Площадь выше 100 000 м²",оставить,площадь → пропуск,train
6644,Komple Bina,800000.0,473.0,+,,2,Çanakkale/Yenice/Kurtuluş,TRY,800000.0,False,False,False,False,False,False,True,False,False,Комнаты не разобраны,оставить,оставить признаки как есть,train
7438,Komple Bina,800000.0,150.0,+,,5,Samsun/İlkadım/Kazım Karabekir,TRY,800000.0,False,False,False,False,False,False,True,False,False,Комнаты не разобраны,оставить,оставить признаки как есть,test
26030,Çiftlik Evi,800000.0,6000.0,1+1,,2,Aydın/Didim/Ak-Yeniköy,TRY,800000.0,False,False,False,True,False,False,False,False,False,Площадь выше 3 000 м²,оставить,оставить признаки как есть,test
28420,Daire,800000.0,,3+1,11,4,İstanbul/Kadıköy/Suadiye,TRY,800000.0,False,False,False,False,False,True,False,False,False,Этаж выше этажности здания,оставить,оставить признаки как есть; этаж → пропуск,train
29626,Komple Bina,800000.0,450.0,+,,3,İzmir/Konak/19 Mayıs,TRY,800000.0,False,False,False,False,False,False,True,False,False,Комнаты не разобраны,оставить,оставить признаки как есть,train
30206,Çiftlik Evi,800000.0,6000.0,1+1,,2,Aydın/Didim/Ak-Yeniköy,TRY,800000.0,False,False,False,True,False,False,False,False,False,Площадь выше 3 000 м²,оставить,оставить признаки как есть,test
30598,Komple Bina,800000.0,,+,,5,Trabzon/Ortahisar/Gazipaşa,TRY,800000.0,False,False,False,False,False,False,True,False,False,Комнаты не разобраны,оставить,оставить признаки как есть,train
31794,Komple Bina,800000.0,,+,,6,Aydın/Çine/Şevketiye,TRY,800000.0,False,False,False,False,False,False,True,False,False,Комнаты не разобраны,оставить,оставить признаки как есть,train
32348,Komple Bina,800000.0,135.0,+,,2,Muğla/Ortaca/Dalyan,TRY,800000.0,False,False,False,False,False,False,True,False,False,Комнаты не разобраны,оставить,оставить признаки как есть,train
34570,Çiftlik Evi,800000.0,6000.0,1+1,,2,Aydın/Didim/Ak-Yeniköy,TRY,800000.0,False,False,False,True,False,False,False,False,False,Площадь выше 3 000 м²,оставить,оставить признаки как есть,test
92593,Komple Bina,800000.0,500.0,+,,3,Denizli/Pamukkale/Deliktaş,TRY,800000.0,False,False,False,False,False,False,True,False,False,Комнаты не разобраны,оставить,оставить признаки как есть,validation
96891,Müstakil Ev,800000.0,1.0,3+1,,2,Sakarya/Serdivan/Reşadiye,TRY,800000.0,False,False,True,False,False,False,False,False,False,Площадь ниже 15 м²,оставить,площадь → пропуск,train
106745,Komple Bina,800000.0,650.0,+,,4,Konya/Selçuklu/İhsaniye,TRY,800000.0,False,False,False,False,False,False,True,False,False,Комнаты не разобраны,оставить,оставить признаки как есть,train
107637,Komple Bina,800000.0,244.0,+,,2,Mersin/Yenişehir/Akkent,TRY,800000.0,False,False,False,False,False,False,True,False,False,Комнаты не разобраны,оставить,оставить признаки как есть,train
108135,Villa,800000.0,10000.0,4+1,,3,Antalya/Konyaaltı/Hisarçandır,TRY,800000.0,False,False,False,True,False,False,False,False,False,Площадь выше 3 000 м²,оставить,оставить признаки как есть,validation
113275,Komple Bina,800000.0,300.0,+,,4,İzmir/Buca/Fırat,TRY,800000.0,False,False,False,False,False,False,True,False,False,Комнаты не разобраны,оставить,оставить признаки как есть,validation
348374,Müstakil Ev,800000.0,4000.0,3+1,Kot 2,2,Adana/Sarıçam/Cihadiye,TRY,800000.0,False,False,False,True,False,False,False,False,False,Площадь выше 3 000 м²,оставить,оставить признаки как есть,train
382036,Komple Bina,800000.0,70.0,+,,2,Çanakkale/Merkez/Namık Kemal,TRY,800000.0,False,False,False,False,False,False,True,False,False,Комнаты не разобраны,оставить,оставить признаки как есть,validation
384096,Komple Bina,800000.0,450.0,+,,4,Trabzon/Ortahisar/Pelitli,TRY,800000.0,False,False,False,False,False,False,True,False,False,Комнаты не разобраны,оставить,оставить признаки как есть,test
395878,Villa,800000.0,,+,,,Tekirdağ/Çorlu/Hürriyet,TRY,800000.0,False,False,False,False,False,False,True,False,False,Комнаты не разобраны,оставить,оставить признаки как есть,test
94227,Komple Bina,790000.0,,+,,3,Afyonkarahisar/Merkez/Cumhuriyet,TRY,790000.0,False,False,False,False,False,False,True,False,False,Комнаты не разобраны,оставить,оставить признаки как есть,train
94301,Komple Bina,790000.0,,+,,3,Afyonkarahisar/Merkez/Cumhuriyet,TRY,790000.0,False,False,False,False,False,False,True,False,False,Комнаты не разобраны,оставить,оставить признаки как есть,train
99019,Komple Bina,790000.0,,+,,3,Afyonkarahisar/Merkez/Cumhuriyet,TRY,790000.0,False,False,False,False,False,False,True,False,False,Комнаты не разобраны,оставить,оставить признаки как есть,train
105889,Komple Bina,790000.0,,+,,3,Eskişehir/Tepebaşı/Çamlıca,TRY,790000.0,False,False,False,False,False,False,True,False,False,Комнаты не разобраны,оставить,оставить признаки как есть,train
114133,Komple Bina,790000.0,,+,,3,Afyonkarahisar/Merkez/Cumhuriyet,TRY,790000.0,False,False,False,False,False,False,True,False,False,Комнаты не разобраны,оставить,оставить признаки как есть,train
370433,Komple Bina,790000.0,,+,,2,Çanakkale/Ayvacık/Ahmetçe Köyü,TRY,790000.0,False,False,False,False,False,False,True,False,False,Комнаты не разобраны,оставить,оставить признаки как есть,validation
387822,Komple Bina,790000.0,200.0,+,,2,İstanbul/Beykoz/Ortaçeşme,TRY,790000.0,False,False,False,False,False,False,True,False,False,Комнаты не разобраны,оставить,оставить признаки как есть,train
63891,Daire,789000.0,125000.0,3+1,2,2,Aydın/Didim/Altınkum,TRY,789000.0,False,False,False,True,True,False,False,False,False,"Площадь выше 3 000 м², Площадь выше 100 000 м²",оставить,площадь → пропуск,train
526,Komple Bina,785000.0,550.0,+,,3,İstanbul/Bağcılar/Göztepe,TRY,785000.0,False,False,False,False,False,False,True,False,False,Комнаты не разобраны,оставить,оставить признаки как есть,train
303912,Daire,780000.0,145.0,3+1,5,3,Çanakkale/Merkez/Cevat Paşa,TRY,780000.0,False,False,False,False,False,True,False,False,False,Этаж выше этажности здания,оставить,оставить признаки как есть; этаж → пропуск,train
369929,Komple Bina,780000.0,660.0,+,,2,Manisa/Salihli/Atatürk,TRY,780000.0,False,False,False,False,False,False,True,False,False,Комнаты не разобраны,оставить,оставить признаки как есть,train
1334,Villa,775000.0,,+,,3,Çanakkale/Merkez/Güzelyalı Köyü,TRY,775000.0,False,False,False,False,False,False,True,False,False,Комнаты не разобраны,оставить,оставить признаки как есть,train
29524,Villa,775000.0,1.0,3+1,,3,İzmir/Menderes/Çukuraltı,TRY,775000.0,False,False,True,False,False,False,False,False,False,Площадь ниже 15 м²,оставить,площадь → пропуск,train
30138,Villa,775000.0,1.0,3+1,,3,İzmir/Menderes/Çukuraltı,TRY,775000.0,False,False,True,False,False,False,False,False,False,Площадь ниже 15 м²,оставить,площадь → пропуск,train
95561,Komple Bina,775000.0,,+,,2,İzmir/Buca/Çamlıkule,TRY,775000.0,False,False,False,False,False,False,True,False,False,Комнаты не разобраны,оставить,оставить признаки как есть,train
202443,Daire,775000.0,220.0,4+1,3,1,İzmir/Karşıyaka/Aksoy,TRY,775000.0,False,False,False,False,False,True,False,False,False,Этаж выше этажности здания,оставить,оставить признаки как есть; этаж → пропуск,train
205367,Daire,775000.0,220.0,4+1,3,1,İzmir/Karşıyaka/Aksoy,TRY,775000.0,False,False,False,False,False,True,False,False,False,Этаж выше этажности здания,оставить,оставить признаки как есть; этаж → пропуск,train
208035,Daire,775000.0,220.0,4+1,3,1,İzmir/Karşıyaka/Aksoy,TRY,775000.0,False,False,False,False,False,True,False,False,False,Этаж выше этажности здания,оставить,оставить признаки как есть; этаж → пропуск,train
209410,Daire,775000.0,220.0,4+1,3,1,İzmir/Karşıyaka/Aksoy,TRY,775000.0,False,False,False,False,False,True,False,False,False,Этаж выше этажности здания,оставить,оставить признаки как есть; этаж → пропуск,train
304888,Daire,775000.0,93.0,2+1,12,10,İstanbul/Başakşehir/Kayabaşı,TRY,775000.0,False,False,False,False,False,True,False,False,False,Этаж выше этажности здания,оставить,оставить признаки как есть; этаж → пропуск,train
103979,Komple Bina,760000.0,110.0,+,,5,İstanbul/Sultangazi/Esentepe,TRY,760000.0,False,False,False,False,False,False,True,False,False,Комнаты не разобраны,оставить,оставить признаки как есть,validation
107009,Komple Bina,760000.0,110.0,+,,4,İstanbul/Esenyurt/Selahaddin Eyyubi,TRY,760000.0,False,False,False,False,False,False,True,False,False,Комнаты не разобраны,оставить,оставить признаки как есть,train
112915,Komple Bina,760000.0,110.0,+,,5,İstanbul/Sultangazi/Esentepe,TRY,760000.0,False,False,False,False,False,False,True,False,False,Комнаты не разобраны,оставить,оставить признаки как есть,validation
395784,Komple Bina,760000.0,115.0,+,,,Eskişehir/Odunpazarı/71 Evler,TRY,760000.0,False,False,False,False,False,False,True,False,False,Комнаты не разобраны,оставить,оставить признаки как есть,train
662,Komple Bina,750000.0,356.0,+,,4,İzmir/Bornova/Yıldırım Beyazıt,TRY,750000.0,False,False,False,False,False,False,True,False,False,Комнаты не разобраны,оставить,оставить признаки как есть,train
890,Komple Bina,750000.0,356.0,+,,4,İzmir/Bornova/Yıldırım Beyazıt,TRY,750000.0,False,False,False,False,False,False,True,False,False,Комнаты не разобраны,оставить,оставить признаки как есть,train
982,Komple Bina,750000.0,246.0,+,,3,İzmir/Karabağlar/Karabağlar,TRY,750000.0,False,False,False,False,False,False,True,False,False,Комнаты не разобраны,оставить,оставить признаки как есть,train
1016,Komple Bina,750000.0,356.0,+,,4,İzmir/Bornova/Yıldırım Beyazıt,TRY,750000.0,False,False,False,False,False,False,True,False,False,Комнаты не разобраны,оставить,оставить признаки как есть,train
6914,Komple Bina,750000.0,480.0,+,,2,Konya/Meram/Aşkan,TRY,750000.0,False,False,False,False,False,False,True,False,False,Комнаты не разобраны,оставить,оставить признаки как есть,train
8014,Komple Bina,750000.0,380.0,+,,3,Denizli/Pamukkale/Kayıhan,TRY,750000.0,False,False,False,False,False,False,True,False,False,Комнаты не разобраны,оставить,оставить признаки как есть,validation
8148,Komple Bina,750000.0,480.0,+,,2,Konya/Meram/Aşkan,TRY,750000.0,False,False,False,False,False,False,True,False,False,Комнаты не разобраны,оставить,оставить признаки как есть,train
17650,Komple Bina,750000.0,145.0,+,,3,Sakarya/Hendek/Çamlıca,TRY,750000.0,False,False,False,False,False,False,True,False,False,Комнаты не разобраны,оставить,оставить признаки как есть,train
26260,Komple Bina,750000.0,,+,,5,Aydın/Didim/Efeler,TRY,750000.0,False,False,False,False,False,False,True,False,False,Комнаты не разобраны,оставить,оставить признаки как есть,train
33506,Komple Bina,750000.0,110.0,+,,5,İzmir/Bayraklı/Onur,TRY,750000.0,False,False,False,False,False,False,True,False,False,Комнаты не разобраны,оставить,оставить признаки как есть,train
51685,Daire,750000.0,125.0,3+1,8,5,İstanbul/Kadıköy/Kozyatağı,TRY,750000.0,False,False,False,False,False,True,False,False,False,Этаж выше этажности здания,оставить,оставить признаки как есть; этаж → пропуск,train
62965,Daire,750000.0,1.0,3+1,2,2,Aydın/Didim/Altınkum,TRY,750000.0,False,False,True,False,False,False,False,False,False,Площадь ниже 15 м²,оставить,площадь → пропуск,test
64607,Daire,750000.0,1.0,3+1,2,2,Aydın/Didim/Altınkum,TRY,750000.0,False,False,True,False,False,False,False,False,False,Площадь ниже 15 м²,оставить,площадь → пропуск,test
86887,Daire,750000.0,1.0,3+1,Çatı Katı,3,Aydın/Didim/Mavişehir,TRY,750000.0,False,False,True,False,False,False,False,False,False,Площадь ниже 15 м²,оставить,площадь → пропуск,train
90707,Komple Bina,750000.0,,+,,4,Kocaeli/Darıca/Abdi İpekçi,TRY,750000.0,False,False,False,False,False,False,True,False,False,Комнаты не разобраны,оставить,оставить признаки как есть,train
92723,Komple Bina,750000.0,,+,,3,Çanakkale/Merkez/Fevzipaşa,TRY,750000.0,False,False,False,False,False,False,True,False,False,Комнаты не разобраны,оставить,оставить признаки как есть,train
93223,Komple Bina,750000.0,275.0,+,,4,Trabzon/Ortahisar/Toklu,TRY,750000.0,False,False,False,False,False,False,True,False,False,Комнаты не разобраны,оставить,оставить признаки как есть,train
94765,Komple Bina,750000.0,410.0,+,,3,Konya/Selçuklu/Buhara,TRY,750000.0,False,False,False,False,False,False,True,False,False,Комнаты не разобраны,оставить,оставить признаки как есть,train
95623,Komple Bina,750000.0,200.0,+,,4,İzmir/Bornova/Mevlana,TRY,750000.0,False,False,False,False,False,False,True,False,False,Комнаты не разобраны,оставить,оставить признаки как есть,validation
97843,Komple Bina,750000.0,,+,,4,Kocaeli/Darıca/Abdi İpekçi,TRY,750000.0,False,False,False,False,False,False,True,False,False,Комнаты не разобраны,оставить,оставить признаки как есть,train
97931,Komple Bina,750000.0,100.0,+,,3,Samsun/İlkadım/Ulugazi,TRY,750000.0,False,False,False,False,False,False,True,False,False,Комнаты не разобраны,оставить,оставить признаки как есть,train
98893,Komple Bina,750000.0,140.0,+,,4,İzmir/Buca/Yıldız,TRY,750000.0,False,False,False,False,False,False,True,False,False,Комнаты не разобраны,оставить,оставить признаки как есть,test
99547,Komple Bina,750000.0,,+,,4,Kocaeli/Darıca/Abdi İpekçi,TRY,750000.0,False,False,False,False,False,False,True,False,False,Комнаты не разобраны,оставить,оставить признаки как есть,train
106009,Komple Bina,750000.0,,+,,4,Zonguldak/Ereğli/Süleymanlar,TRY,750000.0,False,False,False,False,False,False,True,False,False,Комнаты не разобраны,оставить,оставить признаки как есть,train
106415,Komple Bina,750000.0,,+,,4,Kocaeli/Darıca/Abdi İpekçi,TRY,750000.0,False,False,False,False,False,False,True,False,False,Комнаты не разобраны,оставить,оставить признаки как есть,train
109307,Komple Bina,750000.0,,+,,5,Kocaeli/Kartepe/Emekevler,TRY,750000.0,False,False,False,False,False,False,True,False,False,Комнаты не разобраны,оставить,оставить признаки как есть,train
110157,Komple Bina,750000.0,,+,,4,Erzurum/Yakutiye/Lalapaşa,TRY,750000.0,False,False,False,False,False,False,True,False,False,Комнаты не разобраны,оставить,оставить признаки как есть,train
111025,Komple Bina,750000.0,600.0,+,,4,Ordu/Altınordu/Kumbaşı,TRY,750000.0,False,False,False,False,False,False,True,False,False,Комнаты не разобраны,оставить,оставить признаки как есть,train
111097,Komple Bina,750000.0,12.0,+,,4,Kocaeli/Derince/Sırrıpaşa,TRY,750000.0,False,False,True,False,False,False,True,False,False,"Площадь ниже 15 м², Комнаты не разобраны",оставить,площадь → пропуск,train
111483,Komple Bina,750000.0,100.0,+,,4,Konya/Selçuklu/İhsaniye,TRY,750000.0,False,False,False,False,False,False,True,False,False,Комнаты не разобраны,оставить,оставить признаки как есть,test
113969,Komple Bina,750000.0,130.0,+,,5,Kocaeli/Kartepe/Emekevler,TRY,750000.0,False,False,False,False,False,False,True,False,False,Комнаты не разобраны,оставить,оставить признаки как есть,train
114685,Komple Bina,750000.0,12.0,+,,4,Kocaeli/Derince/Sırrıpaşa,TRY,750000.0,False,False,True,False,False,False,True,False,False,"Площадь ниже 15 м², Комнаты не разобраны",оставить,площадь → пропуск,train
302088,Daire,750000.0,137.0,3+1,7,2,İzmir/Çiğli/Ataşehir,TRY,750000.0,False,False,False,False,False,True,False,False,False,Этаж выше этажности здания,оставить,оставить признаки как есть; этаж → пропуск,train
310237,Daire,750000.0,137.0,3+1,7,2,İzmir/Çiğli/Ataşehir,TRY,750000.0,False,False,False,False,False,True,False,False,False,Этаж выше этажности здания,оставить,оставить признаки как есть; этаж → пропуск,train
348341,Komple Bina,750000.0,,+,,4,Isparta/Merkez/Pirimehmet,TRY,750000.0,False,False,False,False,False,False,True,False,False,Комнаты не разобраны,оставить,оставить признаки как есть,validation
348531,Komple Bina,750000.0,500.0,+,,4,Isparta/Merkez/Karaağaç,TRY,750000.0,False,False,False,False,False,False,True,False,False,Комнаты не разобраны,оставить,оставить признаки как есть,train
348645,Komple Bina,750000.0,530.0,+,,4,Trabzon/Akçaabat/Yaylacık,TRY,750000.0,False,False,False,False,False,False,True,False,False,Комнаты не разобраны,оставить,оставить признаки как есть,validation
348911,Komple Bina,750000.0,440.0,+,,3,Trabzon/Ortahisar/Fatih,TRY,750000.0,False,False,False,False,False,False,True,False,False,Комнаты не разобраны,оставить,оставить признаки как есть,train
350355,Komple Bina,750000.0,200.0,+,,2,Aksaray/Merkez/Pınar,TRY,750000.0,False,False,False,False,False,False,True,False,False,Комнаты не разобраны,оставить,оставить признаки как есть,validation
356791,Komple Bina,750000.0,110.0,+,,3,Sakarya/Serdivan/Köprübaşı,TRY,750000.0,False,False,False,False,False,False,True,False,False,Комнаты не разобраны,оставить,оставить признаки как есть,train
369951,Çiftlik Evi,750000.0,5600.0,2+1,,1,İzmir/Tire/Akkoyunlu,TRY,750000.0,False,False,False,True,False,False,False,False,False,Площадь выше 3 000 м²,оставить,оставить признаки как есть,train
384204,Komple Bina,750000.0,150.0,+,,3,Osmaniye/Merkez/Raufbey,TRY,750000.0,False,False,False,False,False,False,True,False,False,Комнаты не разобраны,оставить,оставить признаки как есть,test
391197,Komple Bina,750000.0,150.0,+,,3,Osmaniye/Merkez/Raufbey,TRY,750000.0,False,False,False,False,False,False,True,False,False,Комнаты не разобраны,оставить,оставить признаки как есть,test
391201,Komple Bina,750000.0,150.0,+,,3,Osmaniye/Merkez/Raufbey,TRY,750000.0,False,False,False,False,False,False,True,False,False,Комнаты не разобраны,оставить,оставить признаки как есть,test
403198,Komple Bina,750000.0,,+,,,Sakarya/Erenler/Bağlar,TRY,750000.0,False,False,False,False,False,False,True,False,False,Комнаты не разобраны,оставить,оставить признаки как есть,test
35058,Komple Bina,749000.0,,+,,3,Mersin/Toroslar/Arpaçsakarlar,TRY,749000.0,False,False,False,False,False,False,True,False,False,Комнаты не разобраны,оставить,оставить признаки как есть,train
31154,Komple Bina,740000.0,,+,,4,Antalya/Kepez/Teomanpaşa,TRY,740000.0,False,False,False,False,False,False,True,False,False,Комнаты не разобраны,оставить,оставить признаки как есть,train
26096,Komple Bina,735000.0,,+,,2,İzmir/Bayraklı/Postacılar,TRY,735000.0,False,False,False,False,False,False,True,False,False,Комнаты не разобраны,оставить,оставить признаки как есть,train
31446,Komple Bina,735000.0,,+,,2,İzmir/Bayraklı/Postacılar,TRY,735000.0,False,False,False,False,False,False,True,False,False,Комнаты не разобраны,оставить,оставить признаки как есть,train
26758,Komple Bina,730000.0,289.0,+,,4,Mersin/Yenişehir/Hürriyet,TRY,730000.0,False,False,False,False,False,False,True,False,False,Комнаты не разобраны,оставить,оставить признаки как есть,train
27886,Komple Bina,730000.0,289.0,+,,4,Mersin/Yenişehir/Hürriyet,TRY,730000.0,False,False,False,False,False,False,True,False,False,Комнаты не разобраны,оставить,оставить признаки как есть,train
34378,Komple Bina,730000.0,289.0,+,,4,Mersin/Yenişehir/Hürriyet,TRY,730000.0,False,False,False,False,False,False,True,False,False,Комнаты не разобраны,оставить,оставить признаки как есть,train
244972,Daire,730000.0,100.0,3+1,5,2,İstanbul/Bakırköy/Kartaltepe,TRY,730000.0,False,False,False,False,False,True,False,False,False,Этаж выше этажности здания,оставить,оставить признаки как есть; этаж → пропуск,train
383386,Daire,730000.0,,+,,,Konya/Selçuklu/İhsaniye,TRY,730000.0,False,False,False,False,False,False,True,False,False,Комнаты не разобраны,оставить,оставить признаки как есть,validation
7240,Komple Bina,725000.0,100.0,+,,4,Trabzon/Ortahisar/Fatih,TRY,725000.0,False,False,False,False,False,False,True,False,False,Комнаты не разобраны,оставить,оставить признаки как есть,train
96867,Komple Bina,725000.0,,+,,3,Eskişehir/Odunpazarı/Emek,TRY,725000.0,False,False,False,False,False,False,True,False,False,Комнаты не разобраны,оставить,оставить признаки как есть,train
97371,Komple Bina,725000.0,205.0,+,,4,İstanbul/Beyoğlu/Bülbül,TRY,725000.0,False,False,False,False,False,False,True,False,False,Комнаты не разобраны,оставить,оставить признаки как есть,test
109197,Komple Bina,725000.0,110.0,+,,4,Tekirdağ/Kapaklı/Bahçelievler,TRY,725000.0,False,False,False,False,False,False,True,False,False,Комнаты не разобраны,оставить,оставить признаки как есть,train
111993,Komple Bina,725000.0,,+,,4,Sakarya/Adapazarı/Hızırtepe,TRY,725000.0,False,False,False,False,False,False,True,False,False,Комнаты не разобраны,оставить,оставить признаки как есть,train
112509,Komple Bina,725000.0,500.0,+,,4,Kocaeli/Gebze/Köşklü Çeşme,TRY,725000.0,False,False,False,False,False,False,True,False,False,Комнаты не разобраны,оставить,оставить признаки как есть,train
30742,Komple Bina,720000.0,,+,,5,Trabzon/Ortahisar/Konaklar,TRY,720000.0,False,False,False,False,False,False,True,False,False,Комнаты не разобраны,оставить,оставить признаки как есть,train
75187,Daire,720000.0,,2+1,5,4,İstanbul/Maltepe/Feyzullah,TRY,720000.0,False,False,False,False,False,True,False,False,False,Этаж выше этажности здания,оставить,оставить признаки как есть; этаж → пропуск,train
96501,Komple Bina,720000.0,155.0,+,,4,Adıyaman/Merkez/Yeni,TRY,720000.0,False,False,False,False,False,False,True,False,False,Комнаты не разобраны,оставить,оставить признаки как есть,train
107469,Komple Bina,720000.0,120.0,+,,3,İstanbul/Beykoz/İncirköy,TRY,720000.0,False,False,False,False,False,False,True,False,False,Комнаты не разобраны,оставить,оставить признаки как есть,train
109903,Komple Bina,720000.0,420.0,+,,5,İstanbul/Tuzla/Şifa,TRY,720000.0,False,False,False,False,False,False,True,False,False,Комнаты не разобраны,оставить,оставить признаки как есть,test
110127,Komple Bina,720000.0,,+,,3,Sakarya/Serdivan/Arabacıalanı,TRY,720000.0,False,False,False,False,False,False,True,False,False,Комнаты не разобраны,оставить,оставить признаки как есть,train
113791,Komple Bina,720000.0,70.0,+,,3,Sakarya/Serdivan/Arabacıalanı,TRY,720000.0,False,False,False,False,False,False,True,False,False,Комнаты не разобраны,оставить,оставить признаки как есть,train
114953,Komple Bina,720000.0,120.0,+,,3,İstanbul/Beykoz/İncirköy,TRY,720000.0,False,False,False,False,False,False,True,False,False,Комнаты не разобраны,оставить,оставить признаки как есть,train
252134,Daire,720000.0,,2+1,5,4,İstanbul/Maltepe/Feyzullah,TRY,720000.0,False,False,False,False,False,True,False,False,False,Этаж выше этажности здания,оставить,оставить признаки как есть; этаж → пропуск,train
381039,Daire,720000.0,230.0,4+1,4,3,Aydın/Kuşadası/Türkmen,TRY,720000.0,False,False,False,False,False,True,False,False,False,Этаж выше этажности здания,оставить,оставить признаки как есть; этаж → пропуск,train
393525,Komple Bina,720000.0,,+,,,Sakarya/Erenler/Dilmen,TRY,720000.0,False,False,False,False,False,False,True,False,False,Комнаты не разобраны,оставить,оставить признаки как есть,train
322756,Daire,719000.0,160.0,3+1,13,10,İstanbul/Küçükçekmece/Atakent,TRY,719000.0,False,False,False,False,False,True,False,False,False,Этаж выше этажности здания,оставить,оставить признаки как есть; этаж → пропуск,test
370915,Komple Bina,719000.0,1200.0,+,,5,Kütahya/Domaniç/Hasantepe,TRY,719000.0,False,False,False,False,False,False,True,False,False,Комнаты не разобраны,оставить,оставить признаки как есть,train
110051,Komple Bina,715000.0,105.0,+,,5,İstanbul/Sultangazi/Esentepe,TRY,715000.0,False,False,False,False,False,False,True,False,False,Комнаты не разобраны,оставить,оставить признаки как есть,train
112861,Komple Bina,715000.0,,+,,1,İzmir/Karşıyaka/Bostanlı,TRY,715000.0,False,False,False,False,False,False,True,False,False,Комнаты не разобраны,оставить,оставить признаки как есть,test
28572,Komple Bina,700000.0,90.0,+,,3,Antalya/Döşemealtı/Yeniköy,TRY,700000.0,False,False,False,False,False,False,True,False,False,Комнаты не разобраны,оставить,оставить признаки как есть,test
90905,Komple Bina,700000.0,,+,,3,Kayseri/Kocasinan/Yeni,TRY,700000.0,False,False,False,False,False,False,True,False,False,Комнаты не разобраны,оставить,оставить признаки как есть,test
91943,Komple Bina,700000.0,1417.0,+,,2,Konya/Meram/Hatıp,TRY,700000.0,False,False,False,False,False,False,True,False,False,Комнаты не разобраны,оставить,оставить признаки как есть,train
93739,Komple Bina,700000.0,320.0,+,,3,Bursa/Nilüfer/Kültür,TRY,700000.0,False,False,False,False,False,False,True,False,False,Комнаты не разобраны,оставить,оставить признаки как есть,test
99495,Komple Bina,700000.0,112.0,+,,5,İstanbul/Sultangazi/Esentepe,TRY,700000.0,False,False,False,False,False,False,True,False,False,Комнаты не разобраны,оставить,оставить признаки как есть,train
105739,Komple Bina,700000.0,250.0,+,,2,Afyonkarahisar/Merkez/Osman Gazi,TRY,700000.0,False,False,False,False,False,False,True,False,False,Комнаты не разобраны,оставить,оставить признаки как есть,test
107341,Komple Bina,700000.0,320.0,+,,3,Bursa/Nilüfer/Kültür,TRY,700000.0,False,False,False,False,False,False,True,False,False,Комнаты не разобраны,оставить,оставить признаки как есть,test
108709,Komple Bina,700000.0,98.0,+,,2,İzmir/Buca/Yenigün,TRY,700000.0,False,False,False,False,False,False,True,False,False,Комнаты не разобраны,оставить,оставить признаки как есть,train
109065,Komple Bina,700000.0,,+,,3,Afyonkarahisar/Merkez/Orhangazi,TRY,700000.0,False,False,False,False,False,False,True,False,False,Комнаты не разобраны,оставить,оставить признаки как есть,train
109925,Komple Bina,700000.0,95.0,+,,2,İzmir/Buca/Yenigün,TRY,700000.0,False,False,False,False,False,False,True,False,False,Комнаты не разобраны,оставить,оставить признаки как есть,train
112103,Komple Bina,700000.0,320.0,+,,3,Bursa/Nilüfer/Kültür,TRY,700000.0,False,False,False,False,False,False,True,False,False,Комнаты не разобраны,оставить,оставить признаки как есть,test
182075,Daire,700000.0,130.0,3+1,2,1,Ankara/Altındağ/Çamlık,TRY,700000.0,False,False,False,False,False,True,False,False,False,Этаж выше этажности здания,оставить,оставить признаки как есть; этаж → пропуск,test
349889,Komple Bina,700000.0,749.0,+,,3,Eskişehir/Mahmudiye/Işıklar,TRY,700000.0,False,False,False,False,False,False,True,False,False,Комнаты не разобраны,оставить,оставить признаки как есть,train
376720,Komple Bina,700000.0,,+,,2,Muğla/Ortaca/Karaburun,TRY,700000.0,False,False,False,False,False,False,True,False,False,Комнаты не разобраны,оставить,оставить признаки как есть,train
378104,Komple Bina,700000.0,,+,,2,Muğla/Ortaca/Karaburun,TRY,700000.0,False,False,False,False,False,False,True,False,False,Комнаты не разобраны,оставить,оставить признаки как есть,train
388382,Yazlık,700000.0,7950.0,+,,,Bursa/Nilüfer/Görükle,TRY,700000.0,False,False,False,True,False,False,True,False,False,"Площадь выше 3 000 м², Комнаты не разобраны",оставить,оставить признаки как есть,train
389825,Komple Bina,700000.0,85.0,+,,4,İzmir/Bayraklı/Manavkuyu,TRY,700000.0,False,False,False,False,False,False,True,False,False,Комнаты не разобраны,оставить,оставить признаки как есть,train
390597,Komple Bina,700000.0,,+,,2,Muğla/Ortaca/Karaburun,TRY,700000.0,False,False,False,False,False,False,True,False,False,Комнаты не разобраны,оставить,оставить признаки как есть,train
391538,Daire,700000.0,,+,,,Aydın/Nazilli/Altıntaş,TRY,700000.0,False,False,False,False,False,False,True,False,False,Комнаты не разобраны,оставить,оставить признаки как есть,train
392055,Komple Bina,700000.0,,+,,,İzmir/Menemen/Yeşil Pınar,TRY,700000.0,False,False,False,False,False,False,True,False,False,Комнаты не разобраны,оставить,оставить признаки как есть,train
402062,Komple Bina,700000.0,,+,,,İzmir/Menemen/Yeşil Pınar,TRY,700000.0,False,False,False,False,False,False,True,False,False,Комнаты не разобраны,оставить,оставить признаки как есть,train
24030,Komple Bina,699000.0,,+,,3,Aydın/Didim/Mavişehir,TRY,699000.0,False,False,False,False,False,False,True,False,False,Комнаты не разобраны,оставить,оставить признаки как есть,train
26364,Komple Bina,695000.0,255.0,+,,3,Adana/Seyhan/Kocavezir,TRY,695000.0,False,False,False,False,False,False,True,False,False,Комнаты не разобраны,оставить,оставить признаки как есть,train
28416,Komple Bina,695000.0,255.0,+,,3,Adana/Seyhan/Kocavezir,TRY,695000.0,False,False,False,False,False,False,True,False,False,Комнаты не разобраны,оставить,оставить признаки как есть,train
29800,Komple Bina,695000.0,255.0,+,,3,Adana/Seyhan/Kocavezir,TRY,695000.0,False,False,False,False,False,False,True,False,False,Комнаты не разобраны,оставить,оставить признаки как есть,train
30912,Komple Bina,695000.0,255.0,+,,3,Adana/Seyhan/Kocavezir,TRY,695000.0,False,False,False,False,False,False,True,False,False,Комнаты не разобраны,оставить,оставить признаки как есть,train
32740,Komple Bina,695000.0,255.0,+,,3,Adana/Seyhan/Kocavezir,TRY,695000.0,False,False,False,False,False,False,True,False,False,Комнаты не разобраны,оставить,оставить признаки как есть,train
34618,Komple Bina,695000.0,255.0,+,,3,Adana/Seyhan/Kocavezir,TRY,695000.0,False,False,False,False,False,False,True,False,False,Комнаты не разобраны,оставить,оставить признаки как есть,train
34632,Komple Bina,695000.0,255.0,+,,3,Adana/Seyhan/Kocavezir,TRY,695000.0,False,False,False,False,False,False,True,False,False,Комнаты не разобраны,оставить,оставить признаки как есть,train
6866,Komple Bina,690000.0,,+,,3,İstanbul/Beyoğlu/Bostan,TRY,690000.0,False,False,False,False,False,False,True,False,False,Комнаты не разобраны,оставить,оставить признаки как есть,train
99455,Komple Bina,690000.0,,+,,4,Denizli/Merkezefendi/Gültepe,TRY,690000.0,False,False,False,False,False,False,True,False,False,Комнаты не разобраны,оставить,оставить признаки как есть,train
349049,Komple Bina,690000.0,,+,,7,Kocaeli/İzmit/Serdar,TRY,690000.0,False,False,False,False,False,False,True,False,False,Комнаты не разобраны,оставить,оставить признаки как есть,train
402723,Villa,690000.0,,+,,,İzmir/Menemen/9 Eylül,TRY,690000.0,False,False,False,False,False,False,True,False,False,Комнаты не разобраны,оставить,оставить признаки как есть,validation
99037,Komple Bina,685000.0,,+,,4,Tekirdağ/Kapaklı/Bahçelievler,TRY,685000.0,False,False,False,False,False,False,True,False,False,Комнаты не разобраны,оставить,оставить признаки как есть,train
111433,Komple Bina,685000.0,,+,,4,Tekirdağ/Kapaklı/Bahçelievler,TRY,685000.0,False,False,False,False,False,False,True,False,False,Комнаты не разобраны,оставить,оставить признаки как есть,train
91221,Komple Bina,680000.0,,+,,3,Denizli/Pamukkale/Kayıhan,TRY,680000.0,False,False,False,False,False,False,True,False,False,Комнаты не разобраны,оставить,оставить признаки как есть,train
93259,Komple Bina,680000.0,100.0,+,,2,Kocaeli/Körfez/Çamlıtepe,TRY,680000.0,False,False,False,False,False,False,True,False,False,Комнаты не разобраны,оставить,оставить признаки как есть,train
292246,Daire,680000.0,2.0,2+1,2,6,İstanbul/Şişli/19 Mayıs,TRY,680000.0,False,False,True,False,False,False,False,False,False,Площадь ниже 15 м²,оставить,площадь → пропуск,train
363857,Çiftlik Evi,680000.0,4.0,3+1,,1,Kayseri/Kocasinan/Buğdaylı,TRY,680000.0,False,False,True,False,False,False,False,False,False,Площадь ниже 15 м²,оставить,площадь → пропуск,validation
363971,Çiftlik Evi,680000.0,4.0,3+1,,1,Kayseri/Kocasinan/Buğdaylı,TRY,680000.0,False,False,True,False,False,False,False,False,False,Площадь ниже 15 м²,оставить,площадь → пропуск,validation
370717,Komple Bina,680000.0,,+,,3,Nevşehir/Merkez/Mehmet Akif Ersoy,TRY,680000.0,False,False,False,False,False,False,True,False,False,Комнаты не разобраны,оставить,оставить признаки как есть,train
392275,Komple Bina,680000.0,,+,,4,Bursa/Yıldırım/Beyazıt,TRY,680000.0,False,False,False,False,False,False,True,False,False,Комнаты не разобраны,оставить,оставить признаки как есть,train
17652,Komple Bina,675000.0,,+,,4,Afyonkarahisar/Şuhut/Kurtuluş,TRY,675000.0,False,False,False,False,False,False,True,False,False,Комнаты не разобраны,оставить,оставить признаки как есть,train
91609,Komple Bina,675000.0,90.0,+,,1,İstanbul/Silivri/Sancaktepe,TRY,675000.0,False,False,False,False,False,False,True,False,False,Комнаты не разобраны,оставить,оставить признаки как есть,test
95245,Komple Bina,675000.0,180.0,+,,2,Eskişehir/Tepebaşı/Işıklar,TRY,675000.0,False,False,False,False,False,False,True,False,False,Комнаты не разобраны,оставить,оставить признаки как есть,validation
111291,Komple Bina,675000.0,620.0,+,,5,İstanbul/Bahçelievler/Kocasinan Merkez,TRY,675000.0,False,False,False,False,False,False,True,False,False,Комнаты не разобраны,оставить,оставить признаки как есть,train
111477,Komple Bina,675000.0,265.0,+,,3,Samsun/Atakum/Mimarsinan,TRY,675000.0,False,False,False,False,False,False,True,False,False,Комнаты не разобраны,оставить,оставить признаки как есть,train
248982,Daire,675000.0,,4+1,5,2,Kocaeli/Gebze/Osman Yılmaz,TRY,675000.0,False,False,False,False,False,True,False,False,False,Этаж выше этажности здания,оставить,оставить признаки как есть; этаж → пропуск,validation
381388,Komple Bina,675000.0,,+,,,Sakarya/Adapazarı/Kurtuluş,TRY,675000.0,False,False,False,False,False,False,True,False,False,Комнаты не разобраны,оставить,оставить признаки как есть,validation
27498,Daire,670000.0,,3+1,10,7,Manisa/Yunusemre/Güzelyurt,TRY,670000.0,False,False,False,False,False,True,False,False,False,Этаж выше этажности здания,оставить,оставить признаки как есть; этаж → пропуск,test
96979,Komple Bina,670000.0,,+,,5,Bursa/Yıldırım/Baruthane,TRY,670000.0,False,False,False,False,False,False,True,False,False,Комнаты не разобраны,оставить,оставить признаки как есть,train
114285,Komple Bina,669000.0,300.0,+,,3,Sakarya/Adapazarı/Tuzla,TRY,669000.0,False,False,False,False,False,False,True,False,False,Комнаты не разобраны,оставить,оставить признаки как есть,train
342050,Daire,660451.0214,102265.0,10+0,Bahçe katı,7,Ankara/Elmadağ/Hasanoğlan Havuzbaşı,USD,122222.0,False,False,False,True,True,False,False,False,False,"Площадь выше 3 000 м², Площадь выше 100 000 м²",оставить,площадь → пропуск,train
93815,Komple Bina,660000.0,,+,,3,Kocaeli/Başiskele/Vezirçiftliği,TRY,660000.0,False,False,False,False,False,False,True,False,False,Комнаты не разобраны,оставить,оставить признаки как есть,train
109073,Komple Bina,660000.0,115.0,+,,2,İzmir/Buca/Fırat,TRY,660000.0,False,False,False,False,False,False,True,False,False,Комнаты не разобраны,оставить,оставить признаки как есть,train
109545,Komple Bina,660000.0,115.0,+,,2,İzmir/Buca/Fırat,TRY,660000.0,False,False,False,False,False,False,True,False,False,Комнаты не разобраны,оставить,оставить признаки как есть,train
112423,Komple Bina,660000.0,400.0,+,,3,Nevşehir/Merkez/Bahçelievler,TRY,660000.0,False,False,False,False,False,False,True,False,False,Комнаты не разобраны,оставить,оставить признаки как есть,train
307014,Daire,660000.0,165.0,4+1,4,3,Aydın/Kuşadası/Ege,TRY,660000.0,False,False,False,False,False,True,False,False,False,Этаж выше этажности здания,оставить,оставить признаки как есть; этаж → пропуск,train
352867,Müstakil Ev,660000.0,1.0,6+2,Müstakil,2,Muğla/Marmaris/Hisarönü,TRY,660000.0,False,False,True,False,False,False,False,False,False,Площадь ниже 15 м²,оставить,площадь → пропуск,train
846,Komple Bina,650000.0,100.0,+,,3,Balıkesir/Ayvalık/İsmetpaşa,TRY,650000.0,False,False,False,False,False,False,True,False,False,Комнаты не разобраны,оставить,оставить признаки как есть,train
18084,Müstakil Ev,650000.0,3.0,3+1,Müstakil,2,Çanakkale/Ayvacık/Tuzla Köyü,TRY,650000.0,False,False,True,False,False,False,False,False,False,Площадь ниже 15 м²,оставить,площадь → пропуск,train
18226,Müstakil Ev,650000.0,3.0,3+1,Müstakil,2,Çanakkale/Ayvacık/Tuzla Köyü,TRY,650000.0,False,False,True,False,False,False,False,False,False,Площадь ниже 15 м²,оставить,площадь → пропуск,train
18558,Müstakil Ev,650000.0,3.0,3+1,Müstakil,2,Çanakkale/Ayvacık/Tuzla Köyü,TRY,650000.0,False,False,True,False,False,False,False,False,False,Площадь ниже 15 м²,оставить,площадь → пропуск,train
25870,Komple Bina,650000.0,,+,,2,Antalya/Kepez/Ayanoğlu,TRY,650000.0,False,False,False,False,False,False,True,False,False,Комнаты не разобраны,оставить,оставить признаки как есть,train
28598,Çiftlik Evi,650000.0,3500.0,2+1,,1,Aydın/Didim/Akköy,TRY,650000.0,False,False,False,True,False,False,False,False,False,Площадь выше 3 000 м²,оставить,оставить признаки как есть,validation
29150,Çiftlik Evi,650000.0,3500.0,2+1,,1,Aydın/Didim/Akköy,TRY,650000.0,False,False,False,True,False,False,False,False,False,Площадь выше 3 000 м²,оставить,оставить признаки как есть,validation
30568,Çiftlik Evi,650000.0,4049.0,3+1,,1,Muğla/Menteşe/Orhaniye,TRY,650000.0,False,False,False,True,False,False,False,False,False,Площадь выше 3 000 м²,оставить,оставить признаки как есть,train
31828,Çiftlik Evi,650000.0,3500.0,2+1,,1,Aydın/Didim/Akköy,TRY,650000.0,False,False,False,True,False,False,False,False,False,Площадь выше 3 000 м²,оставить,оставить признаки как есть,validation
39463,Villa,650000.0,1.0,3+1,Müstakil,2,Aydın/Didim/Efeler,TRY,650000.0,False,False,True,False,False,False,False,False,False,Площадь ниже 15 м²,оставить,площадь → пропуск,train
40009,Villa,650000.0,1.0,3+1,Müstakil,2,Aydın/Didim/Efeler,TRY,650000.0,False,False,True,False,False,False,False,False,False,Площадь ниже 15 м²,оставить,площадь → пропуск,train
42809,Villa,650000.0,1.0,3+1,Müstakil,2,Aydın/Didim/Efeler,TRY,650000.0,False,False,True,False,False,False,False,False,False,Площадь ниже 15 м²,оставить,площадь → пропуск,train
51743,Daire,650000.0,90.0,2+1,3,2,İstanbul/Sarıyer/Maden,TRY,650000.0,False,False,False,False,False,True,False,False,False,Этаж выше этажности здания,оставить,оставить признаки как есть; этаж → пропуск,validation
92625,Komple Bina,650000.0,,+,,3,Balıkesir/Bandırma/Paşakonak,TRY,650000.0,False,False,False,False,False,False,True,False,False,Комнаты не разобраны,оставить,оставить признаки как есть,train
94055,Komple Bina,650000.0,,+,,3,Sakarya/Adapazarı/Ozanlar,TRY,650000.0,False,False,False,False,False,False,True,False,False,Комнаты не разобраны,оставить,оставить признаки как есть,train
94307,Komple Bina,650000.0,367.0,+,,3,Kocaeli/Derince/Mersincik,TRY,650000.0,False,False,False,False,False,False,True,False,False,Комнаты не разобраны,оставить,оставить признаки как есть,train
94353,Komple Bina,650000.0,,+,,3,İstanbul/Şişli/İnönü,TRY,650000.0,False,False,False,False,False,False,True,False,False,Комнаты не разобраны,оставить,оставить признаки как есть,train
94803,Komple Bina,650000.0,,+,,3,Burdur/Merkez/Zafer,TRY,650000.0,False,False,False,False,False,False,True,False,False,Комнаты не разобраны,оставить,оставить признаки как есть,validation
97125,Komple Bina,650000.0,,+,,2,Tekirdağ/Ergene/Velimeşe,TRY,650000.0,False,False,False,False,False,False,True,False,False,Комнаты не разобраны,оставить,оставить признаки как есть,train
97165,Komple Bina,650000.0,,+,,4,Kocaeli/Gebze/Mimar Sinan,TRY,650000.0,False,False,False,False,False,False,True,False,False,Комнаты не разобраны,оставить,оставить признаки как есть,validation
98551,Komple Bina,650000.0,,+,,4,Kocaeli/Gebze/Mimar Sinan,TRY,650000.0,False,False,False,False,False,False,True,False,False,Комнаты не разобраны,оставить,оставить признаки как есть,validation
104623,Komple Bina,650000.0,,+,,4,Kocaeli/Gebze/Mimar Sinan,TRY,650000.0,False,False,False,False,False,False,True,False,False,Комнаты не разобраны,оставить,оставить признаки как есть,validation
105379,Komple Bina,650000.0,,+,,2,Tekirdağ/Ergene/Velimeşe,TRY,650000.0,False,False,False,False,False,False,True,False,False,Комнаты не разобраны,оставить,оставить признаки как есть,train
105925,Komple Bina,650000.0,398.0,+,,4,Burdur/Merkez/Aydınlıkevler,TRY,650000.0,False,False,False,False,False,False,True,False,False,Комнаты не разобраны,оставить,оставить признаки как есть,train
106517,Komple Bina,650000.0,,+,,4,Kocaeli/Gebze/Mimar Sinan,TRY,650000.0,False,False,False,False,False,False,True,False,False,Комнаты не разобраны,оставить,оставить признаки как есть,validation
107081,Komple Bina,650000.0,,+,,2,Tekirdağ/Ergene/Velimeşe,TRY,650000.0,False,False,False,False,False,False,True,False,False,Комнаты не разобраны,оставить,оставить признаки как есть,train
107861,Komple Bina,650000.0,,+,,5,Tekirdağ/Çorlu/Cemaliye,TRY,650000.0,False,False,False,False,False,False,True,False,False,Комнаты не разобраны,оставить,оставить признаки как есть,train
109219,Komple Bina,650000.0,190.0,+,,5,Erzurum/Yakutiye/Lalapaşa,TRY,650000.0,False,False,False,False,False,False,True,False,False,Комнаты не разобраны,оставить,оставить признаки как есть,train
112037,Komple Bina,650000.0,100.0,+,,5,İstanbul/Arnavutköy/İslambey,TRY,650000.0,False,False,False,False,False,False,True,False,False,Комнаты не разобраны,оставить,оставить признаки как есть,validation
112905,Komple Bina,650000.0,45.0,+,,4,İstanbul/Fatih/Koca Mustafapaşa,TRY,650000.0,False,False,False,False,False,False,True,False,False,Комнаты не разобраны,оставить,оставить признаки как есть,test
114249,Komple Bina,650000.0,,+,,2,Tekirdağ/Ergene/Velimeşe,TRY,650000.0,False,False,False,False,False,False,True,False,False,Комнаты не разобраны,оставить,оставить признаки как есть,train
232677,Daire,650000.0,,4+1,4,3,Bursa/Nilüfer/Cumhuriyet,TRY,650000.0,False,False,False,False,False,True,False,False,False,Этаж выше этажности здания,оставить,оставить признаки как есть; этаж → пропуск,test
283207,Daire,650000.0,2.0,4+1,2,5,İzmir/Karşıyaka/Şemikler,TRY,650000.0,False,False,True,False,False,False,False,False,False,Площадь ниже 15 м²,оставить,площадь → пропуск,validation
314819,Daire,650000.0,,+,4,10-20 arası,İstanbul/Başakşehir/Bahçeşehir 2. Kısım,TRY,650000.0,False,False,False,False,False,False,True,False,False,Комнаты не разобраны,оставить,оставить признаки как есть,train
321723,Rezidans,650000.0,125.0,2+1,6,1,İstanbul/Kadıköy/Fikirtepe,TRY,650000.0,False,False,False,False,False,True,False,False,False,Этаж выше этажности здания,оставить,оставить признаки как есть; этаж → пропуск,train
348395,Komple Bina,650000.0,350.0,+,,4,Kastamonu/Merkez/Akmescit,TRY,650000.0,False,False,False,False,False,False,True,False,False,Комнаты не разобраны,оставить,оставить признаки как есть,test
348599,Komple Bina,650000.0,435.0,+,,3,Balıkesir/Edremit/Altınkum,TRY,650000.0,False,False,False,False,False,False,True,False,False,Комнаты не разобраны,оставить,оставить признаки как есть,train
378430,Komple Bina,650000.0,,+,,5,Artvin/Borçka/Merkez,TRY,650000.0,False,False,False,False,False,False,True,False,False,Комнаты не разобраны,оставить,оставить признаки как есть,validation
380390,Villa,650000.0,,+,,,Aydın/Didim/Mavişehir,TRY,650000.0,False,False,False,False,False,False,True,False,False,Комнаты не разобраны,оставить,оставить признаки как есть,validation
386486,Komple Bina,650000.0,125.0,+,,2,Muğla/Köyceğiz/Toparlar,TRY,650000.0,False,False,False,False,False,False,True,False,False,Комнаты не разобраны,оставить,оставить признаки как есть,validation
390458,Çiftlik Evi,650000.0,,+,,,Balıkesir/Edremit/Altınoluk,TRY,650000.0,False,False,False,False,False,False,True,False,False,Комнаты не разобраны,оставить,оставить признаки как есть,train
392302,Komple Bina,650000.0,90.0,+,,3,Trabzon/Ortahisar/Toklu,TRY,650000.0,False,False,False,False,False,False,True,False,False,Комнаты не разобраны,оставить,оставить признаки как есть,train
403401,Müstakil Ev,650000.0,,+,,,Aydın/Didim/Çamlık,TRY,650000.0,False,False,False,False,False,False,True,False,False,Комнаты не разобраны,оставить,оставить признаки как есть,train
24553,Villa,649000.0,1.0,3+1,Müstakil,2,Aydın/Didim/Altınkum,TRY,649000.0,False,False,True,False,False,False,False,False,False,Площадь ниже 15 м²,оставить,площадь → пропуск,test
37264,Villa,649000.0,1.0,4+1,Müstakil,2,Aydın/Didim/Efeler,TRY,649000.0,False,False,True,False,False,False,False,False,False,Площадь ниже 15 м²,оставить,площадь → пропуск,train
39443,Villa,649000.0,1.0,4+1,Müstakil,2,Aydın/Didim/Efeler,TRY,649000.0,False,False,True,False,False,False,False,False,False,Площадь ниже 15 м²,оставить,площадь → пропуск,train
41959,Villa,649000.0,1.0,3+1,Müstakil,2,Aydın/Didim/Altınkum,TRY,649000.0,False,False,True,False,False,False,False,False,False,Площадь ниже 15 м²,оставить,площадь → пропуск,test
42840,Villa,649000.0,1.0,4+1,Müstakil,2,Aydın/Didim/Efeler,TRY,649000.0,False,False,True,False,False,False,False,False,False,Площадь ниже 15 м²,оставить,площадь → пропуск,train
86582,Villa,649000.0,1.0,3+1,Müstakil,2,Aydın/Didim/Altınkum,TRY,649000.0,False,False,True,False,False,False,False,False,False,Площадь ниже 15 м²,оставить,площадь → пропуск,test
349231,Komple Bina,649000.0,,+,,3,İzmir/Menderes/Kemalpaşa,TRY,649000.0,False,False,False,False,False,False,True,False,False,Комнаты не разобраны,оставить,оставить признаки как есть,train
350445,Komple Bina,649000.0,,+,,3,İzmir/Menderes/Kemalpaşa,TRY,649000.0,False,False,False,False,False,False,True,False,False,Комнаты не разобраны,оставить,оставить признаки как есть,train
95528,Daire,640000.0,120.0,3+1,15,3,İstanbul/Bağcılar/Güneşli,TRY,640000.0,False,False,False,False,False,True,False,False,False,Этаж выше этажности здания,оставить,оставить признаки как есть; этаж → пропуск,train
49112,Daire,635000.0,80.0,2+1,5,1,Antalya/Konyaaltı/Liman,TRY,635000.0,False,False,False,False,False,True,False,False,False,Этаж выше этажности здания,оставить,оставить признаки как есть; этаж → пропуск,validation
1850,Komple Bina,630000.0,272.0,+,,2,İzmir/Karabağlar/Sarıyer,TRY,630000.0,False,False,False,False,False,False,True,False,False,Комнаты не разобраны,оставить,оставить признаки как есть,test
22671,Villa,630000.0,200.0,3+1,4,3,Aydın/Didim/Altınkum,TRY,630000.0,False,False,False,False,False,True,False,False,False,Этаж выше этажности здания,оставить,оставить признаки как есть; этаж → пропуск,train
26645,Villa,630000.0,200.0,3+1,4,3,Aydın/Didim/Altınkum,TRY,630000.0,False,False,False,False,False,True,False,False,False,Этаж выше этажности здания,оставить,оставить признаки как есть; этаж → пропуск,train
75610,Villa,630000.0,200.0,3+1,4,3,Aydın/Didim/Altınkum,TRY,630000.0,False,False,False,False,False,True,False,False,False,Этаж выше этажности здания,оставить,оставить признаки как есть; этаж → пропуск,train
61195,Daire,625000.0,100.0,2+1,2,1,Muğla/Marmaris/Kemeraltı,TRY,625000.0,False,False,False,False,False,True,False,False,False,Этаж выше этажности здания,оставить,оставить признаки как есть; этаж → пропуск,train
61296,Villa,625000.0,,3+1,2,1,Aydın/Kuşadası/Karaova,TRY,625000.0,False,False,False,False,False,True,False,False,False,Этаж выше этажности здания,оставить,оставить признаки как есть; этаж → пропуск,train
91515,Komple Bina,625000.0,190.0,+,,2,Eskişehir/Tepebaşı/Sazova,TRY,625000.0,False,False,False,False,False,False,True,False,False,Комнаты не разобраны,оставить,оставить признаки как есть,validation
350181,Komple Bina,625000.0,143.0,+,,3,Trabzon/Ortahisar/Pazarkapı,TRY,625000.0,False,False,False,False,False,False,True,False,False,Комнаты не разобраны,оставить,оставить признаки как есть,train
351300,Müstakil Ev,625000.0,2.0,5+2,Müstakil,2,Kayseri/Kocasinan/Mimarsinan,TRY,625000.0,False,False,True,False,False,False,False,False,False,Площадь ниже 15 м²,оставить,площадь → пропуск,validation
389082,Komple Bina,625000.0,200.0,+,,,İstanbul/Sultangazi/Habibler,TRY,625000.0,False,False,False,False,False,False,True,False,False,Комнаты не разобраны,оставить,оставить признаки как есть,validation
7088,Komple Bina,620000.0,,+,,3,Afyonkarahisar/Merkez/Nazmi Saatçi,TRY,620000.0,False,False,False,False,False,False,True,False,False,Комнаты не разобраны,оставить,оставить признаки как есть,test
8108,Komple Bina,620000.0,,+,,3,Afyonkarahisar/Merkez/Nazmi Saatçi,TRY,620000.0,False,False,False,False,False,False,True,False,False,Комнаты не разобраны,оставить,оставить признаки как есть,test
35936,Daire,620000.0,1.0,3+1,3,3,Aydın/Didim/Mavişehir,TRY,620000.0,False,False,True,False,False,False,False,False,False,Площадь ниже 15 м²,оставить,площадь → пропуск,train
37130,Daire,620000.0,1.0,3+1,3,3,Aydın/Didim/Mavişehir,TRY,620000.0,False,False,True,False,False,False,False,False,False,Площадь ниже 15 м²,оставить,площадь → пропуск,train
59372,Daire,620000.0,99.0,2+1,8,6,Antalya/Alanya/Tosmur,TRY,620000.0,False,False,False,False,False,True,False,False,False,Этаж выше этажности здания,оставить,оставить признаки как есть; этаж → пропуск,validation
85432,Daire,620000.0,1.0,3+1,Çatı Katı,2,Aydın/Didim/Mavişehir,TRY,620000.0,False,False,True,False,False,False,False,False,False,Площадь ниже 15 м²,оставить,площадь → пропуск,train
86570,Daire,620000.0,1.0,3+1,Çatı Katı,2,Aydın/Didim/Mavişehir,TRY,620000.0,False,False,True,False,False,False,False,False,False,Площадь ниже 15 м²,оставить,площадь → пропуск,train
86737,Daire,620000.0,1.0,3+1,Çatı Katı,2,Aydın/Didim/Mavişehir,TRY,620000.0,False,False,True,False,False,False,False,False,False,Площадь ниже 15 м²,оставить,площадь → пропуск,train
86767,Daire,620000.0,1.0,3+1,Çatı Katı,2,Aydın/Didim/Mavişehir,TRY,620000.0,False,False,True,False,False,False,False,False,False,Площадь ниже 15 м²,оставить,площадь → пропуск,train
97115,Komple Bina,620000.0,87.0,+,,4,İstanbul/Gaziosmanpaşa/Bağlarbaşı,TRY,620000.0,False,False,False,False,False,False,True,False,False,Комнаты не разобраны,оставить,оставить признаки как есть,train
379620,Daire,620000.0,,+,,,İzmir/Karabağlar/Arap Hasan,TRY,620000.0,False,False,False,False,False,False,True,False,False,Комнаты не разобраны,оставить,оставить признаки как есть,train
94226,Daire,615000.0,195.0,4+1,13,6,Ankara/Çankaya/Yaşamkent,TRY,615000.0,False,False,False,False,False,True,False,False,False,Этаж выше этажности здания,оставить,оставить признаки как есть; этаж → пропуск,train
113121,Komple Bina,615000.0,,+,,2,Kocaeli/Darıca/Kazım Karabekir,TRY,615000.0,False,False,False,False,False,False,True,False,False,Комнаты не разобраны,оставить,оставить признаки как есть,validation
348705,Komple Bina,615000.0,,+,,5,Niğde/Merkez/Efendibey,TRY,615000.0,False,False,False,False,False,False,True,False,False,Комнаты не разобраны,оставить,оставить признаки как есть,test
349613,Komple Bina,615000.0,,+,,5,Niğde/Merkez/Efendibey,TRY,615000.0,False,False,False,False,False,False,True,False,False,Комнаты не разобраны,оставить,оставить признаки как есть,test
350159,Komple Bina,615000.0,,+,,5,Niğde/Merkez/Efendibey,TRY,615000.0,False,False,False,False,False,False,True,False,False,Комнаты не разобраны,оставить,оставить признаки как есть,test
350219,Komple Bina,615000.0,,+,,5,Niğde/Merkez/Efendibey,TRY,615000.0,False,False,False,False,False,False,True,False,False,Комнаты не разобраны,оставить,оставить признаки как есть,test
3959,Daire,603787.439,43818.0,2+1,18,1,Elazığ/Merkez/Değirmenönü Köyü,EUR,100222.0,False,False,False,True,False,True,False,False,False,"Площадь выше 3 000 м², Этаж выше этажности здания",оставить,площадь → пропуск; этаж → пропуск,train
7630,Komple Bina,600000.0,600.0,+,,5,Tekirdağ/Ergene/Sağlık,TRY,600000.0,False,False,False,False,False,False,True,False,False,Комнаты не разобраны,оставить,оставить признаки как есть,train
25427,Daire,600000.0,220.0,5+1,13,10,Antalya/Muratpaşa/Çağlayan,TRY,600000.0,False,False,False,False,False,True,False,False,False,Этаж выше этажности здания,оставить,оставить признаки как есть; этаж → пропуск,train
33314,Komple Bina,600000.0,95.0,+,,4,İzmir/Bayraklı/Çiçek,TRY,600000.0,False,False,False,False,False,False,True,False,False,Комнаты не разобраны,оставить,оставить признаки как есть,test
92441,Komple Bina,600000.0,450.0,+,,2,Tekirdağ/Ergene/Marmaracık,TRY,600000.0,False,False,False,False,False,False,True,False,False,Комнаты не разобраны,оставить,оставить признаки как есть,train
103795,Komple Bina,600000.0,,+,,10-20 arası,Sakarya/Serdivan/Kazımpaşa,TRY,600000.0,False,False,False,False,False,False,True,False,False,Комнаты не разобраны,оставить,оставить признаки как есть,train
104575,Komple Bina,600000.0,,+,,4,Kocaeli/Gölcük/Şehitler,TRY,600000.0,False,False,False,False,False,False,True,False,False,Комнаты не разобраны,оставить,оставить признаки как есть,train
106531,Komple Bina,600000.0,,+,,3,Bursa/Gürsu/Kurtuluş,TRY,600000.0,False,False,False,False,False,False,True,False,False,Комнаты не разобраны,оставить,оставить признаки как есть,train
106603,Komple Bina,600000.0,,+,,4,Kocaeli/Gölcük/Şehitler,TRY,600000.0,False,False,False,False,False,False,True,False,False,Комнаты не разобраны,оставить,оставить признаки как есть,train
109929,Komple Bina,600000.0,65.0,+,,4,İstanbul/Fatih/Koca Mustafapaşa,TRY,600000.0,False,False,False,False,False,False,True,False,False,Комнаты не разобраны,оставить,оставить признаки как есть,train
251213,Daire,600000.0,,6+2,5,4,Denizli/Merkezefendi/Selçuk Bey,TRY,600000.0,False,False,False,False,False,True,False,False,False,Этаж выше этажности здания,оставить,оставить признаки как есть; этаж → пропуск,train
315584,Daire,600000.0,4.0,2+1,Kot 1,20 ve üzeri,İstanbul/Başakşehir/Ziya Gökalp,TRY,600000.0,False,False,True,False,False,False,False,False,False,Площадь ниже 15 м²,оставить,площадь → пропуск,train
333701,Daire,600000.0,110.0,3+1,3,1,İstanbul/Maltepe/Küçükyalı,TRY,600000.0,False,False,False,False,False,True,False,False,False,Этаж выше этажности здания,оставить,оставить признаки как есть; этаж → пропуск,train
342824,Daire,600000.0,110.0,3+1,3,1,İstanbul/Maltepe/Küçükyalı,TRY,600000.0,False,False,False,False,False,True,False,False,False,Этаж выше этажности здания,оставить,оставить признаки как есть; этаж → пропуск,train
348639,Komple Bina,600000.0,100.0,+,,4,İzmir/Konak/Selçuk,TRY,600000.0,False,False,False,False,False,False,True,False,False,Комнаты не разобраны,оставить,оставить признаки как есть,test
348665,Komple Bina,600000.0,,+,,2,Çanakkale/Ayvacık/Arıklı Köyü,TRY,600000.0,False,False,False,False,False,False,True,False,False,Комнаты не разобраны,оставить,оставить признаки как есть,train
349687,Komple Bina,600000.0,,+,,4,Isparta/Merkez/Sanayi,TRY,600000.0,False,False,False,False,False,False,True,False,False,Комнаты не разобраны,оставить,оставить признаки как есть,train
350093,Komple Bina,600000.0,100.0,+,,4,İzmir/Konak/Selçuk,TRY,600000.0,False,False,False,False,False,False,True,False,False,Комнаты не разобраны,оставить,оставить признаки как есть,test
350303,Komple Bina,600000.0,,+,,4,Isparta/Merkez/Sanayi,TRY,600000.0,False,False,False,False,False,False,True,False,False,Комнаты не разобраны,оставить,оставить признаки как есть,train
350447,Komple Bina,600000.0,600.0,+,,4,Isparta/Merkez/Karaağaç,TRY,600000.0,False,False,False,False,False,False,True,False,False,Комнаты не разобраны,оставить,оставить признаки как есть,train
392438,Komple Bina,600000.0,115.0,+,,,İzmir/Seferihisar/Çolak İbrahim Bey,TRY,600000.0,False,False,False,False,False,False,True,False,False,Комнаты не разобраны,оставить,оставить признаки как есть,train
258015,Daire,599000.0,110.0,3+1,7,3,İstanbul/Ataşehir/İçerenköy,TRY,599000.0,False,False,False,False,False,True,False,False,False,Этаж выше этажности здания,оставить,оставить признаки как есть; этаж → пропуск,train
295398,Daire,599000.0,175.0,4+1,15,8,Ankara/Yenimahalle/Kardelen,TRY,599000.0,False,False,False,False,False,True,False,False,False,Этаж выше этажности здания,оставить,оставить признаки как есть; этаж → пропуск,train
324910,Daire,599000.0,175.0,4+1,15,8,Ankara/Yenimahalle/Kardelen,TRY,599000.0,False,False,False,False,False,True,False,False,False,Этаж выше этажности здания,оставить,оставить признаки как есть; этаж → пропуск,train
325174,Daire,599000.0,175.0,4+1,15,8,Ankara/Yenimahalle/Kardelen,TRY,599000.0,False,False,False,False,False,True,False,False,False,Этаж выше этажности здания,оставить,оставить признаки как есть; этаж → пропуск,train
83673,Daire,595000.0,70.0,2+1,8,6,İstanbul/Kadıköy/Caddebostan,TRY,595000.0,False,False,False,False,False,True,False,False,False,Этаж выше этажности здания,оставить,оставить признаки как есть; этаж → пропуск,test
93915,Komple Bina,595000.0,160.0,+,,1,Bursa/Mudanya/Şükrüçavuş,TRY,595000.0,False,False,False,False,False,False,True,False,False,Комнаты не разобраны,оставить,оставить признаки как есть,train
212138,Daire,595000.0,,5+2,3,2,İstanbul/Bahçelievler/Kocasinan Merkez,TRY,595000.0,False,False,False,False,False,True,False,False,False,Этаж выше этажности здания,оставить,оставить признаки как есть; этаж → пропуск,train
213244,Daire,595000.0,,5+2,3,2,İstanbul/Bahçelievler/Kocasinan Merkez,TRY,595000.0,False,False,False,False,False,True,False,False,False,Этаж выше этажности здания,оставить,оставить признаки как есть; этаж → пропуск,train
215740,Daire,595000.0,,5+2,3,2,İstanbul/Bahçelievler/Kocasinan Merkez,TRY,595000.0,False,False,False,False,False,True,False,False,False,Этаж выше этажности здания,оставить,оставить признаки как есть; этаж → пропуск,train
241072,Daire,595000.0,250.0,4+2,5,4,İstanbul/Avcılar/Denizköşkler,TRY,595000.0,False,False,False,False,False,True,False,False,False,Этаж выше этажности здания,оставить,оставить признаки как есть; этаж → пропуск,train
243221,Daire,595000.0,250.0,4+2,5,4,İstanbul/Avcılar/Denizköşkler,TRY,595000.0,False,False,False,False,False,True,False,False,False,Этаж выше этажности здания,оставить,оставить признаки как есть; этаж → пропуск,train
251856,Daire,595000.0,250.0,4+2,5,4,İstanbul/Avcılar/Denizköşkler,TRY,595000.0,False,False,False,False,False,True,False,False,False,Этаж выше этажности здания,оставить,оставить признаки как есть; этаж → пропуск,train
358345,Komple Bina,595000.0,75.0,+,,3,Sakarya/Adapazarı/Yahyalar,TRY,595000.0,False,False,False,False,False,False,True,False,False,Комнаты не разобраны,оставить,оставить признаки как есть,train
358375,Komple Bina,595000.0,80.0,+,,3,Sakarya/Adapazarı/Yahyalar,TRY,595000.0,False,False,False,False,False,False,True,False,False,Комнаты не разобраны,оставить,оставить признаки как есть,test
387112,Komple Bina,595000.0,,+,,,Yalova/Merkez/Dere,TRY,595000.0,False,False,False,False,False,False,True,False,False,Комнаты не разобраны,оставить,оставить признаки как есть,test
106815,Komple Bina,590000.0,,+,,4,Samsun/İlkadım/İlyasköy,TRY,590000.0,False,False,False,False,False,False,True,False,False,Комнаты не разобраны,оставить,оставить признаки как есть,validation
380344,Komple Bina,590000.0,,+,,,İzmir/Torbalı/Muratbey,TRY,590000.0,False,False,False,False,False,False,True,False,False,Комнаты не разобраны,оставить,оставить признаки как есть,train
402332,Komple Bina,585000.0,450.0,+,,,Bursa/Yıldırım/Değirmenönü,TRY,585000.0,False,False,False,False,False,False,True,False,False,Комнаты не разобраны,оставить,оставить признаки как есть,validation
109069,Komple Bina,580000.0,44.0,+,,4,İstanbul/Beyoğlu/Yahya Kahya,TRY,580000.0,False,False,False,False,False,False,True,False,False,Комнаты не разобраны,оставить,оставить признаки как есть,train
112567,Komple Bina,580000.0,250.0,+,,3,Bursa/Osmangazi/İvazpaşa,TRY,580000.0,False,False,False,False,False,False,True,False,False,Комнаты не разобраны,оставить,оставить признаки как есть,test
260615,Daire,580000.0,145.0,3+1,7,2,Edirne/Merkez/Şükrüpaşa,TRY,580000.0,False,False,False,False,False,True,False,False,False,Этаж выше этажности здания,оставить,оставить признаки как есть; этаж → пропуск,train
92361,Komple Bina,575000.0,120.0,+,,3,Eskişehir/Tepebaşı/Cumhuriye,TRY,575000.0,False,False,False,False,False,False,True,False,False,Комнаты не разобраны,оставить,оставить признаки как есть,train
93801,Komple Bina,575000.0,120.0,+,,3,Eskişehir/Tepebaşı/Cumhuriye,TRY,575000.0,False,False,False,False,False,False,True,False,False,Комнаты не разобраны,оставить,оставить признаки как есть,train
98853,Komple Bina,575000.0,120.0,+,,3,Eskişehir/Tepebaşı/Cumhuriye,TRY,575000.0,False,False,False,False,False,False,True,False,False,Комнаты не разобраны,оставить,оставить признаки как есть,train
107571,Komple Bina,575000.0,120.0,+,,3,Isparta/Merkez/Yedişehitler,TRY,575000.0,False,False,False,False,False,False,True,False,False,Комнаты не разобраны,оставить,оставить признаки как есть,train
370957,Komple Bina,575000.0,,+,,2,Kayseri/Kocasinan/Gevhernesibe,TRY,575000.0,False,False,False,False,False,False,True,False,False,Комнаты не разобраны,оставить,оставить признаки как есть,train
385458,Komple Bina,575000.0,,+,,,Kırklareli/Lüleburgaz/Özerler,TRY,575000.0,False,False,False,False,False,False,True,False,False,Комнаты не разобраны,оставить,оставить признаки как есть,test
387890,Daire,575000.0,450.0,+,,,İstanbul/Şile/Çavuş,TRY,575000.0,False,False,False,False,False,False,True,False,False,Комнаты не разобраны,оставить,оставить признаки как есть,train
389097,Komple Bina,575000.0,,+,,,Kırklareli/Lüleburgaz/Özerler,TRY,575000.0,False,False,False,False,False,False,True,False,False,Комнаты не разобраны,оставить,оставить признаки как есть,test
394656,Komple Bina,575000.0,,+,,,Muğla/Bodrum/Gümüşlük,TRY,575000.0,False,False,False,False,False,False,True,False,False,Комнаты не разобраны,оставить,оставить признаки как есть,train
396659,Komple Bina,575000.0,,+,,,Kırklareli/Lüleburgaz/Özerler,TRY,575000.0,False,False,False,False,False,False,True,False,False,Комнаты не разобраны,оставить,оставить признаки как есть,test
397169,Komple Bina,575000.0,,+,,,Kırklareli/Lüleburgaz/Özerler,TRY,575000.0,False,False,False,False,False,False,True,False,False,Комнаты не разобраны,оставить,оставить признаки как есть,test
399607,Komple Bina,575000.0,,+,,,Kırklareli/Lüleburgaz/Özerler,TRY,575000.0,False,False,False,False,False,False,True,False,False,Комнаты не разобраны,оставить,оставить признаки как есть,test
399630,Komple Bina,575000.0,,+,,,Kırklareli/Lüleburgaz/Özerler,TRY,575000.0,False,False,False,False,False,False,True,False,False,Комнаты не разобраны,оставить,оставить признаки как есть,test
6952,Daire,570000.0,,2+1,9,3,İstanbul/Küçükçekmece/Atakent,TRY,570000.0,False,False,False,False,False,True,False,False,False,Этаж выше этажности здания,оставить,оставить признаки как есть; этаж → пропуск,test
7188,Daire,570000.0,,2+1,9,3,İstanbul/Küçükçekmece/Atakent,TRY,570000.0,False,False,False,False,False,True,False,False,False,Этаж выше этажности здания,оставить,оставить признаки как есть; этаж → пропуск,test
79949,Villa,570000.0,120.0,3+1,4,2,Aydın/Kuşadası/Karaova,TRY,570000.0,False,False,False,False,False,True,False,False,False,Этаж выше этажности здания,оставить,оставить признаки как есть; этаж → пропуск,train
351965,Daire,565211.5,777547.0,4+2,6,2,İstanbul/Avcılar/Cihangir,GBP,83500.0,False,False,False,True,True,True,False,False,False,"Площадь выше 3 000 м², Площадь выше 100 000 м², Этаж выше этажности здания",оставить,площадь → пропуск; этаж → пропуск,train
24799,Daire,565000.0,,3+1,4,3,Antalya/Muratpaşa/Şirinyalı,TRY,565000.0,False,False,False,False,False,True,False,False,False,Этаж выше этажности здания,оставить,оставить признаки как есть; этаж → пропуск,train
105661,Daire,565000.0,,3+1,9,6,İstanbul/Beylikdüzü/Cumhuriyet,TRY,565000.0,False,False,False,False,False,True,False,False,False,Этаж выше этажности здания,оставить,оставить признаки как есть; этаж → пропуск,train
112253,Daire,565000.0,,3+1,9,6,İstanbul/Beylikdüzü/Cumhuriyet,TRY,565000.0,False,False,False,False,False,True,False,False,False,Этаж выше этажности здания,оставить,оставить признаки как есть; этаж → пропуск,train
251273,Daire,565000.0,200.0,6+2,5,4,Isparta/Merkez/Bahçelievler,TRY,565000.0,False,False,False,False,False,True,False,False,False,Этаж выше этажности здания,оставить,оставить признаки как есть; этаж → пропуск,test
251361,Daire,565000.0,200.0,6+2,5,4,Isparta/Merkez/Bahçelievler,TRY,565000.0,False,False,False,False,False,True,False,False,False,Этаж выше этажности здания,оставить,оставить признаки как есть; этаж → пропуск,test
354543,Müstakil Ev,565000.0,200.0,4+2,2,1,Mersin/Mezitli/Fındıkpınarı,TRY,565000.0,False,False,False,False,False,True,False,False,False,Этаж выше этажности здания,оставить,оставить признаки как есть; этаж → пропуск,train
92571,Daire,560000.0,,3+1,10,6,İstanbul/Küçükçekmece/Cumhuriyet,TRY,560000.0,False,False,False,False,False,True,False,False,False,Этаж выше этажности здания,оставить,оставить признаки как есть; этаж → пропуск,test
93007,Komple Bina,560000.0,,+,,3,Gaziantep/Şahinbey/Yeditepe,TRY,560000.0,False,False,False,False,False,False,True,False,False,Комнаты не разобраны,оставить,оставить признаки как есть,test
94143,Komple Bina,560000.0,450.0,+,,3,Bursa/Yıldırım/Değirmenönü,TRY,560000.0,False,False,False,False,False,False,True,False,False,Комнаты не разобраны,оставить,оставить признаки как есть,validation
95434,Daire,560000.0,150.0,4+1,14,1,Ankara/Çankaya/Dodurga,TRY,560000.0,False,False,False,False,False,True,False,False,False,Этаж выше этажности здания,оставить,оставить признаки как есть; этаж → пропуск,test
338232,Daire,560000.0,100.0,3+1,5,1,İstanbul/Esenler/Birlik,TRY,560000.0,False,False,False,False,False,True,False,False,False,Этаж выше этажности здания,оставить,оставить признаки как есть; этаж → пропуск,validation
342609,Daire,560000.0,,3+1,5,1,İstanbul/Esenler/Birlik,TRY,560000.0,False,False,False,False,False,True,False,False,False,Этаж выше этажности здания,оставить,оставить признаки как есть; этаж → пропуск,train
348831,Komple Bina,560000.0,115.0,+,,4,Adıyaman/Merkez/İmamağa,TRY,560000.0,False,False,False,False,False,False,True,False,False,Комнаты не разобраны,оставить,оставить признаки как есть,train
369973,Komple Bina,560000.0,110.0,+,,1,Balıkesir/Edremit/Altınoluk,TRY,560000.0,False,False,False,False,False,False,True,False,False,Комнаты не разобраны,оставить,оставить признаки как есть,train
392822,Komple Bina,560000.0,400.0,+,,,Bursa/Yıldırım/Değirmenönü,TRY,560000.0,False,False,False,False,False,False,True,False,False,Комнаты не разобраны,оставить,оставить признаки как есть,validation
395966,Komple Bina,560000.0,400.0,+,,,Bursa/Yıldırım/Değirmenönü,TRY,560000.0,False,False,False,False,False,False,True,False,False,Комнаты не разобраны,оставить,оставить признаки как есть,validation
17507,Daire,550000.0,190.0,5+1,6,3,Bursa/Nilüfer/23 Nisan,TRY,550000.0,False,False,False,False,False,True,False,False,False,Этаж выше этажности здания,оставить,оставить признаки как есть; этаж → пропуск,validation
25310,Komple Bina,550000.0,,+,,3,Mersin/Yenişehir/Barbaros,TRY,550000.0,False,False,False,False,False,False,True,False,False,Комнаты не разобраны,оставить,оставить признаки как есть,validation
30336,Komple Bina,550000.0,,+,,3,Mersin/Yenişehir/Barbaros,TRY,550000.0,False,False,False,False,False,False,True,False,False,Комнаты не разобраны,оставить,оставить признаки как есть,validation
30778,Komple Bina,550000.0,,+,,3,Mersin/Yenişehir/Barbaros,TRY,550000.0,False,False,False,False,False,False,True,False,False,Комнаты не разобраны,оставить,оставить признаки как есть,validation
31202,Müstakil Ev,550000.0,1.0,2+1,,1,Çanakkale/Lapseki/Umurbey Bld. (Umurbey),TRY,550000.0,False,False,True,False,False,False,False,False,False,Площадь ниже 15 м²,оставить,площадь → пропуск,train
31476,Komple Bina,550000.0,,+,,3,Mersin/Yenişehir/Barbaros,TRY,550000.0,False,False,False,False,False,False,True,False,False,Комнаты не разобраны,оставить,оставить признаки как есть,validation
39838,Daire,550000.0,,2+1,3,2,Muğla/Bodrum/Gümbet,TRY,550000.0,False,False,False,False,False,True,False,False,False,Этаж выше этажности здания,оставить,оставить признаки как есть; этаж → пропуск,train
64258,Daire,550000.0,,2+1,3,2,Muğla/Bodrum/Gümbet,TRY,550000.0,False,False,False,False,False,True,False,False,False,Этаж выше этажности здания,оставить,оставить признаки как есть; этаж → пропуск,train
78885,Daire,550000.0,,2+1,3,2,Muğla/Bodrum/Gümbet,TRY,550000.0,False,False,False,False,False,True,False,False,False,Этаж выше этажности здания,оставить,оставить признаки как есть; этаж → пропуск,train
82397,Villa,550000.0,,3+1,3,2,Aydın/Kuşadası/Yavansu,TRY,550000.0,False,False,False,False,False,True,False,False,False,Этаж выше этажности здания,оставить,оставить признаки как есть; этаж → пропуск,train
91649,Komple Bina,550000.0,,+,,4,Isparta/Merkez/Vatan,TRY,550000.0,False,False,False,False,False,False,True,False,False,Комнаты не разобраны,оставить,оставить признаки как есть,train
91679,Komple Bina,550000.0,,+,,4,Isparta/Merkez/Vatan,TRY,550000.0,False,False,False,False,False,False,True,False,False,Комнаты не разобраны,оставить,оставить признаки как есть,train
91709,Komple Bina,550000.0,,+,,4,Isparta/Merkez/Vatan,TRY,550000.0,False,False,False,False,False,False,True,False,False,Комнаты не разобраны,оставить,оставить признаки как есть,train
91761,Komple Bina,550000.0,,+,,4,Isparta/Merkez/Vatan,TRY,550000.0,False,False,False,False,False,False,True,False,False,Комнаты не разобраны,оставить,оставить признаки как есть,train
95691,Komple Bina,550000.0,700.0,+,,4,Kocaeli/Gölcük/Şehitler,TRY,550000.0,False,False,False,False,False,False,True,False,False,Комнаты не разобраны,оставить,оставить признаки как есть,validation
96637,Komple Bina,550000.0,160.0,+,,3,Samsun/İlkadım/Rasathane,TRY,550000.0,False,False,False,False,False,False,True,False,False,Комнаты не разобраны,оставить,оставить признаки как есть,train
97199,Komple Bina,550000.0,,+,,2,İzmir/Buca/Yıldız,TRY,550000.0,False,False,False,False,False,False,True,False,False,Комнаты не разобраны,оставить,оставить признаки как есть,test
98429,Komple Bina,550000.0,,+,,3,İstanbul/Zeytinburnu/Çırpıcı,TRY,550000.0,False,False,False,False,False,False,True,False,False,Комнаты не разобраны,оставить,оставить признаки как есть,train
104407,Komple Bina,550000.0,700.0,+,,4,Kocaeli/Gölcük/Şehitler,TRY,550000.0,False,False,False,False,False,False,True,False,False,Комнаты не разобраны,оставить,оставить признаки как есть,validation
105389,Komple Bina,550000.0,100.0,+,,5,İstanbul/Sultanbeyli/Akşemsettin,TRY,550000.0,False,False,False,False,False,False,True,False,False,Комнаты не разобраны,оставить,оставить признаки как есть,validation
106327,Komple Bina,550000.0,700.0,+,,4,Kocaeli/Gölcük/Şehitler,TRY,550000.0,False,False,False,False,False,False,True,False,False,Комнаты не разобраны,оставить,оставить признаки как есть,validation
107595,Komple Bina,550000.0,340.0,+,,4,Denizli/Merkezefendi/Göveçlik,TRY,550000.0,False,False,False,False,False,False,True,False,False,Комнаты не разобраны,оставить,оставить признаки как есть,train
108121,Komple Bina,550000.0,,+,,3,İstanbul/Zeytinburnu/Çırpıcı,TRY,550000.0,False,False,False,False,False,False,True,False,False,Комнаты не разобраны,оставить,оставить признаки как есть,train
109987,Komple Bina,550000.0,,+,,2,Tekirdağ/Çorlu/Havuzlar,TRY,550000.0,False,False,False,False,False,False,True,False,False,Комнаты не разобраны,оставить,оставить признаки как есть,test
113033,Komple Bina,550000.0,,+,,3,Tekirdağ/Çorlu/Havuzlar,TRY,550000.0,False,False,False,False,False,False,True,False,False,Комнаты не разобраны,оставить,оставить признаки как есть,test
114955,Komple Bina,550000.0,,+,,4,Isparta/Merkez/Vatan,TRY,550000.0,False,False,False,False,False,False,True,False,False,Комнаты не разобраны,оставить,оставить признаки как есть,train
115171,Komple Bina,550000.0,,+,,3,İstanbul/Zeytinburnu/Çırpıcı,TRY,550000.0,False,False,False,False,False,False,True,False,False,Комнаты не разобраны,оставить,оставить признаки как есть,train
253146,Daire,550000.0,189.0,3+1,6,1,İstanbul/Beylikdüzü/Adnan Kahveci,TRY,550000.0,False,False,False,False,False,True,False,False,False,Этаж выше этажности здания,оставить,оставить признаки как есть; этаж → пропуск,train
298417,Daire,550000.0,150.0,4+1,10,5,Mersin/Yenişehir/50. Yıl,TRY,550000.0,False,False,False,False,False,True,False,False,False,Этаж выше этажности здания,оставить,оставить признаки как есть; этаж → пропуск,train
349565,Müstakil Ev,550000.0,4000.0,3+1,,2,Kırklareli/Lüleburgaz/Umurca Köyü,TRY,550000.0,False,False,False,True,False,False,False,False,False,Площадь выше 3 000 м²,оставить,оставить признаки как есть,train
350279,Komple Bina,550000.0,,+,,1,Afyonkarahisar/Sandıklı/Çakır,TRY,550000.0,False,False,False,False,False,False,True,False,False,Комнаты не разобраны,оставить,оставить признаки как есть,train
376444,Komple Bina,550000.0,140.0,+,,3,Trabzon/Arsin/Yeşilyalı,TRY,550000.0,False,False,False,False,False,False,True,False,False,Комнаты не разобраны,оставить,оставить признаки как есть,train
379478,Daire,550000.0,,+,,,Kocaeli/Derince/Çenedağ,TRY,550000.0,False,False,False,False,False,False,True,False,False,Комнаты не разобраны,оставить,оставить признаки как есть,train
387190,Komple Bina,550000.0,140.0,+,,5,İstanbul/Esenyurt/Necip Fazıl Kısakürek,TRY,550000.0,False,False,False,False,False,False,True,False,False,Комнаты не разобраны,оставить,оставить признаки как есть,test
388588,Komple Bina,550000.0,120.0,+,,4,Kocaeli/Körfez/Kuzey,TRY,550000.0,False,False,False,False,False,False,True,False,False,Комнаты не разобраны,оставить,оставить признаки как есть,train
394896,Villa,550000.0,,+,,,İstanbul/Büyükçekmece/Güzelce,TRY,550000.0,False,False,False,False,False,False,True,False,False,Комнаты не разобраны,оставить,оставить признаки как есть,train
395703,Komple Bina,550000.0,245.0,+,,,Eskişehir/Odunpazarı/Emek,TRY,550000.0,False,False,False,False,False,False,True,False,False,Комнаты не разобраны,оставить,оставить признаки как есть,train
403048,Komple Bina,550000.0,95.0,+,,,Ordu/Altınordu/Akyazı,TRY,550000.0,False,False,False,False,False,False,True,False,False,Комнаты не разобраны,оставить,оставить признаки как есть,train
391980,Çiftlik Evi,549999.0,5883.0,2+1,,,Balıkesir/Edremit/Akçay,TRY,549999.0,False,False,False,True,False,False,False,False,False,Площадь выше 3 000 м²,оставить,оставить признаки как есть,train
14427,Daire,545000.0,,4+1,13,1,Ankara/Etimesgut/Şeker,TRY,545000.0,False,False,False,False,False,True,False,False,False,Этаж выше этажности здания,оставить,оставить признаки как есть; этаж → пропуск,train
35350,Müstakil Ev,545000.0,3.0,2+1,Müstakil,2,Muğla/Bodrum/Cumhuriyet,TRY,545000.0,False,False,True,False,False,False,False,False,False,Площадь ниже 15 м²,оставить,площадь → пропуск,train
92657,Komple Bina,545000.0,300.0,+,,2,Tokat/Merkez/Alipaşa,TRY,545000.0,False,False,False,False,False,False,True,False,False,Комнаты не разобраны,оставить,оставить признаки как есть,train
96043,Komple Bina,545000.0,300.0,+,,2,Tokat/Merkez/Alipaşa,TRY,545000.0,False,False,False,False,False,False,True,False,False,Комнаты не разобраны,оставить,оставить признаки как есть,train
97927,Komple Bina,545000.0,355.0,+,,3,Afyonkarahisar/Merkez/Kanlıca,TRY,545000.0,False,False,False,False,False,False,True,False,False,Комнаты не разобраны,оставить,оставить признаки как есть,train
110079,Komple Bina,545000.0,300.0,+,,2,Tokat/Merkez/Alipaşa,TRY,545000.0,False,False,False,False,False,False,True,False,False,Комнаты не разобраны,оставить,оставить признаки как есть,train
28047,Villa,540000.0,1.0,3+1,Müstakil,2,Aydın/Didim/Yalıköy,TRY,540000.0,False,False,True,False,False,False,False,False,False,Площадь ниже 15 м²,оставить,площадь → пропуск,train
82156,Villa,540000.0,1.0,3+1,Müstakil,2,Aydın/Didim/Yalıköy,TRY,540000.0,False,False,True,False,False,False,False,False,False,Площадь ниже 15 м²,оставить,площадь → пропуск,train
96229,Komple Bina,535000.0,,+,,3,Afyonkarahisar/Merkez/Ertuğrul Gazi,TRY,535000.0,False,False,False,False,False,False,True,False,False,Комнаты не разобраны,оставить,оставить признаки как есть,train
98579,Komple Bina,535000.0,,+,,3,Afyonkarahisar/Merkez/Ertuğrul Gazi,TRY,535000.0,False,False,False,False,False,False,True,False,False,Комнаты не разобраны,оставить,оставить признаки как есть,train
106045,Komple Bina,535000.0,,+,,3,Afyonkarahisar/Merkez/Ertuğrul Gazi,TRY,535000.0,False,False,False,False,False,False,True,False,False,Комнаты не разобраны,оставить,оставить признаки как есть,train
110585,Komple Bina,535000.0,,+,,3,Afyonkarahisar/Merkez/Ertuğrul Gazi,TRY,535000.0,False,False,False,False,False,False,True,False,False,Комнаты не разобраны,оставить,оставить признаки как есть,train
377042,Daire,535000.0,60.0,+,,,KKTC/Girne/Zeytinlik Mh.,TRY,535000.0,False,False,False,False,False,False,True,False,False,Комнаты не разобраны,оставить,оставить признаки как есть,train
80694,Daire,530000.0,125.0,3+1,4,2,İstanbul/Bakırköy/Osmaniye,TRY,530000.0,False,False,False,False,False,True,False,False,False,Этаж выше этажности здания,оставить,оставить признаки как есть; этаж → пропуск,test
94381,Komple Bina,530000.0,,+,,5,Nevşehir/Merkez/Emek,TRY,530000.0,False,False,False,False,False,False,True,False,False,Комнаты не разобраны,оставить,оставить признаки как есть,train
7516,Komple Bina,525000.0,567.0,+,,3,Kırşehir/Merkez/Kervansaray,TRY,525000.0,False,False,False,False,False,False,True,False,False,Комнаты не разобраны,оставить,оставить признаки как есть,train
18302,Daire,525000.0,148.0,3+1,5,1,Trabzon/Ortahisar/Boztepe,TRY,525000.0,False,False,False,False,False,True,False,False,False,Этаж выше этажности здания,оставить,оставить признаки как есть; этаж → пропуск,validation
61180,Daire,525000.0,100.0,2+1,2,1,Antalya/Kaş/Kalkan,TRY,525000.0,False,False,False,False,False,True,False,False,False,Этаж выше этажности здания,оставить,оставить признаки как есть; этаж → пропуск,train
91479,Komple Bina,525000.0,,+,,2,Gaziantep/Şahinbey/75. Yıl,TRY,525000.0,False,False,False,False,False,False,True,False,False,Комнаты не разобраны,оставить,оставить признаки как есть,validation
91793,Komple Bina,525000.0,450.0,+,,3,Sakarya/Adapazarı/Yenigün,TRY,525000.0,False,False,False,False,False,False,True,False,False,Комнаты не разобраны,оставить,оставить признаки как есть,train
93069,Komple Bina,525000.0,450.0,+,,3,Sakarya/Adapazarı/Yenigün,TRY,525000.0,False,False,False,False,False,False,True,False,False,Комнаты не разобраны,оставить,оставить признаки как есть,train
96425,Komple Bina,525000.0,450.0,+,,3,Sakarya/Adapazarı/Yenigün,TRY,525000.0,False,False,False,False,False,False,True,False,False,Комнаты не разобраны,оставить,оставить признаки как есть,train
96649,Komple Bina,525000.0,,+,,3,Kocaeli/Körfez/Mimar Sinan,TRY,525000.0,False,False,False,False,False,False,True,False,False,Комнаты не разобраны,оставить,оставить признаки как есть,test
97099,Komple Bina,525000.0,400.0,+,,3,Düzce/Merkez/Azmimilli,TRY,525000.0,False,False,False,False,False,False,True,False,False,Комнаты не разобраны,оставить,оставить признаки как есть,test
111843,Komple Bina,525000.0,450.0,+,,3,Sakarya/Adapazarı/Yenigün,TRY,525000.0,False,False,False,False,False,False,True,False,False,Комнаты не разобраны,оставить,оставить признаки как есть,train
227740,Daire,525000.0,10.0,4+1,4,5,İstanbul/Güngören/Merkez,TRY,525000.0,False,False,True,False,False,False,False,False,False,Площадь ниже 15 м²,оставить,площадь → пропуск,test
349363,Komple Bina,525000.0,525.0,+,,4,Sakarya/Adapazarı/Maltepe,TRY,525000.0,False,False,False,False,False,False,True,False,False,Комнаты не разобраны,оставить,оставить признаки как есть,train
350105,Komple Bina,525000.0,,+,,3,Gaziantep/Şehitkamil/Çağlayan,TRY,525000.0,False,False,False,False,False,False,True,False,False,Комнаты не разобраны,оставить,оставить признаки как есть,validation
350291,Komple Bina,525000.0,290.0,+,,2,Sakarya/Akyazı/Kuzuluk,TRY,525000.0,False,False,False,False,False,False,True,False,False,Комнаты не разобраны,оставить,оставить признаки как есть,test
91231,Komple Bina,520000.0,,+,,4,Tekirdağ/Çorlu/Zafer,TRY,520000.0,False,False,False,False,False,False,True,False,False,Комнаты не разобраны,оставить,оставить признаки как есть,train
93743,Komple Bina,520000.0,,+,,4,Tekirdağ/Çorlu/Zafer,TRY,520000.0,False,False,False,False,False,False,True,False,False,Комнаты не разобраны,оставить,оставить признаки как есть,train
107459,Komple Bina,520000.0,,+,,3,Kocaeli/Derince/Mersincik,TRY,520000.0,False,False,False,False,False,False,True,False,False,Комнаты не разобраны,оставить,оставить признаки как есть,train
107603,Komple Bina,520000.0,300.0,+,,4,Tekirdağ/Çorlu/Zafer,TRY,520000.0,False,False,False,False,False,False,True,False,False,Комнаты не разобраны,оставить,оставить признаки как есть,train
111983,Komple Bina,520000.0,,+,,4,Tekirdağ/Çorlu/Zafer,TRY,520000.0,False,False,False,False,False,False,True,False,False,Комнаты не разобраны,оставить,оставить признаки как есть,train
253610,Daire,520000.0,220.0,6+2,6,5,İstanbul/Sultangazi/Gazi,TRY,520000.0,False,False,False,False,False,True,False,False,False,Этаж выше этажности здания,оставить,оставить признаки как есть; этаж → пропуск,train
255882,Daire,520000.0,220.0,6+2,6,5,İstanbul/Sultangazi/Gazi,TRY,520000.0,False,False,False,False,False,True,False,False,False,Этаж выше этажности здания,оставить,оставить признаки как есть; этаж → пропуск,train
255885,Daire,520000.0,220.0,6+2,6,5,İstanbul/Sultangazi/Gazi,TRY,520000.0,False,False,False,False,False,True,False,False,False,Этаж выше этажности здания,оставить,оставить признаки как есть; этаж → пропуск,train
321538,Daire,520000.0,164.0,3+1,5,2,Ankara/Altındağ/Gülpınar,TRY,520000.0,False,False,False,False,False,True,False,False,False,Этаж выше этажности здания,оставить,оставить признаки как есть; этаж → пропуск,train
324779,Daire,520000.0,120.0,3+1,15,2,İzmir/Karşıyaka/Örnekköy,TRY,520000.0,False,False,False,False,False,True,False,False,False,Этаж выше этажности здания,оставить,оставить признаки как есть; этаж → пропуск,train
348907,Komple Bina,520000.0,,+,,,İzmir/Menemen/Gölcük,TRY,520000.0,False,False,False,False,False,False,True,False,False,Комнаты не разобраны,оставить,оставить признаки как есть,validation
390036,Daire,520000.0,,+,,,Ankara/Keçiören/Ovacık,TRY,520000.0,False,False,False,False,False,False,True,False,False,Комнаты не разобраны,оставить,оставить признаки как есть,train
94059,Komple Bina,515000.0,,+,,3,Sakarya/Adapazarı/Mithatpaşa,TRY,515000.0,False,False,False,False,False,False,True,False,False,Комнаты не разобраны,оставить,оставить признаки как есть,train
349823,Komple Bina,515000.0,137.0,+,,5,Trabzon/Ortahisar/Boztepe,TRY,515000.0,False,False,False,False,False,False,True,False,False,Комнаты не разобраны,оставить,оставить признаки как есть,validation
385058,Komple Bina,515000.0,,+,,,İzmir/Menemen/Irmak,TRY,515000.0,False,False,False,False,False,False,True,False,False,Комнаты не разобраны,оставить,оставить признаки как есть,train
385768,Komple Bina,515000.0,90.0,+,,,Muğla/Bodrum/Türkkuyusu,TRY,515000.0,False,False,False,False,False,False,True,False,False,Комнаты не разобраны,оставить,оставить признаки как есть,train
388258,Komple Bina,515000.0,,+,,,İzmir/Menemen/Irmak,TRY,515000.0,False,False,False,False,False,False,True,False,False,Комнаты не разобраны,оставить,оставить признаки как есть,train
349121,Komple Bina,512500.0,,+,,3,Tokat/Merkez/Yeşilırmak,TRY,512500.0,False,False,False,False,False,False,True,False,False,Комнаты не разобраны,оставить,оставить признаки как есть,train
93477,Komple Bina,510000.0,169.0,+,,3,İstanbul/Kartal/Hürriyet,TRY,510000.0,False,False,False,False,False,False,True,False,False,Комнаты не разобраны,оставить,оставить признаки как есть,train
94177,Komple Bina,510000.0,,+,,3,Sakarya/Adapazarı/Tığcılar,TRY,510000.0,False,False,False,False,False,False,True,False,False,Комнаты не разобраны,оставить,оставить признаки как есть,train
111403,Komple Bina,510000.0,140.0,+,,3,Eskişehir/Odunpazarı/Gökmeydan,TRY,510000.0,False,False,False,False,False,False,True,False,False,Комнаты не разобраны,оставить,оставить признаки как есть,train
113247,Komple Bina,510000.0,197.0,+,,3,Kocaeli/Gebze/İstasyon,TRY,510000.0,False,False,False,False,False,False,True,False,False,Комнаты не разобраны,оставить,оставить признаки как есть,train
253015,Daire,510000.0,,2+1,6,3,İstanbul/Ümraniye/Mehmet Akif,TRY,510000.0,False,False,False,False,False,True,False,False,False,Этаж выше этажности здания,оставить,оставить признаки как есть; этаж → пропуск,validation
256291,Daire,510000.0,,2+1,6,3,İstanbul/Ümraniye/Mehmet Akif,TRY,510000.0,False,False,False,False,False,True,False,False,False,Этаж выше этажности здания,оставить,оставить признаки как есть; этаж → пропуск,validation
256800,Daire,510000.0,,2+1,6,3,İstanbul/Ümraniye/Mehmet Akif,TRY,510000.0,False,False,False,False,False,True,False,False,False,Этаж выше этажности здания,оставить,оставить признаки как есть; этаж → пропуск,validation
294953,Daire,510000.0,2.0,4+1,,10-20 arası,Ankara/Mamak/Durali Alıç,TRY,510000.0,False,False,True,False,False,False,False,False,False,Площадь ниже 15 м²,оставить,площадь → пропуск,train
295011,Daire,510000.0,2.0,4+1,,10-20 arası,Ankara/Mamak/Durali Alıç,TRY,510000.0,False,False,True,False,False,False,False,False,False,Площадь ниже 15 м²,оставить,площадь → пропуск,train
295491,Daire,510000.0,2.0,4+1,,10-20 arası,Ankara/Mamak/Durali Alıç,TRY,510000.0,False,False,True,False,False,False,False,False,False,Площадь ниже 15 м²,оставить,площадь → пропуск,train
296297,Daire,510000.0,190.0,4+1,10,2,Ankara/Etimesgut/Bağlıca,TRY,510000.0,False,False,False,False,False,True,False,False,False,Этаж выше этажности здания,оставить,оставить признаки как есть; этаж → пропуск,train
300094,Daire,510000.0,,4+1,2,1,Elazığ/Merkez/Çaydaçıra,TRY,510000.0,False,False,False,False,False,True,False,False,False,Этаж выше этажности здания,оставить,оставить признаки как есть; этаж → пропуск,test
393361,Daire,510000.0,,+,,,Ankara/Altındağ/Altınpark,TRY,510000.0,False,False,False,False,False,False,True,False,False,Комнаты не разобраны,оставить,оставить признаки как есть,train
349974,Daire,507839.51129999995,1820.0,1+1,6,2,İstanbul/Avcılar/Cihangir,GBP,74811.0,False,False,False,False,False,True,False,False,False,Этаж выше этажности здания,оставить,оставить признаки как есть; этаж → пропуск,validation
239971,Daire,505000.0,170.0,5+1,4,2,İstanbul/Bahçelievler/Yenibosna Merkez,TRY,505000.0,False,False,False,False,False,True,False,False,False,Этаж выше этажности здания,оставить,оставить признаки как есть; этаж → пропуск,train
71804,Villa,500000.0,,+,3,3,Aydın/Kuşadası/Yavansu,TRY,500000.0,False,False,False,False,False,False,True,False,False,Комнаты не разобраны,оставить,оставить признаки как есть,train
91043,Komple Bina,500000.0,98.0,+,,3,İzmir/Buca/Fırat,TRY,500000.0,False,False,False,False,False,False,True,False,False,Комнаты не разобраны,оставить,оставить признаки как есть,validation
108761,Komple Bina,500000.0,100.0,+,,4,Tekirdağ/Çorlu/Şeyh Sinan,TRY,500000.0,False,False,False,False,False,False,True,False,False,Комнаты не разобраны,оставить,оставить признаки как есть,train
114961,Komple Bina,500000.0,125.0,+,,2,Uşak/Merkez/Kemalöz,TRY,500000.0,False,False,False,False,False,False,True,False,False,Комнаты не разобраны,оставить,оставить признаки как есть,validation
329112,Daire,500000.0,110.0,3+1,10,1,Ankara/Keçiören/Basınevleri,TRY,500000.0,False,False,False,False,False,True,False,False,False,Этаж выше этажности здания,оставить,оставить признаки как есть; этаж → пропуск,test
348401,Komple Bina,500000.0,,+,,3,Gaziantep/Şahinbey/Boyacı,TRY,500000.0,False,False,False,False,False,False,True,False,False,Комнаты не разобраны,оставить,оставить признаки как есть,train
348425,Komple Bina,500000.0,,+,,3,Gaziantep/Şahinbey/Boyacı,TRY,500000.0,False,False,False,False,False,False,True,False,False,Комнаты не разобраны,оставить,оставить признаки как есть,train
348851,Çiftlik Evi,500000.0,3300.0,2+1,,1,Çanakkale/Ayvacık/Ahmetçe Köyü,TRY,500000.0,False,False,False,True,False,False,False,False,False,Площадь выше 3 000 м²,оставить,оставить признаки как есть,test
349023,Komple Bina,500000.0,130.0,+,,3,Edirne/Uzunköprü/Mareşal Fevzi Çakmak,TRY,500000.0,False,False,False,False,False,False,True,False,False,Комнаты не разобраны,оставить,оставить признаки как есть,train
349155,Komple Bina,500000.0,,+,,2,Sakarya/Akyazı/Kuzuluk,TRY,500000.0,False,False,False,False,False,False,True,False,False,Комнаты не разобраны,оставить,оставить признаки как есть,train
349281,Çiftlik Evi,500000.0,7000.0,2+1,,1,Kocaeli/Kandıra/Pelitpınarı,TRY,500000.0,False,False,False,True,False,False,False,False,False,Площадь выше 3 000 м²,оставить,оставить признаки как есть,train
350509,Komple Bina,500000.0,,+,,3,Gaziantep/Şahinbey/Boyacı,TRY,500000.0,False,False,False,False,False,False,True,False,False,Комнаты не разобраны,оставить,оставить признаки как есть,train
384440,Komple Bina,500000.0,,+,,5,Trabzon/Ortahisar/2 Nolu Erdoğdu,TRY,500000.0,False,False,False,False,False,False,True,False,False,Комнаты не разобраны,оставить,оставить признаки как есть,train
385380,Kooperatif,500000.0,2969.0,+,,8,Erzurum/Yakutiye/Kurtuluş,TRY,500000.0,False,False,False,False,False,False,True,False,False,Комнаты не разобраны,оставить,оставить признаки как есть,train
385626,Komple Bina,500000.0,,+,,5,Trabzon/Ortahisar/2 Nolu Erdoğdu,TRY,500000.0,False,False,False,False,False,False,True,False,False,Комнаты не разобраны,оставить,оставить признаки как есть,train
393621,Komple Bina,500000.0,,+,,5,Trabzon/Ortahisar/2 Nolu Erdoğdu,TRY,500000.0,False,False,False,False,False,False,True,False,False,Комнаты не разобраны,оставить,оставить признаки как есть,train
394257,Komple Bina,500000.0,,+,,5,Trabzon/Ortahisar/2 Nolu Erdoğdu,TRY,500000.0,False,False,False,False,False,False,True,False,False,Комнаты не разобраны,оставить,оставить признаки как есть,train
394598,Komple Bina,500000.0,,+,,5,Trabzon/Ortahisar/2 Nolu Erdoğdu,TRY,500000.0,False,False,False,False,False,False,True,False,False,Комнаты не разобраны,оставить,оставить признаки как есть,train
395440,Komple Bina,500000.0,,+,,,Kocaeli/Darıca/Kazım Karabekir,TRY,500000.0,False,False,False,False,False,False,True,False,False,Комнаты не разобраны,оставить,оставить признаки как есть,validation
92769,Komple Bina,499999.0,167.0,+,,4,İstanbul/Arnavutköy/Nenehatun,TRY,499999.0,False,False,False,False,False,False,True,False,False,Комнаты не разобраны,оставить,оставить признаки как есть,test
368155,Komple Bina,499961.13139999995,181167.0,+,,1,Ankara/Elmadağ/Hasanoğlan Havuzbaşı,USD,92522.0,False,False,False,True,True,False,True,False,False,"Площадь выше 3 000 м², Площадь выше 100 000 м², Комнаты не разобраны",оставить,площадь → пропуск,test
96523,Komple Bina,499000.0,,+,,2,İstanbul/Sancaktepe/Kemal Türkler,TRY,499000.0,False,False,False,False,False,False,True,False,False,Комнаты не разобраны,оставить,оставить признаки как есть,validation
110401,Komple Bina,499000.0,180.0,+,,2,İstanbul/Sancaktepe/Kemal Türkler,TRY,499000.0,False,False,False,False,False,False,True,False,False,Комнаты не разобраны,оставить,оставить признаки как есть,validation
368441,Daire,497760.939,9407.0,9+4,14,10,Ankara/Elmadağ/Hasanoğlan Havuzbaşı,GBP,74022.0,False,False,False,True,False,True,False,False,False,"Площадь выше 3 000 м², Этаж выше этажности здания",оставить,площадь → пропуск; этаж → пропуск,validation
96133,Komple Bina,495000.0,305.0,+,,3,Kocaeli/Körfez/Kirazlıyalı,TRY,495000.0,False,False,False,False,False,False,True,False,False,Комнаты не разобраны,оставить,оставить признаки как есть,train
111763,Komple Bina,495000.0,,+,,3,Isparta/Merkez/Fatih,TRY,495000.0,False,False,False,False,False,False,True,False,False,Комнаты не разобраны,оставить,оставить признаки как есть,validation
112595,Komple Bina,495000.0,,+,,3,Isparta/Merkez/Fatih,TRY,495000.0,False,False,False,False,False,False,True,False,False,Комнаты не разобраны,оставить,оставить признаки как есть,validation
231325,Daire,495000.0,,3+1,4,2,İstanbul/Ümraniye/Esenevler,TRY,495000.0,False,False,False,False,False,True,False,False,False,Этаж выше этажности здания,оставить,оставить признаки как есть; этаж → пропуск,train
376025,Rezidans,495000.0,107.0,2+1,16,10,İstanbul/Esenyurt/Güzelyurt,TRY,495000.0,False,False,False,False,False,True,False,False,False,Этаж выше этажности здания,оставить,оставить признаки как есть; этаж → пропуск,test
7488,Komple Bina,490000.0,,+,,3,Yalova/Çiftlikköy/Çiftlik,TRY,490000.0,False,False,False,False,False,False,True,False,False,Комнаты не разобраны,оставить,оставить признаки как есть,test
33412,Komple Bina,490000.0,240.0,+,,4,Antalya/Muratpaşa/Güzeloba,TRY,490000.0,False,False,False,False,False,False,True,False,False,Комнаты не разобраны,оставить,оставить признаки как есть,test
108033,Komple Bina,490000.0,400.0,+,,3,Adıyaman/Merkez/Sümerevler,TRY,490000.0,False,False,False,False,False,False,True,False,False,Комнаты не разобраны,оставить,оставить признаки как есть,test
342966,Daire,490000.0,,3+1,12,10,Trabzon/Ortahisar/Çukurçayır,TRY,490000.0,False,False,False,False,False,True,False,False,False,Этаж выше этажности здания,оставить,оставить признаки как есть; этаж → пропуск,train
348543,Komple Bina,490000.0,1300.0,+,,2,Antalya/Döşemealtı/Ilıcaköy,TRY,490000.0,False,False,False,False,False,False,True,False,False,Комнаты не разобраны,оставить,оставить признаки как есть,train
378534,Komple Bina,490000.0,,+,,,İstanbul/Ümraniye/Yukarı Dudullu,TRY,490000.0,False,False,False,False,False,False,True,False,False,Комнаты не разобраны,оставить,оставить признаки как есть,test
379268,Komple Bina,490000.0,,+,,,İstanbul/Ümraniye/Yukarı Dudullu,TRY,490000.0,False,False,False,False,False,False,True,False,False,Комнаты не разобраны,оставить,оставить признаки как есть,test
392332,Komple Bina,490000.0,,+,,,İstanbul/Ümraniye/Yukarı Dudullu,TRY,490000.0,False,False,False,False,False,False,True,False,False,Комнаты не разобраны,оставить,оставить признаки как есть,test
395359,Komple Bina,490000.0,,+,,,İstanbul/Ümraniye/Yukarı Dudullu,TRY,490000.0,False,False,False,False,False,False,True,False,False,Комнаты не разобраны,оставить,оставить признаки как есть,test
1236,Komple Bina,485000.0,65.0,+,,3,İstanbul/Beyoğlu/Sururi Mehmet Efendi,TRY,485000.0,False,False,False,False,False,False,True,False,False,Комнаты не разобраны,оставить,оставить признаки как есть,train
7082,Komple Bina,485000.0,290.0,+,,3,Kocaeli/Gebze/Mevlana,TRY,485000.0,False,False,False,False,False,False,True,False,False,Комнаты не разобраны,оставить,оставить признаки как есть,train
7116,Komple Bina,485000.0,104.0,+,,3,Sakarya/Adapazarı/Mithatpaşa,TRY,485000.0,False,False,False,False,False,False,True,False,False,Комнаты не разобраны,оставить,оставить признаки как есть,train
349127,Komple Bina,485000.0,197.0,+,,2,Denizli/Pamukkale/Siteler,TRY,485000.0,False,False,False,False,False,False,True,False,False,Комнаты не разобраны,оставить,оставить признаки как есть,validation
350397,Komple Bina,485000.0,197.0,+,,2,Denizli/Pamukkale/Siteler,TRY,485000.0,False,False,False,False,False,False,True,False,False,Комнаты не разобраны,оставить,оставить признаки как есть,validation
138088,Daire,481506.4836,41347.0,8+3,Giriş Katı,9,İstanbul/Beşiktaş/Akat,GBP,72756.0,False,False,False,True,False,False,False,False,False,Площадь выше 3 000 м²,оставить,площадь → пропуск,train
78174,Daire,480000.0,,3+1,7,5,Mersin/Mezitli/Menderes,TRY,480000.0,False,False,False,False,False,True,False,False,False,Этаж выше этажности здания,оставить,оставить признаки как есть; этаж → пропуск,train
78272,Daire,480000.0,,3+1,7,5,Mersin/Mezitli/Menderes,TRY,480000.0,False,False,False,False,False,True,False,False,False,Этаж выше этажности здания,оставить,оставить признаки как есть; этаж → пропуск,train
78493,Daire,480000.0,,3+1,7,5,Mersin/Mezitli/Menderes,TRY,480000.0,False,False,False,False,False,True,False,False,False,Этаж выше этажности здания,оставить,оставить признаки как есть; этаж → пропуск,train
78546,Daire,480000.0,,3+1,7,5,Mersin/Mezitli/Menderes,TRY,480000.0,False,False,False,False,False,True,False,False,False,Этаж выше этажности здания,оставить,оставить признаки как есть; этаж → пропуск,train
78547,Daire,480000.0,,3+1,7,5,Mersin/Mezitli/Menderes,TRY,480000.0,False,False,False,False,False,True,False,False,False,Этаж выше этажности здания,оставить,оставить признаки как есть; этаж → пропуск,train
92547,Komple Bina,480000.0,,+,,3,Bilecik/Bozüyük/Çarşı,TRY,480000.0,False,False,False,False,False,False,True,False,False,Комнаты не разобраны,оставить,оставить признаки как есть,train
92690,Daire,480000.0,77.0,2+1,12,8,İstanbul/Kartal/Soğanlık Yeni,TRY,480000.0,False,False,False,False,False,True,False,False,False,Этаж выше этажности здания,оставить,оставить признаки как есть; этаж → пропуск,train
240281,Daire,480000.0,10.0,4+3,5,5,İstanbul/Bağcılar/Yıldıztepe,TRY,480000.0,False,False,True,False,False,False,False,False,False,Площадь ниже 15 м²,оставить,площадь → пропуск,train
303377,Daire,480000.0,170.0,4+1,8,4,Ankara/Etimesgut/Eryaman,TRY,480000.0,False,False,False,False,False,True,False,False,False,Этаж выше этажности здания,оставить,оставить признаки как есть; этаж → пропуск,train
322314,Daire,480000.0,150.0,4+1,13,9,Ankara/Etimesgut/Eryaman,TRY,480000.0,False,False,False,False,False,True,False,False,False,Этаж выше этажности здания,оставить,оставить признаки как есть; этаж → пропуск,train
351749,Villa,478000.0,1.0,4+1,Müstakil,2,Gaziantep/Şehitkamil/Yığınlı,TRY,478000.0,False,False,True,False,False,False,False,False,False,Площадь ниже 15 м²,оставить,площадь → пропуск,train
351853,Villa,478000.0,1.0,4+1,Müstakil,2,Gaziantep/Şehitkamil/Yığınlı,TRY,478000.0,False,False,True,False,False,False,False,False,False,Площадь ниже 15 м²,оставить,площадь → пропуск,train
386664,Daire,476262.88080000004,61586.0,1+1,,,Antalya/Aksu/Barbaros,USD,89922.0,False,False,False,True,False,False,False,False,False,Площадь выше 3 000 м²,оставить,площадь → пропуск,train
397923,Daire,476262.88080000004,61586.0,1+1,,,Antalya/Aksu/Barbaros,USD,89922.0,False,False,False,True,False,False,False,False,False,Площадь выше 3 000 м²,оставить,площадь → пропуск,train
71766,Daire,475000.0,285.0,6+1,5,4,Antalya/Alanya/Küçükhasbahçe,TRY,475000.0,False,False,False,False,False,True,False,False,False,Этаж выше этажности здания,оставить,оставить признаки как есть; этаж → пропуск,train
79153,Daire,475000.0,285.0,6+1,5,4,Antalya/Alanya/Küçükhasbahçe,TRY,475000.0,False,False,False,False,False,True,False,False,False,Этаж выше этажности здания,оставить,оставить признаки как есть; этаж → пропуск,train
88451,Daire,475000.0,285.0,6+1,5,4,Antalya/Alanya/Küçükhasbahçe,TRY,475000.0,False,False,False,False,False,True,False,False,False,Этаж выше этажности здания,оставить,оставить признаки как есть; этаж → пропуск,train
93327,Komple Bina,475000.0,220.0,+,,3,Bursa/Osmangazi/Doğanevler,TRY,475000.0,False,False,False,False,False,False,True,False,False,Комнаты не разобраны,оставить,оставить признаки как есть,train
98909,Komple Bina,475000.0,300.0,+,,3,Kocaeli/Başiskele/Sepetlipınar,TRY,475000.0,False,False,False,False,False,False,True,False,False,Комнаты не разобраны,оставить,оставить признаки как есть,validation
182098,Daire,475000.0,120.0,3+1,2,1,Afyonkarahisar/Merkez/Selçuklu,TRY,475000.0,False,False,False,False,False,True,False,False,False,Этаж выше этажности здания,оставить,оставить признаки как есть; этаж → пропуск,train
255786,Daire,475000.0,70.0,2+1,6,5,İstanbul/Kartal/Kordonboyu,TRY,475000.0,False,False,False,False,False,True,False,False,False,Этаж выше этажности здания,оставить,оставить признаки как есть; этаж → пропуск,train
259178,Daire,475000.0,,5+3,7,6,Şanlıurfa/Karaköprü/Ali Baba,TRY,475000.0,False,False,False,False,False,True,False,False,False,Этаж выше этажности здания,оставить,оставить признаки как есть; этаж → пропуск,train
325211,Daire,475000.0,110.0,3+1,8,2,İstanbul/Esenyurt/Yeşilkent,TRY,475000.0,False,False,False,False,False,True,False,False,False,Этаж выше этажности здания,оставить,оставить признаки как есть; этаж → пропуск,train
370451,Komple Bina,475000.0,105.0,+,,3,İstanbul/Fatih/Seyyid Ömer,TRY,475000.0,False,False,False,False,False,False,True,False,False,Комнаты не разобраны,оставить,оставить признаки как есть,validation
380556,Komple Bina,475000.0,,+,,,Afyonkarahisar/Merkez/Fatih,TRY,475000.0,False,False,False,False,False,False,True,False,False,Комнаты не разобраны,оставить,оставить признаки как есть,train
394163,Komple Bina,475000.0,90.0,+,,,Sakarya/Adapazarı/Yeni Cami,TRY,475000.0,False,False,False,False,False,False,True,False,False,Комнаты не разобраны,оставить,оставить признаки как есть,validation
394495,Daire,475000.0,,+,,,Bursa/İnegöl/Olukman,TRY,475000.0,False,False,False,False,False,False,True,False,False,Комнаты не разобраны,оставить,оставить признаки как есть,train
397201,Daire,475000.0,8500.0,4+1,,,Amasya/Suluova/Salucu Köyü,TRY,475000.0,False,False,False,True,False,False,False,False,False,Площадь выше 3 000 м²,оставить,площадь → пропуск,train
1382,Komple Bina,470000.0,,+,,4,Trabzon/Ortahisar/Yalıncak,TRY,470000.0,False,False,False,False,False,False,True,False,False,Комнаты не разобраны,оставить,оставить признаки как есть,train
94545,Komple Bina,470000.0,200.0,+,,2,Kocaeli/İzmit/Sanayi,TRY,470000.0,False,False,False,False,False,False,True,False,False,Комнаты не разобраны,оставить,оставить признаки как есть,validation
94913,Daire,470000.0,160.0,3+1,11,10,Gaziantep/Şehitkamil/Osmangazi,TRY,470000.0,False,False,False,False,False,True,False,False,False,Этаж выше этажности здания,оставить,оставить признаки как есть; этаж → пропуск,train
96505,Komple Bina,470000.0,,+,,2,İzmir/Buca/Atatürk,TRY,470000.0,False,False,False,False,False,False,True,False,False,Комнаты не разобраны,оставить,оставить признаки как есть,train
109329,Komple Bina,470000.0,114.0,+,,5,Samsun/İlkadım/Adalet,TRY,470000.0,False,False,False,False,False,False,True,False,False,Комнаты не разобраны,оставить,оставить признаки как есть,train
310866,Daire,470000.0,150.0,4+1,14,3,Ankara/Etimesgut/Eryaman,TRY,470000.0,False,False,False,False,False,True,False,False,False,Этаж выше этажности здания,оставить,оставить признаки как есть; этаж → пропуск,train
348529,Komple Bina,470000.0,110.0,+,,3,Sakarya/Arifiye/Neviye,TRY,470000.0,False,False,False,False,False,False,True,False,False,Комнаты не разобраны,оставить,оставить признаки как есть,train
349463,Komple Bina,470000.0,176.0,+,,2,Kocaeli/Gebze/Mevlana,TRY,470000.0,False,False,False,False,False,False,True,False,False,Комнаты не разобраны,оставить,оставить признаки как есть,test
349715,Komple Bina,470000.0,110.0,+,,3,Trabzon/Akçaabat/Yeni,TRY,470000.0,False,False,False,False,False,False,True,False,False,Комнаты не разобраны,оставить,оставить признаки как есть,train
357961,Daire,465217.00000000006,48068.0,6+1,Teras Kat,8,İstanbul/Avcılar/Cihangir,USD,86000.0,False,False,False,True,False,False,False,False,False,Площадь выше 3 000 м²,оставить,площадь → пропуск,train
93241,Komple Bina,465000.0,,+,,2,Sakarya/Erenler/Küpçüler,TRY,465000.0,False,False,False,False,False,False,True,False,False,Комнаты не разобраны,оставить,оставить признаки как есть,train
95985,Komple Bina,465000.0,,+,,2,Sakarya/Erenler/Küpçüler,TRY,465000.0,False,False,False,False,False,False,True,False,False,Комнаты не разобраны,оставить,оставить признаки как есть,train
97871,Komple Bina,465000.0,385.0,+,,3,İstanbul/Avcılar/Yeşilkent,TRY,465000.0,False,False,False,False,False,False,True,False,False,Комнаты не разобраны,оставить,оставить признаки как есть,validation
31050,Müstakil Ev,460000.0,12.0,3+1,,2,Aydın/Kuşadası/Soğucak,TRY,460000.0,False,False,True,False,False,False,False,False,False,Площадь ниже 15 м²,оставить,площадь → пропуск,train
31688,Komple Bina,460000.0,,+,,3,İzmir/Karaburun/İskele,TRY,460000.0,False,False,False,False,False,False,True,False,False,Комнаты не разобраны,оставить,оставить признаки как есть,train
37333,Daire,460000.0,1.0,3+1,2,5,Aydın/Kuşadası/Ege,TRY,460000.0,False,False,True,False,False,False,False,False,False,Площадь ниже 15 м²,оставить,площадь → пропуск,test
112277,Komple Bina,460000.0,,+,,2,İzmir/Buca/Yeşilbağlar,TRY,460000.0,False,False,False,False,False,False,True,False,False,Комнаты не разобраны,оставить,оставить признаки как есть,test
258649,Daire,460000.0,105.0,3+1,7,1,İstanbul/Bağcılar/Kemalpaşa,TRY,460000.0,False,False,False,False,False,True,False,False,False,Этаж выше этажности здания,оставить,оставить признаки как есть; этаж → пропуск,train
260276,Daire,460000.0,105.0,3+1,7,1,İstanbul/Bağcılar/Kemalpaşa,TRY,460000.0,False,False,False,False,False,True,False,False,False,Этаж выше этажности здания,оставить,оставить признаки как есть; этаж → пропуск,train
348475,Komple Bina,460000.0,,+,,3,Trabzon/Ortahisar/Yenicuma,TRY,460000.0,False,False,False,False,False,False,True,False,False,Комнаты не разобраны,оставить,оставить признаки как есть,train
350275,Komple Bina,460000.0,,+,,3,Erzurum/Tortum/Tortumkale,TRY,460000.0,False,False,False,False,False,False,True,False,False,Комнаты не разобраны,оставить,оставить признаки как есть,train
358835,Daire,460000.0,140.0,3+1,5,2,Bursa/Mudanya/Güzelyalı Yalı,TRY,460000.0,False,False,False,False,False,True,False,False,False,Этаж выше этажности здания,оставить,оставить признаки как есть; этаж → пропуск,validation
361494,Daire,460000.0,140.0,3+1,5,2,Bursa/Mudanya/Güzelyalı Yalı,TRY,460000.0,False,False,False,False,False,True,False,False,False,Этаж выше этажности здания,оставить,оставить признаки как есть; этаж → пропуск,validation
366499,Komple Bina,460000.0,460.0,+,,2,Osmaniye/Merkez/Mevlana,TRY,460000.0,False,False,False,False,False,False,True,False,False,Комнаты не разобраны,оставить,оставить признаки как есть,validation
296659,Daire,459000.0,180.0,4+1,10,7,Konya/Selçuklu/Hacıkaymak,TRY,459000.0,False,False,False,False,False,True,False,False,False,Этаж выше этажности здания,оставить,оставить признаки как есть; этаж → пропуск,validation
298435,Daire,459000.0,180.0,4+1,10,7,Konya/Selçuklu/Hacıkaymak,TRY,459000.0,False,False,False,False,False,True,False,False,False,Этаж выше этажности здания,оставить,оставить признаки как есть; этаж → пропуск,validation
300117,Daire,459000.0,180.0,4+1,10,7,Konya/Selçuklu/Hacıkaymak,TRY,459000.0,False,False,False,False,False,True,False,False,False,Этаж выше этажности здания,оставить,оставить признаки как есть; этаж → пропуск,validation
304651,Daire,459000.0,180.0,4+1,10,7,Konya/Selçuklu/Hacıkaymak,TRY,459000.0,False,False,False,False,False,True,False,False,False,Этаж выше этажности здания,оставить,оставить признаки как есть; этаж → пропуск,validation
366622,Daire,457795.65,211478.0,7+2,15,4,İstanbul/Avcılar/Cihangir,USD,84500.0,False,False,False,True,True,True,False,False,False,"Площадь выше 3 000 м², Площадь выше 100 000 м², Этаж выше этажности здания",оставить,площадь → пропуск; этаж → пропуск,train
97347,Komple Bina,455000.0,50.0,+,,3,Denizli/Pamukkale/Zeytinköy,TRY,455000.0,False,False,False,False,False,False,True,False,False,Комнаты не разобраны,оставить,оставить признаки как есть,train
401823,Komple Bina,455000.0,200.0,+,,,Aksaray/Merkez/Yavuz Sultan Selim,TRY,455000.0,False,False,False,False,False,False,True,False,False,Комнаты не разобраны,оставить,оставить признаки как есть,validation
243010,Daire,453000.0,,2+1,5,4,İstanbul/Bahçelievler/Siyavuşpaşa,TRY,453000.0,False,False,False,False,False,True,False,False,False,Этаж выше этажности здания,оставить,оставить признаки как есть; этаж → пропуск,test
630,Komple Bina,450000.0,,+,,1,Muğla/Datça/Mesudiye,TRY,450000.0,False,False,False,False,False,False,True,False,False,Комнаты не разобраны,оставить,оставить признаки как есть,validation
12255,Daire,450000.0,230.0,4+1,3,2,Sakarya/Adapazarı/Güneşler Merkez,TRY,450000.0,False,False,False,False,False,True,False,False,False,Этаж выше этажности здания,оставить,оставить признаки как есть; этаж → пропуск,train
12975,Daire,450000.0,230.0,4+1,3,2,Sakarya/Adapazarı/Güneşler Merkez,TRY,450000.0,False,False,False,False,False,True,False,False,False,Этаж выше этажности здания,оставить,оставить признаки как есть; этаж → пропуск,train
32116,Komple Bina,450000.0,90.0,+,,3,İzmir/Konak/Zeytinlik,TRY,450000.0,False,False,False,False,False,False,True,False,False,Комнаты не разобраны,оставить,оставить признаки как есть,train
32496,Villa,450000.0,1.0,4+1,,3,Mersin/Anamur/Lale,TRY,450000.0,False,False,True,False,False,False,False,False,False,Площадь ниже 15 м²,оставить,площадь → пропуск,validation
32616,Komple Bina,450000.0,122.0,+,,3,İzmir/Torbalı/Fevzi Çakmak,TRY,450000.0,False,False,False,False,False,False,True,False,False,Комнаты не разобраны,оставить,оставить признаки как есть,train
33124,Komple Bina,450000.0,90.0,+,,3,İzmir/Konak/Zeytinlik,TRY,450000.0,False,False,False,False,False,False,True,False,False,Комнаты не разобраны,оставить,оставить признаки как есть,train
61183,Daire,450000.0,135.0,2+1,2,1,Antalya/Aksu/Kundu,TRY,450000.0,False,False,False,False,False,True,False,False,False,Этаж выше этажности здания,оставить,оставить признаки как есть; этаж → пропуск,validation
92877,Komple Bina,450000.0,,+,,3,Adıyaman/Kahta/Hürriyet,TRY,450000.0,False,False,False,False,False,False,True,False,False,Комнаты не разобраны,оставить,оставить признаки как есть,train
93275,Komple Bina,450000.0,130.0,+,,3,Eskişehir/Tepebaşı/Cumhuriye,TRY,450000.0,False,False,False,False,False,False,True,False,False,Комнаты не разобраны,оставить,оставить признаки как есть,train
96192,Daire,450000.0,145.0,3+1,17,8,Gaziantep/Şehitkamil/Fıstıklık,TRY,450000.0,False,False,False,False,False,True,False,False,False,Этаж выше этажности здания,оставить,оставить признаки как есть; этаж → пропуск,train
96377,Komple Bina,450000.0,,+,,3,Kocaeli/Darıca/Nenehatun,TRY,450000.0,False,False,False,False,False,False,True,False,False,Комнаты не разобраны,оставить,оставить признаки как есть,train
99257,Komple Bina,450000.0,170.0,+,,3,İstanbul/Bayrampaşa/Vatan,TRY,450000.0,False,False,False,False,False,False,True,False,False,Комнаты не разобраны,оставить,оставить признаки как есть,test
106645,Komple Bina,450000.0,280.0,+,,3,Erzurum/Palandöken/Müftü Solakzade,TRY,450000.0,False,False,False,False,False,False,True,False,False,Комнаты не разобраны,оставить,оставить признаки как есть,train
106903,Komple Bina,450000.0,,+,,4,Bursa/Osmangazi/İstiklal,TRY,450000.0,False,False,False,False,False,False,True,False,False,Комнаты не разобраны,оставить,оставить признаки как есть,train
107385,Komple Bina,450000.0,,+,,3,Bursa/Yıldırım/Sıracevizler,TRY,450000.0,False,False,False,False,False,False,True,False,False,Комнаты не разобраны,оставить,оставить признаки как есть,train
109625,Komple Bina,450000.0,,+,,4,Erzurum/Yakutiye/Ömer Nasuhi Bilmen,TRY,450000.0,False,False,False,False,False,False,True,False,False,Комнаты не разобраны,оставить,оставить признаки как есть,train
109767,Komple Bina,450000.0,100.0,+,,3,Çorum/Merkez/Kale,TRY,450000.0,False,False,False,False,False,False,True,False,False,Комнаты не разобраны,оставить,оставить признаки как есть,train
110349,Komple Bina,450000.0,,+,,3,Adıyaman/Kahta/Hürriyet,TRY,450000.0,False,False,False,False,False,False,True,False,False,Комнаты не разобраны,оставить,оставить признаки как есть,train
110561,Komple Bina,450000.0,80.0,+,,4,İstanbul/Beyoğlu/Sururi Mehmet Efendi,TRY,450000.0,False,False,False,False,False,False,True,False,False,Комнаты не разобраны,оставить,оставить признаки как есть,train
208651,Daire,450000.0,100.0,2+1,3,1,İstanbul/Zeytinburnu/Seyitnizam,TRY,450000.0,False,False,False,False,False,True,False,False,False,Этаж выше этажности здания,оставить,оставить признаки как есть; этаж → пропуск,validation
210436,Daire,450000.0,,3+1,3,2,Muğla/Marmaris/Bayır,TRY,450000.0,False,False,False,False,False,True,False,False,False,Этаж выше этажности здания,оставить,оставить признаки как есть; этаж → пропуск,train
245178,Daire,450000.0,,3+1,5,4,Bursa/Nilüfer/Demirci,TRY,450000.0,False,False,False,False,False,True,False,False,False,Этаж выше этажности здания,оставить,оставить признаки как есть; этаж → пропуск,train
257375,Daire,450000.0,,3+1,7,1,Afyonkarahisar/Merkez/Karaman,TRY,450000.0,False,False,False,False,False,True,False,False,False,Этаж выше этажности здания,оставить,оставить признаки как есть; этаж → пропуск,train
257418,Daire,450000.0,,3+1,7,1,Afyonkarahisar/Merkez/Karaman,TRY,450000.0,False,False,False,False,False,True,False,False,False,Этаж выше этажности здания,оставить,оставить признаки как есть; этаж → пропуск,train
257528,Daire,450000.0,,3+1,7,1,Afyonkarahisar/Merkez/Karaman,TRY,450000.0,False,False,False,False,False,True,False,False,False,Этаж выше этажности здания,оставить,оставить признаки как есть; этаж → пропуск,train
259037,Daire,450000.0,,3+1,7,1,Afyonkarahisar/Merkez/Karaman,TRY,450000.0,False,False,False,False,False,True,False,False,False,Этаж выше этажности здания,оставить,оставить признаки как есть; этаж → пропуск,train
327404,Daire,450000.0,140.0,3+1,11,10,İstanbul/Büyükçekmece/Mimaroba,TRY,450000.0,False,False,False,False,False,True,False,False,False,Этаж выше этажности здания,оставить,оставить признаки как есть; этаж → пропуск,train
348601,Komple Bina,450000.0,,+,,3,Antalya/Manavgat/Dikmen,TRY,450000.0,False,False,False,False,False,False,True,False,False,Комнаты не разобраны,оставить,оставить признаки как есть,train
348623,Komple Bina,450000.0,110.0,+,,3,Trabzon/Ortahisar/Pelitli,TRY,450000.0,False,False,False,False,False,False,True,False,False,Комнаты не разобраны,оставить,оставить признаки как есть,train
349271,Komple Bina,450000.0,380.0,+,,3,Sakarya/Adapazarı/Güneşler Merkez,TRY,450000.0,False,False,False,False,False,False,True,False,False,Комнаты не разобраны,оставить,оставить признаки как есть,test
349571,Komple Bina,450000.0,380.0,+,,3,Sakarya/Adapazarı/Güneşler Merkez,TRY,450000.0,False,False,False,False,False,False,True,False,False,Комнаты не разобраны,оставить,оставить признаки как есть,test
349639,Komple Bina,450000.0,380.0,+,,3,Sakarya/Adapazarı/Güneşler Merkez,TRY,450000.0,False,False,False,False,False,False,True,False,False,Комнаты не разобраны,оставить,оставить признаки как есть,test
349649,Komple Bina,450000.0,380.0,+,,3,Sakarya/Adapazarı/Güneşler Merkez,TRY,450000.0,False,False,False,False,False,False,True,False,False,Комнаты не разобраны,оставить,оставить признаки как есть,test
350153,Komple Bina,450000.0,380.0,+,,3,Sakarya/Adapazarı/Güneşler Merkez,TRY,450000.0,False,False,False,False,False,False,True,False,False,Комнаты не разобраны,оставить,оставить признаки как есть,test
351962,Müstakil Ev,450000.0,6843.0,5+2,Bahçe katı,,Kırklareli/Merkez/Kapaklı Köyü,TRY,450000.0,False,False,False,True,False,False,False,False,False,Площадь выше 3 000 м²,оставить,оставить признаки как есть,train
368119,Komple Bina,450000.0,,+,,2,Erzurum/Tortum/Bahçeli,TRY,450000.0,False,False,False,False,False,False,True,False,False,Комнаты не разобраны,оставить,оставить признаки как есть,train
372585,Daire,450000.0,,+,Çatı Katı,4,Aydın/Didim/Altınkum,TRY,450000.0,False,False,False,False,False,False,True,False,False,Комнаты не разобраны,оставить,оставить признаки как есть,train
393496,Komple Bina,450000.0,,+,,,Tekirdağ/Kapaklı/Bahçelievler,TRY,450000.0,False,False,False,False,False,False,True,False,False,Комнаты не разобраны,оставить,оставить признаки как есть,train
394785,Rezidans,450000.0,,+,,,Aydın/Kuşadası/İkiçeşmelik,TRY,450000.0,False,False,False,False,False,False,True,False,False,Комнаты не разобраны,оставить,оставить признаки как есть,train
395465,Komple Bina,450000.0,253.0,+,,,Sakarya/Erenler/Küpçüler,TRY,450000.0,False,False,False,False,False,False,True,False,False,Комнаты не разобраны,оставить,оставить признаки как есть,train
26859,Villa,449000.0,180185.0,3+1,Müstakil,2,Aydın/Didim/Hisar,TRY,449000.0,False,False,False,True,True,False,False,False,False,"Площадь выше 3 000 м², Площадь выше 100 000 м²",оставить,площадь → пропуск,validation
37442,Villa,449000.0,180185.0,3+1,Müstakil,2,Aydın/Didim/Hisar,TRY,449000.0,False,False,False,True,True,False,False,False,False,"Площадь выше 3 000 м², Площадь выше 100 000 м²",оставить,площадь → пропуск,validation
40611,Villa,449000.0,180185.0,3+1,Müstakil,2,Aydın/Didim/Hisar,TRY,449000.0,False,False,False,True,True,False,False,False,False,"Площадь выше 3 000 м², Площадь выше 100 000 м²",оставить,площадь → пропуск,validation
239925,Daire,449000.0,150.0,4+1,4,2,Ankara/Çankaya/Şehit Cengiz Karaca,TRY,449000.0,False,False,False,False,False,True,False,False,False,Этаж выше этажности здания,оставить,оставить признаки как есть; этаж → пропуск,train
348865,Komple Bina,449000.0,,+,,3,Antalya/Manavgat/Dikmen,TRY,449000.0,False,False,False,False,False,False,True,False,False,Комнаты не разобраны,оставить,оставить признаки как есть,train
205740,Daire,448000.0,130.0,3+1,3,2,Denizli/Merkezefendi/Servergazi,TRY,448000.0,False,False,False,False,False,True,False,False,False,Этаж выше этажности здания,оставить,оставить признаки как есть; этаж → пропуск,train
92179,Komple Bina,445000.0,360.0,+,,3,Kocaeli/Darıca/Nenehatun,TRY,445000.0,False,False,False,False,False,False,True,False,False,Комнаты не разобраны,оставить,оставить признаки как есть,train
92255,Komple Bina,445000.0,360.0,+,,3,Kocaeli/Darıca/Nenehatun,TRY,445000.0,False,False,False,False,False,False,True,False,False,Комнаты не разобраны,оставить,оставить признаки как есть,train
94887,Daire,445000.0,135.0,3+1,11,4,İstanbul/Esenyurt/Mevlana,TRY,445000.0,False,False,False,False,False,True,False,False,False,Этаж выше этажности здания,оставить,оставить признаки как есть; этаж → пропуск,train
96823,Komple Bina,445000.0,360.0,+,,3,Kocaeli/Darıca/Nenehatun,TRY,445000.0,False,False,False,False,False,False,True,False,False,Комнаты не разобраны,оставить,оставить признаки как есть,train
99483,Komple Bina,445000.0,360.0,+,,3,Kocaeli/Darıca/Nenehatun,TRY,445000.0,False,False,False,False,False,False,True,False,False,Комнаты не разобраны,оставить,оставить признаки как есть,train
371089,Komple Bina,445000.0,130.0,+,,2,Afyonkarahisar/Şuhut/Yalı,TRY,445000.0,False,False,False,False,False,False,True,False,False,Комнаты не разобраны,оставить,оставить признаки как есть,train
380685,Daire,445000.0,125.0,2+1,4,1,İstanbul/Eyüpsultan/Topçular,TRY,445000.0,False,False,False,False,False,True,False,False,False,Этаж выше этажности здания,оставить,оставить признаки как есть; этаж → пропуск,train
51783,Daire,440000.0,140.0,3+1,4,2,İzmir/Buca/Yiğitler,TRY,440000.0,False,False,False,False,False,True,False,False,False,Этаж выше этажности здания,оставить,оставить признаки как есть; этаж → пропуск,train
54685,Daire,440000.0,140.0,3+1,4,2,İzmir/Buca/Yiğitler,TRY,440000.0,False,False,False,False,False,True,False,False,False,Этаж выше этажности здания,оставить,оставить признаки как есть; этаж → пропуск,train
56165,Daire,440000.0,140.0,3+1,4,2,İzmir/Buca/Yiğitler,TRY,440000.0,False,False,False,False,False,True,False,False,False,Этаж выше этажности здания,оставить,оставить признаки как есть; этаж → пропуск,train
106071,Komple Bina,440000.0,,+,,4,Bursa/İnegöl/Sinanbey,TRY,440000.0,False,False,False,False,False,False,True,False,False,Комнаты не разобраны,оставить,оставить признаки как есть,validation
296726,Daire,440000.0,150.0,4+1,15,10,Ankara/Etimesgut/Göksu,TRY,440000.0,False,False,False,False,False,True,False,False,False,Этаж выше этажности здания,оставить,оставить признаки как есть; этаж → пропуск,train
297726,Daire,440000.0,150.0,4+1,15,10,Ankara/Etimesgut/Göksu,TRY,440000.0,False,False,False,False,False,True,False,False,False,Этаж выше этажности здания,оставить,оставить признаки как есть; этаж → пропуск,train
298572,Daire,440000.0,150.0,4+1,15,10,Ankara/Etimesgut/Göksu,TRY,440000.0,False,False,False,False,False,True,False,False,False,Этаж выше этажности здания,оставить,оставить признаки как есть; этаж → пропуск,train
338327,Daire,440000.0,,2+1,3,2,Balıkesir/Ayvalık/Küçükköy,TRY,440000.0,False,False,False,False,False,True,False,False,False,Этаж выше этажности здания,оставить,оставить признаки как есть; этаж → пропуск,train
367154,Daire,439815.06,51316.0,8+3,Çatı Katı,10-20 arası,İstanbul/Güngören/Sanayi,USD,83100.0,False,False,False,True,False,False,False,False,False,Площадь выше 3 000 м²,оставить,площадь → пропуск,train
250156,Daire,437500.0,98.0,2+1,5,1,İstanbul/Kartal/Esentepe,TRY,437500.0,False,False,False,False,False,True,False,False,False,Этаж выше этажности здания,оставить,оставить признаки как есть; этаж → пропуск,train
399469,Daire,436484.8236,68202.0,1+1,,,Sakarya/Akyazı/Ballıkaya,USD,82922.0,False,False,False,True,False,False,False,False,False,Площадь выше 3 000 м²,оставить,площадь → пропуск,test
387653,Daire,436000.0,90.0,2+1,3,2,Antalya/Manavgat/Side,TRY,436000.0,False,False,False,False,False,True,False,False,False,Этаж выше этажности здания,оставить,оставить признаки как есть; этаж → пропуск,validation
762,Komple Bina,435000.0,,+,,4,Bursa/Yıldırım/Yeşil,TRY,435000.0,False,False,False,False,False,False,True,False,False,Комнаты не разобраны,оставить,оставить признаки как есть,train
386840,Daire,435000.0,,+,,,İstanbul/Sancaktepe/Mevlana,TRY,435000.0,False,False,False,False,False,False,True,False,False,Комнаты не разобраны,оставить,оставить признаки как есть,train
7024,Komple Bina,430000.0,250.0,+,,3,Tekirdağ/Süleymanpaşa/Barbaros,TRY,430000.0,False,False,False,False,False,False,True,False,False,Комнаты не разобраны,оставить,оставить признаки как есть,train
17632,Komple Bina,430000.0,160.0,+,,3,Afyonkarahisar/Merkez/Erkmen Bld. (Hürriyet),TRY,430000.0,False,False,False,False,False,False,True,False,False,Комнаты не разобраны,оставить,оставить признаки как есть,train
17734,Komple Bina,430000.0,160.0,+,,3,Afyonkarahisar/Merkez/Erkmen Bld. (Hürriyet),TRY,430000.0,False,False,False,False,False,False,True,False,False,Комнаты не разобраны,оставить,оставить признаки как есть,train
28878,Komple Bina,430000.0,50.0,+,,2,İzmir/Karaburun/Merkez,TRY,430000.0,False,False,False,False,False,False,True,False,False,Комнаты не разобраны,оставить,оставить признаки как есть,test
34142,Komple Bina,430000.0,50.0,+,,2,İzmir/Karaburun/Merkez,TRY,430000.0,False,False,False,False,False,False,True,False,False,Комнаты не разобраны,оставить,оставить признаки как есть,test
94749,Komple Bina,430000.0,199.0,+,,2,İstanbul/Sultanbeyli/Yavuz Selim,TRY,430000.0,False,False,False,False,False,False,True,False,False,Комнаты не разобраны,оставить,оставить признаки как есть,train
103887,Komple Bina,430000.0,170.0,+,,2,İstanbul/Sultanbeyli/Ahmet Yesevi,TRY,430000.0,False,False,False,False,False,False,True,False,False,Комнаты не разобраны,оставить,оставить признаки как есть,test
109579,Komple Bina,430000.0,,+,,4,Balıkesir/Karesi/2. Sakarya,TRY,430000.0,False,False,False,False,False,False,True,False,False,Комнаты не разобраны,оставить,оставить признаки как есть,test
124498,Daire,430000.0,130.0,+,Kot 3,3,İstanbul/Bağcılar/Hürriyet,TRY,430000.0,False,False,False,False,False,False,True,False,False,Комнаты не разобраны,оставить,оставить признаки как есть,train
182029,Daire,430000.0,100.0,3+1,2,1,İstanbul/Küçükçekmece/Cumhuriyet,TRY,430000.0,False,False,False,False,False,True,False,False,False,Этаж выше этажности здания,оставить,оставить признаки как есть; этаж → пропуск,test
182033,Daire,430000.0,100.0,3+1,2,1,İstanbul/Küçükçekmece/Cumhuriyet,TRY,430000.0,False,False,False,False,False,True,False,False,False,Этаж выше этажности здания,оставить,оставить признаки как есть; этаж → пропуск,test
255567,Daire,430000.0,,5+2,6,5,İstanbul/Beylikdüzü/Cumhuriyet,TRY,430000.0,False,False,False,False,False,True,False,False,False,Этаж выше этажности здания,оставить,оставить признаки как есть; этаж → пропуск,train
280818,Daire,430000.0,1.0,3+1,2,5,Gaziantep/Şehitkamil/Batıkent,TRY,430000.0,False,False,True,False,False,False,False,False,False,Площадь ниже 15 м²,оставить,площадь → пропуск,train
313868,Daire,430000.0,430000.0,4+1,19,10-20 arası,Ankara/Etimesgut/Göksu,TRY,430000.0,False,False,False,True,True,False,False,False,False,"Площадь выше 3 000 м², Площадь выше 100 000 м²",оставить,площадь → пропуск,test
349819,Komple Bina,430000.0,,+,,,İzmir/Menemen/Gölcük,TRY,430000.0,False,False,False,False,False,False,True,False,False,Комнаты не разобраны,оставить,оставить признаки как есть,validation
388972,Daire,430000.0,,+,,,İstanbul/Çekmeköy/Taşdelen,TRY,430000.0,False,False,False,False,False,False,True,False,False,Комнаты не разобраны,оставить,оставить признаки как есть,train
393730,Daire,430000.0,,+,,,İstanbul/Bahçelievler/Hürriyet,TRY,430000.0,False,False,False,False,False,False,True,False,False,Комнаты не разобраны,оставить,оставить признаки как есть,validation
86674,Daire,425000.0,,2+1,3,2,Antalya/Muratpaşa/Güzeloba,TRY,425000.0,False,False,False,False,False,True,False,False,False,Этаж выше этажности здания,оставить,оставить признаки как есть; этаж → пропуск,validation
98875,Komple Bina,425000.0,,+,,4,Çorum/Merkez/Gülabibey,TRY,425000.0,False,False,False,False,False,False,True,False,False,Комнаты не разобраны,оставить,оставить признаки как есть,train
1875,Daire,420000.0,120.0,3+1,3,1,Muğla/Fethiye/Akarca,TRY,420000.0,False,False,False,False,False,True,False,False,False,Этаж выше этажности здания,оставить,оставить признаки как есть; этаж → пропуск,train
31122,Komple Bina,420000.0,,+,,2,Mersin/Yenişehir/Afetevler,TRY,420000.0,False,False,False,False,False,False,True,False,False,Комнаты не разобраны,оставить,оставить признаки как есть,validation
33528,Komple Bina,420000.0,370.0,+,,2,İzmir/Torbalı/Fevzi Çakmak,TRY,420000.0,False,False,False,False,False,False,True,False,False,Комнаты не разобраны,оставить,оставить признаки как есть,validation
34676,Komple Bina,420000.0,370.0,+,,2,İzmir/Torbalı/Fevzi Çakmak,TRY,420000.0,False,False,False,False,False,False,True,False,False,Комнаты не разобраны,оставить,оставить признаки как есть,validation
58218,Daire,420000.0,160.0,3+1,5,3,Antalya/Konyaaltı/Öğretmenevleri,TRY,420000.0,False,False,False,False,False,True,False,False,False,Этаж выше этажности здания,оставить,оставить признаки как есть; этаж → пропуск,train
93942,Daire,420000.0,,4+1,13,8,Adana/Çukurova/Kurttepe,TRY,420000.0,False,False,False,False,False,True,False,False,False,Этаж выше этажности здания,оставить,оставить признаки как есть; этаж → пропуск,train
95785,Komple Bina,420000.0,341.0,+,,3,Tekirdağ/Ergene/Sağlık,TRY,420000.0,False,False,False,False,False,False,True,False,False,Комнаты не разобраны,оставить,оставить признаки как есть,train
121645,Daire,420000.0,220000.0,4+1,Kot 2,5,Gaziantep/Şehitkamil/Ulus,TRY,420000.0,False,False,False,True,True,False,False,False,False,"Площадь выше 3 000 м², Площадь выше 100 000 м²",оставить,площадь → пропуск,train
182051,Daire,420000.0,,2+1,2,1,İstanbul/Avcılar/Mustafa Kemal Paşa,TRY,420000.0,False,False,False,False,False,True,False,False,False,Этаж выше этажности здания,оставить,оставить признаки как есть; этаж → пропуск,train
255371,Daire,420000.0,105.0,3+1,6,1,İstanbul/Ümraniye/Tatlısu,TRY,420000.0,False,False,False,False,False,True,False,False,False,Этаж выше этажности здания,оставить,оставить признаки как есть; этаж → пропуск,train
370495,Komple Bina,420000.0,400.0,+,,4,Ordu/Fatsa/Kabakdağı,TRY,420000.0,False,False,False,False,False,False,True,False,False,Комнаты не разобраны,оставить,оставить признаки как есть,test
371397,Daire,420000.0,4589.0,3+1,6,10-20 arası,Adana/Seyhan/Gürselpaşa,TRY,420000.0,False,False,False,True,False,False,False,False,False,Площадь выше 3 000 м²,оставить,площадь → пропуск,validation
384498,Komple Bina,420000.0,,+,,3,Samsun/Bafra/Cumhuriyet,TRY,420000.0,False,False,False,False,False,False,True,False,False,Комнаты не разобраны,оставить,оставить признаки как есть,train
382958,Daire,418025.51379999996,87851.0,1+1,,,Erzincan/Kemah/Aktaş Köyü,USD,80422.0,False,False,False,True,False,False,False,False,False,Площадь выше 3 000 м²,оставить,площадь → пропуск,test
68256,Daire,415000.0,,3+1,3,2,Antalya/Muratpaşa/Güzeloba,TRY,415000.0,False,False,False,False,False,True,False,False,False,Этаж выше этажности здания,оставить,оставить признаки как есть; этаж → пропуск,validation
113715,Daire,415000.0,165.0,3+1,10,9,Ankara/Etimesgut/Ahi Mesut,TRY,415000.0,False,False,False,False,False,True,False,False,False,Этаж выше этажности здания,оставить,оставить признаки как есть; этаж → пропуск,train
115273,Komple Bina,415000.0,,+,,3,Bursa/Osmangazi/Yunuseli,TRY,415000.0,False,False,False,False,False,False,True,False,False,Комнаты не разобраны,оставить,оставить признаки как есть,train
1832,Villa,410000.0,1.0,5+2,,3,Eskişehir/Tepebaşı/Keskin,TRY,410000.0,False,False,True,False,False,False,False,False,False,Площадь ниже 15 м²,оставить,площадь → пропуск,train
6856,Komple Bina,410000.0,100.0,+,,1,İstanbul/Üsküdar/Burhaniye,TRY,410000.0,False,False,False,False,False,False,True,False,False,Комнаты не разобраны,оставить,оставить признаки как есть,validation
7264,Komple Bina,410000.0,,+,,4,Bursa/Yıldırım/Hacıseyfettin,TRY,410000.0,False,False,False,False,False,False,True,False,False,Комнаты не разобраны,оставить,оставить признаки как есть,train
7334,Komple Bina,410000.0,100.0,+,,1,İstanbul/Üsküdar/Burhaniye,TRY,410000.0,False,False,False,False,False,False,True,False,False,Комнаты не разобраны,оставить,оставить признаки как есть,validation
7976,Komple Bina,410000.0,100.0,+,,1,İstanbul/Üsküdar/Burhaniye,TRY,410000.0,False,False,False,False,False,False,True,False,False,Комнаты не разобраны,оставить,оставить признаки как есть,validation
30346,Daire,410000.0,100.0,2+1,10,4,İstanbul/Küçükçekmece/Yeni Mahalle,TRY,410000.0,False,False,False,False,False,True,False,False,False,Этаж выше этажности здания,оставить,оставить признаки как есть; этаж → пропуск,train
30804,Komple Bina,410000.0,,+,,2,Mersin/Yenişehir/Eğriçam,TRY,410000.0,False,False,False,False,False,False,True,False,False,Комнаты не разобраны,оставить,оставить признаки как есть,train
32018,Daire,410000.0,,2+1,9,7,İstanbul/Sultanbeyli/Adil,TRY,410000.0,False,False,False,False,False,True,False,False,False,Этаж выше этажности здания,оставить,оставить признаки как есть; этаж → пропуск,train
107129,Komple Bina,410000.0,,+,,2,İstanbul/Sultanbeyli/Yavuz Selim,TRY,410000.0,False,False,False,False,False,False,True,False,False,Комнаты не разобраны,оставить,оставить признаки как есть,train
109143,Komple Bina,410000.0,,+,,2,İstanbul/Sultanbeyli/Yavuz Selim,TRY,410000.0,False,False,False,False,False,False,True,False,False,Комнаты не разобраны,оставить,оставить признаки как есть,train
222007,Daire,410000.0,240.0,5+1,4,1,Ankara/Çankaya/Zafertepe,TRY,410000.0,False,False,False,False,False,True,False,False,False,Этаж выше этажности здания,оставить,оставить признаки как есть; этаж → пропуск,train
245595,Daire,410000.0,90.0,3+1,5,4,Yalova/Merkez/Bahçelievler,TRY,410000.0,False,False,False,False,False,True,False,False,False,Этаж выше этажности здания,оставить,оставить признаки как есть; этаж → пропуск,train
249967,Daire,410000.0,,2+1,5,1,İstanbul/Kağıthane/Hamidiye,TRY,410000.0,False,False,False,False,False,True,False,False,False,Этаж выше этажности здания,оставить,оставить признаки как есть; этаж → пропуск,train
336782,Daire,410000.0,,3+1,4,2,Aydın/Kuşadası/İkiçeşmelik,TRY,410000.0,False,False,False,False,False,True,False,False,False,Этаж выше этажности здания,оставить,оставить признаки как есть; этаж → пропуск,validation
88042,Daire,409904.0,1.0,2+1,5,10,Antalya/Alanya/Mahmutlar,EUR,68000.0,False,False,True,False,False,False,False,False,False,Площадь ниже 15 м²,оставить,площадь → пропуск,train
254446,Daire,408000.0,,3+1,6,1,İstanbul/Ümraniye/Tatlısu,TRY,408000.0,False,False,False,False,False,True,False,False,False,Этаж выше этажности здания,оставить,оставить признаки как есть; этаж → пропуск,train
254706,Daire,408000.0,,3+1,6,1,İstanbul/Ümraniye/Tatlısu,TRY,408000.0,False,False,False,False,False,True,False,False,False,Этаж выше этажности здания,оставить,оставить признаки как есть; этаж → пропуск,train
221186,Daire,405000.0,140.0,3+1,4,3,Antalya/Muratpaşa/Meydankavağı,TRY,405000.0,False,False,False,False,False,True,False,False,False,Этаж выше этажности здания,оставить,оставить признаки как есть; этаж → пропуск,train
7134,Komple Bina,400000.0,100.0,+,,3,Samsun/Canik/Hasköy,TRY,400000.0,False,False,False,False,False,False,True,False,False,Комнаты не разобраны,оставить,оставить признаки как есть,train
27908,Komple Bina,400000.0,360.0,+,,4,İzmir/Buca/Yenigün,TRY,400000.0,False,False,False,False,False,False,True,False,False,Комнаты не разобраны,оставить,оставить признаки как есть,test
30194,Komple Bina,400000.0,360.0,+,,4,İzmir/Buca/Yenigün,TRY,400000.0,False,False,False,False,False,False,True,False,False,Комнаты не разобраны,оставить,оставить признаки как есть,test
30198,Komple Bina,400000.0,360.0,+,,4,İzmir/Buca/Yenigün,TRY,400000.0,False,False,False,False,False,False,True,False,False,Комнаты не разобраны,оставить,оставить признаки как есть,test
57408,Daire,400000.0,1.0,3+1,1,2,Aydın/Didim/Efeler,TRY,400000.0,False,False,True,False,False,False,False,False,False,Площадь ниже 15 м²,оставить,площадь → пропуск,validation
59361,Daire,400000.0,1.0,3+1,1,2,Aydın/Didim/Efeler,TRY,400000.0,False,False,True,False,False,False,False,False,False,Площадь ниже 15 м²,оставить,площадь → пропуск,validation
248010,Daire,400000.0,,2+1,5,1,İstanbul/Kağıthane/Hamidiye,TRY,400000.0,False,False,False,False,False,True,False,False,False,Этаж выше этажности здания,оставить,оставить признаки как есть; этаж → пропуск,train
282613,Daire,400000.0,90.0,+,2,5,İstanbul/Beylikdüzü/Yakuplu,TRY,400000.0,False,False,False,False,False,False,True,False,False,Комнаты не разобраны,оставить,оставить признаки как есть,train
348501,Çiftlik Evi,400000.0,4000.0,2+1,,1,Çanakkale/Biga/Bozlar Köyü,TRY,400000.0,False,False,False,True,False,False,False,False,False,Площадь выше 3 000 м²,оставить,оставить признаки как есть,train
348929,Komple Bina,400000.0,700.0,+,,3,Antalya/Manavgat/Dikmen,TRY,400000.0,False,False,False,False,False,False,True,False,False,Комнаты не разобраны,оставить,оставить признаки как есть,train
349233,Komple Bina,400000.0,700.0,+,,3,Antalya/Manavgat/Dikmen,TRY,400000.0,False,False,False,False,False,False,True,False,False,Комнаты не разобраны,оставить,оставить признаки как есть,train
349395,Komple Bina,400000.0,,+,,3,Konya/Akşehir/Yarenler,TRY,400000.0,False,False,False,False,False,False,True,False,False,Комнаты не разобраны,оставить,оставить признаки как есть,validation
349483,Komple Bina,400000.0,145.0,+,,4,Edirne/Keşan/Yukarı Zaferiye,TRY,400000.0,False,False,False,False,False,False,True,False,False,Комнаты не разобраны,оставить,оставить признаки как есть,test
349689,Komple Bina,400000.0,135.0,+,,2,İzmir/Gaziemir/Dokuz Eylül,TRY,400000.0,False,False,False,False,False,False,True,False,False,Комнаты не разобраны,оставить,оставить признаки как есть,train
350061,Komple Bina,400000.0,700.0,+,,3,Antalya/Manavgat/Dikmen,TRY,400000.0,False,False,False,False,False,False,True,False,False,Комнаты не разобраны,оставить,оставить признаки как есть,train
350107,Komple Bina,400000.0,,+,,4,Bursa/Gemlik/Balıkpazarı,TRY,400000.0,False,False,False,False,False,False,True,False,False,Комнаты не разобраны,оставить,оставить признаки как есть,train
350157,Komple Bina,400000.0,,+,,3,Balıkesir/Ayvalık/Fevzipaşa-Vehbibey,TRY,400000.0,False,False,False,False,False,False,True,False,False,Комнаты не разобраны,оставить,оставить признаки как есть,train
350177,Komple Bina,400000.0,700.0,+,,3,Antalya/Manavgat/Dikmen,TRY,400000.0,False,False,False,False,False,False,True,False,False,Комнаты не разобраны,оставить,оставить признаки как есть,train
350283,Çiftlik Evi,400000.0,4000.0,2+1,,1,Çanakkale/Biga/Bozlar Köyü,TRY,400000.0,False,False,False,True,False,False,False,False,False,Площадь выше 3 000 м²,оставить,оставить признаки как есть,train
382808,Komple Bina,400000.0,,+,,2,Sakarya/Adapazarı/Şeker,TRY,400000.0,False,False,False,False,False,False,True,False,False,Комнаты не разобраны,оставить,оставить признаки как есть,test
397449,Komple Bina,400000.0,100.0,+,,,Kocaeli/Başiskele/Yeşilyurt,TRY,400000.0,False,False,False,False,False,False,True,False,False,Комнаты не разобраны,оставить,оставить признаки как есть,train
400251,Komple Bina,400000.0,,+,,,Kocaeli/İzmit/Yeşilova,TRY,400000.0,False,False,False,False,False,False,True,False,False,Комнаты не разобраны,оставить,оставить признаки как есть,train
400331,Komple Bina,400000.0,,+,,,Kocaeli/İzmit/Yeşilova,TRY,400000.0,False,False,False,False,False,False,True,False,False,Комнаты не разобраны,оставить,оставить признаки как есть,train
251872,Daire,399999.0,140.0,4+1,5,4,İstanbul/Sancaktepe/Meclis,TRY,399999.0,False,False,False,False,False,True,False,False,False,Этаж выше этажности здания,оставить,оставить признаки как есть; этаж → пропуск,test
393624,Komple Bina,399000.0,200.0,+,,2,Yalova/Merkez/Bayraktepe,TRY,399000.0,False,False,False,False,False,False,True,False,False,Комнаты не разобраны,оставить,оставить признаки как есть,train
300325,Daire,398000.0,129.0,2+1,9,4,Bursa/Osmangazi/Demirtaş Cumhuriyet,TRY,398000.0,False,False,False,False,False,True,False,False,False,Этаж выше этажности здания,оставить,оставить признаки как есть; этаж → пропуск,train
33142,Komple Bina,395000.0,,+,,4,İzmir/Konak/Mersinli,TRY,395000.0,False,False,False,False,False,False,True,False,False,Комнаты не разобраны,оставить,оставить признаки как есть,train
113293,Komple Bina,395000.0,,+,,2,Manisa/Akhisar/Hürriyet,TRY,395000.0,False,False,False,False,False,False,True,False,False,Комнаты не разобраны,оставить,оставить признаки как есть,train
348481,Komple Bina,395000.0,75.0,+,,3,Adıyaman/Merkez/Kapcami,TRY,395000.0,False,False,False,False,False,False,True,False,False,Комнаты не разобраны,оставить,оставить признаки как есть,validation
389526,Daire,395000.0,,+,,,İzmir/Bornova/Erzene,TRY,395000.0,False,False,False,False,False,False,True,False,False,Комнаты не разобраны,оставить,оставить признаки как есть,train
389939,Daire,394500.0,65.0,+,,,Antalya/Konyaaltı/Liman,USD,75000.0,False,False,False,False,False,False,True,False,False,Комнаты не разобраны,оставить,оставить признаки как есть,test
324673,Daire,392500.0,160.0,4+1,12,1,Ankara/Etimesgut/Göksu,TRY,392500.0,False,False,False,False,False,True,False,False,False,Этаж выше этажности здания,оставить,оставить признаки как есть; этаж → пропуск,train
8058,Komple Bina,390000.0,180.0,+,,2,Afyonkarahisar/Merkez/Dumlupınar,TRY,390000.0,False,False,False,False,False,False,True,False,False,Комнаты не разобраны,оставить,оставить признаки как есть,train
27392,Komple Bina,390000.0,57.0,+,,5,Adıyaman/Merkez/İpekli Köyü,TRY,390000.0,False,False,False,False,False,False,True,False,False,Комнаты не разобраны,оставить,оставить признаки как есть,validation
42051,Daire,390000.0,80.0,2+1,5,2,İstanbul/Ümraniye/İstiklal,TRY,390000.0,False,False,False,False,False,True,False,False,False,Этаж выше этажности здания,оставить,оставить признаки как есть; этаж → пропуск,test
68703,Daire,390000.0,90.0,2+1,3,2,Çanakkale/Ayvacık/Küçükkuyu Bld. (Mıhlı),TRY,390000.0,False,False,False,False,False,True,False,False,False,Этаж выше этажности здания,оставить,оставить признаки как есть; этаж → пропуск,validation
77218,Müstakil Ev,390000.0,175.0,3+1,4,2,Aydın/Kuşadası/Kadınlar Denizi,TRY,390000.0,False,False,False,False,False,True,False,False,False,Этаж выше этажности здания,оставить,оставить признаки как есть; этаж → пропуск,train
85354,Daire,390000.0,1.0,3+1,Çatı Katı,2,Aydın/Didim/Efeler,TRY,390000.0,False,False,True,False,False,False,False,False,False,Площадь ниже 15 м²,оставить,площадь → пропуск,validation
86386,Daire,390000.0,1.0,3+1,Çatı Katı,2,Aydın/Didim/Efeler,TRY,390000.0,False,False,True,False,False,False,False,False,False,Площадь ниже 15 м²,оставить,площадь → пропуск,validation
171831,Daire,390000.0,8275.0,2+1,1,4,İstanbul/Üsküdar/Kısıklı,TRY,390000.0,False,False,False,True,False,False,False,False,False,Площадь выше 3 000 м²,оставить,площадь → пропуск,train
294981,Daire,390000.0,160.0,3+1,10,4,Ankara/Yenimahalle/Pamuklar,TRY,390000.0,False,False,False,False,False,True,False,False,False,Этаж выше этажности здания,оставить,оставить признаки как есть; этаж → пропуск,train
295823,Daire,390000.0,160.0,3+1,10,4,Ankara/Yenimahalle/Pamuklar,TRY,390000.0,False,False,False,False,False,True,False,False,False,Этаж выше этажности здания,оставить,оставить признаки как есть; этаж → пропуск,train
373649,Daire,390000.0,90.0,2+1,4,2,Balıkesir/Edremit/Altınoluk,TRY,390000.0,False,False,False,False,False,True,False,False,False,Этаж выше этажности здания,оставить,оставить признаки как есть; этаж → пропуск,train
377160,Daire,390000.0,1.0,6+1,,,Aksaray/Merkez/Çerdiğin,TRY,390000.0,False,False,True,False,False,False,False,False,False,Площадь ниже 15 м²,оставить,площадь → пропуск,validation
289318,Daire,388000.0,10.0,2+1,2,5,İstanbul/Güngören/Merkez,TRY,388000.0,False,False,True,False,False,False,False,False,False,Площадь ниже 15 м²,оставить,площадь → пропуск,test
104999,Komple Bina,387000.0,209.0,+,,4,Kayseri/Melikgazi/Osmanlı,TRY,387000.0,False,False,False,False,False,False,True,False,False,Комнаты не разобраны,оставить,оставить признаки как есть,train
99539,Komple Bina,385000.0,115.0,+,,2,Bursa/Osmangazi/Bağlarbaşı,TRY,385000.0,False,False,False,False,False,False,True,False,False,Комнаты не разобраны,оставить,оставить признаки как есть,train
243368,Daire,385000.0,100.0,2+1,5,2,İstanbul/Maltepe/Zümrütevler,TRY,385000.0,False,False,False,False,False,True,False,False,False,Этаж выше этажности здания,оставить,оставить признаки как есть; этаж → пропуск,validation
364043,Komple Bina,385000.0,600.0,+,,4,Samsun/İlkadım/Fevzi Çakmak,TRY,385000.0,False,False,False,False,False,False,True,False,False,Комнаты не разобраны,оставить,оставить признаки как есть,train
378238,Komple Bina,385000.0,1301.0,+,,,Ankara/Akyurt/Yeşiltepe,TRY,385000.0,False,False,False,False,False,False,True,False,False,Комнаты не разобраны,оставить,оставить признаки как есть,train
391478,Komple Bina,385000.0,150.0,+,,3,Sakarya/Hendek/Yeni,TRY,385000.0,False,False,False,False,False,False,True,False,False,Комнаты не разобраны,оставить,оставить признаки как есть,validation
96833,Komple Bina,380000.0,300.0,+,,4,Ordu/Altınordu/Şarkiye,TRY,380000.0,False,False,False,False,False,False,True,False,False,Комнаты не разобраны,оставить,оставить признаки как есть,train
105129,Komple Bina,380000.0,300.0,+,,4,Ordu/Altınordu/Şarkiye,TRY,380000.0,False,False,False,False,False,False,True,False,False,Комнаты не разобраны,оставить,оставить признаки как есть,train
307433,Daire,380000.0,95.0,2+1,3,2,İstanbul/Başakşehir/Güvercintepe,TRY,380000.0,False,False,False,False,False,True,False,False,False,Этаж выше этажности здания,оставить,оставить признаки как есть; этаж → пропуск,train
319434,Daire,380000.0,95.0,2+1,3,2,İstanbul/Başakşehir/Güvercintepe,TRY,380000.0,False,False,False,False,False,True,False,False,False,Этаж выше этажности здания,оставить,оставить признаки как есть; этаж → пропуск,train
357213,Daire,380000.0,200.0,4+1,11,10,Konya/Selçuklu/Beyhekim,TRY,380000.0,False,False,False,False,False,True,False,False,False,Этаж выше этажности здания,оставить,оставить признаки как есть; этаж → пропуск,test
391405,Komple Bina,380000.0,280.0,+,,3,Aydın/Efeler/Çeştepe,TRY,380000.0,False,False,False,False,False,False,True,False,False,Комнаты не разобраны,оставить,оставить признаки как есть,train
364620,Daire,375142.6602,15136.0,6+1,6,20 ve üzeri,Ankara/Elmadağ/Hasanoğlan Havuzbaşı,EUR,62222.0,False,False,False,True,False,False,False,False,False,Площадь выше 3 000 м²,оставить,площадь → пропуск,validation
622,Komple Bina,375000.0,100.0,+,,3,İzmir/Konak/Murat,TRY,375000.0,False,False,False,False,False,False,True,False,False,Комнаты не разобраны,оставить,оставить признаки как есть,validation
1086,Komple Bina,375000.0,100.0,+,,3,İzmir/Konak/Murat,TRY,375000.0,False,False,False,False,False,False,True,False,False,Комнаты не разобраны,оставить,оставить признаки как есть,validation
21376,Daire,375000.0,140.0,+,2,3,Antalya/Muratpaşa/Yüksekalan,TRY,375000.0,False,False,False,False,False,False,True,False,False,Комнаты не разобраны,оставить,оставить признаки как есть,train
97767,Komple Bina,375000.0,285.0,+,,3,Kocaeli/İzmit/Çukurbağ,TRY,375000.0,False,False,False,False,False,False,True,False,False,Комнаты не разобраны,оставить,оставить признаки как есть,test
114951,Daire,375000.0,135.0,3+1,10,3,İstanbul/Esenyurt/Cumhuriyet,TRY,375000.0,False,False,False,False,False,True,False,False,False,Этаж выше этажности здания,оставить,оставить признаки как есть; этаж → пропуск,train
115261,Komple Bina,375000.0,100.0,+,,3,Ankara/Çubuk/Atatürk,TRY,375000.0,False,False,False,False,False,False,True,False,False,Комнаты не разобраны,оставить,оставить признаки как есть,test
189012,Daire,375000.0,,3+1,3,2,Aydın/Efeler/Mimar Sinan,TRY,375000.0,False,False,False,False,False,True,False,False,False,Этаж выше этажности здания,оставить,оставить признаки как есть; этаж → пропуск,train
205670,Daire,375000.0,165.0,3+1,3,1,İstanbul/Avcılar/Ambarlı,TRY,375000.0,False,False,False,False,False,True,False,False,False,Этаж выше этажности здания,оставить,оставить признаки как есть; этаж → пропуск,train
210028,Daire,375000.0,,3+1,3,2,Aydın/Efeler/Mimar Sinan,TRY,375000.0,False,False,False,False,False,True,False,False,False,Этаж выше этажности здания,оставить,оставить признаки как есть; этаж → пропуск,train
213373,Daire,375000.0,,3+1,3,2,Aydın/Efeler/Mimar Sinan,TRY,375000.0,False,False,False,False,False,True,False,False,False,Этаж выше этажности здания,оставить,оставить признаки как есть; этаж → пропуск,train
219095,Daire,375000.0,,3+1,3,2,Aydın/Efeler/Mimar Sinan,TRY,375000.0,False,False,False,False,False,True,False,False,False,Этаж выше этажности здания,оставить,оставить признаки как есть; этаж → пропуск,train
219229,Daire,375000.0,130.0,3+1,4,3,Denizli/Pamukkale/Mehmetçik,TRY,375000.0,False,False,False,False,False,True,False,False,False,Этаж выше этажности здания,оставить,оставить признаки как есть; этаж → пропуск,test
232373,Daire,375000.0,170.0,3+2,4,2,İstanbul/Beylikdüzü/Yakuplu,TRY,375000.0,False,False,False,False,False,True,False,False,False,Этаж выше этажности здания,оставить,оставить признаки как есть; этаж → пропуск,validation
232767,Daire,375000.0,170.0,3+2,4,2,İstanbul/Beylikdüzü/Yakuplu,TRY,375000.0,False,False,False,False,False,True,False,False,False,Этаж выше этажности здания,оставить,оставить признаки как есть; этаж → пропуск,validation
259782,Daire,375000.0,,3+1,7,5,Adana/Çukurova/Huzurevleri,TRY,375000.0,False,False,False,False,False,True,False,False,False,Этаж выше этажности здания,оставить,оставить признаки как есть; этаж → пропуск,train
259843,Daire,375000.0,,3+1,7,5,Adana/Çukurova/Huzurevleri,TRY,375000.0,False,False,False,False,False,True,False,False,False,Этаж выше этажности здания,оставить,оставить признаки как есть; этаж → пропуск,train
260031,Daire,375000.0,,3+1,7,5,Adana/Çukurova/Huzurevleri,TRY,375000.0,False,False,False,False,False,True,False,False,False,Этаж выше этажности здания,оставить,оставить признаки как есть; этаж → пропуск,train
260038,Daire,375000.0,,3+1,7,5,Adana/Çukurova/Huzurevleri,TRY,375000.0,False,False,False,False,False,True,False,False,False,Этаж выше этажности здания,оставить,оставить признаки как есть; этаж → пропуск,train
261956,Daire,375000.0,140.0,4+1,8,2,İstanbul/Tuzla/Aydınlı,TRY,375000.0,False,False,False,False,False,True,False,False,False,Этаж выше этажности здания,оставить,оставить признаки как есть; этаж → пропуск,train
350493,Komple Bina,375000.0,150.0,+,,4,Manisa/Salihli/Kurtuluş,TRY,375000.0,False,False,False,False,False,False,True,False,False,Комнаты не разобраны,оставить,оставить признаки как есть,train
402768,Komple Bina,375000.0,90.0,+,,,İstanbul/Sultanbeyli/Mehmet Akif,TRY,375000.0,False,False,False,False,False,False,True,False,False,Комнаты не разобраны,оставить,оставить признаки как есть,validation
33888,Komple Bina,370000.0,110.0,+,,1,Mersin/Silifke/Sarıcalar,TRY,370000.0,False,False,False,False,False,False,True,False,False,Комнаты не разобраны,оставить,оставить признаки как есть,train
349141,Komple Bina,370000.0,,+,,3,Konya/Akşehir/Seyran,TRY,370000.0,False,False,False,False,False,False,True,False,False,Комнаты не разобраны,оставить,оставить признаки как есть,train
394314,Komple Bina,370000.0,288.0,+,,,Ordu/Altınordu/Karşıyaka,TRY,370000.0,False,False,False,False,False,False,True,False,False,Комнаты не разобраны,оставить,оставить признаки как есть,test
394872,Komple Bina,370000.0,,+,,,İzmir/Karabağlar/Cennetoğlu,TRY,370000.0,False,False,False,False,False,False,True,False,False,Комнаты не разобраны,оставить,оставить признаки как есть,train
112695,Komple Bina,365000.0,,+,,2,Kocaeli/Darıca/Osman Gazi,TRY,365000.0,False,False,False,False,False,False,True,False,False,Комнаты не разобраны,оставить,оставить признаки как есть,train
114565,Daire,365000.0,130.0,3+1,10,3,İstanbul/Esenyurt/Cumhuriyet,TRY,365000.0,False,False,False,False,False,True,False,False,False,Этаж выше этажности здания,оставить,оставить признаки как есть; этаж → пропуск,train
182102,Daire,365000.0,66.0,1+1,2,1,İstanbul/Eyüpsultan/Sakarya,TRY,365000.0,False,False,False,False,False,True,False,False,False,Этаж выше этажности здания,оставить,оставить признаки как есть; этаж → пропуск,train
193802,Daire,365000.0,110.0,3+1,3,1,Isparta/Merkez/Emre,TRY,365000.0,False,False,False,False,False,True,False,False,False,Этаж выше этажности здания,оставить,оставить признаки как есть; этаж → пропуск,train
261097,Daire,365000.0,110.0,3+1,8,5,İstanbul/Pendik/Yenişehir,TRY,365000.0,False,False,False,False,False,True,False,False,False,Этаж выше этажности здания,оставить,оставить признаки как есть; этаж → пропуск,validation
351457,Müstakil Ev,365000.0,4000.0,4+1,Müstakil,2,Sakarya/Geyve/Epçeler,TRY,365000.0,False,False,False,True,False,False,False,False,False,Площадь выше 3 000 м²,оставить,оставить признаки как есть,test
904,Komple Bina,360000.0,,+,,2,Afyonkarahisar/Merkez/Ertuğrul Gazi,TRY,360000.0,False,False,False,False,False,False,True,False,False,Комнаты не разобраны,оставить,оставить признаки как есть,train
926,Komple Bina,360000.0,,+,,2,Afyonkarahisar/Merkez/Ertuğrul Gazi,TRY,360000.0,False,False,False,False,False,False,True,False,False,Комнаты не разобраны,оставить,оставить признаки как есть,train
946,Komple Bina,360000.0,,+,,2,Afyonkarahisar/Merkez/Ertuğrul Gazi,TRY,360000.0,False,False,False,False,False,False,True,False,False,Комнаты не разобраны,оставить,оставить признаки как есть,train
1352,Komple Bina,360000.0,,+,,2,Afyonkarahisar/Merkez/Ertuğrul Gazi,TRY,360000.0,False,False,False,False,False,False,True,False,False,Комнаты не разобраны,оставить,оставить признаки как есть,train
1814,Komple Bina,360000.0,,+,,2,Afyonkarahisar/Merkez/Ertuğrul Gazi,TRY,360000.0,False,False,False,False,False,False,True,False,False,Комнаты не разобраны,оставить,оставить признаки как есть,train
6888,Komple Bina,360000.0,,+,,3,Aydın/Nazilli/Turan,TRY,360000.0,False,False,False,False,False,False,True,False,False,Комнаты не разобраны,оставить,оставить признаки как есть,train
6900,Komple Bina,360000.0,,+,,3,Aydın/Nazilli/Turan,TRY,360000.0,False,False,False,False,False,False,True,False,False,Комнаты не разобраны,оставить,оставить признаки как есть,train
7288,Komple Bina,360000.0,,+,,3,Aydın/Nazilli/Turan,TRY,360000.0,False,False,False,False,False,False,True,False,False,Комнаты не разобраны,оставить,оставить признаки как есть,train
7592,Komple Bina,360000.0,80.0,+,,2,İzmir/Buca/Ufuk,TRY,360000.0,False,False,False,False,False,False,True,False,False,Комнаты не разобраны,оставить,оставить признаки как есть,train
7658,Komple Bina,360000.0,,+,,3,Aydın/Nazilli/Turan,TRY,360000.0,False,False,False,False,False,False,True,False,False,Комнаты не разобраны,оставить,оставить признаки как есть,train
8048,Komple Bina,360000.0,80.0,+,,2,İzmir/Buca/Ufuk,TRY,360000.0,False,False,False,False,False,False,True,False,False,Комнаты не разобраны,оставить,оставить признаки как есть,train
8913,Daire,360000.0,,4+1,5,2,Kocaeli/Gebze/Barış,TRY,360000.0,False,False,False,False,False,True,False,False,False,Этаж выше этажности здания,оставить,оставить признаки как есть; этаж → пропуск,test
23705,Daire,360000.0,,2+1,4,2,Antalya/Muratpaşa/Güzeloba,TRY,360000.0,False,False,False,False,False,True,False,False,False,Этаж выше этажности здания,оставить,оставить признаки как есть; этаж → пропуск,validation
23797,Daire,360000.0,,2+1,4,2,Antalya/Muratpaşa/Güzeloba,TRY,360000.0,False,False,False,False,False,True,False,False,False,Этаж выше этажности здания,оставить,оставить признаки как есть; этаж → пропуск,validation
49992,Daire,360000.0,,2+1,4,2,Antalya/Muratpaşa/Güzeloba,TRY,360000.0,False,False,False,False,False,True,False,False,False,Этаж выше этажности здания,оставить,оставить признаки как есть; этаж → пропуск,validation
50024,Daire,360000.0,,2+1,4,2,Antalya/Muratpaşa/Güzeloba,TRY,360000.0,False,False,False,False,False,True,False,False,False,Этаж выше этажности здания,оставить,оставить признаки как есть; этаж → пропуск,validation
51737,Rezidans,360000.0,100.0,2+1,4,1,Antalya/Konyaaltı/Hurma,TRY,360000.0,False,False,False,False,False,True,False,False,False,Этаж выше этажности здания,оставить,оставить признаки как есть; этаж → пропуск,train
71706,Daire,360000.0,,2+1,4,2,Antalya/Muratpaşa/Güzeloba,TRY,360000.0,False,False,False,False,False,True,False,False,False,Этаж выше этажности здания,оставить,оставить признаки как есть; этаж → пропуск,validation
80533,Daire,360000.0,,2+1,4,2,Antalya/Muratpaşa/Güzeloba,TRY,360000.0,False,False,False,False,False,True,False,False,False,Этаж выше этажности здания,оставить,оставить признаки как есть; этаж → пропуск,validation
80535,Daire,360000.0,,2+1,4,2,Antalya/Muratpaşa/Güzeloba,TRY,360000.0,False,False,False,False,False,True,False,False,False,Этаж выше этажности здания,оставить,оставить признаки как есть; этаж → пропуск,validation
81643,Daire,360000.0,,2+1,4,2,Antalya/Muratpaşa/Güzeloba,TRY,360000.0,False,False,False,False,False,True,False,False,False,Этаж выше этажности здания,оставить,оставить признаки как есть; этаж → пропуск,validation
88459,Villa,360000.0,1.0,6+1,Müstakil,3,Aydın/Kuşadası/Kadınlar Denizi,TRY,360000.0,False,False,True,False,False,False,False,False,False,Площадь ниже 15 м²,оставить,площадь → пропуск,validation
93677,Komple Bina,360000.0,100.0,+,,3,Bursa/Osmangazi/Yenibağlar,TRY,360000.0,False,False,False,False,False,False,True,False,False,Комнаты не разобраны,оставить,оставить признаки как есть,train
94944,Daire,360000.0,170.0,3+1,14,9,Gaziantep/Şahinbey/Şahintepe,TRY,360000.0,False,False,False,False,False,True,False,False,False,Этаж выше этажности здания,оставить,оставить признаки как есть; этаж → пропуск,train
98617,Komple Bina,360000.0,200.0,+,,2,Sakarya/Serdivan/Köprübaşı,TRY,360000.0,False,False,False,False,False,False,True,False,False,Комнаты не разобраны,оставить,оставить признаки как есть,validation
182044,Müstakil Ev,360000.0,120.0,2+1,2,1,Malatya/Yeşilyurt/Cevatpaşa,TRY,360000.0,False,False,False,False,False,True,False,False,False,Этаж выше этажности здания,оставить,оставить признаки как есть; этаж → пропуск,validation
198609,Daire,360000.0,180.0,3+2,3,2,İstanbul/Avcılar/Cihangir,TRY,360000.0,False,False,False,False,False,True,False,False,False,Этаж выше этажности здания,оставить,оставить признаки как есть; этаж → пропуск,train
230557,Daire,360000.0,1.0,2+1,4,4,Kocaeli/Körfez/Mimar Sinan,TRY,360000.0,False,False,True,False,False,False,False,False,False,Площадь ниже 15 м²,оставить,площадь → пропуск,validation
235301,Daire,360000.0,,2+1,4,3,İstanbul/Maltepe/Girne,TRY,360000.0,False,False,False,False,False,True,False,False,False,Этаж выше этажности здания,оставить,оставить признаки как есть; этаж → пропуск,validation
242330,Daire,360000.0,180.0,4+2,5,4,İstanbul/Büyükçekmece/Ulus,TRY,360000.0,False,False,False,False,False,True,False,False,False,Этаж выше этажности здания,оставить,оставить признаки как есть; этаж → пропуск,train
250768,Daire,360000.0,80.0,2+1,5,1,İstanbul/Bayrampaşa/Muratpaşa,TRY,360000.0,False,False,False,False,False,True,False,False,False,Этаж выше этажности здания,оставить,оставить признаки как есть; этаж → пропуск,validation
251303,Daire,360000.0,180.0,4+2,5,4,İstanbul/Büyükçekmece/Ulus,TRY,360000.0,False,False,False,False,False,True,False,False,False,Этаж выше этажности здания,оставить,оставить признаки как есть; этаж → пропуск,train
251334,Daire,360000.0,180.0,4+2,5,4,İstanbul/Büyükçekmece/Ulus,TRY,360000.0,False,False,False,False,False,True,False,False,False,Этаж выше этажности здания,оставить,оставить признаки как есть; этаж → пропуск,train
253359,Daire,360000.0,240.0,5+1,6,1,Bilecik/Osmaneli/Haceloğlu,TRY,360000.0,False,False,False,False,False,True,False,False,False,Этаж выше этажности здания,оставить,оставить признаки как есть; этаж → пропуск,train
254964,Daire,360000.0,240.0,5+1,6,1,Bilecik/Osmaneli/Haceloğlu,TRY,360000.0,False,False,False,False,False,True,False,False,False,Этаж выше этажности здания,оставить,оставить признаки как есть; этаж → пропуск,train
255311,Daire,360000.0,240.0,5+1,6,1,Bilecik/Osmaneli/Haceloğlu,TRY,360000.0,False,False,False,False,False,True,False,False,False,Этаж выше этажности здания,оставить,оставить признаки как есть; этаж → пропуск,train
304599,Komple Bina,360000.0,275.0,+,,2,Manisa/Salihli/Durasıllı,TRY,360000.0,False,False,False,False,False,False,True,False,False,Комнаты не разобраны,оставить,оставить признаки как есть,train
327242,Daire,360000.0,,3+1,11,10,Trabzon/Ortahisar/Boztepe,TRY,360000.0,False,False,False,False,False,True,False,False,False,Этаж выше этажности здания,оставить,оставить признаки как есть; этаж → пропуск,test
338692,Daire,360000.0,180.0,3+1,5,1,Rize/Pazar/Pazar,TRY,360000.0,False,False,False,False,False,True,False,False,False,Этаж выше этажности здания,оставить,оставить признаки как есть; этаж → пропуск,train
392572,Daire,360000.0,,+,,,Aydın/Didim/Efeler,TRY,360000.0,False,False,False,False,False,False,True,False,False,Комнаты не разобраны,оставить,оставить признаки как есть,validation
92223,Daire,355000.0,169.0,4+1,10,2,Ankara/Keçiören/Şehit Kubilay,TRY,355000.0,False,False,False,False,False,True,False,False,False,Этаж выше этажности здания,оставить,оставить признаки как есть; этаж → пропуск,train
153600,Daire,355000.0,1.0,5+1,Çatı Katı,3,Aydın/Efeler/Efeler,TRY,355000.0,False,False,True,False,False,False,False,False,False,Площадь ниже 15 м²,оставить,площадь → пропуск,train
154899,Daire,355000.0,1.0,5+1,Çatı Katı,3,Aydın/Efeler/Efeler,TRY,355000.0,False,False,True,False,False,False,False,False,False,Площадь ниже 15 м²,оставить,площадь → пропуск,train
208276,Villa,355000.0,170.0,3+1,3,2,Sakarya/Kocaali/Yalı,TRY,355000.0,False,False,False,False,False,True,False,False,False,Этаж выше этажности здания,оставить,оставить признаки как есть; этаж → пропуск,train
242949,Daire,355000.0,120.0,3+1,5,4,İstanbul/Bahçelievler/Soğanlı,TRY,355000.0,False,False,False,False,False,True,False,False,False,Этаж выше этажности здания,оставить,оставить признаки как есть; этаж → пропуск,validation
251364,Daire,355000.0,120.0,3+1,5,4,İstanbul/Bahçelievler/Soğanlı,TRY,355000.0,False,False,False,False,False,True,False,False,False,Этаж выше этажности здания,оставить,оставить признаки как есть; этаж → пропуск,validation
350043,Komple Bina,355000.0,,+,,3,Trabzon/Ortahisar/Toklu,TRY,355000.0,False,False,False,False,False,False,True,False,False,Комнаты не разобраны,оставить,оставить признаки как есть,train
702,Komple Bina,350000.0,120.0,+,,2,İzmir/Konak/Duatepe,TRY,350000.0,False,False,False,False,False,False,True,False,False,Комнаты не разобраны,оставить,оставить признаки как есть,train
3044,Daire,350000.0,120.0,2+1,4,1,Antalya/Muratpaşa/Gençlik,TRY,350000.0,False,False,False,False,False,True,False,False,False,Этаж выше этажности здания,оставить,оставить признаки как есть; этаж → пропуск,train
16979,Daire,350000.0,175.0,3+1,8,2,Aydın/Nazilli/Zafer,TRY,350000.0,False,False,False,False,False,True,False,False,False,Этаж выше этажности здания,оставить,оставить признаки как есть; этаж → пропуск,train
26895,Daire,350000.0,1.0,2+1,1,2,Aydın/Didim/Çamlık,TRY,350000.0,False,False,True,False,False,False,False,False,False,Площадь ниже 15 м²,оставить,площадь → пропуск,train
27214,Komple Bina,350000.0,,+,,3,İzmir/Buca/Göksu,TRY,350000.0,False,False,False,False,False,False,True,False,False,Комнаты не разобраны,оставить,оставить признаки как есть,validation
28764,Komple Bina,350000.0,,+,,3,İzmir/Buca/Göksu,TRY,350000.0,False,False,False,False,False,False,True,False,False,Комнаты не разобраны,оставить,оставить признаки как есть,validation
29540,Komple Bina,350000.0,,+,,3,İzmir/Buca/Göksu,TRY,350000.0,False,False,False,False,False,False,True,False,False,Комнаты не разобраны,оставить,оставить признаки как есть,validation
58910,Daire,350000.0,1.0,2+1,1,2,Aydın/Didim/Çamlık,TRY,350000.0,False,False,True,False,False,False,False,False,False,Площадь ниже 15 м²,оставить,площадь → пропуск,train
73815,Daire,350000.0,78.0,2+1,5,1,İstanbul/Maltepe/Bağlarbaşı,TRY,350000.0,False,False,False,False,False,True,False,False,False,Этаж выше этажности здания,оставить,оставить признаки как есть; этаж → пропуск,train
80704,Daire,350000.0,100.0,2+1,4,2,Antalya/Alanya/Güller Pınarı,TRY,350000.0,False,False,False,False,False,True,False,False,False,Этаж выше этажности здания,оставить,оставить признаки как есть; этаж → пропуск,train
88869,Daire,350000.0,78.0,2+1,5,1,İstanbul/Maltepe/Bağlarbaşı,TRY,350000.0,False,False,False,False,False,True,False,False,False,Этаж выше этажности здания,оставить,оставить признаки как есть; этаж → пропуск,train
91443,Komple Bina,350000.0,,+,,2,Kocaeli/Darıca/Emek,TRY,350000.0,False,False,False,False,False,False,True,False,False,Комнаты не разобраны,оставить,оставить признаки как есть,train
96661,Komple Bina,350000.0,153.0,+,,3,İstanbul/Çatalca/Karacaköy Merkez,TRY,350000.0,False,False,False,False,False,False,True,False,False,Комнаты не разобраны,оставить,оставить признаки как есть,validation
112427,Komple Bina,350000.0,200.0,+,,2,Malatya/Battalgazi/İstiklal,TRY,350000.0,False,False,False,False,False,False,True,False,False,Комнаты не разобраны,оставить,оставить признаки как есть,train
115485,Komple Bina,350000.0,153.0,+,,3,İstanbul/Çatalca/Karacaköy Merkez,TRY,350000.0,False,False,False,False,False,False,True,False,False,Комнаты не разобраны,оставить,оставить признаки как есть,validation
159225,Daire,350000.0,1.0,3+1,1,5,Burdur/Merkez/Bahçelievler,TRY,350000.0,False,False,True,False,False,False,False,False,False,Площадь ниже 15 м²,оставить,площадь → пропуск,train
159967,Daire,350000.0,1.0,3+1,1,5,Burdur/Merkez/Bahçelievler,TRY,350000.0,False,False,True,False,False,False,False,False,False,Площадь ниже 15 м²,оставить,площадь → пропуск,train
182032,Daire,350000.0,85.0,2+1,2,1,İstanbul/Pendik/Sapan Bağları,TRY,350000.0,False,False,False,False,False,True,False,False,False,Этаж выше этажности здания,оставить,оставить признаки как есть; этаж → пропуск,train
182046,Daire,350000.0,,2+1,2,1,İstanbul/Ümraniye/Armağanevler,TRY,350000.0,False,False,False,False,False,True,False,False,False,Этаж выше этажности здания,оставить,оставить признаки как есть; этаж → пропуск,train
182056,Daire,350000.0,,2+1,2,1,İstanbul/Ümraniye/Armağanevler,TRY,350000.0,False,False,False,False,False,True,False,False,False,Этаж выше этажности здания,оставить,оставить признаки как есть; этаж → пропуск,train
182079,Daire,350000.0,,2+1,2,1,İstanbul/Ümraniye/Armağanevler,TRY,350000.0,False,False,False,False,False,True,False,False,False,Этаж выше этажности здания,оставить,оставить признаки как есть; этаж → пропуск,train
182092,Daire,350000.0,,2+1,2,1,İstanbul/Ümraniye/Armağanevler,TRY,350000.0,False,False,False,False,False,True,False,False,False,Этаж выше этажности здания,оставить,оставить признаки как есть; этаж → пропуск,train
182112,Daire,350000.0,,2+1,2,1,İstanbul/Ümraniye/Armağanevler,TRY,350000.0,False,False,False,False,False,True,False,False,False,Этаж выше этажности здания,оставить,оставить признаки как есть; этаж → пропуск,train
217601,Daire,350000.0,165000.0,3+1,3,4,İstanbul/Beylikdüzü/Kavaklı,TRY,350000.0,False,False,False,True,True,False,False,False,False,"Площадь выше 3 000 м², Площадь выше 100 000 м²",оставить,площадь → пропуск,train
221406,Daire,350000.0,120.0,3+1,4,3,İzmir/Karşıyaka/Zübeyde Hanım,TRY,350000.0,False,False,False,False,False,True,False,False,False,Этаж выше этажности здания,оставить,оставить признаки как есть; этаж → пропуск,train
242734,Daire,350000.0,140.0,3+1,5,2,İstanbul/Avcılar/Merkez,TRY,350000.0,False,False,False,False,False,True,False,False,False,Этаж выше этажности здания,оставить,оставить признаки как есть; этаж → пропуск,validation
243876,Daire,350000.0,6.0,3+1,5,5,İstanbul/Pendik/Esenler,TRY,350000.0,False,False,True,False,False,False,False,False,False,Площадь ниже 15 м²,оставить,площадь → пропуск,validation
244683,Daire,350000.0,6.0,3+1,5,5,İstanbul/Pendik/Esenler,TRY,350000.0,False,False,True,False,False,False,False,False,False,Площадь ниже 15 м²,оставить,площадь → пропуск,validation
245142,Daire,350000.0,6.0,3+1,5,5,İstanbul/Pendik/Esenler,TRY,350000.0,False,False,True,False,False,False,False,False,False,Площадь ниже 15 м²,оставить,площадь → пропуск,validation
245730,Daire,350000.0,6.0,3+1,5,5,İstanbul/Pendik/Esenler,TRY,350000.0,False,False,True,False,False,False,False,False,False,Площадь ниже 15 м²,оставить,площадь → пропуск,validation
252145,Daire,350000.0,10.0,3+1,5,5,İzmir/Karabağlar/Uzundere,TRY,350000.0,False,False,True,False,False,False,False,False,False,Площадь ниже 15 м²,оставить,площадь → пропуск,train
252203,Daire,350000.0,10.0,3+1,5,5,İzmir/Karabağlar/Uzundere,TRY,350000.0,False,False,True,False,False,False,False,False,False,Площадь ниже 15 м²,оставить,площадь → пропуск,train
260230,Daire,350000.0,,2+1,7,5,Kocaeli/Gebze/Yenikent,TRY,350000.0,False,False,False,False,False,True,False,False,False,Этаж выше этажности здания,оставить,оставить признаки как есть; этаж → пропуск,train
302817,Daire,350000.0,,2+1,11,8,İstanbul/Tuzla/Aydıntepe,TRY,350000.0,False,False,False,False,False,True,False,False,False,Этаж выше этажности здания,оставить,оставить признаки как есть; этаж → пропуск,train
329527,Daire,350000.0,140.0,3+1,4,3,Balıkesir/Edremit/Akçay,TRY,350000.0,False,False,False,False,False,True,False,False,False,Этаж выше этажности здания,оставить,оставить признаки как есть; этаж → пропуск,test
337365,Daire,350000.0,140.0,3+1,4,3,Balıkesir/Edremit/Akçay,TRY,350000.0,False,False,False,False,False,True,False,False,False,Этаж выше этажности здания,оставить,оставить признаки как есть; этаж → пропуск,test
341060,Daire,350000.0,185.0,3+1,4,2,Kayseri/Kocasinan/Zümrüt,TRY,350000.0,False,False,False,False,False,True,False,False,False,Этаж выше этажности здания,оставить,оставить признаки как есть; этаж → пропуск,validation
344207,Daire,350000.0,185.0,3+1,4,2,Kayseri/Kocasinan/Zümrüt,TRY,350000.0,False,False,False,False,False,True,False,False,False,Этаж выше этажности здания,оставить,оставить признаки как есть; этаж → пропуск,validation
348979,Çiftlik Evi,350000.0,6000.0,3+1,,2,Muğla/Milas/Epçe,TRY,350000.0,False,False,False,True,False,False,False,False,False,Площадь выше 3 000 м²,оставить,оставить признаки как есть,train
349041,Komple Bina,350000.0,140.0,+,,3,Sakarya/Adapazarı/Hızırtepe,TRY,350000.0,False,False,False,False,False,False,True,False,False,Комнаты не разобраны,оставить,оставить признаки как есть,train
349441,Komple Bina,350000.0,,+,,4,Bursa/Yenişehir/Çayır,TRY,350000.0,False,False,False,False,False,False,True,False,False,Комнаты не разобраны,оставить,оставить признаки как есть,train
349521,Komple Bina,350000.0,,+,,2,Çanakkale/Ayvacık/Ahmetçe Köyü,TRY,350000.0,False,False,False,False,False,False,True,False,False,Комнаты не разобраны,оставить,оставить признаки как есть,validation
350347,Komple Bina,350000.0,280.0,+,,3,İzmir/Torbalı/Atatürk,TRY,350000.0,False,False,False,False,False,False,True,False,False,Комнаты не разобраны,оставить,оставить признаки как есть,train
350535,Çiftlik Evi,350000.0,8800.0,2+1,,2,Kırklareli/Merkez/Karakaş,TRY,350000.0,False,False,False,True,False,False,False,False,False,Площадь выше 3 000 м²,оставить,оставить признаки как есть,test
358075,Komple Bina,350000.0,,+,,4,Konya/Selçuklu/Hüsamettin Çelebi,TRY,350000.0,False,False,False,False,False,False,True,False,False,Комнаты не разобраны,оставить,оставить признаки как есть,train
380046,Komple Bina,350000.0,250.0,+,,,Samsun/Çarşamba/Kumköy,TRY,350000.0,False,False,False,False,False,False,True,False,False,Комнаты не разобраны,оставить,оставить признаки как есть,test
391900,Komple Bina,350000.0,,+,,2,Sakarya/Adapazarı/Şeker,TRY,350000.0,False,False,False,False,False,False,True,False,False,Комнаты не разобраны,оставить,оставить признаки как есть,test
393524,Müstakil Ev,350000.0,3599.0,2+1,,,Çanakkale/Biga/Bahçeli Köyü,TRY,350000.0,False,False,False,True,False,False,False,False,False,Площадь выше 3 000 м²,оставить,оставить признаки как есть,train
395259,Komple Bina,350000.0,,+,,,İzmir/Menemen/Zeytinlik,TRY,350000.0,False,False,False,False,False,False,True,False,False,Комнаты не разобраны,оставить,оставить признаки как есть,train
70098,Daire,349500.0,130.0,2+1,5,2,Antalya/Alanya/Cikcilli,TRY,349500.0,False,False,False,False,False,True,False,False,False,Этаж выше этажности здания,оставить,оставить признаки как есть; этаж → пропуск,train
37,Rezidans,349291.8,,2+2,19,6,İstanbul/Avcılar/Cihangir,EUR,46800.0,False,False,False,False,False,True,False,False,False,Этаж выше этажности здания,оставить,оставить признаки как есть; этаж → пропуск,train
167,Rezidans,349291.8,,2+2,19,6,İstanbul/Avcılar/Cihangir,EUR,46800.0,False,False,False,False,False,True,False,False,False,Этаж выше этажности здания,оставить,оставить признаки как есть; этаж → пропуск,train
379086,Komple Bina,349000.0,,+,,2,Afyonkarahisar/Merkez/Ertuğrul Gazi,TRY,349000.0,False,False,False,False,False,False,True,False,False,Комнаты не разобраны,оставить,оставить признаки как есть,train
5670,Daire,345000.0,,+,3,4,İzmir/Buca/Dicle,TRY,345000.0,False,False,False,False,False,False,True,False,False,Комнаты не разобраны,оставить,оставить признаки как есть,validation
81518,Daire,345000.0,100.0,3+1,5,1,Antalya/Muratpaşa/Gençlik,TRY,345000.0,False,False,False,False,False,True,False,False,False,Этаж выше этажности здания,оставить,оставить признаки как есть; этаж → пропуск,train
105707,Komple Bina,345000.0,160.0,+,,2,Kocaeli/İzmit/Turgut,TRY,345000.0,False,False,False,False,False,False,True,False,False,Комнаты не разобраны,оставить,оставить признаки как есть,test
235936,Daire,345000.0,,3+1,4,1,İstanbul/Esenler/Fatih,TRY,345000.0,False,False,False,False,False,True,False,False,False,Этаж выше этажности здания,оставить,оставить признаки как есть; этаж → пропуск,train
238882,Daire,345000.0,140.0,3+1,4,3,Eskişehir/Odunpazarı/Gökmeydan,TRY,345000.0,False,False,False,False,False,True,False,False,False,Этаж выше этажности здания,оставить,оставить признаки как есть; этаж → пропуск,train
299530,Daire,345000.0,50.0,1+0,15,2,İzmir/Bornova/Kazımdirik,TRY,345000.0,False,False,False,False,False,True,False,False,False,Этаж выше этажности здания,оставить,оставить признаки как есть; этаж → пропуск,train
322763,Daire,345000.0,175.0,4+1,16,1,Ankara/Yenimahalle/Pamuklar,TRY,345000.0,False,False,False,False,False,True,False,False,False,Этаж выше этажности здания,оставить,оставить признаки как есть; этаж → пропуск,train
331624,Daire,345000.0,,3+1,16,10,Gaziantep/Şehitkamil/Osmangazi,TRY,345000.0,False,False,False,False,False,True,False,False,False,Этаж выше этажности здания,оставить,оставить признаки как есть; этаж → пропуск,train
390360,Daire,345000.0,,+,,,İzmir/Tire/Adnan Menderes,TRY,345000.0,False,False,False,False,False,False,True,False,False,Комнаты не разобраны,оставить,оставить признаки как есть,train
399995,Villa,345000.0,4000.0,+,,,Aydın/Kuşadası/İkiçeşmelik,TRY,345000.0,False,False,False,True,False,False,True,False,False,"Площадь выше 3 000 м², Комнаты не разобраны",оставить,оставить признаки как есть,test
12534,Daire,340000.0,175.0,3+2,3,2,İstanbul/Arnavutköy/Mustafa Kemal Paşa,TRY,340000.0,False,False,False,False,False,True,False,False,False,Этаж выше этажности здания,оставить,оставить признаки как есть; этаж → пропуск,train
114707,Komple Bina,340000.0,,+,,2,Sivas/Merkez/Şeyh Şamil,TRY,340000.0,False,False,False,False,False,False,True,False,False,Комнаты не разобраны,оставить,оставить признаки как есть,train
182113,Daire,340000.0,120.0,3+1,2,1,İstanbul/Sancaktepe/İnönü,TRY,340000.0,False,False,False,False,False,True,False,False,False,Этаж выше этажности здания,оставить,оставить признаки как есть; этаж → пропуск,test
197803,Daire,340000.0,92.0,2+1,3,2,İstanbul/Tuzla/Aydınlı,TRY,340000.0,False,False,False,False,False,True,False,False,False,Этаж выше этажности здания,оставить,оставить признаки как есть; этаж → пропуск,test
203891,Daire,340000.0,,3+1,3,2,Kocaeli/Kartepe/Dumlupınar,TRY,340000.0,False,False,False,False,False,True,False,False,False,Этаж выше этажности здания,оставить,оставить признаки как есть; этаж → пропуск,train
217164,Daire,340000.0,70.0,2+1,3,1,İzmir/Konak/Alsancak,TRY,340000.0,False,False,False,False,False,True,False,False,False,Этаж выше этажности здания,оставить,оставить признаки как есть; этаж → пропуск,train
232872,Daire,340000.0,77.0,2+1,4,1,İstanbul/Maltepe/Bağlarbaşı,TRY,340000.0,False,False,False,False,False,True,False,False,False,Этаж выше этажности здания,оставить,оставить признаки как есть; этаж → пропуск,train
242287,Daire,340000.0,85.0,2+1,5,2,İzmir/Karşıyaka/Demirköprü,TRY,340000.0,False,False,False,False,False,True,False,False,False,Этаж выше этажности здания,оставить,оставить признаки как есть; этаж → пропуск,validation
244493,Daire,340000.0,,2+1,5,4,İzmir/Karşıyaka/Demirköprü,TRY,340000.0,False,False,False,False,False,True,False,False,False,Этаж выше этажности здания,оставить,оставить признаки как есть; этаж → пропуск,train
244633,Daire,340000.0,,2+1,5,4,İzmir/Karşıyaka/Demirköprü,TRY,340000.0,False,False,False,False,False,True,False,False,False,Этаж выше этажности здания,оставить,оставить признаки как есть; этаж → пропуск,train
251286,Daire,340000.0,,2+1,5,4,İzmir/Karşıyaka/Demirköprü,TRY,340000.0,False,False,False,False,False,True,False,False,False,Этаж выше этажности здания,оставить,оставить признаки как есть; этаж → пропуск,train
251306,Daire,340000.0,,2+1,5,4,İzmir/Karşıyaka/Demirköprü,TRY,340000.0,False,False,False,False,False,True,False,False,False,Этаж выше этажности здания,оставить,оставить признаки как есть; этаж → пропуск,train
251330,Daire,340000.0,,2+1,5,4,İzmir/Karşıyaka/Demirköprü,TRY,340000.0,False,False,False,False,False,True,False,False,False,Этаж выше этажности здания,оставить,оставить признаки как есть; этаж → пропуск,train
262395,Daire,340000.0,135.0,3+1,8,2,Bursa/Nilüfer/Dumlupınar,TRY,340000.0,False,False,False,False,False,True,False,False,False,Этаж выше этажности здания,оставить,оставить признаки как есть; этаж → пропуск,train
349739,Komple Bina,340000.0,100.0,+,,4,Samsun/Canik/Uludağ,TRY,340000.0,False,False,False,False,False,False,True,False,False,Комнаты не разобраны,оставить,оставить признаки как есть,train
349789,Komple Bina,340000.0,137.0,+,,3,Kütahya/Merkez/Meydan,TRY,340000.0,False,False,False,False,False,False,True,False,False,Комнаты не разобраны,оставить,оставить признаки как есть,train
381537,Daire,340000.0,1.0,3+1,4,,İstanbul/Pendik/Ahmet Yesevi,TRY,340000.0,False,False,True,False,False,False,False,False,False,Площадь ниже 15 м²,оставить,площадь → пропуск,test
389827,Müstakil Ev,340000.0,,+,,,Bolu/Merkez/Dodurga,TRY,340000.0,False,False,False,False,False,False,True,False,False,Комнаты не разобраны,оставить,оставить признаки как есть,train
393132,Müstakil Ev,340000.0,2.0,3+1,,,Adana/Seyhan/Mıdık,TRY,340000.0,False,False,True,False,False,False,False,False,False,Площадь ниже 15 м²,оставить,площадь → пропуск,train
393777,Komple Bina,340000.0,290.0,+,,2,Balıkesir/Gömeç/Karaağaç,TRY,340000.0,False,False,False,False,False,False,True,False,False,Комнаты не разобраны,оставить,оставить признаки как есть,validation
385860,Daire,339000.0,,+,,,Aydın/Efeler/Efeler,TRY,339000.0,False,False,False,False,False,False,True,False,False,Комнаты не разобраны,оставить,оставить признаки как есть,test
260327,Daire,338000.0,130.0,3+1,7,6,Ankara/Yenimahalle/Turgut Özal,TRY,338000.0,False,False,False,False,False,True,False,False,False,Этаж выше этажности здания,оставить,оставить признаки как есть; этаж → пропуск,train
260359,Daire,338000.0,130.0,3+1,7,6,Ankara/Yenimahalle/Turgut Özal,TRY,338000.0,False,False,False,False,False,True,False,False,False,Этаж выше этажности здания,оставить,оставить признаки как есть; этаж → пропуск,train
260424,Daire,338000.0,130.0,3+1,7,6,Ankara/Yenimahalle/Turgut Özal,TRY,338000.0,False,False,False,False,False,True,False,False,False,Этаж выше этажности здания,оставить,оставить признаки как есть; этаж → пропуск,train
260438,Daire,338000.0,130.0,3+1,7,6,Ankara/Yenimahalle/Turgut Özal,TRY,338000.0,False,False,False,False,False,True,False,False,False,Этаж выше этажности здания,оставить,оставить признаки как есть; этаж → пропуск,train
58741,Daire,335999.0,,3+1,3,2,Antalya/Alanya/Konaklı,TRY,335999.0,False,False,False,False,False,True,False,False,False,Этаж выше этажности здания,оставить,оставить признаки как есть; этаж → пропуск,train
4303,Daire,335000.0,95.0,2+1,5,2,Antalya/Alanya/Mahmutlar,TRY,335000.0,False,False,False,False,False,True,False,False,False,Этаж выше этажности здания,оставить,оставить признаки как есть; этаж → пропуск,train
17686,Komple Bina,335000.0,,+,,3,Burdur/Ağlasun/Bala,TRY,335000.0,False,False,False,False,False,False,True,False,False,Комнаты не разобраны,оставить,оставить признаки как есть,train
92228,Daire,335000.0,1.0,3+1,2,3,Burdur/Merkez/Şirinevler,TRY,335000.0,False,False,True,False,False,False,False,False,False,Площадь ниже 15 м²,оставить,площадь → пропуск,train
94631,Komple Bina,335000.0,140.0,+,,3,Sakarya/Adapazarı/Hızırtepe,TRY,335000.0,False,False,False,False,False,False,True,False,False,Комнаты не разобраны,оставить,оставить признаки как есть,train
175793,Daire,335000.0,3.0,3+1,1,6,İstanbul/Bahçelievler/Soğanlı,TRY,335000.0,False,False,True,False,False,False,False,False,False,Площадь ниже 15 м²,оставить,площадь → пропуск,validation
185941,Daire,335000.0,1.0,3+1,2,3,Burdur/Merkez/Şirinevler,TRY,335000.0,False,False,True,False,False,False,False,False,False,Площадь ниже 15 м²,оставить,площадь → пропуск,train
221072,Daire,335000.0,120.0,3+1,4,1,İstanbul/Bahçelievler/Siyavuşpaşa,TRY,335000.0,False,False,False,False,False,True,False,False,False,Этаж выше этажности здания,оставить,оставить признаки как есть; этаж → пропуск,train
242024,Daire,335000.0,10.0,3+1,5,5,İstanbul/Güngören/Güneştepe,TRY,335000.0,False,False,True,False,False,False,False,False,False,Площадь ниже 15 м²,оставить,площадь → пропуск,train
257503,Daire,335000.0,,3+1,7,1,Samsun/Atakum/Mevlana,TRY,335000.0,False,False,False,False,False,True,False,False,False,Этаж выше этажности здания,оставить,оставить признаки как есть; этаж → пропуск,test
348893,Komple Bina,335000.0,90.0,+,,2,İstanbul/Sultanbeyli/Battalgazi,TRY,335000.0,False,False,False,False,False,False,True,False,False,Комнаты не разобраны,оставить,оставить признаки как есть,train
349087,Komple Bina,335000.0,90.0,+,,2,İstanbul/Sultanbeyli/Battalgazi,TRY,335000.0,False,False,False,False,False,False,True,False,False,Комнаты не разобраны,оставить,оставить признаки как есть,train
349681,Komple Bina,335000.0,90.0,+,,2,İstanbul/Sultanbeyli/Battalgazi,TRY,335000.0,False,False,False,False,False,False,True,False,False,Комнаты не разобраны,оставить,оставить признаки как есть,train
349851,Komple Bina,335000.0,90.0,+,,2,İstanbul/Sultanbeyli/Battalgazi,TRY,335000.0,False,False,False,False,False,False,True,False,False,Комнаты не разобраны,оставить,оставить признаки как есть,train
350053,Komple Bina,335000.0,330.0,+,,3,Trabzon/Ortahisar/3 Nolu Erdoğdu,TRY,335000.0,False,False,False,False,False,False,True,False,False,Комнаты не разобраны,оставить,оставить признаки как есть,train
221537,Daire,333000.0,,2+1,4,1,İstanbul/Maltepe/Bağlarbaşı,TRY,333000.0,False,False,False,False,False,True,False,False,False,Этаж выше этажности здания,оставить,оставить признаки как есть; этаж → пропуск,train
4407,Yazlık,330000.0,1.0,3+1,Müstakil,3,İzmir/Seferihisar/Payamlı,TRY,330000.0,False,False,True,False,False,False,False,False,False,Площадь ниже 15 м²,оставить,площадь → пропуск,train
17664,Komple Bina,330000.0,105.0,+,,4,Samsun/İlkadım/Zeytinlik,TRY,330000.0,False,False,False,False,False,False,True,False,False,Комнаты не разобраны,оставить,оставить признаки как есть,train
17738,Komple Bina,330000.0,90.0,+,,3,Konya/Akşehir/Yeni,TRY,330000.0,False,False,False,False,False,False,True,False,False,Комнаты не разобраны,оставить,оставить признаки как есть,validation
19652,Rezidans,330000.0,,2+1,2,1,Antalya/Alanya/Kestel,TRY,330000.0,False,False,False,False,False,True,False,False,False,Этаж выше этажности здания,оставить,оставить признаки как есть; этаж → пропуск,train
25385,Daire,330000.0,1.0,3+1,1,3,Aydın/Didim/Altınkum,TRY,330000.0,False,False,True,False,False,False,False,False,False,Площадь ниже 15 м²,оставить,площадь → пропуск,test
38213,Daire,330000.0,,3+1,13,10,Adana/Çukurova/Güzelyalı,TRY,330000.0,False,False,False,False,False,True,False,False,False,Этаж выше этажности здания,оставить,оставить признаки как есть; этаж → пропуск,train
46202,Daire,330000.0,,4+1,3,2,Antalya/Kepez/Fabrikalar,TRY,330000.0,False,False,False,False,False,True,False,False,False,Этаж выше этажности здания,оставить,оставить признаки как есть; этаж → пропуск,train
48372,Daire,330000.0,,4+1,3,2,Antalya/Kepez/Fabrikalar,TRY,330000.0,False,False,False,False,False,True,False,False,False,Этаж выше этажности здания,оставить,оставить признаки как есть; этаж → пропуск,train
52175,Villa,330000.0,1.0,3+1,Kot 1,3,İzmir/Seferihisar/Payamlı,TRY,330000.0,False,False,True,False,False,False,False,False,False,Площадь ниже 15 м²,оставить,площадь → пропуск,train
55625,Daire,330000.0,1.0,3+1,1,3,Aydın/Didim/Altınkum,TRY,330000.0,False,False,True,False,False,False,False,False,False,Площадь ниже 15 м²,оставить,площадь → пропуск,test
57013,Daire,330000.0,1.0,3+1,1,3,Aydın/Didim/Altınkum,TRY,330000.0,False,False,True,False,False,False,False,False,False,Площадь ниже 15 м²,оставить,площадь → пропуск,test
61312,Daire,330000.0,120.0,3+1,2,1,Aydın/Didim/Altınkum,TRY,330000.0,False,False,False,False,False,True,False,False,False,Этаж выше этажности здания,оставить,оставить признаки как есть; этаж → пропуск,train
75108,Daire,330000.0,,3+1,13,10,Adana/Çukurova/Güzelyalı,TRY,330000.0,False,False,False,False,False,True,False,False,False,Этаж выше этажности здания,оставить,оставить признаки как есть; этаж → пропуск,train
80059,Daire,330000.0,,3+1,13,10,Adana/Çukurova/Güzelyalı,TRY,330000.0,False,False,False,False,False,True,False,False,False,Этаж выше этажности здания,оставить,оставить признаки как есть; этаж → пропуск,train
86940,Daire,330000.0,110.0,3+1,4,2,Aydın/Didim/Hisar,TRY,330000.0,False,False,False,False,False,True,False,False,False,Этаж выше этажности здания,оставить,оставить признаки как есть; этаж → пропуск,train
105369,Komple Bina,330000.0,115.0,+,,5,Samsun/Canik/Gaziosmanpaşa,TRY,330000.0,False,False,False,False,False,False,True,False,False,Комнаты не разобраны,оставить,оставить признаки как есть,train
105573,Komple Bina,330000.0,120.0,+,,3,Bursa/Yıldırım/Sıracevizler,TRY,330000.0,False,False,False,False,False,False,True,False,False,Комнаты не разобраны,оставить,оставить признаки как есть,test
111875,Daire,330000.0,,3+1,9,8,İzmir/Buca/Kuruçeşme,TRY,330000.0,False,False,False,False,False,True,False,False,False,Этаж выше этажности здания,оставить,оставить признаки как есть; этаж → пропуск,test
159878,Daire,330000.0,1.0,3+1,1,5,Burdur/Merkez/Bahçelievler,TRY,330000.0,False,False,True,False,False,False,False,False,False,Площадь ниже 15 м²,оставить,площадь → пропуск,train
159942,Daire,330000.0,1.0,3+1,1,5,Burdur/Merkez/Bahçelievler,TRY,330000.0,False,False,True,False,False,False,False,False,False,Площадь ниже 15 м²,оставить,площадь → пропуск,train
221288,Daire,330000.0,110.0,3+1,4,1,İstanbul/Bahçelievler/Şirinevler,TRY,330000.0,False,False,False,False,False,True,False,False,False,Этаж выше этажности здания,оставить,оставить признаки как есть; этаж → пропуск,validation
292960,Daire,330000.0,4.0,3+1,2,7,Bursa/Yıldırım/Millet,TRY,330000.0,False,False,True,False,False,False,False,False,False,Площадь ниже 15 м²,оставить,площадь → пропуск,train
349697,Komple Bina,330000.0,125.0,+,,3,Amasya/Merzifon/Bağlarbaşı,TRY,330000.0,False,False,False,False,False,False,True,False,False,Комнаты не разобраны,оставить,оставить признаки как есть,train
65832,Daire,329000.0,10.0,3+1,2,2,Aydın/Didim/Efeler,TRY,329000.0,False,False,True,False,False,False,False,False,False,Площадь ниже 15 м²,оставить,площадь → пропуск,train
185666,Daire,329000.0,10.0,3+1,2,3,Ankara/Keçiören/Yayla,TRY,329000.0,False,False,True,False,False,False,False,False,False,Площадь ниже 15 м²,оставить,площадь → пропуск,train
239927,Daire,329000.0,1.0,2+1,4,7,İstanbul/Çekmeköy/Cumhuriyet,TRY,329000.0,False,False,True,False,False,False,False,False,False,Площадь ниже 15 м²,оставить,площадь → пропуск,test
265280,Daire,329000.0,10.0,3+1,2,3,Ankara/Keçiören/Yayla,TRY,329000.0,False,False,True,False,False,False,False,False,False,Площадь ниже 15 м²,оставить,площадь → пропуск,train
266045,Daire,329000.0,10.0,3+1,2,3,Ankara/Keçiören/Yayla,TRY,329000.0,False,False,True,False,False,False,False,False,False,Площадь ниже 15 м²,оставить,площадь → пропуск,train
240993,Daire,326000.0,,5+1,5,4,Burdur/Merkez/Emek,TRY,326000.0,False,False,False,False,False,True,False,False,False,Этаж выше этажности здания,оставить,оставить признаки как есть; этаж → пропуск,test
7314,Komple Bina,325000.0,,+,,2,Eskişehir/Tepebaşı/Ertuğrulgazi,TRY,325000.0,False,False,False,False,False,False,True,False,False,Комнаты не разобраны,оставить,оставить признаки как есть,train
61166,Daire,325000.0,91.0,2+1,2,1,Antalya/Muratpaşa/Güzeloba,TRY,325000.0,False,False,False,False,False,True,False,False,False,Этаж выше этажности здания,оставить,оставить признаки как есть; этаж → пропуск,validation
61212,Daire,325000.0,91.0,2+1,2,1,Antalya/Muratpaşa/Güzeloba,TRY,325000.0,False,False,False,False,False,True,False,False,False,Этаж выше этажности здания,оставить,оставить признаки как есть; этаж → пропуск,validation
61235,Daire,325000.0,91.0,2+1,2,1,Antalya/Muratpaşa/Güzeloba,TRY,325000.0,False,False,False,False,False,True,False,False,False,Этаж выше этажности здания,оставить,оставить признаки как есть; этаж → пропуск,validation
61248,Daire,325000.0,91.0,2+1,2,1,Antalya/Muratpaşa/Güzeloba,TRY,325000.0,False,False,False,False,False,True,False,False,False,Этаж выше этажности здания,оставить,оставить признаки как есть; этаж → пропуск,validation
91505,Daire,325000.0,165.0,4+1,10,5,Kayseri/Melikgazi/Nurihas,TRY,325000.0,False,False,False,False,False,True,False,False,False,Этаж выше этажности здания,оставить,оставить признаки как есть; этаж → пропуск,train
92579,Komple Bina,325000.0,99.0,+,,2,Bursa/Osmangazi/Adalet,TRY,325000.0,False,False,False,False,False,False,True,False,False,Комнаты не разобраны,оставить,оставить признаки как есть,train
94779,Komple Bina,325000.0,99.0,+,,2,Bursa/Osmangazi/Adalet,TRY,325000.0,False,False,False,False,False,False,True,False,False,Комнаты не разобраны,оставить,оставить признаки как есть,train
95499,Komple Bina,325000.0,,+,,3,Bursa/Osmangazi/Bağlarbaşı,TRY,325000.0,False,False,False,False,False,False,True,False,False,Комнаты не разобраны,оставить,оставить признаки как есть,test
96175,Komple Bina,325000.0,99.0,+,,2,Bursa/Osmangazi/Adalet,TRY,325000.0,False,False,False,False,False,False,True,False,False,Комнаты не разобраны,оставить,оставить признаки как есть,train
96845,Komple Bina,325000.0,99.0,+,,2,Bursa/Osmangazi/Adalet,TRY,325000.0,False,False,False,False,False,False,True,False,False,Комнаты не разобраны,оставить,оставить признаки как есть,train
97601,Komple Bina,325000.0,99.0,+,,2,Bursa/Osmangazi/Adalet,TRY,325000.0,False,False,False,False,False,False,True,False,False,Комнаты не разобраны,оставить,оставить признаки как есть,train
98687,Komple Bina,325000.0,99.0,+,,2,Bursa/Osmangazi/Adalet,TRY,325000.0,False,False,False,False,False,False,True,False,False,Комнаты не разобраны,оставить,оставить признаки как есть,train
99079,Komple Bina,325000.0,230.0,+,,2,Çanakkale/Biga/Şirintepe,TRY,325000.0,False,False,False,False,False,False,True,False,False,Комнаты не разобраны,оставить,оставить признаки как есть,train
106439,Komple Bina,325000.0,99.0,+,,2,Bursa/Osmangazi/Adalet,TRY,325000.0,False,False,False,False,False,False,True,False,False,Комнаты не разобраны,оставить,оставить признаки как есть,train
108001,Komple Bina,325000.0,110.0,+,,2,Sakarya/Adapazarı/Papuççular,TRY,325000.0,False,False,False,False,False,False,True,False,False,Комнаты не разобраны,оставить,оставить признаки как есть,test
109187,Komple Bina,325000.0,99.0,+,,2,Bursa/Osmangazi/Adalet,TRY,325000.0,False,False,False,False,False,False,True,False,False,Комнаты не разобраны,оставить,оставить признаки как есть,train
109449,Komple Bina,325000.0,99.0,+,,2,Bursa/Osmangazi/Adalet,TRY,325000.0,False,False,False,False,False,False,True,False,False,Комнаты не разобраны,оставить,оставить признаки как есть,train
111881,Komple Bina,325000.0,99.0,+,,2,Bursa/Osmangazi/Adalet,TRY,325000.0,False,False,False,False,False,False,True,False,False,Комнаты не разобраны,оставить,оставить признаки как есть,train
115285,Komple Bina,325000.0,99.0,+,,2,Bursa/Osmangazi/Adalet,TRY,325000.0,False,False,False,False,False,False,True,False,False,Комнаты не разобраны,оставить,оставить признаки как есть,train
180739,Daire,325000.0,3.0,2+1,1,6,İstanbul/Pendik/Güzelyalı,TRY,325000.0,False,False,True,False,False,False,False,False,False,Площадь ниже 15 м²,оставить,площадь → пропуск,test
235398,Daire,325000.0,165.0,3+1,4,3,Kocaeli/Darıca/Kazım Karabekir,TRY,325000.0,False,False,False,False,False,True,False,False,False,Этаж выше этажности здания,оставить,оставить признаки как есть; этаж → пропуск,train
248444,Daire,325000.0,170.0,4+1,5,3,Çorum/Merkez/Ulukavak,TRY,325000.0,False,False,False,False,False,True,False,False,False,Этаж выше этажности здания,оставить,оставить признаки как есть; этаж → пропуск,train
250401,Daire,325000.0,170.0,4+1,5,3,Çorum/Merkez/Ulukavak,TRY,325000.0,False,False,False,False,False,True,False,False,False,Этаж выше этажности здания,оставить,оставить признаки как есть; этаж → пропуск,train
350037,Komple Bina,325000.0,,+,,1,Adana/Sarıçam/Mehmet Akif Ersoy,TRY,325000.0,False,False,False,False,False,False,True,False,False,Комнаты не разобраны,оставить,оставить признаки как есть,test
365876,Yazlık,325000.0,1.0,3+2,Kot 2,2,Tekirdağ/Marmaraereğlisi/Cedit Ali Paşa,TRY,325000.0,False,False,True,False,False,False,False,False,False,Площадь ниже 15 м²,оставить,площадь → пропуск,train
7970,Komple Bina,320000.0,110.0,+,,2,Bursa/Osmangazi/Bağlarbaşı,TRY,320000.0,False,False,False,False,False,False,True,False,False,Комнаты не разобраны,оставить,оставить признаки как есть,train
38442,Daire,320000.0,1.0,3+1,1,2,Aydın/Didim/Altınkum,TRY,320000.0,False,False,True,False,False,False,False,False,False,Площадь ниже 15 м²,оставить,площадь → пропуск,test
47280,Daire,320000.0,1.0,3+1,1,2,Aydın/Didim/Altınkum,TRY,320000.0,False,False,True,False,False,False,False,False,False,Площадь ниже 15 м²,оставить,площадь → пропуск,test
51582,Daire,320000.0,,3+1,3,2,Muğla/Fethiye/Tuzla,TRY,320000.0,False,False,False,False,False,True,False,False,False,Этаж выше этажности здания,оставить,оставить признаки как есть; этаж → пропуск,train
61162,Daire,320000.0,79.0,2+1,2,1,Aydın/Didim/Akbük,TRY,320000.0,False,False,False,False,False,True,False,False,False,Этаж выше этажности здания,оставить,оставить признаки как есть; этаж → пропуск,train
61164,Daire,320000.0,79.0,2+1,2,1,Aydın/Didim/Akbük,TRY,320000.0,False,False,False,False,False,True,False,False,False,Этаж выше этажности здания,оставить,оставить признаки как есть; этаж → пропуск,train
67662,Daire,320000.0,1.0,3+1,3,3,Aydın/Didim/Altınkum,TRY,320000.0,False,False,True,False,False,False,False,False,False,Площадь ниже 15 м²,оставить,площадь → пропуск,test
84967,Daire,320000.0,1.0,3+1,3,3,Aydın/Didim/Altınkum,TRY,320000.0,False,False,True,False,False,False,False,False,False,Площадь ниже 15 м²,оставить,площадь → пропуск,test
85218,Daire,320000.0,1.0,3+1,3,3,Aydın/Didim/Altınkum,TRY,320000.0,False,False,True,False,False,False,False,False,False,Площадь ниже 15 м²,оставить,площадь → пропуск,test
96713,Komple Bina,320000.0,300.0,+,,4,Sakarya/Karasu/Yalı,TRY,320000.0,False,False,False,False,False,False,True,False,False,Комнаты не разобраны,оставить,оставить признаки как есть,test
111619,Daire,320000.0,,3+1,9,6,Mersin/Mezitli/Viranşehir,TRY,320000.0,False,False,False,False,False,True,False,False,False,Этаж выше этажности здания,оставить,оставить признаки как есть; этаж → пропуск,train
232217,Daire,320000.0,,2+1,4,3,İstanbul/Zeytinburnu/Çırpıcı,TRY,320000.0,False,False,False,False,False,True,False,False,False,Этаж выше этажности здания,оставить,оставить признаки как есть; этаж → пропуск,train
261337,Daire,320000.0,148.0,3+1,8,1,Samsun/Atakum/Yenimahalle,TRY,320000.0,False,False,False,False,False,True,False,False,False,Этаж выше этажности здания,оставить,оставить признаки как есть; этаж → пропуск,train
310890,Daire,320000.0,,4+1,3,2,Manisa/Salihli/Karaağaç,TRY,320000.0,False,False,False,False,False,True,False,False,False,Этаж выше этажности здания,оставить,оставить признаки как есть; этаж → пропуск,validation
342987,Daire,320000.0,,4+1,5,2,Diyarbakır/Kayapınar/Fırat,TRY,320000.0,False,False,False,False,False,True,False,False,False,Этаж выше этажности здания,оставить,оставить признаки как есть; этаж → пропуск,train
361705,Daire,320000.0,2.0,3+1,5,5,Adana/Ceyhan/Burhaniye,TRY,320000.0,False,False,True,False,False,False,False,False,False,Площадь ниже 15 м²,оставить,площадь → пропуск,train
385336,Daire,320000.0,,+,,,Aydın/Didim/Cumhuriyet,TRY,320000.0,False,False,False,False,False,False,True,False,False,Комнаты не разобраны,оставить,оставить признаки как есть,test
235275,Daire,319000.0,150.0,+,4,6,Afyonkarahisar/Merkez/Erkmen Bld. (Cumhuriyet),TRY,319000.0,False,False,False,False,False,False,True,False,False,Комнаты не разобраны,оставить,оставить признаки как есть,validation
255899,Daire,319000.0,135.0,3+1,6,4,Bursa/Nilüfer/Dumlupınar,TRY,319000.0,False,False,False,False,False,True,False,False,False,Этаж выше этажности здания,оставить,оставить признаки как есть; этаж → пропуск,train
94174,Daire,315000.0,148.0,4+1,13,8,Mersin/Mezitli/Akdeniz,TRY,315000.0,False,False,False,False,False,True,False,False,False,Этаж выше этажности здания,оставить,оставить признаки как есть; этаж → пропуск,train
94650,Daire,315000.0,148.0,4+1,13,8,Mersin/Mezitli/Akdeniz,TRY,315000.0,False,False,False,False,False,True,False,False,False,Этаж выше этажности здания,оставить,оставить признаки как есть; этаж → пропуск,train
94770,Daire,315000.0,148.0,4+1,13,8,Mersin/Mezitli/Akdeniz,TRY,315000.0,False,False,False,False,False,True,False,False,False,Этаж выше этажности здания,оставить,оставить признаки как есть; этаж → пропуск,train
98369,Komple Bina,315000.0,,+,,2,Eskişehir/Tepebaşı/Zafer,TRY,315000.0,False,False,False,False,False,False,True,False,False,Комнаты не разобраны,оставить,оставить признаки как есть,train
115517,Komple Bina,315000.0,280.0,+,,3,Denizli/Merkezefendi/Değirmenönü,TRY,315000.0,False,False,False,False,False,False,True,False,False,Комнаты не разобраны,оставить,оставить признаки как есть,validation
235599,Daire,315000.0,3.0,4+1,4,4,İstanbul/Bahçelievler/Soğanlı,TRY,315000.0,False,False,True,False,False,False,False,False,False,Площадь ниже 15 м²,оставить,площадь → пропуск,test
363871,Komple Bina,315000.0,95.0,+,,4,Kocaeli/İzmit/Kadıköy,TRY,315000.0,False,False,False,False,False,False,True,False,False,Комнаты не разобраны,оставить,оставить признаки как есть,train
385308,Komple Bina,315000.0,,+,,,Samsun/Çarşamba/Sarıcalı,TRY,315000.0,False,False,False,False,False,False,True,False,False,Комнаты не разобраны,оставить,оставить признаки как есть,train
393441,Komple Bina,315000.0,,+,,,Samsun/Çarşamba/Sarıcalı,TRY,315000.0,False,False,False,False,False,False,True,False,False,Комнаты не разобраны,оставить,оставить признаки как есть,train
364173,Daire,314223.0,701195.0,8+4,En Üst Kat,1,İstanbul/Pendik/Çınardere,TRY,314223.0,False,False,False,True,True,False,False,False,False,"Площадь выше 3 000 м², Площадь выше 100 000 м²",оставить,площадь → пропуск,train
364179,Daire,314223.0,701195.0,8+4,En Üst Kat,1,İstanbul/Pendik/Çınardere,TRY,314223.0,False,False,False,True,True,False,False,False,False,"Площадь выше 3 000 м², Площадь выше 100 000 м²",оставить,площадь → пропуск,train
364185,Daire,314223.0,701195.0,8+4,En Üst Kat,1,İstanbul/Pendik/Çınardere,TRY,314223.0,False,False,False,True,True,False,False,False,False,"Площадь выше 3 000 м², Площадь выше 100 000 м²",оставить,площадь → пропуск,train
95093,Komple Bina,312000.0,,+,,4,Bursa/Yıldırım/Hacivat,TRY,312000.0,False,False,False,False,False,False,True,False,False,Комнаты не разобраны,оставить,оставить признаки как есть,test
380370,Komple Bina,312000.0,,+,,,Erzurum/Yakutiye/Kazım Karabekir Paşa,TRY,312000.0,False,False,False,False,False,False,True,False,False,Комнаты не разобраны,оставить,оставить признаки как есть,train
67492,Daire,310000.0,1.0,2+1,2,3,Aydın/Didim/Mavişehir,TRY,310000.0,False,False,True,False,False,False,False,False,False,Площадь ниже 15 м²,оставить,площадь → пропуск,train
77369,Daire,310000.0,125.0,3+1,4,2,Antalya/Muratpaşa/Muratpaşa,TRY,310000.0,False,False,False,False,False,True,False,False,False,Этаж выше этажности здания,оставить,оставить признаки как есть; этаж → пропуск,train
94943,Daire,310000.0,120.0,4+1,11,3,Adana/Çukurova/Belediye Evleri,TRY,310000.0,False,False,False,False,False,True,False,False,False,Этаж выше этажности здания,оставить,оставить признаки как есть; этаж → пропуск,train
182049,Daire,310000.0,81.0,2+1,2,1,İstanbul/Eyüpsultan/Karadolap,TRY,310000.0,False,False,False,False,False,True,False,False,False,Этаж выше этажности здания,оставить,оставить признаки как есть; этаж → пропуск,train
190740,Daire,310000.0,,3+1,3,1,Tekirdağ/Çorlu/Rumeli,TRY,310000.0,False,False,False,False,False,True,False,False,False,Этаж выше этажности здания,оставить,оставить признаки как есть; этаж → пропуск,test
200221,Daire,310000.0,,3+1,3,1,Tekirdağ/Çorlu/Rumeli,TRY,310000.0,False,False,False,False,False,True,False,False,False,Этаж выше этажности здания,оставить,оставить признаки как есть; этаж → пропуск,test
220333,Daire,310000.0,150.0,3+1,4,2,Gaziantep/Şahinbey/Ertuğrulgazi,TRY,310000.0,False,False,False,False,False,True,False,False,False,Этаж выше этажности здания,оставить,оставить признаки как есть; этаж → пропуск,train
248210,Daire,310000.0,140.0,3+1,5,3,Çorum/Merkez/Üçtutlar,TRY,310000.0,False,False,False,False,False,True,False,False,False,Этаж выше этажности здания,оставить,оставить признаки как есть; этаж → пропуск,train
239962,Daire,309000.0,,4+1,4,3,Elazığ/Merkez/Ataşehir,TRY,309000.0,False,False,False,False,False,True,False,False,False,Этаж выше этажности здания,оставить,оставить признаки как есть; этаж → пропуск,test
251317,Daire,309000.0,165.0,3+2,5,4,İstanbul/Sultangazi/Sultançiftliği,TRY,309000.0,False,False,False,False,False,True,False,False,False,Этаж выше этажности здания,оставить,оставить признаки как есть; этаж → пропуск,train
159010,Daire,308000.0,10.0,2+1,1,5,İstanbul/Güngören/Gençosman,TRY,308000.0,False,False,True,False,False,False,False,False,False,Площадь ниже 15 м²,оставить,площадь → пропуск,train
282156,Daire,308000.0,10.0,2+1,2,5,İstanbul/Bağcılar/Merkez,TRY,308000.0,False,False,True,False,False,False,False,False,False,Площадь ниже 15 м²,оставить,площадь → пропуск,train
321483,Daire,307000.0,,1+0,17,6,İstanbul/Ümraniye/Tatlısu,TRY,307000.0,False,False,False,False,False,True,False,False,False,Этаж выше этажности здания,оставить,оставить признаки как есть; этаж → пропуск,validation
50243,Daire,305000.0,105.0,+,1,5,Antalya/Alanya/Oba,TRY,305000.0,False,False,False,False,False,False,True,False,False,Комнаты не разобраны,оставить,оставить признаки как есть,train
58931,Daire,305000.0,110.0,3+1,3,2,Antalya/Döşemealtı/Yeniköy,TRY,305000.0,False,False,False,False,False,True,False,False,False,Этаж выше этажности здания,оставить,оставить признаки как есть; этаж → пропуск,train
111973,Daire,305000.0,125.0,3+1,9,3,İstanbul/Ümraniye/Madenler,TRY,305000.0,False,False,False,False,False,True,False,False,False,Этаж выше этажности здания,оставить,оставить признаки как есть; этаж → пропуск,train
180304,Daire,305000.0,10.0,2+1,1,5,İstanbul/Güngören/Güneştepe,TRY,305000.0,False,False,True,False,False,False,False,False,False,Площадь ниже 15 м²,оставить,площадь → пропуск,validation
193302,Daire,305000.0,85.0,2+1,3,2,İstanbul/Küçükçekmece/Kemalpaşa,TRY,305000.0,False,False,False,False,False,True,False,False,False,Этаж выше этажности здания,оставить,оставить признаки как есть; этаж → пропуск,train
194150,Daire,305000.0,85.0,2+1,3,2,İstanbul/Küçükçekmece/Kemalpaşa,TRY,305000.0,False,False,False,False,False,True,False,False,False,Этаж выше этажности здания,оставить,оставить признаки как есть; этаж → пропуск,train
201047,Daire,305000.0,1.0,3+1,3,4,İstanbul/Bahçelievler/Yenibosna Merkez,TRY,305000.0,False,False,True,False,False,False,False,False,False,Площадь ниже 15 м²,оставить,площадь → пропуск,train
232310,Daire,305000.0,1.0,3+1,4,5,Burdur/Merkez/Emek,TRY,305000.0,False,False,True,False,False,False,False,False,False,Площадь ниже 15 м²,оставить,площадь → пропуск,test
386770,Komple Bina,305000.0,,+,,,Aydın/Efeler/Kurtuluş,TRY,305000.0,False,False,False,False,False,False,True,False,False,Комнаты не разобраны,оставить,оставить признаки как есть,train
49,Kooperatif,300000.0,1.0,1+0,Müstakil,10,İzmir/Aliağa/Yenişakran,TRY,300000.0,False,False,True,False,False,False,False,False,False,Площадь ниже 15 м²,оставить,площадь → пропуск,train
109,Kooperatif,300000.0,1.0,1+0,Müstakil,10,İzmir/Aliağa/Yenişakran,TRY,300000.0,False,False,True,False,False,False,False,False,False,Площадь ниже 15 м²,оставить,площадь → пропуск,train
382,Kooperatif,300000.0,1.0,1+0,Müstakil,10,İzmir/Aliağa/Yenişakran,TRY,300000.0,False,False,True,False,False,False,False,False,False,Площадь ниже 15 м²,оставить,площадь → пропуск,train
5798,Villa,300000.0,1.0,5+2,Müstakil,3,Mersin/Çamlıyayla/Fakılar,TRY,300000.0,False,False,True,False,False,False,False,False,False,Площадь ниже 15 м²,оставить,площадь → пропуск,train
7248,Komple Bina,300000.0,,+,,2,Manisa/Turgutlu/Şehitler,TRY,300000.0,False,False,False,False,False,False,True,False,False,Комнаты не разобраны,оставить,оставить признаки как есть,train
7590,Komple Bina,300000.0,112.0,+,,3,Kilis/Merkez/Yavuz Sultan Selim,TRY,300000.0,False,False,False,False,False,False,True,False,False,Комнаты не разобраны,оставить,оставить признаки как есть,train
13149,Daire,300000.0,,3+1,3,2,Konya/Selçuklu/Hüsamettin Çelebi,TRY,300000.0,False,False,False,False,False,True,False,False,False,Этаж выше этажности здания,оставить,оставить признаки как есть; этаж → пропуск,train
50508,Daire,300000.0,210.0,4+1,4,3,Balıkesir/Edremit/Akçay,TRY,300000.0,False,False,False,False,False,True,False,False,False,Этаж выше этажности здания,оставить,оставить признаки как есть; этаж → пропуск,train
94565,Komple Bina,300000.0,250.0,+,,3,Gaziantep/Şahinbey/Yeşilevler,TRY,300000.0,False,False,False,False,False,False,True,False,False,Комнаты не разобраны,оставить,оставить признаки как есть,validation
127993,Müstakil Ev,300000.0,1.0,6+1,Müstakil,2,İstanbul/Sancaktepe/Mevlana,TRY,300000.0,False,False,True,False,False,False,False,False,False,Площадь ниже 15 м²,оставить,площадь → пропуск,train
149186,Daire,300000.0,1.0,2+1,Yüksek Giriş,5,İstanbul/Eyüpsultan/Yeşilpınar,TRY,300000.0,False,False,True,False,False,False,False,False,False,Площадь ниже 15 м²,оставить,площадь → пропуск,train
217629,Daire,300000.0,125.0,3+1,3,2,Eskişehir/Odunpazarı/Osmangazi,TRY,300000.0,False,False,False,False,False,True,False,False,False,Этаж выше этажности здания,оставить,оставить признаки как есть; этаж → пропуск,train
247403,Daire,300000.0,50.0,1+1,5,3,İzmir/Karşıyaka/Aksoy,TRY,300000.0,False,False,False,False,False,True,False,False,False,Этаж выше этажности здания,оставить,оставить признаки как есть; этаж → пропуск,train
249177,Daire,300000.0,140.0,3+1,5,2,Gaziantep/Şahinbey/Karataş,TRY,300000.0,False,False,False,False,False,True,False,False,False,Этаж выше этажности здания,оставить,оставить признаки как есть; этаж → пропуск,validation
256807,Daire,300000.0,,3+1,6,5,İzmir/Çiğli/Küçük Çiğli,TRY,300000.0,False,False,False,False,False,True,False,False,False,Этаж выше этажности здания,оставить,оставить признаки как есть; этаж → пропуск,test
348387,Komple Bina,300000.0,130.0,+,,3,Diyarbakır/Bağlar/Kaynartepe,TRY,300000.0,False,False,False,False,False,False,True,False,False,Комнаты не разобраны,оставить,оставить признаки как есть,train
349083,Çiftlik Evi,300000.0,2.0,2+1,,1,İzmir/Aliağa/Hacıömerli,TRY,300000.0,False,False,True,False,False,False,False,False,False,Площадь ниже 15 м²,оставить,площадь → пропуск,validation
349747,Çiftlik Evi,300000.0,2.0,2+1,,1,İzmir/Aliağa/Hacıömerli,TRY,300000.0,False,False,True,False,False,False,False,False,False,Площадь ниже 15 м²,оставить,площадь → пропуск,validation
363727,Çiftlik Evi,300000.0,3.0,2+1,,1,Kilis/Merkez/Akçabağlar Köyü,TRY,300000.0,False,False,True,False,False,False,False,False,False,Площадь ниже 15 м²,оставить,площадь → пропуск,train
376648,Daire,300000.0,,+,,,Kocaeli/Gölcük/Dumlupınar,TRY,300000.0,False,False,False,False,False,False,True,False,False,Комнаты не разобраны,оставить,оставить признаки как есть,validation
386144,Komple Bina,300000.0,413.0,+,,2,Bilecik/Bozüyük/Saraycık Köyü,TRY,300000.0,False,False,False,False,False,False,True,False,False,Комнаты не разобраны,оставить,оставить признаки как есть,validation
386574,Daire,300000.0,1.0,3+1,,,Konya/Karatay/Saraçoğlu,TRY,300000.0,False,False,True,False,False,False,False,False,False,Площадь ниже 15 м²,оставить,площадь → пропуск,test
388719,Daire,300000.0,9953.0,3+1,3,3,Muğla/Fethiye/Taşyaka,TRY,300000.0,False,False,False,True,False,False,False,False,False,Площадь выше 3 000 м²,оставить,площадь → пропуск,test
388742,Komple Bina,300000.0,182.0,+,,,Samsun/İlkadım/Derebahçe,TRY,300000.0,False,False,False,False,False,False,True,False,False,Комнаты не разобраны,оставить,оставить признаки как есть,test
390822,Komple Bina,300000.0,,+,,3,Çanakkale/Ezine/Camikebir,TRY,300000.0,False,False,False,False,False,False,True,False,False,Комнаты не разобраны,оставить,оставить признаки как есть,train
392434,Komple Bina,300000.0,180.0,+,,3,Sakarya/Kaynarca/Sabırlı,TRY,300000.0,False,False,False,False,False,False,True,False,False,Комнаты не разобраны,оставить,оставить признаки как есть,test
392999,Daire,300000.0,,+,,,Bursa/Nilüfer/Fethiye,TRY,300000.0,False,False,False,False,False,False,True,False,False,Комнаты не разобраны,оставить,оставить признаки как есть,train
393087,Komple Bina,300000.0,,+,,,Gaziantep/Şehitkamil/Aktoprak,TRY,300000.0,False,False,False,False,False,False,True,False,False,Комнаты не разобраны,оставить,оставить признаки как есть,train
396498,Komple Bina,300000.0,,+,,,Gaziantep/Şehitkamil/Aktoprak,TRY,300000.0,False,False,False,False,False,False,True,False,False,Комнаты не разобраны,оставить,оставить признаки как есть,train
397943,Daire,300000.0,,+,,,Bolu/Merkez/Alpağut,TRY,300000.0,False,False,False,False,False,False,True,False,False,Комнаты не разобраны,оставить,оставить признаки как есть,validation
400616,Komple Bina,300000.0,,+,,,Gaziantep/Şehitkamil/Aktoprak,TRY,300000.0,False,False,False,False,False,False,True,False,False,Комнаты не разобраны,оставить,оставить признаки как есть,train
401363,Komple Bina,300000.0,182.0,+,,,Samsun/İlkadım/Derebahçe,TRY,300000.0,False,False,False,False,False,False,True,False,False,Комнаты не разобраны,оставить,оставить признаки как есть,test
401955,Komple Bina,300000.0,182.0,+,,,Samsun/İlkadım/Derebahçe,TRY,300000.0,False,False,False,False,False,False,True,False,False,Комнаты не разобраны,оставить,оставить признаки как есть,test
403212,Müstakil Ev,300000.0,,+,,,Samsun/Atakum/Kamalı,TRY,300000.0,False,False,False,False,False,False,True,False,False,Комнаты не разобраны,оставить,оставить признаки как есть,train
93047,Daire,299000.0,185.0,3+1,10,6,Adana/Çukurova/Huzurevleri,TRY,299000.0,False,False,False,False,False,True,False,False,False,Этаж выше этажности здания,оставить,оставить признаки как есть; этаж → пропуск,train
229282,Daire,299000.0,120.0,3+1,4,2,İstanbul/Beylikdüzü/Cumhuriyet,TRY,299000.0,False,False,False,False,False,True,False,False,False,Этаж выше этажности здания,оставить,оставить признаки как есть; этаж → пропуск,train
233425,Daire,299000.0,120.0,3+1,4,3,İstanbul/Sancaktepe/Akpınar,TRY,299000.0,False,False,False,False,False,True,False,False,False,Этаж выше этажности здания,оставить,оставить признаки как есть; этаж → пропуск,test
238998,Daire,299000.0,120.0,3+1,4,3,İstanbul/Sancaktepe/Akpınar,TRY,299000.0,False,False,False,False,False,True,False,False,False,Этаж выше этажности здания,оставить,оставить признаки как есть; этаж → пропуск,test
254490,Daire,299000.0,1.0,3+1,6,9,Samsun/Atakum/Yenimahalle,TRY,299000.0,False,False,True,False,False,False,False,False,False,Площадь ниже 15 м²,оставить,площадь → пропуск,train
303705,Rezidans,299000.0,100.0,3+1,11,10,Ankara/Etimesgut/Şehit Osman Avcı,TRY,299000.0,False,False,False,False,False,True,False,False,False,Этаж выше этажности здания,оставить,оставить признаки как есть; этаж → пропуск,train
309321,Daire,298000.0,,3+1,8,2,Malatya/Yeşilyurt/Tecde,TRY,298000.0,False,False,False,False,False,True,False,False,False,Этаж выше этажности здания,оставить,оставить признаки как есть; этаж → пропуск,train
312457,Daire,298000.0,,3+1,8,2,Malatya/Yeşilyurt/Tecde,TRY,298000.0,False,False,False,False,False,True,False,False,False,Этаж выше этажности здания,оставить,оставить признаки как есть; этаж → пропуск,train
318319,Daire,298000.0,,3+1,8,2,Malatya/Yeşilyurt/Tecde,TRY,298000.0,False,False,False,False,False,True,False,False,False,Этаж выше этажности здания,оставить,оставить признаки как есть; этаж → пропуск,train
349619,Komple Bina,298000.0,,+,,2,Aydın/Nazilli/Cumhuriyet,TRY,298000.0,False,False,False,False,False,False,True,False,False,Комнаты не разобраны,оставить,оставить признаки как есть,test
29831,Daire,295000.0,1.0,2+1,1,3,Aydın/Didim/Mavişehir,TRY,295000.0,False,False,True,False,False,False,False,False,False,Площадь ниже 15 м²,оставить,площадь → пропуск,train
103847,Komple Bina,295000.0,225.0,+,,1,Bursa/İznik/Çakırca,TRY,295000.0,False,False,False,False,False,False,True,False,False,Комнаты не разобраны,оставить,оставить признаки как есть,train
177035,Daire,295000.0,10.0,2+1,1,5,İstanbul/Güngören/Güneştepe,TRY,295000.0,False,False,True,False,False,False,False,False,False,Площадь ниже 15 м²,оставить,площадь → пропуск,validation
182059,Daire,295000.0,125.0,3+1,2,1,Tekirdağ/Çorlu/Rumeli,TRY,295000.0,False,False,False,False,False,True,False,False,False,Этаж выше этажности здания,оставить,оставить признаки как есть; этаж → пропуск,train
234899,Daire,295000.0,130.0,3+1,4,2,Adana/Seyhan/Yeşilyurt,TRY,295000.0,False,False,False,False,False,True,False,False,False,Этаж выше этажности здания,оставить,оставить признаки как есть; этаж → пропуск,train
255125,Daire,295000.0,,3+1,6,3,Tekirdağ/Çorlu/Kazımiye,TRY,295000.0,False,False,False,False,False,True,False,False,False,Этаж выше этажности здания,оставить,оставить признаки как есть; этаж → пропуск,train
348587,Komple Bina,295000.0,,+,,3,Malatya/Battalgazi/Başharık,TRY,295000.0,False,False,False,False,False,False,True,False,False,Комнаты не разобраны,оставить,оставить признаки как есть,train
349675,Müstakil Ev,295000.0,2.0,1+1,,1,Balıkesir/Edremit/Zeytinli,TRY,295000.0,False,False,True,False,False,False,False,False,False,Площадь ниже 15 м²,оставить,площадь → пропуск,train
349727,Komple Bina,295000.0,,+,,3,Aydın/Söke/Savuca,TRY,295000.0,False,False,False,False,False,False,True,False,False,Комнаты не разобраны,оставить,оставить признаки как есть,validation
375894,Daire,295000.0,1.0,1+1,20 ve üzeri,,İstanbul/Esenyurt/Yeşilkent,TRY,295000.0,False,False,True,False,False,False,False,False,False,Площадь ниже 15 м²,оставить,площадь → пропуск,train
119876,Müstakil Ev,290000.0,298.0,+,Kot 1,2,Bursa/Osmangazi/Kuruçeşme,TRY,290000.0,False,False,False,False,False,False,True,False,False,Комнаты не разобраны,оставить,оставить признаки как есть,test
173178,Daire,290000.0,10.0,3+1,1,2,Ankara/Çankaya/Osman Temiz,TRY,290000.0,False,False,True,False,False,False,False,False,False,Площадь ниже 15 м²,оставить,площадь → пропуск,train
220439,Daire,290000.0,75.0,2+1,4,2,İstanbul/Maltepe/Altıntepe,TRY,290000.0,False,False,False,False,False,True,False,False,False,Этаж выше этажности здания,оставить,оставить признаки как есть; этаж → пропуск,train
222265,Daire,290000.0,75.0,2+1,4,2,İstanbul/Maltepe/Altıntepe,TRY,290000.0,False,False,False,False,False,True,False,False,False,Этаж выше этажности здания,оставить,оставить признаки как есть; этаж → пропуск,train
226340,Daire,290000.0,75.0,2+1,4,2,İstanbul/Maltepe/Altıntepe,TRY,290000.0,False,False,False,False,False,True,False,False,False,Этаж выше этажности здания,оставить,оставить признаки как есть; этаж → пропуск,train
235674,Daire,290000.0,75.0,2+1,4,2,İstanbul/Maltepe/Altıntepe,TRY,290000.0,False,False,False,False,False,True,False,False,False,Этаж выше этажности здания,оставить,оставить признаки как есть; этаж → пропуск,train
236594,Daire,290000.0,120.0,3+1,4,3,İstanbul/Esenyurt/Zafer,TRY,290000.0,False,False,False,False,False,True,False,False,False,Этаж выше этажности здания,оставить,оставить признаки как есть; этаж → пропуск,test
297275,Daire,290000.0,170.0,3+1,10,4,Kayseri/Melikgazi/Esenyurt,TRY,290000.0,False,False,False,False,False,True,False,False,False,Этаж выше этажности здания,оставить,оставить признаки как есть; этаж → пропуск,train
350700,Müstakil Ev,290000.0,5.0,2+1,Müstakil,1,Çanakkale/Ezine/Üvecik Köyü,TRY,290000.0,False,False,True,False,False,False,False,False,False,Площадь ниже 15 м²,оставить,площадь → пропуск,train
350821,Müstakil Ev,290000.0,5.0,2+1,Müstakil,1,Çanakkale/Ezine/Üvecik Köyü,TRY,290000.0,False,False,True,False,False,False,False,False,False,Площадь ниже 15 м²,оставить,площадь → пропуск,train
351221,Müstakil Ev,290000.0,5.0,2+1,Müstakil,1,Çanakkale/Ezine/Üvecik Köyü,TRY,290000.0,False,False,True,False,False,False,False,False,False,Площадь ниже 15 м²,оставить,площадь → пропуск,train
351409,Müstakil Ev,290000.0,5.0,2+1,Müstakil,1,Çanakkale/Ezine/Üvecik Köyü,TRY,290000.0,False,False,True,False,False,False,False,False,False,Площадь ниже 15 м²,оставить,площадь → пропуск,train
351661,Müstakil Ev,290000.0,5.0,2+1,Müstakil,1,Çanakkale/Ezine/Üvecik Köyü,TRY,290000.0,False,False,True,False,False,False,False,False,False,Площадь ниже 15 м²,оставить,площадь → пропуск,train
351723,Müstakil Ev,290000.0,5.0,2+1,Müstakil,1,Çanakkale/Ezine/Üvecik Köyü,TRY,290000.0,False,False,True,False,False,False,False,False,False,Площадь ниже 15 м²,оставить,площадь → пропуск,train
352719,Müstakil Ev,290000.0,5.0,2+1,Müstakil,1,Çanakkale/Ezine/Üvecik Köyü,TRY,290000.0,False,False,True,False,False,False,False,False,False,Площадь ниже 15 м²,оставить,площадь → пропуск,train
352876,Müstakil Ev,290000.0,5.0,2+1,Müstakil,1,Çanakkale/Ezine/Üvecik Köyü,TRY,290000.0,False,False,True,False,False,False,False,False,False,Площадь ниже 15 м²,оставить,площадь → пропуск,train
363827,Komple Bina,290000.0,240.0,+,,2,Aydın/Nazilli/Cumhuriyet,TRY,290000.0,False,False,False,False,False,False,True,False,False,Комнаты не разобраны,оставить,оставить признаки как есть,validation
363977,Komple Bina,290000.0,95.0,+,,4,Trabzon/Ortahisar/1 Nolu Erdoğdu,TRY,290000.0,False,False,False,False,False,False,True,False,False,Комнаты не разобраны,оставить,оставить признаки как есть,train
364053,Komple Bina,290000.0,240.0,+,,2,Aydın/Nazilli/Cumhuriyet,TRY,290000.0,False,False,False,False,False,False,True,False,False,Комнаты не разобраны,оставить,оставить признаки как есть,validation
364281,Komple Bina,290000.0,240.0,+,,2,Aydın/Nazilli/Cumhuriyet,TRY,290000.0,False,False,False,False,False,False,True,False,False,Комнаты не разобраны,оставить,оставить признаки как есть,validation
378886,Villa,290000.0,,+,,,Aydın/Kuşadası/Türkmen,TRY,290000.0,False,False,False,False,False,False,True,False,False,Комнаты не разобраны,оставить,оставить признаки как есть,train
397322,Villa,290000.0,1500.0,+,,,Ankara/Gölbaşı/Bahçelievler,TRY,290000.0,False,False,False,False,False,False,True,False,False,Комнаты не разобраны,оставить,оставить признаки как есть,train
182103,Daire,289000.0,,2+1,2,1,İstanbul/Beylikdüzü/Cumhuriyet,TRY,289000.0,False,False,False,False,False,True,False,False,False,Этаж выше этажности здания,оставить,оставить признаки как есть; этаж → пропуск,train
349829,Müstakil Ev,289000.0,1.0,5+1,,1,Adana/Karataş/Yemişli,TRY,289000.0,False,False,True,False,False,False,False,False,False,Площадь ниже 15 м²,оставить,площадь → пропуск,train
63780,Daire,287000.0,,2+1,4,2,Antalya/Muratpaşa/Güzeloba,TRY,287000.0,False,False,False,False,False,True,False,False,False,Этаж выше этажности здания,оставить,оставить признаки как есть; этаж → пропуск,validation
68494,Daire,287000.0,,2+1,4,2,Antalya/Muratpaşa/Güzeloba,TRY,287000.0,False,False,False,False,False,True,False,False,False,Этаж выше этажности здания,оставить,оставить признаки как есть; этаж → пропуск,validation
73540,Daire,287000.0,,2+1,4,2,Antalya/Muratpaşa/Güzeloba,TRY,287000.0,False,False,False,False,False,True,False,False,False,Этаж выше этажности здания,оставить,оставить признаки как есть; этаж → пропуск,validation
260377,Daire,286000.0,149.0,3+1,7,6,Trabzon/Ortahisar/Pelitli,TRY,286000.0,False,False,False,False,False,True,False,False,False,Этаж выше этажности здания,оставить,оставить признаки как есть; этаж → пропуск,train
92541,Komple Bina,285000.0,95.0,+,,2,Bursa/Osmangazi/İstiklal,TRY,285000.0,False,False,False,False,False,False,True,False,False,Комнаты не разобраны,оставить,оставить признаки как есть,train
95451,Komple Bina,285000.0,95.0,+,,2,Bursa/Osmangazi/İstiklal,TRY,285000.0,False,False,False,False,False,False,True,False,False,Комнаты не разобраны,оставить,оставить признаки как есть,train
96885,Komple Bina,285000.0,95.0,+,,2,Bursa/Osmangazi/İstiklal,TRY,285000.0,False,False,False,False,False,False,True,False,False,Комнаты не разобраны,оставить,оставить признаки как есть,train
98381,Komple Bina,285000.0,95.0,+,,2,Bursa/Osmangazi/İstiklal,TRY,285000.0,False,False,False,False,False,False,True,False,False,Комнаты не разобраны,оставить,оставить признаки как есть,train
99545,Komple Bina,285000.0,95.0,+,,2,Bursa/Osmangazi/İstiklal,TRY,285000.0,False,False,False,False,False,False,True,False,False,Комнаты не разобраны,оставить,оставить признаки как есть,train
113923,Komple Bina,285000.0,95.0,+,,2,Bursa/Osmangazi/İstiklal,TRY,285000.0,False,False,False,False,False,False,True,False,False,Комнаты не разобраны,оставить,оставить признаки как есть,train
190713,Daire,285000.0,105.0,2+1,3,2,Manisa/Salihli/Cumhuriyet,TRY,285000.0,False,False,False,False,False,True,False,False,False,Этаж выше этажности здания,оставить,оставить признаки как есть; этаж → пропуск,train
263063,Daire,285000.0,125.0,3+1,8,1,Ankara/Mamak/Çağlayan,TRY,285000.0,False,False,False,False,False,True,False,False,False,Этаж выше этажности здания,оставить,оставить признаки как есть; этаж → пропуск,test
280708,Daire,285000.0,1.0,3+1,2,5,İstanbul/Esenyurt/Mehterçeşme,TRY,285000.0,False,False,True,False,False,False,False,False,False,Площадь ниже 15 м²,оставить,площадь → пропуск,train
324394,Daire,285000.0,150.0,3+1,12,8,Ankara/Yenimahalle/Burç,TRY,285000.0,False,False,False,False,False,True,False,False,False,Этаж выше этажности здания,оставить,оставить признаки как есть; этаж → пропуск,train
325478,Daire,285000.0,,3+1,9,8,Trabzon/Yomra/Sancak,TRY,285000.0,False,False,False,False,False,True,False,False,False,Этаж выше этажности здания,оставить,оставить признаки как есть; этаж → пропуск,test
348347,Müstakil Ev,285000.0,3.0,1+1,,1,Kırklareli/Babaeski/Minnetler Köyü,TRY,285000.0,False,False,True,False,False,False,False,False,False,Площадь ниже 15 м²,оставить,площадь → пропуск,validation
348415,Komple Bina,285000.0,,+,,4,İstanbul/Beyoğlu/Hacıahmet,TRY,285000.0,False,False,False,False,False,False,True,False,False,Комнаты не разобраны,оставить,оставить признаки как есть,train
377814,Müstakil Ev,285000.0,4000.0,1+1,,1,İzmir/Bayındır/Karaveliler,TRY,285000.0,False,False,False,True,False,False,False,False,False,Площадь выше 3 000 м²,оставить,оставить признаки как есть,validation
381430,Müstakil Ev,282084.1,1.0,3+1,,,KKTC/Gazimağusa/Zafer Mh.,GBP,41000.0,False,False,True,False,False,False,False,False,False,Площадь ниже 15 м²,оставить,площадь → пропуск,test
397372,Müstakil Ev,282084.1,1.0,3+1,,,KKTC/Gazimağusa/Zafer Mh.,GBP,41000.0,False,False,True,False,False,False,False,False,False,Площадь ниже 15 м²,оставить,площадь → пропуск,test
94168,Daire,282000.0,,2+1,13,2,Mersin/Mezitli/Merkez,TRY,282000.0,False,False,False,False,False,True,False,False,False,Этаж выше этажности здания,оставить,оставить признаки как есть; этаж → пропуск,train
94414,Daire,282000.0,,2+1,13,2,Mersin/Mezitli/Merkez,TRY,282000.0,False,False,False,False,False,True,False,False,False,Этаж выше этажности здания,оставить,оставить признаки как есть; этаж → пропуск,train
94454,Daire,282000.0,,2+1,13,2,Mersin/Mezitli/Merkez,TRY,282000.0,False,False,False,False,False,True,False,False,False,Этаж выше этажности здания,оставить,оставить признаки как есть; этаж → пропуск,train
33382,Komple Bina,280000.0,,+,,2,Muğla/Ula/Akçapınar,TRY,280000.0,False,False,False,False,False,False,True,False,False,Комнаты не разобраны,оставить,оставить признаки как есть,train
91879,Daire,280000.0,180.0,3+1,10,6,Mersin/Mezitli/Viranşehir,TRY,280000.0,False,False,False,False,False,True,False,False,False,Этаж выше этажности здания,оставить,оставить признаки как есть; этаж → пропуск,train
92009,Daire,280000.0,180.0,3+1,10,6,Mersin/Mezitli/Viranşehir,TRY,280000.0,False,False,False,False,False,True,False,False,False,Этаж выше этажности здания,оставить,оставить признаки как есть; этаж → пропуск,train
95585,Daire,280000.0,100.0,+,,,İstanbul/Bahçelievler/Kocasinan Merkez,TRY,280000.0,False,False,False,False,False,False,True,False,False,Комнаты не разобраны,оставить,оставить признаки как есть,test
104965,Komple Bina,280000.0,,+,,2,Eskişehir/Tepebaşı/Şirintepe,TRY,280000.0,False,False,False,False,False,False,True,False,False,Комнаты не разобраны,оставить,оставить признаки как есть,train
111895,Daire,280000.0,140.0,3+1,9,2,Samsun/Atakum/Yenimahalle,TRY,280000.0,False,False,False,False,False,True,False,False,False,Этаж выше этажности здания,оставить,оставить признаки как есть; этаж → пропуск,train
191015,Daire,280000.0,135.0,3+1,3,2,Ankara/Etimesgut/Ahi Mesut,TRY,280000.0,False,False,False,False,False,True,False,False,False,Этаж выше этажности здания,оставить,оставить признаки как есть; этаж → пропуск,train
197627,Daire,280000.0,135.0,3+1,3,2,Ankara/Etimesgut/Ahi Mesut,TRY,280000.0,False,False,False,False,False,True,False,False,False,Этаж выше этажности здания,оставить,оставить признаки как есть; этаж → пропуск,train
207591,Daire,280000.0,135.0,3+1,3,2,Ankara/Etimesgut/Ahi Mesut,TRY,280000.0,False,False,False,False,False,True,False,False,False,Этаж выше этажности здания,оставить,оставить признаки как есть; этаж → пропуск,train
209718,Daire,280000.0,135.0,3+1,3,2,Ankara/Etimesgut/Ahi Mesut,TRY,280000.0,False,False,False,False,False,True,False,False,False,Этаж выше этажности здания,оставить,оставить признаки как есть; этаж → пропуск,train
217804,Daire,280000.0,135.0,3+1,3,2,Ankara/Etimesgut/Ahi Mesut,TRY,280000.0,False,False,False,False,False,True,False,False,False,Этаж выше этажности здания,оставить,оставить признаки как есть; этаж → пропуск,train
262066,Daire,280000.0,150.0,2+1,8,2,Adana/Seyhan/Gürselpaşa,TRY,280000.0,False,False,False,False,False,True,False,False,False,Этаж выше этажности здания,оставить,оставить признаки как есть; этаж → пропуск,test
324841,Daire,280000.0,100.0,2+1,13,6,Antalya/Muratpaşa/Kızıltoprak,TRY,280000.0,False,False,False,False,False,True,False,False,False,Этаж выше этажности здания,оставить,оставить признаки как есть; этаж → пропуск,train
343792,Daire,280000.0,100.0,2+1,8,2,Balıkesir/Edremit/Cennetayağı,TRY,280000.0,False,False,False,False,False,True,False,False,False,Этаж выше этажности здания,оставить,оставить признаки как есть; этаж → пропуск,train
349001,Komple Bina,280000.0,325.0,+,,2,Mersin/Toroslar/Selçuklar,TRY,280000.0,False,False,False,False,False,False,True,False,False,Комнаты не разобраны,оставить,оставить признаки как есть,test
349543,Müstakil Ev,280000.0,1.0,2+1,,2,İzmir/Menderes/Çile,TRY,280000.0,False,False,True,False,False,False,False,False,False,Площадь ниже 15 м²,оставить,площадь → пропуск,train
368680,Daire,280000.0,135.0,3+1,4,3,Afyonkarahisar/Merkez/Ali Çetinkaya,TRY,280000.0,False,False,False,False,False,True,False,False,False,Этаж выше этажности здания,оставить,оставить признаки как есть; этаж → пропуск,train
388554,Komple Bina,280000.0,,+,,3,Yalova/Merkez/Gazi Osman Paşa,TRY,280000.0,False,False,False,False,False,False,True,False,False,Комнаты не разобраны,оставить,оставить признаки как есть,validation
390455,Daire,280000.0,,+,,,İstanbul/Pendik/Kaynarca,TRY,280000.0,False,False,False,False,False,False,True,False,False,Комнаты не разобраны,оставить,оставить признаки как есть,test
394101,Komple Bina,280000.0,,+,,3,Yalova/Merkez/Gazi Osman Paşa,TRY,280000.0,False,False,False,False,False,False,True,False,False,Комнаты не разобраны,оставить,оставить признаки как есть,validation
256224,Daire,279000.0,130.0,3+1,6,3,Aydın/Nazilli/Yeşil,TRY,279000.0,False,False,False,False,False,True,False,False,False,Этаж выше этажности здания,оставить,оставить признаки как есть; этаж → пропуск,train
304164,Daire,279000.0,127.0,3+1,12,2,Ankara/Etimesgut/Yeşilova,TRY,279000.0,False,False,False,False,False,True,False,False,False,Этаж выше этажности здания,оставить,оставить признаки как есть; этаж → пропуск,train
319416,Daire,279000.0,127.0,3+1,12,2,Ankara/Etimesgut/Yeşilova,TRY,279000.0,False,False,False,False,False,True,False,False,False,Этаж выше этажности здания,оставить,оставить признаки как есть; этаж → пропуск,train
238774,Daire,278000.0,160.0,3+1,4,3,Gaziantep/Şahinbey/23 Nisan,TRY,278000.0,False,False,False,False,False,True,False,False,False,Этаж выше этажности здания,оставить,оставить признаки как есть; этаж → пропуск,train
48836,Daire,275000.0,90.0,2+1,7,1,Antalya/Muratpaşa/Doğuyaka,TRY,275000.0,False,False,False,False,False,True,False,False,False,Этаж выше этажности здания,оставить,оставить признаки как есть; этаж → пропуск,train
67691,Daire,275000.0,120.0,2+1,3,2,Aydın/Didim/Hisar,TRY,275000.0,False,False,False,False,False,True,False,False,False,Этаж выше этажности здания,оставить,оставить признаки как есть; этаж → пропуск,validation
74735,Daire,275000.0,90.0,2+1,7,1,Antalya/Muratpaşa/Doğuyaka,TRY,275000.0,False,False,False,False,False,True,False,False,False,Этаж выше этажности здания,оставить,оставить признаки как есть; этаж → пропуск,train
84844,Daire,275000.0,100.0,2+1,4,2,Aydın/Kuşadası/Ege,TRY,275000.0,False,False,False,False,False,True,False,False,False,Этаж выше этажности здания,оставить,оставить признаки как есть; этаж → пропуск,test
86845,Daire,275000.0,120.0,2+1,3,2,Aydın/Didim/Hisar,TRY,275000.0,False,False,False,False,False,True,False,False,False,Этаж выше этажности здания,оставить,оставить признаки как есть; этаж → пропуск,validation
93653,Komple Bina,275000.0,110.0,+,,4,Kocaeli/Derince/Çınarlı,TRY,275000.0,False,False,False,False,False,False,True,False,False,Комнаты не разобраны,оставить,оставить признаки как есть,train
108059,Komple Bina,275000.0,110.0,+,,4,Kocaeli/Derince/Çınarlı,TRY,275000.0,False,False,False,False,False,False,True,False,False,Комнаты не разобраны,оставить,оставить признаки как есть,train
116050,Daire,275000.0,4.0,2+1,Bahçe katı,5,İstanbul/Bayrampaşa/Altıntepsi,TRY,275000.0,False,False,True,False,False,False,False,False,False,Площадь ниже 15 м²,оставить,площадь → пропуск,train
182117,Daire,275000.0,135.0,3+1,2,1,Adıyaman/Merkez/Altınşehir,TRY,275000.0,False,False,False,False,False,True,False,False,False,Этаж выше этажности здания,оставить,оставить признаки как есть; этаж → пропуск,train
205680,Daire,275000.0,120.0,3+1,3,1,Ankara/Keçiören/Yayla,TRY,275000.0,False,False,False,False,False,True,False,False,False,Этаж выше этажности здания,оставить,оставить признаки как есть; этаж → пропуск,train
210769,Daire,275000.0,220.0,4+1,3,2,İstanbul/Esenyurt/İnönü,TRY,275000.0,False,False,False,False,False,True,False,False,False,Этаж выше этажности здания,оставить,оставить признаки как есть; этаж → пропуск,train
217866,Daire,275000.0,,3+1,3,2,Çanakkale/Merkez/Kepez Bld. (Boğazkent),TRY,275000.0,False,False,False,False,False,True,False,False,False,Этаж выше этажности здания,оставить,оставить признаки как есть; этаж → пропуск,test
238125,Daire,275000.0,140.0,3+1,4,3,Eskişehir/Tepebaşı/Ömerağa,TRY,275000.0,False,False,False,False,False,True,False,False,False,Этаж выше этажности здания,оставить,оставить признаки как есть; этаж → пропуск,train
238960,Daire,275000.0,220.0,4+1,4,2,İstanbul/Esenyurt/İnönü,TRY,275000.0,False,False,False,False,False,True,False,False,False,Этаж выше этажности здания,оставить,оставить признаки как есть; этаж → пропуск,train
240718,Daire,275000.0,3001.0,5+1,5,5,Malatya/Battalgazi/Çöşnük,TRY,275000.0,False,False,False,True,False,False,False,False,False,Площадь выше 3 000 м²,оставить,площадь → пропуск,train
318141,Rezidans,275000.0,,1+1,6,5,Kocaeli/İzmit/Yahyakaptan,TRY,275000.0,False,False,False,False,False,True,False,False,False,Этаж выше этажности здания,оставить,оставить признаки как есть; этаж → пропуск,train
323852,Daire,275000.0,,3+1,8,1,Nevşehir/Merkez/Cevher Dudayev,TRY,275000.0,False,False,False,False,False,True,False,False,False,Этаж выше этажности здания,оставить,оставить признаки как есть; этаж → пропуск,train
334528,Daire,275000.0,110.0,2+1,4,1,Aydın/Kuşadası/İkiçeşmelik,TRY,275000.0,False,False,False,False,False,True,False,False,False,Этаж выше этажности здания,оставить,оставить признаки как есть; этаж → пропуск,test
348839,Komple Bina,275000.0,150.0,+,,2,Afyonkarahisar/Şuhut/Kurtuluş,TRY,275000.0,False,False,False,False,False,False,True,False,False,Комнаты не разобраны,оставить,оставить признаки как есть,train
350469,Komple Bina,275000.0,160.0,+,,2,Aydın/Nazilli/Aydoğdu,TRY,275000.0,False,False,False,False,False,False,True,False,False,Комнаты не разобраны,оставить,оставить признаки как есть,train
381324,Komple Bina,275000.0,,+,,2,Yalova/Merkez/Bayraktepe,TRY,275000.0,False,False,False,False,False,False,True,False,False,Комнаты не разобраны,оставить,оставить признаки как есть,test
381712,Daire,275000.0,,+,,,Mersin/Toroslar/Mithat Toroğlu,TRY,275000.0,False,False,False,False,False,False,True,False,False,Комнаты не разобраны,оставить,оставить признаки как есть,validation
381758,Daire,275000.0,,+,,,Ankara/Altındağ/Aydınlıkevler,TRY,275000.0,False,False,False,False,False,False,True,False,False,Комнаты не разобраны,оставить,оставить признаки как есть,validation
389254,Müstakil Ev,275000.0,,+,,,Konya/Selçuklu/Hüsamettin Çelebi,TRY,275000.0,False,False,False,False,False,False,True,False,False,Комнаты не разобраны,оставить,оставить признаки как есть,validation
397732,Daire,275000.0,,+,,,İstanbul/Başakşehir/Bahçeşehir 2. Kısım,TRY,275000.0,False,False,False,False,False,False,True,False,False,Комнаты не разобраны,оставить,оставить признаки как есть,train
19884,Daire,274584.65869999997,789286.0,8+1,Bahçe katı,2,İstanbul/Üsküdar/Ünalan,EUR,45133.0,False,False,False,True,True,False,False,False,False,"Площадь выше 3 000 м², Площадь выше 100 000 м²",оставить,площадь → пропуск,train
197687,Daire,273000.0,85.0,2+1,3,1,İstanbul/Tuzla/Yayla,TRY,273000.0,False,False,False,False,False,True,False,False,False,Этаж выше этажности здания,оставить,оставить признаки как есть; этаж → пропуск,validation
253706,Daire,273000.0,,3+1,6,3,Aksaray/Merkez/Hasas,TRY,273000.0,False,False,False,False,False,True,False,False,False,Этаж выше этажности здания,оставить,оставить признаки как есть; этаж → пропуск,train
402338,Daire,273000.0,,+,,,Sivas/Merkez/Şeyh Şamil,TRY,273000.0,False,False,False,False,False,False,True,False,False,Комнаты не разобраны,оставить,оставить признаки как есть,test
25111,Daire,270000.0,75.0,2+1,4,3,Aydın/Didim/Yeni,TRY,270000.0,False,False,False,False,False,True,False,False,False,Этаж выше этажности здания,оставить,оставить признаки как есть; этаж → пропуск,train
49263,Daire,270000.0,126.0,3+1,5,1,Trabzon/Ortahisar/Kemerkaya,TRY,270000.0,False,False,False,False,False,True,False,False,False,Этаж выше этажности здания,оставить,оставить признаки как есть; этаж → пропуск,train
60416,Daire,270000.0,,3+1,3,2,Muğla/Dalaman/Söğütlüyurt,TRY,270000.0,False,False,False,False,False,True,False,False,False,Этаж выше этажности здания,оставить,оставить признаки как есть; этаж → пропуск,train
71459,Daire,270000.0,180.0,3+1,5,2,Mersin/Mezitli/Akdeniz,TRY,270000.0,False,False,False,False,False,True,False,False,False,Этаж выше этажности здания,оставить,оставить признаки как есть; этаж → пропуск,test
73308,Daire,270000.0,180.0,3+1,5,2,Mersin/Mezitli/Akdeniz,TRY,270000.0,False,False,False,False,False,True,False,False,False,Этаж выше этажности здания,оставить,оставить признаки как есть; этаж → пропуск,test
90038,Daire,270000.0,75.0,2+1,4,3,Aydın/Didim/Yeni,TRY,270000.0,False,False,False,False,False,True,False,False,False,Этаж выше этажности здания,оставить,оставить признаки как есть; этаж → пропуск,train
104307,Komple Bina,270000.0,,+,,3,Kocaeli/Gebze/Mevlana,TRY,270000.0,False,False,False,False,False,False,True,False,False,Комнаты не разобраны,оставить,оставить признаки как есть,train
157160,Daire,270000.0,1.0,3+1,1,3,Aydın/Efeler/Efeler,TRY,270000.0,False,False,True,False,False,False,False,False,False,Площадь ниже 15 м²,оставить,площадь → пропуск,validation
161362,Daire,270000.0,1.0,3+1,1,3,Aydın/Efeler/Girne,TRY,270000.0,False,False,True,False,False,False,False,False,False,Площадь ниже 15 м²,оставить,площадь → пропуск,train
170752,Daire,270000.0,1.0,3+1,1,5,İstanbul/Esenyurt/Güzelyurt,TRY,270000.0,False,False,True,False,False,False,False,False,False,Площадь ниже 15 м²,оставить,площадь → пропуск,train
194675,Daire,270000.0,145.0,3+1,3,2,Düzce/Merkez/Koçyazı,TRY,270000.0,False,False,False,False,False,True,False,False,False,Этаж выше этажности здания,оставить,оставить признаки как есть; этаж → пропуск,train
199706,Daire,270000.0,135.0,3+1,3,2,Ankara/Keçiören/Etlik,TRY,270000.0,False,False,False,False,False,True,False,False,False,Этаж выше этажности здания,оставить,оставить признаки как есть; этаж → пропуск,train
200583,Daire,270000.0,135.0,3+1,3,2,Ankara/Keçiören/Etlik,TRY,270000.0,False,False,False,False,False,True,False,False,False,Этаж выше этажности здания,оставить,оставить признаки как есть; этаж → пропуск,train
215578,Daire,270000.0,135.0,3+1,3,2,Ankara/Keçiören/Etlik,TRY,270000.0,False,False,False,False,False,True,False,False,False,Этаж выше этажности здания,оставить,оставить признаки как есть; этаж → пропуск,train
217233,Daire,270000.0,85.0,2+1,3,1,İstanbul/Maltepe/Fındıklı,TRY,270000.0,False,False,False,False,False,True,False,False,False,Этаж выше этажности здания,оставить,оставить признаки как есть; этаж → пропуск,test
221330,Daire,270000.0,120.0,3+1,4,3,İstanbul/Sancaktepe/Abdurrahmangazi,TRY,270000.0,False,False,False,False,False,True,False,False,False,Этаж выше этажности здания,оставить,оставить признаки как есть; этаж → пропуск,train
221608,Daire,270000.0,120.0,3+1,4,3,İstanbul/Sancaktepe/Abdurrahmangazi,TRY,270000.0,False,False,False,False,False,True,False,False,False,Этаж выше этажности здания,оставить,оставить признаки как есть; этаж → пропуск,train
233080,Daire,270000.0,120.0,3+1,4,3,İstanbul/Esenyurt/Yunus Emre,TRY,270000.0,False,False,False,False,False,True,False,False,False,Этаж выше этажности здания,оставить,оставить признаки как есть; этаж → пропуск,validation
234174,Daire,270000.0,130.0,3+1,4,1,Tekirdağ/Çorlu/Nusratiye,TRY,270000.0,False,False,False,False,False,True,False,False,False,Этаж выше этажности здания,оставить,оставить признаки как есть; этаж → пропуск,test
237342,Daire,270000.0,120.0,3+1,4,3,İstanbul/Sancaktepe/Abdurrahmangazi,TRY,270000.0,False,False,False,False,False,True,False,False,False,Этаж выше этажности здания,оставить,оставить признаки как есть; этаж → пропуск,train
251120,Daire,270000.0,55.0,1+1,5,1,İstanbul/Kağıthane/Seyrantepe,TRY,270000.0,False,False,False,False,False,True,False,False,False,Этаж выше этажности здания,оставить,оставить признаки как есть; этаж → пропуск,validation
256374,Daire,270000.0,,3+1,6,1,İstanbul/Esenyurt/Orhan Gazi,TRY,270000.0,False,False,False,False,False,True,False,False,False,Этаж выше этажности здания,оставить,оставить признаки как есть; этаж → пропуск,train
309899,Daire,270000.0,90.0,2+1,8,5,İstanbul/Başakşehir/Kayabaşı,TRY,270000.0,False,False,False,False,False,True,False,False,False,Этаж выше этажности здания,оставить,оставить признаки как есть; этаж → пропуск,test
363654,Daire,270000.0,84.0,2+1,7,3,Bursa/Osmangazi/Yunuseli,TRY,270000.0,False,False,False,False,False,True,False,False,False,Этаж выше этажности здания,оставить,оставить признаки как есть; этаж → пропуск,validation
400842,Daire,270000.0,,+,,,İstanbul/Esenyurt/İncirtepe,TRY,270000.0,False,False,False,False,False,False,True,False,False,Комнаты не разобраны,оставить,оставить признаки как есть,train
6700,Daire,269000.0,160.0,2+1,9,2,Adana/Seyhan/Gürselpaşa,TRY,269000.0,False,False,False,False,False,True,False,False,False,Этаж выше этажности здания,оставить,оставить признаки как есть; этаж → пропуск,test
111543,Daire,269000.0,125.0,3+1,9,5,Adana/Çukurova/Huzurevleri,TRY,269000.0,False,False,False,False,False,True,False,False,False,Этаж выше этажности здания,оставить,оставить признаки как есть; этаж → пропуск,train
279229,Daire,269000.0,1.0,2+1,2,4,İstanbul/Sancaktepe/Fatih,TRY,269000.0,False,False,True,False,False,False,False,False,False,Площадь ниже 15 м²,оставить,площадь → пропуск,train
295416,Daire,269000.0,127.0,3+1,12,2,Ankara/Etimesgut/Yeşilova,TRY,269000.0,False,False,False,False,False,True,False,False,False,Этаж выше этажности здания,оставить,оставить признаки как есть; этаж → пропуск,train
296032,Daire,269000.0,127.0,3+1,12,2,Ankara/Etimesgut/Yeşilova,TRY,269000.0,False,False,False,False,False,True,False,False,False,Этаж выше этажности здания,оставить,оставить признаки как есть; этаж → пропуск,train
309182,Daire,269000.0,127.0,3+1,12,2,Ankara/Etimesgut/Yeşilova,TRY,269000.0,False,False,False,False,False,True,False,False,False,Этаж выше этажности здания,оставить,оставить признаки как есть; этаж → пропуск,train
302946,Daire,268000.0,127.0,3+1,12,2,Ankara/Etimesgut/Yeşilova,TRY,268000.0,False,False,False,False,False,True,False,False,False,Этаж выше этажности здания,оставить,оставить признаки как есть; этаж → пропуск,train
305027,Daire,268000.0,127.0,3+1,12,2,Ankara/Etimesgut/Yeşilova,TRY,268000.0,False,False,False,False,False,True,False,False,False,Этаж выше этажности здания,оставить,оставить признаки как есть; этаж → пропуск,train
103957,Komple Bina,265000.0,180.0,+,,2,Çanakkale/Biga/Şirintepe,TRY,265000.0,False,False,False,False,False,False,True,False,False,Комнаты не разобраны,оставить,оставить признаки как есть,train
105603,Komple Bina,265000.0,124.0,+,,,Balıkesir/Karesi/Kayabey,TRY,265000.0,False,False,False,False,False,False,True,False,False,Комнаты не разобраны,оставить,оставить признаки как есть,train
115019,Komple Bina,265000.0,124.0,+,,,Balıkesir/Karesi/Kayabey,TRY,265000.0,False,False,False,False,False,False,True,False,False,Комнаты не разобраны,оставить,оставить признаки как есть,train
204870,Daire,265000.0,165.0,3+1,3,2,Balıkesir/Bandırma/100. Yıl,TRY,265000.0,False,False,False,False,False,True,False,False,False,Этаж выше этажности здания,оставить,оставить признаки как есть; этаж → пропуск,test
228563,Daire,265000.0,100.0,2+1,4,2,Kocaeli/Darıca/Kazım Karabekir,TRY,265000.0,False,False,False,False,False,True,False,False,False,Этаж выше этажности здания,оставить,оставить признаки как есть; этаж → пропуск,train
243385,Daire,265000.0,120.0,3+1,5,4,Kocaeli/Gebze/Barış,TRY,265000.0,False,False,False,False,False,True,False,False,False,Этаж выше этажности здания,оставить,оставить признаки как есть; этаж → пропуск,train
252317,Daire,265000.0,120.0,3+1,5,4,Kocaeli/Gebze/Barış,TRY,265000.0,False,False,False,False,False,True,False,False,False,Этаж выше этажности здания,оставить,оставить признаки как есть; этаж → пропуск,train
260911,Daire,265000.0,165.0,3+1,8,3,Adana/Çukurova/Yüzüncüyıl,TRY,265000.0,False,False,False,False,False,True,False,False,False,Этаж выше этажности здания,оставить,оставить признаки как есть; этаж → пропуск,train
305158,Daire,265000.0,110.0,3+1,12,2,Ankara/Etimesgut/Eryaman,TRY,265000.0,False,False,False,False,False,True,False,False,False,Этаж выше этажности здания,оставить,оставить признаки как есть; этаж → пропуск,train
336487,Daire,265000.0,140.0,3+1,12,2,Kayseri/Kocasinan/Serçeönü,TRY,265000.0,False,False,False,False,False,True,False,False,False,Этаж выше этажности здания,оставить,оставить признаки как есть; этаж → пропуск,train
347023,Daire,265000.0,110.0,2+1,4,1,Balıkesir/Edremit/Akçay,TRY,265000.0,False,False,False,False,False,True,False,False,False,Этаж выше этажности здания,оставить,оставить признаки как есть; этаж → пропуск,validation
370861,Müstakil Ev,265000.0,1.0,3+1,,1,Eskişehir/Seyitgazi/Yunus,TRY,265000.0,False,False,True,False,False,False,False,False,False,Площадь ниже 15 м²,оставить,площадь → пропуск,train
393576,Daire,265000.0,,+,,,Aydın/Didim/Yeni,TRY,265000.0,False,False,False,False,False,False,True,False,False,Комнаты не разобраны,оставить,оставить признаки как есть,train
298610,Daire,264887.8496,6913.0,7+2,13,3,Ankara/Elmadağ/Hasanoğlan Havuzbaşı,USD,49412.0,False,False,False,True,False,True,False,False,False,"Площадь выше 3 000 м², Этаж выше этажности здания",оставить,площадь → пропуск; этаж → пропуск,test
144730,Daire,262000.0,10000.0,1+1,Yüksek Giriş,8,İstanbul/Bağcılar/Merkez,TRY,262000.0,False,False,False,True,False,False,False,False,False,Площадь выше 3 000 м²,оставить,площадь → пропуск,test
94017,Komple Bina,260000.0,,+,,2,Bursa/Osmangazi/Küplüpınar,TRY,260000.0,False,False,False,False,False,False,True,False,False,Комнаты не разобраны,оставить,оставить признаки как есть,test
104543,Komple Bina,260000.0,,+,,2,Bursa/Osmangazi/Küplüpınar,TRY,260000.0,False,False,False,False,False,False,True,False,False,Комнаты не разобраны,оставить,оставить признаки как есть,test
107159,Komple Bina,260000.0,,+,,2,Bursa/Osmangazi/Küplüpınar,TRY,260000.0,False,False,False,False,False,False,True,False,False,Комнаты не разобраны,оставить,оставить признаки как есть,test
108337,Komple Bina,260000.0,,+,,2,Bursa/Osmangazi/Küplüpınar,TRY,260000.0,False,False,False,False,False,False,True,False,False,Комнаты не разобраны,оставить,оставить признаки как есть,test
175485,Daire,260000.0,1.0,3+1,1,6,İstanbul/Esenyurt/İncirtepe,TRY,260000.0,False,False,True,False,False,False,False,False,False,Площадь ниже 15 м²,оставить,площадь → пропуск,train
179129,Daire,260000.0,1.0,3+1,1,6,İstanbul/Esenyurt/İncirtepe,TRY,260000.0,False,False,True,False,False,False,False,False,False,Площадь ниже 15 м²,оставить,площадь → пропуск,train
180050,Daire,260000.0,1.0,3+1,1,6,İstanbul/Esenyurt/İncirtepe,TRY,260000.0,False,False,True,False,False,False,False,False,False,Площадь ниже 15 м²,оставить,площадь → пропуск,train
238172,Daire,260000.0,140.0,3+1,4,3,İstanbul/Esenyurt/Balıkyolu,TRY,260000.0,False,False,False,False,False,True,False,False,False,Этаж выше этажности здания,оставить,оставить признаки как есть; этаж → пропуск,train
250051,Daire,260000.0,1.0,3+1,5,8,Trabzon/Ortahisar/Çömlekçi,TRY,260000.0,False,False,True,False,False,False,False,False,False,Площадь ниже 15 м²,оставить,площадь → пропуск,validation
250472,Daire,260000.0,140.0,4+1,5,1,Şanlıurfa/Haliliye/Paşabağı,TRY,260000.0,False,False,False,False,False,True,False,False,False,Этаж выше этажности здания,оставить,оставить признаки как есть; этаж → пропуск,train
250972,Daire,260000.0,140.0,4+1,5,1,Şanlıurfa/Haliliye/Paşabağı,TRY,260000.0,False,False,False,False,False,True,False,False,False,Этаж выше этажности здания,оставить,оставить признаки как есть; этаж → пропуск,train
317608,Daire,260000.0,127.0,3+1,12,9,Ankara/Etimesgut/Yeşilova,TRY,260000.0,False,False,False,False,False,True,False,False,False,Этаж выше этажности здания,оставить,оставить признаки как есть; этаж → пропуск,train
317828,Daire,260000.0,127.0,3+1,12,9,Ankara/Etimesgut/Eryaman,TRY,260000.0,False,False,False,False,False,True,False,False,False,Этаж выше этажности здания,оставить,оставить признаки как есть; этаж → пропуск,validation
349145,Komple Bina,260000.0,,+,,1,Çanakkale/Ezine/Yahyaçavuş Köyü,TRY,260000.0,False,False,False,False,False,False,True,False,False,Комнаты не разобраны,оставить,оставить признаки как есть,test
389500,Daire,260000.0,,+,,,Ankara/Çankaya/Seyranbağları,TRY,260000.0,False,False,False,False,False,False,True,False,False,Комнаты не разобраны,оставить,оставить признаки как есть,test
22763,Daire,259000.0,112.0,3+1,3,1,Antalya/Kepez/Mehmet Akif Ersoy,TRY,259000.0,False,False,False,False,False,True,False,False,False,Этаж выше этажности здания,оставить,оставить признаки как есть; этаж → пропуск,train
53585,Daire,259000.0,112.0,3+1,3,1,Antalya/Kepez/Mehmet Akif Ersoy,TRY,259000.0,False,False,False,False,False,True,False,False,False,Этаж выше этажности здания,оставить,оставить признаки как есть; этаж → пропуск,train
148151,Daire,259000.0,10.0,2+1,Yüksek Giriş,5,İstanbul/Güngören/Güneştepe,TRY,259000.0,False,False,True,False,False,False,False,False,False,Площадь ниже 15 м²,оставить,площадь → пропуск,validation
318831,Daire,258000.0,58.0,1+1,13,4,İstanbul/Tuzla/Aydıntepe,TRY,258000.0,False,False,False,False,False,True,False,False,False,Этаж выше этажности здания,оставить,оставить признаки как есть; этаж → пропуск,train
335001,Daire,258000.0,100.0,3+1,8,6,Adana/Seyhan/Gürselpaşa,TRY,258000.0,False,False,False,False,False,True,False,False,False,Этаж выше этажности здания,оставить,оставить признаки как есть; этаж → пропуск,train
343237,Daire,258000.0,100.0,3+1,8,6,Adana/Seyhan/Gürselpaşa,TRY,258000.0,False,False,False,False,False,True,False,False,False,Этаж выше этажности здания,оставить,оставить признаки как есть; этаж → пропуск,train
9522,Daire,255000.0,132.0,3+1,3,1,Sakarya/Serdivan/Vatan,TRY,255000.0,False,False,False,False,False,True,False,False,False,Этаж выше этажности здания,оставить,оставить признаки как есть; этаж → пропуск,train
11361,Daire,255000.0,132.0,3+1,3,1,Sakarya/Serdivan/Vatan,TRY,255000.0,False,False,False,False,False,True,False,False,False,Этаж выше этажности здания,оставить,оставить признаки как есть; этаж → пропуск,train
40344,Daire,255000.0,60.0,1+1,5,2,Antalya/Muratpaşa/Çağlayan,TRY,255000.0,False,False,False,False,False,True,False,False,False,Этаж выше этажности здания,оставить,оставить признаки как есть; этаж → пропуск,train
122894,Daire,255000.0,10.0,2+1,Kot 3,5,İstanbul/Güngören/Akıncılar,TRY,255000.0,False,False,True,False,False,False,False,False,False,Площадь ниже 15 м²,оставить,площадь → пропуск,validation
193606,Daire,255000.0,135.0,3+1,3,2,Çanakkale/Merkez/Kepez Bld. (Boğazkent),TRY,255000.0,False,False,False,False,False,True,False,False,False,Этаж выше этажности здания,оставить,оставить признаки как есть; этаж → пропуск,train
206817,Daire,255000.0,135.0,3+1,3,2,Çanakkale/Merkez/Kepez Bld. (Boğazkent),TRY,255000.0,False,False,False,False,False,True,False,False,False,Этаж выше этажности здания,оставить,оставить признаки как есть; этаж → пропуск,train
247479,Daire,255000.0,105.0,3+1,5,3,İstanbul/Sancaktepe/Osmangazi,TRY,255000.0,False,False,False,False,False,True,False,False,False,Этаж выше этажности здания,оставить,оставить признаки как есть; этаж → пропуск,train
248349,Daire,255000.0,105.0,3+1,5,3,İstanbul/Sancaktepe/Osmangazi,TRY,255000.0,False,False,False,False,False,True,False,False,False,Этаж выше этажности здания,оставить,оставить признаки как есть; этаж → пропуск,train
250546,Daire,255000.0,58.0,1+1,5,1,İstanbul/Başakşehir/Bahçeşehir 2. Kısım,TRY,255000.0,False,False,False,False,False,True,False,False,False,Этаж выше этажности здания,оставить,оставить признаки как есть; этаж → пропуск,train
328289,Daire,255000.0,90.0,2+1,4,1,Balıkesir/Edremit/Akçay,TRY,255000.0,False,False,False,False,False,True,False,False,False,Этаж выше этажности здания,оставить,оставить признаки как есть; этаж → пропуск,train
337290,Daire,255000.0,90.0,2+1,4,1,Balıkesir/Edremit/Akçay,TRY,255000.0,False,False,False,False,False,True,False,False,False,Этаж выше этажности здания,оставить,оставить признаки как есть; этаж → пропуск,train
152459,Daire,253000.0,10.0,2+1,Yüksek Giriş,5,İstanbul/Güngören/Güneştepe,TRY,253000.0,False,False,True,False,False,False,False,False,False,Площадь ниже 15 м²,оставить,площадь → пропуск,validation
327150,Daire,253000.0,,+,,,Kayseri/Talas/Mevlana,TRY,253000.0,False,False,False,False,False,False,True,False,False,Комнаты не разобраны,оставить,оставить признаки как есть,train
824,Komple Bina,250000.0,,+,,2,Samsun/İlkadım/Unkapanı,TRY,250000.0,False,False,False,False,False,False,True,False,False,Комнаты не разобраны,оставить,оставить признаки как есть,train
974,Komple Bina,250000.0,,+,,2,Samsun/İlkadım/Unkapanı,TRY,250000.0,False,False,False,False,False,False,True,False,False,Комнаты не разобраны,оставить,оставить признаки как есть,train
1692,Komple Bina,250000.0,,+,,2,Samsun/İlkadım/Unkapanı,TRY,250000.0,False,False,False,False,False,False,True,False,False,Комнаты не разобраны,оставить,оставить признаки как есть,train
26738,Çiftlik Evi,250000.0,1.0,3+1,,2,Adana/Yüreğir/Alihocalı,TRY,250000.0,False,False,True,False,False,False,False,False,False,Площадь ниже 15 м²,оставить,площадь → пропуск,train
31008,Çiftlik Evi,250000.0,1.0,3+1,,2,Adana/Yüreğir/Alihocalı,TRY,250000.0,False,False,True,False,False,False,False,False,False,Площадь ниже 15 м²,оставить,площадь → пропуск,train
82434,Daire,250000.0,1.0,2+1,Bahçe katı,1,Gaziantep/Şahinbey/Yeditepe,TRY,250000.0,False,False,True,False,False,False,False,False,False,Площадь ниже 15 м²,оставить,площадь → пропуск,train
90673,Komple Bina,250000.0,,+,,2,İzmir/Karabağlar/Maliyeciler,TRY,250000.0,False,False,False,False,False,False,True,False,False,Комнаты не разобраны,оставить,оставить признаки как есть,train
109007,Komple Bina,250000.0,,+,,2,İzmir/Karabağlar/Maliyeciler,TRY,250000.0,False,False,False,False,False,False,True,False,False,Комнаты не разобраны,оставить,оставить признаки как есть,train
156524,Daire,250000.0,120000.0,3+1,1,,Eskişehir/Tepebaşı/Kumlubel,TRY,250000.0,False,False,False,True,True,False,False,False,False,"Площадь выше 3 000 м², Площадь выше 100 000 м²",оставить,площадь → пропуск,validation
182028,Daire,250000.0,105.0,3+1,2,1,Afyonkarahisar/Merkez/Yeşilyurt,TRY,250000.0,False,False,False,False,False,True,False,False,False,Этаж выше этажности здания,оставить,оставить признаки как есть; этаж → пропуск,test
182074,Daire,250000.0,120.0,3+1,2,1,İstanbul/Sultangazi/Cebeci,TRY,250000.0,False,False,False,False,False,True,False,False,False,Этаж выше этажности здания,оставить,оставить признаки как есть; этаж → пропуск,train
182093,Daire,250000.0,95.0,2+1,2,1,İstanbul/Sultangazi/İsmetpaşa,TRY,250000.0,False,False,False,False,False,True,False,False,False,Этаж выше этажности здания,оставить,оставить признаки как есть; этаж → пропуск,validation
205209,Daire,250000.0,,2+1,3,1,İstanbul/Silivri/Mimar Sinan,TRY,250000.0,False,False,False,False,False,True,False,False,False,Этаж выше этажности здания,оставить,оставить признаки как есть; этаж → пропуск,train
235640,Daire,250000.0,,4+1,4,3,Denizli/Pamukkale/Kuşpınar,TRY,250000.0,False,False,False,False,False,True,False,False,False,Этаж выше этажности здания,оставить,оставить признаки как есть; этаж → пропуск,train
240859,Daire,250000.0,85.0,2+1,5,2,İstanbul/Çekmeköy/Çatalmeşe,TRY,250000.0,False,False,False,False,False,True,False,False,False,Этаж выше этажности здания,оставить,оставить признаки как есть; этаж → пропуск,validation
244023,Daire,250000.0,85.0,2+1,5,2,İstanbul/Çekmeköy/Çatalmeşe,TRY,250000.0,False,False,False,False,False,True,False,False,False,Этаж выше этажности здания,оставить,оставить признаки как есть; этаж → пропуск,validation
244994,Daire,250000.0,70.0,2+1,5,4,İstanbul/Fatih/Silivrikapı,TRY,250000.0,False,False,False,False,False,True,False,False,False,Этаж выше этажности здания,оставить,оставить признаки как есть; этаж → пропуск,validation
248005,Daire,250000.0,85.0,2+1,5,2,İstanbul/Çekmeköy/Çatalmeşe,TRY,250000.0,False,False,False,False,False,True,False,False,False,Этаж выше этажности здания,оставить,оставить признаки как есть; этаж → пропуск,validation
248430,Daire,250000.0,85.0,2+1,5,2,İstanbul/Çekmeköy/Çatalmeşe,TRY,250000.0,False,False,False,False,False,True,False,False,False,Этаж выше этажности здания,оставить,оставить признаки как есть; этаж → пропуск,validation
248461,Daire,250000.0,85.0,2+1,5,2,İstanbul/Çekmeköy/Çatalmeşe,TRY,250000.0,False,False,False,False,False,True,False,False,False,Этаж выше этажности здания,оставить,оставить признаки как есть; этаж → пропуск,validation
249292,Daire,250000.0,85.0,2+1,5,2,İstanbul/Çekmeköy/Çatalmeşe,TRY,250000.0,False,False,False,False,False,True,False,False,False,Этаж выше этажности здания,оставить,оставить признаки как есть; этаж → пропуск,validation
252226,Daire,250000.0,,3+1,5,4,Bursa/Nilüfer/Akçalar,TRY,250000.0,False,False,False,False,False,True,False,False,False,Этаж выше этажности здания,оставить,оставить признаки как есть; этаж → пропуск,test
297034,Daire,250000.0,,1+1,5,1,Ankara/Çankaya/İlkbahar,TRY,250000.0,False,False,False,False,False,True,False,False,False,Этаж выше этажности здания,оставить,оставить признаки как есть; этаж → пропуск,train
313094,Daire,250000.0,150.0,3+1,8,1,Aydın/Efeler/Mimar Sinan,TRY,250000.0,False,False,False,False,False,True,False,False,False,Этаж выше этажности здания,оставить,оставить признаки как есть; этаж → пропуск,train
360844,Daire,250000.0,2.0,2+1,1,5,Adana/Ceyhan/Burhaniye,TRY,250000.0,False,False,True,False,False,False,False,False,False,Площадь ниже 15 м²,оставить,площадь → пропуск,train
368569,Komple Bina,250000.0,,+,,2,Afyonkarahisar/Sandıklı/Kevser,TRY,250000.0,False,False,False,False,False,False,True,False,False,Комнаты не разобраны,оставить,оставить признаки как есть,train
376318,Daire,250000.0,,+,,,Muğla/Milas/Cumhuriyet,TRY,250000.0,False,False,False,False,False,False,True,False,False,Комнаты не разобраны,оставить,оставить признаки как есть,train
395554,Prefabrik Ev,250000.0,500.0,+,,,İzmir/Menderes/Gümüldür Fevzi Çakmak,TRY,250000.0,False,False,False,False,False,False,True,False,False,Комнаты не разобраны,оставить,оставить признаки как есть,train
403252,Daire,250000.0,,+,,,Mersin/Silifke/Atakent,TRY,250000.0,False,False,False,False,False,False,True,False,False,Комнаты не разобраны,оставить,оставить признаки как есть,train
76156,Daire,249000.0,,3+1,7,6,Adana/Çukurova/Huzurevleri,TRY,249000.0,False,False,False,False,False,True,False,False,False,Этаж выше этажности здания,оставить,оставить признаки как есть; этаж → пропуск,train
76398,Daire,249000.0,,3+1,7,6,Adana/Çukurova/Huzurevleri,TRY,249000.0,False,False,False,False,False,True,False,False,False,Этаж выше этажности здания,оставить,оставить признаки как есть; этаж → пропуск,train
199388,Daire,249000.0,3.0,2+1,3,4,İstanbul/Zeytinburnu/Çırpıcı,TRY,249000.0,False,False,True,False,False,False,False,False,False,Площадь ниже 15 м²,оставить,площадь → пропуск,train
212289,Daire,249000.0,3.0,2+1,3,4,İstanbul/Zeytinburnu/Çırpıcı,TRY,249000.0,False,False,True,False,False,False,False,False,False,Площадь ниже 15 м²,оставить,площадь → пропуск,train
250950,Daire,249000.0,40.0,1+1,5,1,İzmir/Karabağlar/Arap Hasan,TRY,249000.0,False,False,False,False,False,True,False,False,False,Этаж выше этажности здания,оставить,оставить признаки как есть; этаж → пропуск,train
251061,Daire,249000.0,40.0,1+1,5,1,İzmir/Karabağlar/Arap Hasan,TRY,249000.0,False,False,False,False,False,True,False,False,False,Этаж выше этажности здания,оставить,оставить признаки как есть; этаж → пропуск,train
378398,Daire,249000.0,,+,,,Adana/Çukurova/Yurt,TRY,249000.0,False,False,False,False,False,False,True,False,False,Комнаты не разобраны,оставить,оставить признаки как есть,validation
63076,Daire,248000.0,,3+1,3,1,Antalya/Kepez/Mehmet Akif Ersoy,TRY,248000.0,False,False,False,False,False,True,False,False,False,Этаж выше этажности здания,оставить,оставить признаки как есть; этаж → пропуск,train
91546,Daire,247500.0,5.0,3+1,2,3,Samsun/Atakum/İstiklal,TRY,247500.0,False,False,True,False,False,False,False,False,False,Площадь ниже 15 м²,оставить,площадь → пропуск,train
371599,Daire,245350.3878,7843.0,6+3,Yüksek Giriş,10,Ankara/Elmadağ/Hasanoğlan Havuzbaşı,USD,45633.0,False,False,False,True,False,False,False,False,False,Площадь выше 3 000 м²,оставить,площадь → пропуск,train
41970,Villa,245000.0,100.0,2+1,3,2,Aydın/Kuşadası/Kadınlar Denizi,TRY,245000.0,False,False,False,False,False,True,False,False,False,Этаж выше этажности здания,оставить,оставить признаки как есть; этаж → пропуск,train
91721,Komple Bina,245000.0,180.0,+,,2,Erzurum/Yakutiye/Ömer Nasuhi Bilmen,TRY,245000.0,False,False,False,False,False,False,True,False,False,Комнаты не разобраны,оставить,оставить признаки как есть,test
95776,Daire,245000.0,,3+1,15,10,Adana/Çukurova/Yüzüncüyıl,TRY,245000.0,False,False,False,False,False,True,False,False,False,Этаж выше этажности здания,оставить,оставить признаки как есть; этаж → пропуск,train
111549,Komple Bina,245000.0,105.0,+,,1,Çanakkale/Biga/Şirintepe,TRY,245000.0,False,False,False,False,False,False,True,False,False,Комнаты не разобраны,оставить,оставить признаки как есть,train
182063,Daire,245000.0,200.0,3+1,2,1,Sivas/Merkez/Cami-İ Kebir,TRY,245000.0,False,False,False,False,False,True,False,False,False,Этаж выше этажности здания,оставить,оставить признаки как есть; этаж → пропуск,train
210298,Daire,245000.0,1.0,4+1,3,3,Kocaeli/Körfez/Yavuz Sultan Selim,TRY,245000.0,False,False,True,False,False,False,False,False,False,Площадь ниже 15 м²,оставить,площадь → пропуск,train
238733,Daire,245000.0,90.0,2+1,4,3,İstanbul/Esenyurt/Zafer,TRY,245000.0,False,False,False,False,False,True,False,False,False,Этаж выше этажности здания,оставить,оставить признаки как есть; этаж → пропуск,train
306670,Daire,245000.0,120.0,3+1,5,1,Kayseri/Kocasinan/Zümrüt,TRY,245000.0,False,False,False,False,False,True,False,False,False,Этаж выше этажности здания,оставить,оставить признаки как есть; этаж → пропуск,validation
327428,Komple Bina,245000.0,,+,,9,Samsun/Canik/Hasköy,TRY,245000.0,False,False,False,False,False,False,True,False,False,Комнаты не разобраны,оставить,оставить признаки как есть,train
327630,Komple Bina,245000.0,,+,,9,Samsun/Canik/Hasköy,TRY,245000.0,False,False,False,False,False,False,True,False,False,Комнаты не разобраны,оставить,оставить признаки как есть,train
340609,Daire,245000.0,146.0,3+1,7,6,Balıkesir/Edremit/Kadıköy,TRY,245000.0,False,False,False,False,False,True,False,False,False,Этаж выше этажности здания,оставить,оставить признаки как есть; этаж → пропуск,train
362480,Daire,245000.0,1.0,3+1,Çatı Katı,3,Aydın/Efeler/Kemer,TRY,245000.0,False,False,True,False,False,False,False,False,False,Площадь ниже 15 м²,оставить,площадь → пропуск,train
251219,Daire,241000.0,85.0,3+1,5,4,Bursa/Nilüfer/Dumlupınar,TRY,241000.0,False,False,False,False,False,True,False,False,False,Этаж выше этажности здания,оставить,оставить признаки как есть; этаж → пропуск,train
251289,Daire,241000.0,85.0,3+1,5,4,Bursa/Nilüfer/Dumlupınar,TRY,241000.0,False,False,False,False,False,True,False,False,False,Этаж выше этажности здания,оставить,оставить признаки как есть; этаж → пропуск,train
7543,Daire,240000.0,120.0,3+1,3,1,Ankara/Etimesgut/Kazım Karabekir,TRY,240000.0,False,False,False,False,False,True,False,False,False,Этаж выше этажности здания,оставить,оставить признаки как есть; этаж → пропуск,validation
80004,Daire,240000.0,,2+1,5,1,Aydın/Kuşadası/Hacıfeyzullah,TRY,240000.0,False,False,False,False,False,True,False,False,False,Этаж выше этажности здания,оставить,оставить признаки как есть; этаж → пропуск,train
182054,Daire,240000.0,122.0,3+1,2,1,İstanbul/Esenyurt/Pınar,TRY,240000.0,False,False,False,False,False,True,False,False,False,Этаж выше этажности здания,оставить,оставить признаки как есть; этаж → пропуск,test
206794,Daire,240000.0,130.0,3+1,3,1,Aydın/Nazilli/Yeni,TRY,240000.0,False,False,False,False,False,True,False,False,False,Этаж выше этажности здания,оставить,оставить признаки как есть; этаж → пропуск,test
222905,Daire,240000.0,1.0,2+1,4,4,İstanbul/Sancaktepe/Yenidoğan,TRY,240000.0,False,False,True,False,False,False,False,False,False,Площадь ниже 15 м²,оставить,площадь → пропуск,train
225110,Daire,240000.0,1.0,2+1,4,4,İstanbul/Sancaktepe/Yenidoğan,TRY,240000.0,False,False,True,False,False,False,False,False,False,Площадь ниже 15 м²,оставить,площадь → пропуск,train
238276,Daire,240000.0,1.0,2+1,4,4,İstanbul/Sancaktepe/Yenidoğan,TRY,240000.0,False,False,True,False,False,False,False,False,False,Площадь ниже 15 м²,оставить,площадь → пропуск,train
239722,Daire,240000.0,104.0,2+1,4,2,İstanbul/Sancaktepe/Yenidoğan,TRY,240000.0,False,False,False,False,False,True,False,False,False,Этаж выше этажности здания,оставить,оставить признаки как есть; этаж → пропуск,train
301862,Daire,240000.0,,3+1,12,10,Kayseri/Kocasinan/Beyazşehir,TRY,240000.0,False,False,False,False,False,True,False,False,False,Этаж выше этажности здания,оставить,оставить признаки как есть; этаж → пропуск,test
302418,Daire,240000.0,,3+1,12,10,Kayseri/Kocasinan/Beyazşehir,TRY,240000.0,False,False,False,False,False,True,False,False,False,Этаж выше этажности здания,оставить,оставить признаки как есть; этаж → пропуск,test
305820,Daire,240000.0,,3+1,12,10,Kayseri/Kocasinan/Beyazşehir,TRY,240000.0,False,False,False,False,False,True,False,False,False,Этаж выше этажности здания,оставить,оставить признаки как есть; этаж → пропуск,test
311023,Daire,240000.0,,3+1,12,10,Kayseri/Kocasinan/Beyazşehir,TRY,240000.0,False,False,False,False,False,True,False,False,False,Этаж выше этажности здания,оставить,оставить признаки как есть; этаж → пропуск,test
311158,Daire,240000.0,,3+1,12,10,Kayseri/Kocasinan/Beyazşehir,TRY,240000.0,False,False,False,False,False,True,False,False,False,Этаж выше этажности здания,оставить,оставить признаки как есть; этаж → пропуск,test
320494,Daire,240000.0,140.0,4+1,8,3,Yozgat/Merkez/Şeyh Osman,TRY,240000.0,False,False,False,False,False,True,False,False,False,Этаж выше этажности здания,оставить,оставить признаки как есть; этаж → пропуск,test
349207,Müstakil Ev,240000.0,3850.0,3+1,,2,Niğde/Bor/Bahçeli Bld. (Zafer),TRY,240000.0,False,False,False,True,False,False,False,False,False,Площадь выше 3 000 м²,оставить,оставить признаки как есть,train
378960,Daire,240000.0,1.0,3+1,,,Manisa/Salihli/Cumhuriyet,TRY,240000.0,False,False,True,False,False,False,False,False,False,Площадь ниже 15 м²,оставить,площадь → пропуск,train
395406,Daire,240000.0,10.0,3+1,,,Aksaray/Merkez/Mehmet Akif Ersoy,TRY,240000.0,False,False,True,False,False,False,False,False,False,Площадь ниже 15 м²,оставить,площадь → пропуск,validation
257737,Daire,239000.0,130.0,3+1,7,5,İstanbul/Sultangazi/Malkoçoğlu,TRY,239000.0,False,False,False,False,False,True,False,False,False,Этаж выше этажности здания,оставить,оставить признаки как есть; этаж → пропуск,train
348329,Komple Bina,239000.0,,+,,3,Kocaeli/İzmit/Karabaş,TRY,239000.0,False,False,False,False,False,False,True,False,False,Комнаты не разобраны,оставить,оставить признаки как есть,test
219716,Daire,238000.0,118.0,2+1,4,3,Denizli/Pamukkale/İstiklal,TRY,238000.0,False,False,False,False,False,True,False,False,False,Этаж выше этажности здания,оставить,оставить признаки как есть; этаж → пропуск,train
219730,Daire,238000.0,118.0,2+1,4,3,Denizli/Pamukkale/İstiklal,TRY,238000.0,False,False,False,False,False,True,False,False,False,Этаж выше этажности здания,оставить,оставить признаки как есть; этаж → пропуск,train
233701,Daire,238000.0,118.0,2+1,4,3,Denizli/Pamukkale/İstiklal,TRY,238000.0,False,False,False,False,False,True,False,False,False,Этаж выше этажности здания,оставить,оставить признаки как есть; этаж → пропуск,train
236811,Daire,238000.0,118.0,2+1,4,3,Denizli/Pamukkale/İstiklal,TRY,238000.0,False,False,False,False,False,True,False,False,False,Этаж выше этажности здания,оставить,оставить признаки как есть; этаж → пропуск,train
333659,Daire,238000.0,160.0,3+1,16,1,Ankara/Yenimahalle/Pamuklar,TRY,238000.0,False,False,False,False,False,True,False,False,False,Этаж выше этажности здания,оставить,оставить признаки как есть; этаж → пропуск,train
334922,Daire,237000.0,100.0,2+1,4,3,Balıkesir/Edremit/Akçay,TRY,237000.0,False,False,False,False,False,True,False,False,False,Этаж выше этажности здания,оставить,оставить признаки как есть; этаж → пропуск,train
343965,Daire,237000.0,100.0,2+1,4,3,Balıkesir/Edremit/Akçay,TRY,237000.0,False,False,False,False,False,True,False,False,False,Этаж выше этажности здания,оставить,оставить признаки как есть; этаж → пропуск,train
270321,Daire,236000.0,1.0,2+1,2,4,İstanbul/Sancaktepe/Kemal Türkler,TRY,236000.0,False,False,True,False,False,False,False,False,False,Площадь ниже 15 м²,оставить,площадь → пропуск,train
272803,Daire,236000.0,1.0,2+1,2,4,İstanbul/Sancaktepe/Kemal Türkler,TRY,236000.0,False,False,True,False,False,False,False,False,False,Площадь ниже 15 м²,оставить,площадь → пропуск,train
279787,Daire,236000.0,1.0,2+1,2,4,İstanbul/Sancaktepe/Kemal Türkler,TRY,236000.0,False,False,True,False,False,False,False,False,False,Площадь ниже 15 м²,оставить,площадь → пропуск,train
91011,Komple Bina,235000.0,,+,,1,Tekirdağ/Saray/Yeni,TRY,235000.0,False,False,False,False,False,False,True,False,False,Комнаты не разобраны,оставить,оставить признаки как есть,test
92075,Komple Bina,235000.0,,+,,1,Tekirdağ/Saray/Yeni,TRY,235000.0,False,False,False,False,False,False,True,False,False,Комнаты не разобраны,оставить,оставить признаки как есть,test
92515,Komple Bina,235000.0,,+,,1,Tekirdağ/Saray/Yeni,TRY,235000.0,False,False,False,False,False,False,True,False,False,Комнаты не разобраны,оставить,оставить признаки как есть,test
114615,Komple Bina,235000.0,,+,,1,Tekirdağ/Saray/Yeni,TRY,235000.0,False,False,False,False,False,False,True,False,False,Комнаты не разобраны,оставить,оставить признаки как есть,test
124963,Daire,235000.0,1.0,2+1,Kot 4,5,İstanbul/Sultanbeyli/Mimar Sinan,TRY,235000.0,False,False,True,False,False,False,False,False,False,Площадь ниже 15 м²,оставить,площадь → пропуск,train
145449,Daire,235000.0,4.0,1+1,Yüksek Giriş,3,İstanbul/Ümraniye/Yamanevler,TRY,235000.0,False,False,True,False,False,False,False,False,False,Площадь ниже 15 м²,оставить,площадь → пропуск,train
146635,Daire,235000.0,1.0,3+1,Yüksek Giriş,3,Kocaeli/Derince/Sırrıpaşa,TRY,235000.0,False,False,True,False,False,False,False,False,False,Площадь ниже 15 м²,оставить,площадь → пропуск,train
163817,Daire,235000.0,5.0,2+1,1,4,İstanbul/Esenler/Menderes,TRY,235000.0,False,False,True,False,False,False,False,False,False,Площадь ниже 15 м²,оставить,площадь → пропуск,test
167894,Daire,235000.0,5.0,2+1,1,4,İstanbul/Esenler/Menderes,TRY,235000.0,False,False,True,False,False,False,False,False,False,Площадь ниже 15 м²,оставить,площадь → пропуск,test
168323,Daire,235000.0,5.0,2+1,1,4,İstanbul/Esenler/Menderes,TRY,235000.0,False,False,True,False,False,False,False,False,False,Площадь ниже 15 м²,оставить,площадь → пропуск,test
182042,Daire,235000.0,120.0,3+1,2,1,Eskişehir/Tepebaşı/Çamlıca,TRY,235000.0,False,False,False,False,False,True,False,False,False,Этаж выше этажности здания,оставить,оставить признаки как есть; этаж → пропуск,validation
182089,Daire,235000.0,115.0,2+1,2,1,Uşak/Merkez/Fatih,TRY,235000.0,False,False,False,False,False,True,False,False,False,Этаж выше этажности здания,оставить,оставить признаки как есть; этаж → пропуск,train
189757,Daire,235000.0,1.0,3+1,3,3,Burdur/Merkez/Şirinevler,TRY,235000.0,False,False,True,False,False,False,False,False,False,Площадь ниже 15 м²,оставить,площадь → пропуск,train
199328,Daire,235000.0,1.0,2+1,3,3,Burdur/Merkez/Aydınlıkevler,TRY,235000.0,False,False,True,False,False,False,False,False,False,Площадь ниже 15 м²,оставить,площадь → пропуск,train
211497,Daire,235000.0,1.0,2+1,3,3,Burdur/Merkez/Aydınlıkevler,TRY,235000.0,False,False,True,False,False,False,False,False,False,Площадь ниже 15 м²,оставить,площадь → пропуск,train
218869,Daire,235000.0,1.0,3+1,3,3,Burdur/Merkez/Şirinevler,TRY,235000.0,False,False,True,False,False,False,False,False,False,Площадь ниже 15 м²,оставить,площадь → пропуск,train
221104,Daire,235000.0,165.0,3+1,4,2,Gaziantep/Şahinbey/Ertuğrulgazi,TRY,235000.0,False,False,False,False,False,True,False,False,False,Этаж выше этажности здания,оставить,оставить признаки как есть; этаж → пропуск,train
238727,Daire,235000.0,100.0,2+1,4,2,Denizli/Pamukkale/Bağbaşı,TRY,235000.0,False,False,False,False,False,True,False,False,False,Этаж выше этажности здания,оставить,оставить признаки как есть; этаж → пропуск,train
248840,Daire,235000.0,1.0,3+1,5,6,Konya/Karatay/Ulubatlıhasan,TRY,235000.0,False,False,True,False,False,False,False,False,False,Площадь ниже 15 м²,оставить,площадь → пропуск,train
249898,Daire,235000.0,230.0,4+2,5,3,İzmir/Torbalı/Fevzi Çakmak,TRY,235000.0,False,False,False,False,False,True,False,False,False,Этаж выше этажности здания,оставить,оставить признаки как есть; этаж → пропуск,train
254987,Daire,235000.0,,3+1,6,4,Samsun/Atakum/Yenimahalle,TRY,235000.0,False,False,False,False,False,True,False,False,False,Этаж выше этажности здания,оставить,оставить признаки как есть; этаж → пропуск,train
255810,Daire,235000.0,,3+1,6,4,Samsun/Atakum/Yenimahalle,TRY,235000.0,False,False,False,False,False,True,False,False,False,Этаж выше этажности здания,оставить,оставить признаки как есть; этаж → пропуск,train
260619,Daire,235000.0,,2+1,7,4,İstanbul/Pendik/Velibaba,TRY,235000.0,False,False,False,False,False,True,False,False,False,Этаж выше этажности здания,оставить,оставить признаки как есть; этаж → пропуск,train
299841,Daire,235000.0,,3+1,11,10,Kayseri/Melikgazi/Mimarsinan OSB,TRY,235000.0,False,False,False,False,False,True,False,False,False,Этаж выше этажности здания,оставить,оставить признаки как есть; этаж → пропуск,validation
319554,Daire,235000.0,138.0,3+1,4,3,Ankara/Sincan/Fevzi Çakmak,TRY,235000.0,False,False,False,False,False,True,False,False,False,Этаж выше этажности здания,оставить,оставить признаки как есть; этаж → пропуск,train
350598,Müstakil Ev,235000.0,2.0,3+1,Bahçe katı,1,Balıkesir/Erdek/Şahinburgaz,TRY,235000.0,False,False,True,False,False,False,False,False,False,Площадь ниже 15 м²,оставить,площадь → пропуск,test
353315,Müstakil Ev,235000.0,2.0,3+1,Bahçe katı,1,Balıkesir/Erdek/Şahinburgaz,TRY,235000.0,False,False,True,False,False,False,False,False,False,Площадь ниже 15 м²,оставить,площадь → пропуск,test
356672,Müstakil Ev,235000.0,2.0,3+1,Bahçe katı,1,Balıkesir/Erdek/Şahinburgaz,TRY,235000.0,False,False,True,False,False,False,False,False,False,Площадь ниже 15 м²,оставить,площадь → пропуск,test
363259,Daire,235000.0,80.0,2+1,4,2,Aydın/Kuşadası/İkiçeşmelik,TRY,235000.0,False,False,False,False,False,True,False,False,False,Этаж выше этажности здания,оставить,оставить признаки как есть; этаж → пропуск,test
381120,Daire,235000.0,2.0,3+1,,,Aksaray/Merkez/Şifahane,TRY,235000.0,False,False,True,False,False,False,False,False,False,Площадь ниже 15 м²,оставить,площадь → пропуск,test
388782,Daire,235000.0,,+,,,Balıkesir/Burhaniye/Geriş,TRY,235000.0,False,False,False,False,False,False,True,False,False,Комнаты не разобраны,оставить,оставить признаки как есть,validation
371957,Daire,234000.0,105.0,2+1,4,3,Balıkesir/Edremit/Akçay,TRY,234000.0,False,False,False,False,False,True,False,False,False,Этаж выше этажности здания,оставить,оставить признаки как есть; этаж → пропуск,train
373698,Daire,234000.0,105.0,2+1,4,3,Balıkesir/Edremit/Akçay,TRY,234000.0,False,False,False,False,False,True,False,False,False,Этаж выше этажности здания,оставить,оставить признаки как есть; этаж → пропуск,train
374130,Daire,234000.0,105.0,2+1,4,3,Balıkesir/Edremit/Akçay,TRY,234000.0,False,False,False,False,False,True,False,False,False,Этаж выше этажности здания,оставить,оставить признаки как есть; этаж → пропуск,train
204230,Daire,233000.0,120.0,3+1,3,2,İstanbul/Beylikdüzü/Cumhuriyet,TRY,233000.0,False,False,False,False,False,True,False,False,False,Этаж выше этажности здания,оставить,оставить признаки как есть; этаж → пропуск,train
7794,Daire,230000.0,3.0,3+1,10,10,Ankara/Sincan/Menderes,TRY,230000.0,False,False,True,False,False,False,False,False,False,Площадь ниже 15 м²,оставить,площадь → пропуск,train
13192,Daire,230000.0,200.0,3+1,7,3,Konya/Selçuklu/Şeker,TRY,230000.0,False,False,False,False,False,True,False,False,False,Этаж выше этажности здания,оставить,оставить признаки как есть; этаж → пропуск,test
16466,Daire,230000.0,1.0,5+2,4,4,Ankara/Mamak/Yeşilbayır,TRY,230000.0,False,False,True,False,False,False,False,False,False,Площадь ниже 15 м²,оставить,площадь → пропуск,validation
31776,Daire,230000.0,,2+1,9,3,İzmir/Selçuk/14 Mayıs,TRY,230000.0,False,False,False,False,False,True,False,False,False,Этаж выше этажности здания,оставить,оставить признаки как есть; этаж → пропуск,train
114207,Komple Bina,230000.0,450.0,+,,5,Samsun/İlkadım/Fatih,TRY,230000.0,False,False,False,False,False,False,True,False,False,Комнаты не разобраны,оставить,оставить признаки как есть,train
115565,Komple Bina,230000.0,2800.0,+,,7,İstanbul/Beylikdüzü/Yakuplu,TRY,230000.0,False,False,False,False,False,False,True,False,False,Комнаты не разобраны,оставить,оставить признаки как есть,test
206085,Daire,230000.0,240.0,5+1,3,2,Sakarya/Hendek/Yeni,TRY,230000.0,False,False,False,False,False,True,False,False,False,Этаж выше этажности здания,оставить,оставить признаки как есть; этаж → пропуск,train
219512,Daire,230000.0,100.0,2+1,4,2,Denizli/Pamukkale/Bağbaşı,TRY,230000.0,False,False,False,False,False,True,False,False,False,Этаж выше этажности здания,оставить,оставить признаки как есть; этаж → пропуск,train
223578,Daire,230000.0,95.0,2+1,4,2,Tekirdağ/Süleymanpaşa/100. Yıl,TRY,230000.0,False,False,False,False,False,True,False,False,False,Этаж выше этажности здания,оставить,оставить признаки как есть; этаж → пропуск,train
227294,Daire,230000.0,95.0,2+1,4,2,Tekirdağ/Süleymanpaşa/100. Yıl,TRY,230000.0,False,False,False,False,False,True,False,False,False,Этаж выше этажности здания,оставить,оставить признаки как есть; этаж → пропуск,train
232788,Daire,230000.0,90.0,2+1,4,3,İzmir/Bayraklı/Fuat Edip Baksı,TRY,230000.0,False,False,False,False,False,True,False,False,False,Этаж выше этажности здания,оставить,оставить признаки как есть; этаж → пропуск,train
253839,Daire,230000.0,,3+1,6,1,Samsun/Atakum/Yenimahalle,TRY,230000.0,False,False,False,False,False,True,False,False,False,Этаж выше этажности здания,оставить,оставить признаки как есть; этаж → пропуск,train
253954,Daire,230000.0,,2+1,6,4,Samsun/Atakum/Yenimahalle,TRY,230000.0,False,False,False,False,False,True,False,False,False,Этаж выше этажности здания,оставить,оставить признаки как есть; этаж → пропуск,validation
255282,Daire,230000.0,,3+1,6,1,Samsun/Atakum/Yenimahalle,TRY,230000.0,False,False,False,False,False,True,False,False,False,Этаж выше этажности здания,оставить,оставить признаки как есть; этаж → пропуск,train
255987,Daire,230000.0,150.0,4+1,6,1,Ankara/Polatlı/Şentepe,TRY,230000.0,False,False,False,False,False,True,False,False,False,Этаж выше этажности здания,оставить,оставить признаки как есть; этаж → пропуск,train
256002,Daire,230000.0,,2+1,6,4,Samsun/Atakum/Yenimahalle,TRY,230000.0,False,False,False,False,False,True,False,False,False,Этаж выше этажности здания,оставить,оставить признаки как есть; этаж → пропуск,validation
256772,Daire,230000.0,,2+1,6,4,Samsun/Atakum/Yenimahalle,TRY,230000.0,False,False,False,False,False,True,False,False,False,Этаж выше этажности здания,оставить,оставить признаки как есть; этаж → пропуск,validation
259752,Daire,230000.0,,2+1,7,1,Bursa/Nilüfer/Fethiye,TRY,230000.0,False,False,False,False,False,True,False,False,False,Этаж выше этажности здания,оставить,оставить признаки как есть; этаж → пропуск,train
333469,Daire,230000.0,105.0,2+1,4,3,Balıkesir/Edremit/Akçay,TRY,230000.0,False,False,False,False,False,True,False,False,False,Этаж выше этажности здания,оставить,оставить признаки как есть; этаж → пропуск,train
335297,Daire,230000.0,105.0,2+1,4,3,Balıkesir/Edremit/Akçay,TRY,230000.0,False,False,False,False,False,True,False,False,False,Этаж выше этажности здания,оставить,оставить признаки как есть; этаж → пропуск,train
339232,Daire,230000.0,105.0,2+1,4,3,Balıkesir/Edremit/Akçay,TRY,230000.0,False,False,False,False,False,True,False,False,False,Этаж выше этажности здания,оставить,оставить признаки как есть; этаж → пропуск,train
349072,Müstakil Ev,230000.0,3.0,3+1,Müstakil,1,Çanakkale/Ezine/Üvecik Köyü,TRY,230000.0,False,False,True,False,False,False,False,False,False,Площадь ниже 15 м²,оставить,площадь → пропуск,train
349393,Komple Bina,230000.0,240.0,+,,2,Samsun/Canik/Hasköy,TRY,230000.0,False,False,False,False,False,False,True,False,False,Комнаты не разобраны,оставить,оставить признаки как есть,train
350474,Müstakil Ev,230000.0,3.0,3+1,Müstakil,1,Çanakkale/Ezine/Üvecik Köyü,TRY,230000.0,False,False,True,False,False,False,False,False,False,Площадь ниже 15 м²,оставить,площадь → пропуск,train
352151,Müstakil Ev,230000.0,3.0,3+1,Müstakil,1,Çanakkale/Ezine/Üvecik Köyü,TRY,230000.0,False,False,True,False,False,False,False,False,False,Площадь ниже 15 м²,оставить,площадь → пропуск,train
352981,Müstakil Ev,230000.0,3.0,3+1,Müstakil,1,Çanakkale/Ezine/Üvecik Köyü,TRY,230000.0,False,False,True,False,False,False,False,False,False,Площадь ниже 15 м²,оставить,площадь → пропуск,train
355186,Müstakil Ev,230000.0,3.0,3+1,Müstakil,1,Çanakkale/Ezine/Üvecik Köyü,TRY,230000.0,False,False,True,False,False,False,False,False,False,Площадь ниже 15 м²,оставить,площадь → пропуск,train
356674,Müstakil Ev,230000.0,3.0,3+1,Müstakil,1,Çanakkale/Ezine/Üvecik Köyü,TRY,230000.0,False,False,True,False,False,False,False,False,False,Площадь ниже 15 м²,оставить,площадь → пропуск,train
376164,Daire,230000.0,1.0,3+1,,10-20 arası,Trabzon/Ortahisar/Çukurçayır,TRY,230000.0,False,False,True,False,False,False,False,False,False,Площадь ниже 15 м²,оставить,площадь → пропуск,validation
380648,Daire,230000.0,130.0,+,,,Karaman/Merkez/Kırbağı,TRY,230000.0,False,False,False,False,False,False,True,False,False,Комнаты не разобраны,оставить,оставить признаки как есть,validation
390432,Komple Bina,230000.0,,+,,,Samsun/İlkadım/Fatih,TRY,230000.0,False,False,False,False,False,False,True,False,False,Комнаты не разобраны,оставить,оставить признаки как есть,validation
73460,Daire,229000.0,1.0,2+1,Yüksek Giriş,2,Aydın/Didim/Efeler,TRY,229000.0,False,False,True,False,False,False,False,False,False,Площадь ниже 15 м²,оставить,площадь → пропуск,train
77233,Daire,229000.0,1.0,2+1,Yüksek Giriş,2,Aydın/Didim/Efeler,TRY,229000.0,False,False,True,False,False,False,False,False,False,Площадь ниже 15 м²,оставить,площадь → пропуск,train
83595,Daire,229000.0,1.0,2+1,Yüksek Giriş,2,Aydın/Didim/Efeler,TRY,229000.0,False,False,True,False,False,False,False,False,False,Площадь ниже 15 м²,оставить,площадь → пропуск,train
202952,Daire,229000.0,200.0,6+2,3,2,Bursa/Osmangazi/Demirtaş Barbaros,TRY,229000.0,False,False,False,False,False,True,False,False,False,Этаж выше этажности здания,оставить,оставить признаки как есть; этаж → пропуск,train
250229,Daire,229000.0,130.0,3+1,5,3,Kayseri/Melikgazi/Mimarsinanşirintepe,TRY,229000.0,False,False,False,False,False,True,False,False,False,Этаж выше этажности здания,оставить,оставить признаки как есть; этаж → пропуск,train
346898,Daire,229000.0,170.0,4+1,8,1,Niğde/Merkez/Aşağı Kayabaşı,TRY,229000.0,False,False,False,False,False,True,False,False,False,Этаж выше этажности здания,оставить,оставить признаки как есть; этаж → пропуск,validation
56044,Daire,228000.0,,3+1,12,3,Adana/Çukurova/Huzurevleri,TRY,228000.0,False,False,False,False,False,True,False,False,False,Этаж выше этажности здания,оставить,оставить признаки как есть; этаж → пропуск,train
251653,Daire,228000.0,96.0,2+1,5,3,Bursa/Osmangazi/Çekirge,TRY,228000.0,False,False,False,False,False,True,False,False,False,Этаж выше этажности здания,оставить,оставить признаки как есть; этаж → пропуск,train
242200,Daire,227500.0,,3+1,5,4,Bolu/Merkez/Sağlık,TRY,227500.0,False,False,False,False,False,True,False,False,False,Этаж выше этажности здания,оставить,оставить признаки как есть; этаж → пропуск,train
54701,Daire,227000.0,115.0,3+1,12,3,Adana/Seyhan/Yeşilyurt,TRY,227000.0,False,False,False,False,False,True,False,False,False,Этаж выше этажности здания,оставить,оставить признаки как есть; этаж → пропуск,validation
236398,Daire,227000.0,,2+1,4,2,İstanbul/Sancaktepe/Yenidoğan,TRY,227000.0,False,False,False,False,False,True,False,False,False,Этаж выше этажности здания,оставить,оставить признаки как есть; этаж → пропуск,test
74405,Daire,225000.0,150.0,3+1,7,6,Adana/Çukurova/Toros,TRY,225000.0,False,False,False,False,False,True,False,False,False,Этаж выше этажности здания,оставить,оставить признаки как есть; этаж → пропуск,train
75395,Daire,225000.0,1.0,2+1,Yüksek Giriş,2,Aydın/Didim/Efeler,TRY,225000.0,False,False,True,False,False,False,False,False,False,Площадь ниже 15 м²,оставить,площадь → пропуск,train
87021,Daire,225000.0,,2+1,3,2,Aydın/Didim/Çamlık,TRY,225000.0,False,False,False,False,False,True,False,False,False,Этаж выше этажности здания,оставить,оставить признаки как есть; этаж → пропуск,train
107653,Daire,225000.0,,2+1,9,3,Adana/Seyhan/Reşatbey,TRY,225000.0,False,False,False,False,False,True,False,False,False,Этаж выше этажности здания,оставить,оставить признаки как есть; этаж → пропуск,test
126599,Müstakil Ev,225000.0,110000.0,4+2,Müstakil,2,Kocaeli/Kartepe/Ertuğrul Gazi,TRY,225000.0,False,False,False,True,True,False,False,False,False,"Площадь выше 3 000 м², Площадь выше 100 000 м²",оставить,площадь → пропуск,train
126734,Müstakil Ev,225000.0,110000.0,4+2,Müstakil,2,Kocaeli/Kartepe/Ertuğrul Gazi,TRY,225000.0,False,False,False,True,True,False,False,False,False,"Площадь выше 3 000 м², Площадь выше 100 000 м²",оставить,площадь → пропуск,train
126739,Müstakil Ev,225000.0,110000.0,4+2,Müstakil,2,Kocaeli/Kartepe/Ertuğrul Gazi,TRY,225000.0,False,False,False,True,True,False,False,False,False,"Площадь выше 3 000 м², Площадь выше 100 000 м²",оставить,площадь → пропуск,train
126901,Müstakil Ev,225000.0,110000.0,4+2,Müstakil,2,Kocaeli/Kartepe/Ertuğrul Gazi,TRY,225000.0,False,False,False,True,True,False,False,False,False,"Площадь выше 3 000 м², Площадь выше 100 000 м²",оставить,площадь → пропуск,train
126907,Müstakil Ev,225000.0,110000.0,4+2,Müstakil,2,Kocaeli/Kartepe/Ertuğrul Gazi,TRY,225000.0,False,False,False,True,True,False,False,False,False,"Площадь выше 3 000 м², Площадь выше 100 000 м²",оставить,площадь → пропуск,train
129004,Müstakil Ev,225000.0,110000.0,4+2,Müstakil,2,Kocaeli/Kartepe/Ertuğrul Gazi,TRY,225000.0,False,False,False,True,True,False,False,False,False,"Площадь выше 3 000 м², Площадь выше 100 000 м²",оставить,площадь → пропуск,train
152833,Daire,225000.0,10.0,2+1,Yüksek Giriş,5,İstanbul/Güngören/Güneştepe,TRY,225000.0,False,False,True,False,False,False,False,False,False,Площадь ниже 15 м²,оставить,площадь → пропуск,validation
303929,Daire,225000.0,,3+1,9,7,Kahramanmaraş/Onikişubat/Yamaçtepe,TRY,225000.0,False,False,False,False,False,True,False,False,False,Этаж выше этажности здания,оставить,оставить признаки как есть; этаж → пропуск,train
338219,Daire,225000.0,2.0,2+1,1,4,Balıkesir/Edremit/Akçay,TRY,225000.0,False,False,True,False,False,False,False,False,False,Площадь ниже 15 м²,оставить,площадь → пропуск,train
343677,Daire,225000.0,2.0,2+1,1,4,Balıkesir/Edremit/Akçay,TRY,225000.0,False,False,True,False,False,False,False,False,False,Площадь ниже 15 м²,оставить,площадь → пропуск,train
380359,Daire,225000.0,120.0,4+1,2,1,Antalya/Kepez/Kütükçü,TRY,225000.0,False,False,False,False,False,True,False,False,False,Этаж выше этажности здания,оставить,оставить признаки как есть; этаж → пропуск,validation
382173,Daire,225000.0,120.0,2+1,7,6,Mersin/Mezitli/Merkez,TRY,225000.0,False,False,False,False,False,True,False,False,False,Этаж выше этажности здания,оставить,оставить признаки как есть; этаж → пропуск,train
250080,Daire,224000.0,100.0,2+1,5,1,Tekirdağ/Çorlu/Hürriyet,TRY,224000.0,False,False,False,False,False,True,False,False,False,Этаж выше этажности здания,оставить,оставить признаки как есть; этаж → пропуск,train
250875,Daire,224000.0,100.0,2+1,5,1,Tekirdağ/Çorlu/Hürriyet,TRY,224000.0,False,False,False,False,False,True,False,False,False,Этаж выше этажности здания,оставить,оставить признаки как есть; этаж → пропуск,train
337942,Daire,222000.0,140.0,3+1,14,9,Kayseri/Melikgazi/Sakarya,TRY,222000.0,False,False,False,False,False,True,False,False,False,Этаж выше этажности здания,оставить,оставить признаки как есть; этаж → пропуск,validation
11607,Daire,220000.0,13.0,3+1,4,9,Niğde/Merkez/Esenbey,TRY,220000.0,False,False,True,False,False,False,False,False,False,Площадь ниже 15 м²,оставить,площадь → пропуск,train
15204,Daire,220000.0,13.0,3+1,4,9,Niğde/Merkez/Esenbey,TRY,220000.0,False,False,True,False,False,False,False,False,False,Площадь ниже 15 м²,оставить,площадь → пропуск,train
52503,Daire,220000.0,,3+1,4,1,Mersin/Mezitli/Akdeniz,TRY,220000.0,False,False,False,False,False,True,False,False,False,Этаж выше этажности здания,оставить,оставить признаки как есть; этаж → пропуск,train
71268,Daire,220000.0,90.0,2+1,4,2,Antalya/Konyaaltı/Hurma,TRY,220000.0,False,False,False,False,False,True,False,False,False,Этаж выше этажности здания,оставить,оставить признаки как есть; этаж → пропуск,train
93286,Daire,220000.0,115.0,3+1,12,6,Samsun/İlkadım/Kışla,TRY,220000.0,False,False,False,False,False,True,False,False,False,Этаж выше этажности здания,оставить,оставить признаки как есть; этаж → пропуск,train
104827,Komple Bina,220000.0,173.0,+,,2,Sakarya/Adapazarı/Yahyalar,TRY,220000.0,False,False,False,False,False,False,True,False,False,Комнаты не разобраны,оставить,оставить признаки как есть,validation
111943,Komple Bina,220000.0,173.0,+,,2,Sakarya/Adapazarı/Yahyalar,TRY,220000.0,False,False,False,False,False,False,True,False,False,Комнаты не разобраны,оставить,оставить признаки как есть,validation
115257,Komple Bina,220000.0,173.0,+,,2,Sakarya/Adapazarı/Yahyalar,TRY,220000.0,False,False,False,False,False,False,True,False,False,Комнаты не разобраны,оставить,оставить признаки как есть,validation
141456,Daire,220000.0,1.0,2+1,Yüksek Giriş,4,Burdur/Merkez/Emek,TRY,220000.0,False,False,True,False,False,False,False,False,False,Площадь ниже 15 м²,оставить,площадь → пропуск,train
236693,Daire,220000.0,165.0,3+1,4,3,Eskişehir/Tepebaşı/Zafer,TRY,220000.0,False,False,False,False,False,True,False,False,False,Этаж выше этажности здания,оставить,оставить признаки как есть; этаж → пропуск,train
249051,Daire,220000.0,120.0,2+1,5,2,Gaziantep/Şahinbey/Bülbülzade,TRY,220000.0,False,False,False,False,False,True,False,False,False,Этаж выше этажности здания,оставить,оставить признаки как есть; этаж → пропуск,train
250006,Daire,220000.0,80.0,2+1,5,1,Manisa/Şehzadeler/Arda,TRY,220000.0,False,False,False,False,False,True,False,False,False,Этаж выше этажности здания,оставить,оставить признаки как есть; этаж → пропуск,train
255951,Daire,220000.0,1.0,3+1,6,6,Konya/Karatay/Ulubatlıhasan,TRY,220000.0,False,False,True,False,False,False,False,False,False,Площадь ниже 15 м²,оставить,площадь → пропуск,train
256062,Daire,220000.0,1.0,3+1,6,6,Konya/Karatay/Ulubatlıhasan,TRY,220000.0,False,False,True,False,False,False,False,False,False,Площадь ниже 15 м²,оставить,площадь → пропуск,train
259729,Daire,220000.0,135.0,3+1,7,5,Yozgat/Merkez/Yeni Cami,TRY,220000.0,False,False,False,False,False,True,False,False,False,Этаж выше этажности здания,оставить,оставить признаки как есть; этаж → пропуск,train
282659,Daire,220000.0,11.0,2+1,2,5,İstanbul/Esenyurt/Güzelyurt,TRY,220000.0,False,False,True,False,False,False,False,False,False,Площадь ниже 15 м²,оставить,площадь → пропуск,train
344223,Daire,220000.0,130.0,3+1,3,1,Kayseri/Melikgazi/Mimarsinanşirintepe,TRY,220000.0,False,False,False,False,False,True,False,False,False,Этаж выше этажности здания,оставить,оставить признаки как есть; этаж → пропуск,train
16861,Daire,219222.0,865799.0,7+2,4,6,Ankara/Elmadağ/Yenimahalle,TRY,219222.0,False,False,False,True,True,False,False,False,False,"Площадь выше 3 000 м², Площадь выше 100 000 м²",оставить,площадь → пропуск,train
16969,Daire,219222.0,865799.0,7+2,4,6,Ankara/Elmadağ/Yenimahalle,TRY,219222.0,False,False,False,True,True,False,False,False,False,"Площадь выше 3 000 м², Площадь выше 100 000 м²",оставить,площадь → пропуск,train
73864,Daire,215000.0,,2+1,4,3,Aydın/Didim/Altınkum,TRY,215000.0,False,False,False,False,False,True,False,False,False,Этаж выше этажности здания,оставить,оставить признаки как есть; этаж → пропуск,validation
198648,Daire,215000.0,100.0,2+1,3,1,İstanbul/Esenyurt/Pınar,TRY,215000.0,False,False,False,False,False,True,False,False,False,Этаж выше этажности здания,оставить,оставить признаки как есть; этаж → пропуск,test
212221,Daire,215000.0,65.0,2+1,3,1,İstanbul/Kartal/Hürriyet,TRY,215000.0,False,False,False,False,False,True,False,False,False,Этаж выше этажности здания,оставить,оставить признаки как есть; этаж → пропуск,train
249480,Daire,215000.0,,3+1,5,3,Mersin/Mezitli/Davultepe,TRY,215000.0,False,False,False,False,False,True,False,False,False,Этаж выше этажности здания,оставить,оставить признаки как есть; этаж → пропуск,train
250492,Daire,215000.0,1.0,2+1,5,9,İstanbul/Beylikdüzü/Adnan Kahveci,TRY,215000.0,False,False,True,False,False,False,False,False,False,Площадь ниже 15 м²,оставить,площадь → пропуск,validation
276729,Daire,215000.0,1.0,2+1,2,4,İstanbul/Sancaktepe/İnönü,TRY,215000.0,False,False,True,False,False,False,False,False,False,Площадь ниже 15 м²,оставить,площадь → пропуск,test
323179,Daire,215000.0,175000.0,3+1,3,10-20 arası,Kayseri/Melikgazi/Gesi Fatih,TRY,215000.0,False,False,False,True,True,False,False,False,False,"Площадь выше 3 000 м², Площадь выше 100 000 м²",оставить,площадь → пропуск,test
340324,Daire,215000.0,140135.0,3+1,2,4,Balıkesir/Edremit/Akçay,TRY,215000.0,False,False,False,True,True,False,False,False,False,"Площадь выше 3 000 м², Площадь выше 100 000 м²",оставить,площадь → пропуск,validation
348613,Komple Bina,215000.0,,+,,3,Erzurum/Palandöken/Yunusemre,TRY,215000.0,False,False,False,False,False,False,True,False,False,Комнаты не разобраны,оставить,оставить признаки как есть,validation
349063,Komple Bina,215000.0,110.0,+,,3,Balıkesir/Bandırma/100. Yıl,TRY,215000.0,False,False,False,False,False,False,True,False,False,Комнаты не разобраны,оставить,оставить признаки как есть,train
350057,Komple Bina,215000.0,,+,,1,Antalya/Konyaaltı/Geyikbayırı,TRY,215000.0,False,False,False,False,False,False,True,False,False,Комнаты не разобраны,оставить,оставить признаки как есть,test
390033,Daire,215000.0,1.0,3+1,,,Aksaray/Merkez/Meydan,TRY,215000.0,False,False,True,False,False,False,False,False,False,Площадь ниже 15 м²,оставить,площадь → пропуск,train
279103,Daire,214000.0,1.0,2+1,2,4,İstanbul/Sancaktepe/Yunus Emre,TRY,214000.0,False,False,True,False,False,False,False,False,False,Площадь ниже 15 м²,оставить,площадь → пропуск,validation
391326,Daire,212333.0,12.0,1+1,,,Ankara/Elmadağ/Hasanoğlan Havuzbaşı,TRY,212333.0,False,False,True,False,False,False,False,False,False,Площадь ниже 15 м²,оставить,площадь → пропуск,test
391358,Daire,212333.0,12.0,1+1,,,Ankara/Elmadağ/Hasanoğlan Havuzbaşı,TRY,212333.0,False,False,True,False,False,False,False,False,False,Площадь ниже 15 м²,оставить,площадь → пропуск,test
391438,Daire,212333.0,12.0,1+1,,,Ankara/Elmadağ/Hasanoğlan Havuzbaşı,TRY,212333.0,False,False,True,False,False,False,False,False,False,Площадь ниже 15 м²,оставить,площадь → пропуск,test
14110,Daire,210000.0,90.0,2+1,6,3,Çanakkale/Merkez/İsmetpaşa,TRY,210000.0,False,False,False,False,False,True,False,False,False,Этаж выше этажности здания,оставить,оставить признаки как есть; этаж → пропуск,train
46012,Daire,210000.0,90.0,2+1,3,2,Aydın/Kuşadası/İkiçeşmelik,TRY,210000.0,False,False,False,False,False,True,False,False,False,Этаж выше этажности здания,оставить,оставить признаки как есть; этаж → пропуск,train
52210,Müstakil Ev,210000.0,80.0,2+1,3,1,Manisa/Yunusemre/Üçpınar,TRY,210000.0,False,False,False,False,False,True,False,False,False,Этаж выше этажности здания,оставить,оставить признаки как есть; этаж → пропуск,test
61169,Daire,210000.0,90.0,2+1,2,1,Muğla/Dalaman/Söğütlüyurt,TRY,210000.0,False,False,False,False,False,True,False,False,False,Этаж выше этажности здания,оставить,оставить признаки как есть; этаж → пропуск,test
142598,Daire,210000.0,1.0,2+1,Yüksek Giriş,4,İstanbul/Sancaktepe/Kemal Türkler,TRY,210000.0,False,False,True,False,False,False,False,False,False,Площадь ниже 15 м²,оставить,площадь → пропуск,train
149753,Daire,210000.0,1.0,2+1,Yüksek Giriş,4,İstanbul/Sancaktepe/Kemal Türkler,TRY,210000.0,False,False,True,False,False,False,False,False,False,Площадь ниже 15 м²,оставить,площадь → пропуск,train
152119,Daire,210000.0,1.0,2+1,Yüksek Giriş,4,İstanbul/Sancaktepe/Kemal Türkler,TRY,210000.0,False,False,True,False,False,False,False,False,False,Площадь ниже 15 м²,оставить,площадь → пропуск,train
227383,Daire,210000.0,,3+1,4,1,Bursa/Nilüfer/Çalı,TRY,210000.0,False,False,False,False,False,True,False,False,False,Этаж выше этажности здания,оставить,оставить признаки как есть; этаж → пропуск,test
244119,Daire,210000.0,125.0,3+1,5,4,Ankara/Keçiören/Etlik,TRY,210000.0,False,False,False,False,False,True,False,False,False,Этаж выше этажности здания,оставить,оставить признаки как есть; этаж → пропуск,train
249689,Daire,210000.0,54.0,1+1,5,3,Bursa/Osmangazi/Altıparmak,TRY,210000.0,False,False,False,False,False,True,False,False,False,Этаж выше этажности здания,оставить,оставить признаки как есть; этаж → пропуск,train
251293,Daire,210000.0,125.0,3+1,5,4,Ankara/Keçiören/Etlik,TRY,210000.0,False,False,False,False,False,True,False,False,False,Этаж выше этажности здания,оставить,оставить признаки как есть; этаж → пропуск,train
251332,Daire,210000.0,125.0,3+1,5,4,Ankara/Keçiören/Etlik,TRY,210000.0,False,False,False,False,False,True,False,False,False,Этаж выше этажности здания,оставить,оставить признаки как есть; этаж → пропуск,train
254469,Daire,210000.0,125.0,3+1,6,4,Ankara/Keçiören/Etlik,TRY,210000.0,False,False,False,False,False,True,False,False,False,Этаж выше этажности здания,оставить,оставить признаки как есть; этаж → пропуск,train
255946,Daire,210000.0,125.0,3+1,6,4,Ankara/Keçiören/Etlik,TRY,210000.0,False,False,False,False,False,True,False,False,False,Этаж выше этажности здания,оставить,оставить признаки как есть; этаж → пропуск,train
257317,Daire,210000.0,125.0,3+1,6,4,Ankara/Keçiören/Etlik,TRY,210000.0,False,False,False,False,False,True,False,False,False,Этаж выше этажности здания,оставить,оставить признаки как есть; этаж → пропуск,train
349451,Komple Bina,210000.0,150.0,+,,3,Gaziantep/Şahinbey/İstiklal,TRY,210000.0,False,False,False,False,False,False,True,False,False,Комнаты не разобраны,оставить,оставить признаки как есть,train
349765,Komple Bina,210000.0,,+,,3,Afyonkarahisar/Şuhut/İplik,TRY,210000.0,False,False,False,False,False,False,True,False,False,Комнаты не разобраны,оставить,оставить признаки как есть,train
381144,Daire,210000.0,,+,,,İstanbul/Esenyurt/İncirtepe,TRY,210000.0,False,False,False,False,False,False,True,False,False,Комнаты не разобраны,оставить,оставить признаки как есть,train
392256,Daire,210000.0,,+,,,İzmir/Torbalı/Ertuğrul,TRY,210000.0,False,False,False,False,False,False,True,False,False,Комнаты не разобраны,оставить,оставить признаки как есть,train
393723,Daire,210000.0,,+,,,Sivas/Merkez/Küçükminare,TRY,210000.0,False,False,False,False,False,False,True,False,False,Комнаты не разобраны,оставить,оставить признаки как есть,train
14762,Daire,209000.0,100.0,2+1,6,1,Adana/Çukurova/Toros,TRY,209000.0,False,False,False,False,False,True,False,False,False,Этаж выше этажности здания,оставить,оставить признаки как есть; этаж → пропуск,train
16697,Daire,209000.0,100.0,2+1,6,1,Adana/Çukurova/Toros,TRY,209000.0,False,False,False,False,False,True,False,False,False,Этаж выше этажности здания,оставить,оставить признаки как есть; этаж → пропуск,train
18230,Daire,208000.0,135.0,3+1,3,2,Balıkesir/Edremit/Akçay,TRY,208000.0,False,False,False,False,False,True,False,False,False,Этаж выше этажности здания,оставить,оставить признаки как есть; этаж → пропуск,train
224257,Daire,208000.0,105.0,2+1,4,1,Mersin/Yenişehir/Palmiye,TRY,208000.0,False,False,False,False,False,True,False,False,False,Этаж выше этажности здания,оставить,оставить признаки как есть; этаж → пропуск,test
238061,Daire,208000.0,105.0,2+1,4,1,Mersin/Yenişehir/Palmiye,TRY,208000.0,False,False,False,False,False,True,False,False,False,Этаж выше этажности здания,оставить,оставить признаки как есть; этаж → пропуск,test
239939,Daire,208000.0,105.0,2+1,4,1,Mersin/Yenişehir/Palmiye,TRY,208000.0,False,False,False,False,False,True,False,False,False,Этаж выше этажности здания,оставить,оставить признаки как есть; этаж → пропуск,test
179402,Daire,207000.0,1.0,3+1,1,3,Kocaeli/Körfez/Yavuz Sultan Selim,TRY,207000.0,False,False,True,False,False,False,False,False,False,Площадь ниже 15 м²,оставить,площадь → пропуск,train
237790,Daire,206000.0,105.0,2+1,4,1,Bursa/Nilüfer/Görükle,TRY,206000.0,False,False,False,False,False,True,False,False,False,Этаж выше этажности здания,оставить,оставить признаки как есть; этаж → пропуск,train
7002,Daire,205000.0,5.0,3+1,10,10-20 arası,Niğde/Merkez/İnönü,TRY,205000.0,False,False,True,False,False,False,False,False,False,Площадь ниже 15 м²,оставить,площадь → пропуск,validation
96285,Daire,205000.0,145.0,2+1,11,2,Adana/Seyhan/Gürselpaşa,TRY,205000.0,False,False,False,False,False,True,False,False,False,Этаж выше этажности здания,оставить,оставить признаки как есть; этаж → пропуск,train
113019,Daire,205000.0,150.0,3+1,10,5,Erzurum/Yakutiye/Şükrüpaşa,TRY,205000.0,False,False,False,False,False,True,False,False,False,Этаж выше этажности здания,оставить,оставить признаки как есть; этаж → пропуск,train
194216,Daire,205000.0,1.0,2+1,3,4,İstanbul/Sancaktepe/Mevlana,TRY,205000.0,False,False,True,False,False,False,False,False,False,Площадь ниже 15 м²,оставить,площадь → пропуск,train
194740,Daire,205000.0,1.0,2+1,3,4,Burdur/Merkez/Bağlar,TRY,205000.0,False,False,True,False,False,False,False,False,False,Площадь ниже 15 м²,оставить,площадь → пропуск,test
195894,Daire,205000.0,1.0,2+1,3,4,Burdur/Merkez/Bağlar,TRY,205000.0,False,False,True,False,False,False,False,False,False,Площадь ниже 15 м²,оставить,площадь → пропуск,test
198950,Daire,205000.0,1.0,2+1,3,4,İstanbul/Sancaktepe/Mevlana,TRY,205000.0,False,False,True,False,False,False,False,False,False,Площадь ниже 15 м²,оставить,площадь → пропуск,train
214031,Daire,205000.0,1.0,2+1,3,4,İstanbul/Sancaktepe/Mevlana,TRY,205000.0,False,False,True,False,False,False,False,False,False,Площадь ниже 15 м²,оставить,площадь → пропуск,train
226761,Daire,205000.0,10.0,2+1,4,4,Konya/Selçuklu/Beyhekim,TRY,205000.0,False,False,True,False,False,False,False,False,False,Площадь ниже 15 м²,оставить,площадь → пропуск,train
236713,Daire,205000.0,10.0,2+1,4,4,Konya/Selçuklu/Beyhekim,TRY,205000.0,False,False,True,False,False,False,False,False,False,Площадь ниже 15 м²,оставить,площадь → пропуск,train
372064,Daire,205000.0,,2+1,2,1,Antalya/Muratpaşa/Güzeloba,TRY,205000.0,False,False,False,False,False,True,False,False,False,Этаж выше этажности здания,оставить,оставить признаки как есть; этаж → пропуск,validation
384246,Daire,205000.0,,+,,,Bursa/Nilüfer/Görükle,TRY,205000.0,False,False,False,False,False,False,True,False,False,Комнаты не разобраны,оставить,оставить признаки как есть,train
379088,Daire,203000.0,,+,,,Kayseri/Kocasinan/Turgut Reis,TRY,203000.0,False,False,False,False,False,False,True,False,False,Комнаты не разобраны,оставить,оставить признаки как есть,train
234695,Daire,202000.0,,3+1,4,2,Konya/Karatay/Hacı Hasan,TRY,202000.0,False,False,False,False,False,True,False,False,False,Этаж выше этажности здания,оставить,оставить признаки как есть; этаж → пропуск,train
237917,Daire,202000.0,,3+1,4,2,Konya/Karatay/Hacı Hasan,TRY,202000.0,False,False,False,False,False,True,False,False,False,Этаж выше этажности здания,оставить,оставить признаки как есть; этаж → пропуск,train
11589,Daire,200000.0,95.0,2+1,2,1,Uşak/Merkez/Cumhuriyet,TRY,200000.0,False,False,False,False,False,True,False,False,False,Этаж выше этажности здания,оставить,оставить признаки как есть; этаж → пропуск,train
38583,Villa,200000.0,1.0,3+1,Müstakil,3,Balıkesir/Edremit/Akçay,TRY,200000.0,False,False,True,False,False,False,False,False,False,Площадь ниже 15 м²,оставить,площадь → пропуск,validation
41892,Villa,200000.0,1.0,3+1,Müstakil,3,Balıkesir/Edremit/Akçay,TRY,200000.0,False,False,True,False,False,False,False,False,False,Площадь ниже 15 м²,оставить,площадь → пропуск,validation
61275,Daire,200000.0,74.0,2+1,2,1,Aydın/Didim/Altınkum,TRY,200000.0,False,False,False,False,False,True,False,False,False,Этаж выше этажности здания,оставить,оставить признаки как есть; этаж → пропуск,train
92743,Daire,200000.0,138.0,3+1,10,2,Mersin/Mezitli/Menderes,TRY,200000.0,False,False,False,False,False,True,False,False,False,Этаж выше этажности здания,оставить,оставить признаки как есть; этаж → пропуск,train
93315,Daire,200000.0,138.0,3+1,10,2,Mersin/Mezitli/Menderes,TRY,200000.0,False,False,False,False,False,True,False,False,False,Этаж выше этажности здания,оставить,оставить признаки как есть; этаж → пропуск,train
120027,Daire,200000.0,7000.0,3+1,Kot 2,3,Sakarya/Akyazı/Ömercikler,TRY,200000.0,False,False,False,True,False,False,False,False,False,Площадь выше 3 000 м²,оставить,площадь → пропуск,test
120199,Daire,200000.0,7000.0,3+1,Kot 2,3,Sakarya/Akyazı/Ömercikler,TRY,200000.0,False,False,False,True,False,False,False,False,False,Площадь выше 3 000 м²,оставить,площадь → пропуск,test
120218,Daire,200000.0,7000.0,3+1,Kot 2,3,Sakarya/Akyazı/Ömercikler,TRY,200000.0,False,False,False,True,False,False,False,False,False,Площадь выше 3 000 м²,оставить,площадь → пропуск,test
120502,Daire,200000.0,7000.0,3+1,Kot 2,3,Sakarya/Akyazı/Ömercikler,TRY,200000.0,False,False,False,True,False,False,False,False,False,Площадь выше 3 000 м²,оставить,площадь → пропуск,test
121887,Daire,200000.0,7000.0,3+1,Kot 2,3,Sakarya/Akyazı/Ömercikler,TRY,200000.0,False,False,False,True,False,False,False,False,False,Площадь выше 3 000 м²,оставить,площадь → пропуск,test
122580,Daire,200000.0,7000.0,3+1,Kot 2,3,Sakarya/Akyazı/Ömercikler,TRY,200000.0,False,False,False,True,False,False,False,False,False,Площадь выше 3 000 м²,оставить,площадь → пропуск,test
248743,Daire,200000.0,,2+1,5,1,İstanbul/Bahçelievler/Soğanlı,TRY,200000.0,False,False,False,False,False,True,False,False,False,Этаж выше этажности здания,оставить,оставить признаки как есть; этаж → пропуск,test
256194,Daire,200000.0,,3+1,6,2,Bursa/Gürsu/Zafer,TRY,200000.0,False,False,False,False,False,True,False,False,False,Этаж выше этажности здания,оставить,оставить признаки как есть; этаж → пропуск,train
272653,Daire,200000.0,1.0,2+1,2,4,Aydın/Efeler/Meşrutiyet,TRY,200000.0,False,False,True,False,False,False,False,False,False,Площадь ниже 15 м²,оставить,площадь → пропуск,train
289958,Daire,200000.0,95.0,+,2,6,İstanbul/Esenyurt/Yeşilkent,TRY,200000.0,False,False,False,False,False,False,True,False,False,Комнаты не разобраны,оставить,оставить признаки как есть,train
313302,Daire,200000.0,1.0,3+1,4,10,Kayseri/Melikgazi/Mimarsinandemokrasi,TRY,200000.0,False,False,True,False,False,False,False,False,False,Площадь ниже 15 м²,оставить,площадь → пропуск,train
321121,Daire,200000.0,1.0,3+1,6,10-20 arası,Kayseri/Melikgazi/Mimarsinandemokrasi,TRY,200000.0,False,False,True,False,False,False,False,False,False,Площадь ниже 15 м²,оставить,площадь → пропуск,train
322846,Daire,200000.0,1.0,3+1,6,10-20 arası,Kayseri/Melikgazi/Mimarsinandemokrasi,TRY,200000.0,False,False,True,False,False,False,False,False,False,Площадь ниже 15 м²,оставить,площадь → пропуск,train
326478,Komple Bina,200000.0,135.0,+,,8,Kayseri/Melikgazi/Gesi Fatih,TRY,200000.0,False,False,False,False,False,False,True,False,False,Комнаты не разобраны,оставить,оставить признаки как есть,train
328172,Komple Bina,200000.0,135.0,+,,8,Kayseri/Melikgazi/Gesi Fatih,TRY,200000.0,False,False,False,False,False,False,True,False,False,Комнаты не разобраны,оставить,оставить признаки как есть,train
328786,Komple Bina,200000.0,135.0,+,,8,Kayseri/Melikgazi/Gesi Fatih,TRY,200000.0,False,False,False,False,False,False,True,False,False,Комнаты не разобраны,оставить,оставить признаки как есть,train
328842,Komple Bina,200000.0,135.0,+,,8,Kayseri/Melikgazi/Gesi Fatih,TRY,200000.0,False,False,False,False,False,False,True,False,False,Комнаты не разобраны,оставить,оставить признаки как есть,train
348889,Komple Bina,200000.0,150.0,+,,2,Çanakkale/Biga/Aksaz Köyü,TRY,200000.0,False,False,False,False,False,False,True,False,False,Комнаты не разобраны,оставить,оставить признаки как есть,train
349273,Komple Bina,200000.0,150.0,+,,2,Çanakkale/Biga/Aksaz Köyü,TRY,200000.0,False,False,False,False,False,False,True,False,False,Комнаты не разобраны,оставить,оставить признаки как есть,train
349387,Komple Bina,200000.0,,+,,2,Bursa/Gürsu/Zafer,TRY,200000.0,False,False,False,False,False,False,True,False,False,Комнаты не разобраны,оставить,оставить признаки как есть,train
376192,Daire,200000.0,,+,,5,Ankara/Mamak/Fahri Korutürk,TRY,200000.0,False,False,False,False,False,False,True,False,False,Комнаты не разобраны,оставить,оставить признаки как есть,validation
393679,Komple Bina,200000.0,110.0,+,,3,Samsun/Terme/Fenk,TRY,200000.0,False,False,False,False,False,False,True,False,False,Комнаты не разобраны,оставить,оставить признаки как есть,test
397937,Villa,200000.0,,+,,,Ankara/Sincan/Alcı,TRY,200000.0,False,False,False,False,False,False,True,False,False,Комнаты не разобраны,оставить,оставить признаки как есть,train
871,Daire,199000.0,90.0,2+1,7,6,Adana/Seyhan/Gürselpaşa,TRY,199000.0,False,False,False,False,False,True,False,False,False,Этаж выше этажности здания,оставить,оставить признаки как есть; этаж → пропуск,train
1962,Daire,199000.0,90.0,2+1,7,6,Adana/Seyhan/Gürselpaşa,TRY,199000.0,False,False,False,False,False,True,False,False,False,Этаж выше этажности здания,оставить,оставить признаки как есть; этаж → пропуск,train
3603,Daire,199000.0,90.0,2+1,7,6,Adana/Seyhan/Gürselpaşa,TRY,199000.0,False,False,False,False,False,True,False,False,False,Этаж выше этажности здания,оставить,оставить признаки как есть; этаж → пропуск,train
182035,Daire,199000.0,,2+1,2,1,İstanbul/Sancaktepe/Abdurrahmangazi,TRY,199000.0,False,False,False,False,False,True,False,False,False,Этаж выше этажности здания,оставить,оставить признаки как есть; этаж → пропуск,train
349657,Komple Bina,199000.0,77.0,+,,2,Bursa/Osmangazi/Tuna,TRY,199000.0,False,False,False,False,False,False,True,False,False,Комнаты не разобраны,оставить,оставить признаки как есть,train
123793,Daire,198000.0,12.0,3+1,Kot 3,9,İstanbul/Beylikdüzü/Beylikdüzü OSB,TRY,198000.0,False,False,True,False,False,False,False,False,False,Площадь ниже 15 м²,оставить,площадь → пропуск,validation
152677,Daire,198000.0,10.0,2+1,Yüksek Giriş,5,İstanbul/Güngören/Güneştepe,TRY,198000.0,False,False,True,False,False,False,False,False,False,Площадь ниже 15 м²,оставить,площадь → пропуск,validation
237469,Daire,198000.0,95.0,2+1,4,3,İstanbul/Esenyurt/Fatih,TRY,198000.0,False,False,False,False,False,True,False,False,False,Этаж выше этажности здания,оставить,оставить признаки как есть; этаж → пропуск,train
182064,Daire,196000.0,,3+1,2,1,Ankara/Mamak/General Zeki Doğan,TRY,196000.0,False,False,False,False,False,True,False,False,False,Этаж выше этажности здания,оставить,оставить признаки как есть; этаж → пропуск,train
94934,Daire,195000.0,120.0,3+1,14,2,Adana/Sarıçam/Çarkıpare,TRY,195000.0,False,False,False,False,False,True,False,False,False,Этаж выше этажности здания,оставить,оставить признаки как есть; этаж → пропуск,train
98377,Daire,195000.0,,3+1,11,8,Kahramanmaraş/Onikişubat/Üngüt,TRY,195000.0,False,False,False,False,False,True,False,False,False,Этаж выше этажности здания,оставить,оставить признаки как есть; этаж → пропуск,train
98635,Komple Bina,195000.0,,+,,3,Yalova/Merkez/Bağlarbaşı,TRY,195000.0,False,False,False,False,False,False,True,False,False,Комнаты не разобраны,оставить,оставить признаки как есть,train
108437,Komple Bina,195000.0,95.0,+,,1,Çanakkale/Biga/Şirintepe,TRY,195000.0,False,False,False,False,False,False,True,False,False,Комнаты не разобраны,оставить,оставить признаки как есть,train
111221,Daire,195000.0,,3+1,9,2,Samsun/Canik/Kuzey Yıldızı,TRY,195000.0,False,False,False,False,False,True,False,False,False,Этаж выше этажности здания,оставить,оставить признаки как есть; этаж → пропуск,train
111939,Komple Bina,195000.0,95.0,+,,1,Çanakkale/Biga/Şirintepe,TRY,195000.0,False,False,False,False,False,False,True,False,False,Комнаты не разобраны,оставить,оставить признаки как есть,train
182043,Daire,195000.0,115.0,3+1,2,1,Sakarya/Adapazarı/Yağcılar,TRY,195000.0,False,False,False,False,False,True,False,False,False,Этаж выше этажности здания,оставить,оставить признаки как есть; этаж → пропуск,test
182076,Daire,195000.0,120.0,3+1,2,1,Kocaeli/Kartepe/Fatih Sultan Mehmet,TRY,195000.0,False,False,False,False,False,True,False,False,False,Этаж выше этажности здания,оставить,оставить признаки как есть; этаж → пропуск,train
182105,Daire,195000.0,115.0,3+1,2,1,Sakarya/Adapazarı/Yağcılar,TRY,195000.0,False,False,False,False,False,True,False,False,False,Этаж выше этажности здания,оставить,оставить признаки как есть; этаж → пропуск,test
196979,Daire,195000.0,,+,3,3,Ankara/Mamak/General Zeki Doğan,TRY,195000.0,False,False,False,False,False,False,True,False,False,Комнаты не разобраны,оставить,оставить признаки как есть,train
202551,Daire,195000.0,,3+1,3,2,Ankara/Mamak/Çağlayan,TRY,195000.0,False,False,False,False,False,True,False,False,False,Этаж выше этажности здания,оставить,оставить признаки как есть; этаж → пропуск,train
240980,Daire,195000.0,125.0,3+1,5,2,Samsun/Canik/Hasköy,TRY,195000.0,False,False,False,False,False,True,False,False,False,Этаж выше этажности здания,оставить,оставить признаки как есть; этаж → пропуск,validation
242852,Daire,195000.0,125.0,3+1,5,2,Samsun/Canik/Hasköy,TRY,195000.0,False,False,False,False,False,True,False,False,False,Этаж выше этажности здания,оставить,оставить признаки как есть; этаж → пропуск,validation
243463,Daire,195000.0,80.0,2+1,5,4,Eskişehir/Tepebaşı/Tunalı,TRY,195000.0,False,False,False,False,False,True,False,False,False,Этаж выше этажности здания,оставить,оставить признаки как есть; этаж → пропуск,train
244455,Daire,195000.0,125.0,3+1,5,2,Samsun/Canik/Hasköy,TRY,195000.0,False,False,False,False,False,True,False,False,False,Этаж выше этажности здания,оставить,оставить признаки как есть; этаж → пропуск,validation
244750,Daire,195000.0,125.0,3+1,5,2,Samsun/Canik/Hasköy,TRY,195000.0,False,False,False,False,False,True,False,False,False,Этаж выше этажности здания,оставить,оставить признаки как есть; этаж → пропуск,validation
247323,Daire,195000.0,55.0,1+1,5,3,İzmir/Çiğli/Egekent,TRY,195000.0,False,False,False,False,False,True,False,False,False,Этаж выше этажности здания,оставить,оставить признаки как есть; этаж → пропуск,train
269203,Daire,195000.0,144999.0,3+1,2,3,Ankara/Keçiören/Kanuni,TRY,195000.0,False,False,False,True,True,False,False,False,False,"Площадь выше 3 000 м², Площадь выше 100 000 м²",оставить,площадь → пропуск,validation
299974,Daire,195000.0,149.0,3+1,2,1,Kayseri/Talas/Mevlana,TRY,195000.0,False,False,False,False,False,True,False,False,False,Этаж выше этажности здания,оставить,оставить признаки как есть; этаж → пропуск,train
344062,Daire,195000.0,120.0,3+1,7,1,Kastamonu/Merkez/Mehmet Akif Ersoy,TRY,195000.0,False,False,False,False,False,True,False,False,False,Этаж выше этажности здания,оставить,оставить признаки как есть; этаж → пропуск,train
346882,Daire,195000.0,12.0,3+1,6,7,Sivas/Merkez/Cami-İ Kebir,TRY,195000.0,False,False,True,False,False,False,False,False,False,Площадь ниже 15 м²,оставить,площадь → пропуск,test
364140,Daire,195000.0,,3+1,4,2,Afyonkarahisar/Merkez/Cumhuriyet,TRY,195000.0,False,False,False,False,False,True,False,False,False,Этаж выше этажности здания,оставить,оставить признаки как есть; этаж → пропуск,train
364264,Daire,195000.0,,3+1,4,2,Afyonkarahisar/Merkez/Cumhuriyet,TRY,195000.0,False,False,False,False,False,True,False,False,False,Этаж выше этажности здания,оставить,оставить признаки как есть; этаж → пропуск,train
364750,Daire,195000.0,,3+1,4,2,Afyonkarahisar/Merkez/Cumhuriyet,TRY,195000.0,False,False,False,False,False,True,False,False,False,Этаж выше этажности здания,оставить,оставить признаки как есть; этаж → пропуск,train
365724,Daire,195000.0,,3+1,4,2,Afyonkarahisar/Merkez/Cumhuriyet,TRY,195000.0,False,False,False,False,False,True,False,False,False,Этаж выше этажности здания,оставить,оставить признаки как есть; этаж → пропуск,train
368467,Komple Bina,195000.0,,+,,2,Afyonkarahisar/İhsaniye/Gazlıgöl Bld. (Cumhuriyet),TRY,195000.0,False,False,False,False,False,False,True,False,False,Комнаты не разобраны,оставить,оставить признаки как есть,train
368505,Komple Bina,195000.0,,+,,2,Afyonkarahisar/İhsaniye/Gazlıgöl Bld. (Cumhuriyet),TRY,195000.0,False,False,False,False,False,False,True,False,False,Комнаты не разобраны,оставить,оставить признаки как есть,train
368561,Komple Bina,195000.0,,+,,2,Afyonkarahisar/İhsaniye/Gazlıgöl Bld. (Cumhuriyet),TRY,195000.0,False,False,False,False,False,False,True,False,False,Комнаты не разобраны,оставить,оставить признаки как есть,train
368565,Komple Bina,195000.0,,+,,2,Afyonkarahisar/İhsaniye/Gazlıgöl Bld. (Cumhuriyet),TRY,195000.0,False,False,False,False,False,False,True,False,False,Комнаты не разобраны,оставить,оставить признаки как есть,train
74897,Daire,194500.0,1.0,2+1,Yüksek Giriş,2,Aydın/Didim/Çamlık,TRY,194500.0,False,False,True,False,False,False,False,False,False,Площадь ниже 15 м²,оставить,площадь → пропуск,train
76411,Daire,194500.0,1.0,2+1,Yüksek Giriş,2,Aydın/Didim/Çamlık,TRY,194500.0,False,False,True,False,False,False,False,False,False,Площадь ниже 15 м²,оставить,площадь → пропуск,train
52939,Daire,194000.0,1.0,2+1,1,2,Aydın/Didim/Efeler,TRY,194000.0,False,False,True,False,False,False,False,False,False,Площадь ниже 15 м²,оставить,площадь → пропуск,train
54085,Daire,194000.0,1.0,2+1,1,2,Aydın/Didim/Efeler,TRY,194000.0,False,False,True,False,False,False,False,False,False,Площадь ниже 15 м²,оставить,площадь → пропуск,train
59618,Daire,194000.0,1.0,2+1,1,2,Aydın/Didim/Efeler,TRY,194000.0,False,False,True,False,False,False,False,False,False,Площадь ниже 15 м²,оставить,площадь → пропуск,train
203707,Daire,191000.0,90.0,2+1,3,1,İstanbul/Esenyurt/İncirtepe,TRY,191000.0,False,False,False,False,False,True,False,False,False,Этаж выше этажности здания,оставить,оставить признаки как есть; этаж → пропуск,test
204003,Daire,191000.0,90.0,2+1,3,1,İstanbul/Esenyurt/İncirtepe,TRY,191000.0,False,False,False,False,False,True,False,False,False,Этаж выше этажности здания,оставить,оставить признаки как есть; этаж → пропуск,test
207041,Daire,191000.0,90.0,2+1,3,1,İstanbul/Esenyurt/İncirtepe,TRY,191000.0,False,False,False,False,False,True,False,False,False,Этаж выше этажности здания,оставить,оставить признаки как есть; этаж → пропуск,test
29200,Daire,190000.0,165.0,3+1,10,4,Aydın/Kuşadası/İkiçeşmelik,TRY,190000.0,False,False,False,False,False,True,False,False,False,Этаж выше этажности здания,оставить,оставить признаки как есть; этаж → пропуск,validation
61283,Daire,190000.0,90.0,2+1,2,1,Aydın/Didim/Cumhuriyet,TRY,190000.0,False,False,False,False,False,True,False,False,False,Этаж выше этажности здания,оставить,оставить признаки как есть; этаж → пропуск,train
80498,Daire,190000.0,75.0,2+1,3,2,Aydın/Didim/Efeler,TRY,190000.0,False,False,False,False,False,True,False,False,False,Этаж выше этажности здания,оставить,оставить признаки как есть; этаж → пропуск,test
87745,Daire,190000.0,75.0,2+1,3,2,Aydın/Didim/Efeler,TRY,190000.0,False,False,False,False,False,True,False,False,False,Этаж выше этажности здания,оставить,оставить признаки как есть; этаж → пропуск,test
216490,Daire,190000.0,,2+1,3,2,Ankara/Çankaya/Murat,TRY,190000.0,False,False,False,False,False,True,False,False,False,Этаж выше этажности здания,оставить,оставить признаки как есть; этаж → пропуск,train
221365,Daire,190000.0,120.0,3+1,4,3,Düzce/Merkez/Koçyazı,TRY,190000.0,False,False,False,False,False,True,False,False,False,Этаж выше этажности здания,оставить,оставить признаки как есть; этаж → пропуск,train
384260,Daire,190000.0,,+,,,Tekirdağ/Çerkezköy/Yıldırım Beyazıt,TRY,190000.0,False,False,False,False,False,False,True,False,False,Комнаты не разобраны,оставить,оставить признаки как есть,train
402210,Daire,190000.0,,+,,,İstanbul/Bakırköy/Yeşilköy,TRY,190000.0,False,False,False,False,False,False,True,False,False,Комнаты не разобраны,оставить,оставить признаки как есть,train
37832,Daire,189000.0,125.0,3+1,3,2,Antalya/Muratpaşa/Yeşildere,TRY,189000.0,False,False,False,False,False,True,False,False,False,Этаж выше этажности здания,оставить,оставить признаки как есть; этаж → пропуск,train
71564,Daire,189000.0,125.0,3+1,3,2,Antalya/Muratpaşa/Yeşildere,TRY,189000.0,False,False,False,False,False,True,False,False,False,Этаж выше этажности здания,оставить,оставить признаки как есть; этаж → пропуск,train
182090,Daire,189000.0,,3+1,2,1,Kocaeli/Darıca/Emek,TRY,189000.0,False,False,False,False,False,True,False,False,False,Этаж выше этажности здания,оставить,оставить признаки как есть; этаж → пропуск,train
182100,Daire,189000.0,,3+1,2,1,Ankara/Pursaklar/Merkez,TRY,189000.0,False,False,False,False,False,True,False,False,False,Этаж выше этажности здания,оставить,оставить признаки как есть; этаж → пропуск,train
233709,Daire,189000.0,85.0,2+1,4,3,İstanbul/Sancaktepe/Yunus Emre,TRY,189000.0,False,False,False,False,False,True,False,False,False,Этаж выше этажности здания,оставить,оставить признаки как есть; этаж → пропуск,train
341085,Daire,188000.0,140.0,3+1,4,2,Eskişehir/Odunpazarı/Kırmızıtoprak,TRY,188000.0,False,False,False,False,False,True,False,False,False,Этаж выше этажности здания,оставить,оставить признаки как есть; этаж → пропуск,validation
354925,Daire,188000.0,150.0,2+2,4,3,Antalya/Manavgat/Sarılar,TRY,188000.0,False,False,False,False,False,True,False,False,False,Этаж выше этажности здания,оставить,оставить признаки как есть; этаж → пропуск,train
355072,Daire,188000.0,150.0,2+2,4,3,Antalya/Manavgat/Sarılar,TRY,188000.0,False,False,False,False,False,True,False,False,False,Этаж выше этажности здания,оставить,оставить признаки как есть; этаж → пропуск,train
93984,Daire,187500.0,115.0,3+1,13,3,Adana/Çukurova/Yüzüncüyıl,TRY,187500.0,False,False,False,False,False,True,False,False,False,Этаж выше этажности здания,оставить,оставить признаки как есть; этаж → пропуск,train
64326,Daire,187000.0,1.0,2+1,2,3,Aydın/Didim/Hisar,TRY,187000.0,False,False,True,False,False,False,False,False,False,Площадь ниже 15 м²,оставить,площадь → пропуск,train
67456,Daire,187000.0,1.0,2+1,2,3,Aydın/Didim/Hisar,TRY,187000.0,False,False,True,False,False,False,False,False,False,Площадь ниже 15 м²,оставить,площадь → пропуск,train
399454,Daire,185203.6758,69573.0,1+1,,,Denizli/Bekilli/Deşdemir,USD,34722.0,False,False,False,True,False,False,False,False,False,Площадь выше 3 000 м²,оставить,площадь → пропуск,validation
402826,Daire,185203.6758,69573.0,1+1,,,Denizli/Bekilli/Deşdemir,USD,34722.0,False,False,False,True,False,False,False,False,False,Площадь выше 3 000 м²,оставить,площадь → пропуск,validation
5942,Daire,185000.0,323.0,+,Bahçe katı,3,Balıkesir/Bandırma/17 Eylül,TRY,185000.0,False,False,False,False,False,False,True,False,False,Комнаты не разобраны,оставить,оставить признаки как есть,train
16763,Daire,185000.0,193.0,4+2,3,2,İstanbul/Beylikdüzü/Yakuplu,TRY,185000.0,False,False,False,False,False,True,False,False,False,Этаж выше этажности здания,оставить,оставить признаки как есть; этаж → пропуск,train
29660,Yazlık,185000.0,105.0,2+1,9,1,Mersin/Silifke/Atakent,TRY,185000.0,False,False,False,False,False,True,False,False,False,Этаж выше этажности здания,оставить,оставить признаки как есть; этаж → пропуск,train
96673,Komple Bina,185000.0,95.0,+,,1,Çanakkale/Biga/Şirintepe,TRY,185000.0,False,False,False,False,False,False,True,False,False,Комнаты не разобраны,оставить,оставить признаки как есть,train
233266,Daire,185000.0,,2+1,4,3,Balıkesir/Bandırma/17 Eylül,TRY,185000.0,False,False,False,False,False,True,False,False,False,Этаж выше этажности здания,оставить,оставить признаки как есть; этаж → пропуск,train
233362,Daire,185000.0,120.0,3+1,4,3,Bursa/Osmangazi/Elmasbahçeler,TRY,185000.0,False,False,False,False,False,True,False,False,False,Этаж выше этажности здания,оставить,оставить признаки как есть; этаж → пропуск,validation
233596,Daire,185000.0,120.0,3+1,4,3,Bursa/Osmangazi/Elmasbahçeler,TRY,185000.0,False,False,False,False,False,True,False,False,False,Этаж выше этажности здания,оставить,оставить признаки как есть; этаж → пропуск,validation
233782,Daire,185000.0,120.0,3+1,4,3,Bursa/Osmangazi/Elmasbahçeler,TRY,185000.0,False,False,False,False,False,True,False,False,False,Этаж выше этажности здания,оставить,оставить признаки как есть; этаж → пропуск,validation
233797,Daire,185000.0,120.0,3+1,4,3,Bursa/Osmangazi/Elmasbahçeler,TRY,185000.0,False,False,False,False,False,True,False,False,False,Этаж выше этажности здания,оставить,оставить признаки как есть; этаж → пропуск,validation
234855,Daire,185000.0,85.0,2+1,4,3,İstanbul/Esenyurt/Yenikent,TRY,185000.0,False,False,False,False,False,True,False,False,False,Этаж выше этажности здания,оставить,оставить признаки как есть; этаж → пропуск,train
236780,Daire,185000.0,85.0,2+1,4,3,İstanbul/Esenyurt/Yenikent,TRY,185000.0,False,False,False,False,False,True,False,False,False,Этаж выше этажности здания,оставить,оставить признаки как есть; этаж → пропуск,train
237152,Daire,185000.0,85.0,2+1,4,3,İstanbul/Esenyurt/Örnek,TRY,185000.0,False,False,False,False,False,True,False,False,False,Этаж выше этажности здания,оставить,оставить признаки как есть; этаж → пропуск,train
243079,Daire,185000.0,,3+1,5,2,Manisa/Yunusemre/Muradiye,TRY,185000.0,False,False,False,False,False,True,False,False,False,Этаж выше этажности здания,оставить,оставить признаки как есть; этаж → пропуск,train
249894,Daire,185000.0,100.0,3+1,5,1,Tekirdağ/Çorlu/Muhittin,TRY,185000.0,False,False,False,False,False,True,False,False,False,Этаж выше этажности здания,оставить,оставить признаки как есть; этаж → пропуск,train
250290,Daire,185000.0,100.0,3+1,5,1,Tekirdağ/Çorlu/Muhittin,TRY,185000.0,False,False,False,False,False,True,False,False,False,Этаж выше этажности здания,оставить,оставить признаки как есть; этаж → пропуск,train
251324,Daire,185000.0,100.0,3+1,5,1,Tekirdağ/Çorlu/Muhittin,TRY,185000.0,False,False,False,False,False,True,False,False,False,Этаж выше этажности здания,оставить,оставить признаки как есть; этаж → пропуск,train
253315,Daire,185000.0,,2+1,6,5,İstanbul/Esenyurt/Pınar,TRY,185000.0,False,False,False,False,False,True,False,False,False,Этаж выше этажности здания,оставить,оставить признаки как есть; этаж → пропуск,train
349419,Komple Bina,185000.0,,+,,4,Zonguldak/Ereğli/Gülüç Bld. (Bekyeri),TRY,185000.0,False,False,False,False,False,False,True,False,False,Комнаты не разобраны,оставить,оставить признаки как есть,train
358433,Komple Bina,185000.0,,+,,4,Zonguldak/Ereğli/Gülüç Bld. (Bekyeri),TRY,185000.0,False,False,False,False,False,False,True,False,False,Комнаты не разобраны,оставить,оставить признаки как есть,train
380684,Rezidans,185000.0,,+,,,Manisa/Yunusemre/Cumhuriyet,TRY,185000.0,False,False,False,False,False,False,True,False,False,Комнаты не разобраны,оставить,оставить признаки как есть,validation
3262,Daire,182000.0,,2+1,2,1,Aydın/Didim/Efeler,TRY,182000.0,False,False,False,False,False,True,False,False,False,Этаж выше этажности здания,оставить,оставить признаки как есть; этаж → пропуск,train
3269,Daire,182000.0,,2+1,2,1,Aydın/Didim/Efeler,TRY,182000.0,False,False,False,False,False,True,False,False,False,Этаж выше этажности здания,оставить,оставить признаки как есть; этаж → пропуск,train
188166,Daire,182000.0,115.0,3+1,3,2,Kocaeli/İzmit/Körfez,TRY,182000.0,False,False,False,False,False,True,False,False,False,Этаж выше этажности здания,оставить,оставить признаки как есть; этаж → пропуск,test
198865,Daire,182000.0,115.0,3+1,3,2,Kocaeli/İzmit/Körfez,TRY,182000.0,False,False,False,False,False,True,False,False,False,Этаж выше этажности здания,оставить,оставить признаки как есть; этаж → пропуск,test
202482,Daire,182000.0,115.0,3+1,3,2,Kocaeli/İzmit/Körfez,TRY,182000.0,False,False,False,False,False,True,False,False,False,Этаж выше этажности здания,оставить,оставить признаки как есть; этаж → пропуск,test
213726,Daire,182000.0,115.0,3+1,3,2,Kocaeli/İzmit/Körfez,TRY,182000.0,False,False,False,False,False,True,False,False,False,Этаж выше этажности здания,оставить,оставить признаки как есть; этаж → пропуск,test
223363,Daire,182000.0,90.0,2+1,4,2,İstanbul/Sancaktepe/Mevlana,TRY,182000.0,False,False,False,False,False,True,False,False,False,Этаж выше этажности здания,оставить,оставить признаки как есть; этаж → пропуск,train
9183,Daire,180000.0,12.0,5+1,Kot 3,4,Aydın/Nazilli/Zafer,TRY,180000.0,False,False,True,False,False,False,False,False,False,Площадь ниже 15 м²,оставить,площадь → пропуск,train
106377,Prefabrik Ev,180000.0,,+,,2,Ankara/Çankaya/Kızılay,TRY,180000.0,False,False,False,False,False,False,True,False,False,Комнаты не разобраны,оставить,оставить признаки как есть,train
122345,Daire,180000.0,10.0,2+1,Kot 2,5,İstanbul/Avcılar/Üniversite,TRY,180000.0,False,False,True,False,False,False,False,False,False,Площадь ниже 15 м²,оставить,площадь → пропуск,train
201495,Daire,180000.0,,3+1,3,2,Ankara/Mamak/General Zeki Doğan,TRY,180000.0,False,False,False,False,False,True,False,False,False,Этаж выше этажности здания,оставить,оставить признаки как есть; этаж → пропуск,train
220211,Daire,180000.0,1.0,3+1,4,10-20 arası,Samsun/İlkadım/Kışla,TRY,180000.0,False,False,True,False,False,False,False,False,False,Площадь ниже 15 м²,оставить,площадь → пропуск,train
220288,Daire,180000.0,1.0,3+1,4,10-20 arası,Samsun/İlkadım/Kışla,TRY,180000.0,False,False,True,False,False,False,False,False,False,Площадь ниже 15 м²,оставить,площадь → пропуск,train
220436,Daire,180000.0,1.0,3+1,4,10-20 arası,Samsun/İlkadım/Kışla,TRY,180000.0,False,False,True,False,False,False,False,False,False,Площадь ниже 15 м²,оставить,площадь → пропуск,train
222869,Daire,180000.0,85.0,2+1,4,2,İstanbul/Esenyurt/Yenikent,TRY,180000.0,False,False,False,False,False,True,False,False,False,Этаж выше этажности здания,оставить,оставить признаки как есть; этаж → пропуск,train
238278,Daire,180000.0,85.0,2+1,4,3,İstanbul/Esenyurt/Yenikent,TRY,180000.0,False,False,False,False,False,True,False,False,False,Этаж выше этажности здания,оставить,оставить признаки как есть; этаж → пропуск,train
241187,Daire,180000.0,,1+1,5,2,Yalova/Çınarcık/Teşvikiye Bld. (İstiklal),TRY,180000.0,False,False,False,False,False,True,False,False,False,Этаж выше этажности здания,оставить,оставить признаки как есть; этаж → пропуск,train
244243,Daire,180000.0,,1+1,5,2,Yalova/Çınarcık/Teşvikiye Bld. (İstiklal),TRY,180000.0,False,False,False,False,False,True,False,False,False,Этаж выше этажности здания,оставить,оставить признаки как есть; этаж → пропуск,train
251185,Daire,180000.0,130.0,3+1,5,1,Yalova/Çiftlikköy/Mehmet Akif Ersoy,TRY,180000.0,False,False,False,False,False,True,False,False,False,Этаж выше этажности здания,оставить,оставить признаки как есть; этаж → пропуск,train
378046,Komple Bina,180000.0,130.0,+,,,Aydın/Söke/Bağarası,TRY,180000.0,False,False,False,False,False,False,True,False,False,Комнаты не разобраны,оставить,оставить признаки как есть,train
378258,Komple Bina,180000.0,130.0,+,,,Aydın/Söke/Bağarası,TRY,180000.0,False,False,False,False,False,False,True,False,False,Комнаты не разобраны,оставить,оставить признаки как есть,train
378524,Komple Bina,180000.0,130.0,+,,,Aydın/Söke/Bağarası,TRY,180000.0,False,False,False,False,False,False,True,False,False,Комнаты не разобраны,оставить,оставить признаки как есть,train
382026,Komple Bina,180000.0,130.0,+,,,Aydın/Söke/Bağarası,TRY,180000.0,False,False,False,False,False,False,True,False,False,Комнаты не разобраны,оставить,оставить признаки как есть,train
382644,Komple Bina,180000.0,130.0,+,,,Aydın/Söke/Bağarası,TRY,180000.0,False,False,False,False,False,False,True,False,False,Комнаты не разобраны,оставить,оставить признаки как есть,train
385430,Komple Bina,180000.0,130.0,+,,,Aydın/Söke/Bağarası,TRY,180000.0,False,False,False,False,False,False,True,False,False,Комнаты не разобраны,оставить,оставить признаки как есть,train
389980,Müstakil Ev,180000.0,,+,,,Kırklareli/Babaeski/Alpullu Bld. (Yeni),TRY,180000.0,False,False,False,False,False,False,True,False,False,Комнаты не разобраны,оставить,оставить признаки как есть,train
390104,Komple Bina,180000.0,130.0,+,,,Aydın/Söke/Bağarası,TRY,180000.0,False,False,False,False,False,False,True,False,False,Комнаты не разобраны,оставить,оставить признаки как есть,train
391111,Daire,180000.0,,+,,,Kocaeli/İzmit/Alikahya Atatürk,TRY,180000.0,False,False,False,False,False,False,True,False,False,Комнаты не разобраны,оставить,оставить признаки как есть,validation
391398,Komple Bina,180000.0,130.0,+,,,Aydın/Söke/Bağarası,TRY,180000.0,False,False,False,False,False,False,True,False,False,Комнаты не разобраны,оставить,оставить признаки как есть,train
391655,Komple Bina,180000.0,130.0,+,,,Aydın/Söke/Bağarası,TRY,180000.0,False,False,False,False,False,False,True,False,False,Комнаты не разобраны,оставить,оставить признаки как есть,train
394395,Komple Bina,180000.0,130.0,+,,,Aydın/Söke/Bağarası,TRY,180000.0,False,False,False,False,False,False,True,False,False,Комнаты не разобраны,оставить,оставить признаки как есть,train
395316,Komple Bina,180000.0,130.0,+,,,Aydın/Söke/Bağarası,TRY,180000.0,False,False,False,False,False,False,True,False,False,Комнаты не разобраны,оставить,оставить признаки как есть,train
397087,Daire,180000.0,,+,,,Samsun/İlkadım/Adalet,TRY,180000.0,False,False,False,False,False,False,True,False,False,Комнаты не разобраны,оставить,оставить признаки как есть,train
397184,Komple Bina,180000.0,130.0,+,,,Aydın/Söke/Bağarası,TRY,180000.0,False,False,False,False,False,False,True,False,False,Комнаты не разобраны,оставить,оставить признаки как есть,train
397217,Komple Bina,180000.0,130.0,+,,,Aydın/Söke/Bağarası,TRY,180000.0,False,False,False,False,False,False,True,False,False,Комнаты не разобраны,оставить,оставить признаки как есть,train
398086,Komple Bina,180000.0,130.0,+,,,Aydın/Söke/Bağarası,TRY,180000.0,False,False,False,False,False,False,True,False,False,Комнаты не разобраны,оставить,оставить признаки как есть,train
400494,Komple Bina,180000.0,130.0,+,,,Aydın/Söke/Bağarası,TRY,180000.0,False,False,False,False,False,False,True,False,False,Комнаты не разобраны,оставить,оставить признаки как есть,train
400516,Komple Bina,180000.0,130.0,+,,,Aydın/Söke/Bağarası,TRY,180000.0,False,False,False,False,False,False,True,False,False,Комнаты не разобраны,оставить,оставить признаки как есть,train
401997,Komple Bina,180000.0,130.0,+,,,Aydın/Söke/Bağarası,TRY,180000.0,False,False,False,False,False,False,True,False,False,Комнаты не разобраны,оставить,оставить признаки как есть,train
260298,Daire,179000.0,,2+1,7,4,İstanbul/Beylikdüzü/Cumhuriyet,TRY,179000.0,False,False,False,False,False,True,False,False,False,Этаж выше этажности здания,оставить,оставить признаки как есть; этаж → пропуск,train
260908,Daire,179000.0,60.0,1+1,8,7,Manisa/Yunusemre/Güzelyurt,TRY,179000.0,False,False,False,False,False,True,False,False,False,Этаж выше этажности здания,оставить,оставить признаки как есть; этаж → пропуск,train
261820,Daire,179000.0,60.0,1+1,8,7,Manisa/Yunusemre/Güzelyurt,TRY,179000.0,False,False,False,False,False,True,False,False,False,Этаж выше этажности здания,оставить,оставить признаки как есть; этаж → пропуск,train
61255,Daire,178000.0,85.0,2+1,2,1,Aydın/Didim/Efeler,TRY,178000.0,False,False,False,False,False,True,False,False,False,Этаж выше этажности здания,оставить,оставить признаки как есть; этаж → пропуск,validation
78721,Daire,178000.0,,2+1,3,1,Aydın/Didim/Efeler,TRY,178000.0,False,False,False,False,False,True,False,False,False,Этаж выше этажности здания,оставить,оставить признаки как есть; этаж → пропуск,train
114541,Daire,178000.0,10.0,2+1,,5,İstanbul/Bağcılar/Çınar,TRY,178000.0,False,False,True,False,False,False,False,False,False,Площадь ниже 15 м²,оставить,площадь → пропуск,test
199520,Daire,178000.0,115.0,3+1,3,2,Kocaeli/Kartepe/Ertuğrul Gazi,TRY,178000.0,False,False,False,False,False,True,False,False,False,Этаж выше этажности здания,оставить,оставить признаки как есть; этаж → пропуск,train
291228,Daire,178000.0,10.0,2+1,2,6,İstanbul/Bağcılar/Merkez,TRY,178000.0,False,False,True,False,False,False,False,False,False,Площадь ниже 15 м²,оставить,площадь → пропуск,train
380319,Daire,178000.0,80.0,2+1,2,1,Eskişehir/Tepebaşı/Batıkent,TRY,178000.0,False,False,False,False,False,True,False,False,False,Этаж выше этажности здания,оставить,оставить признаки как есть; этаж → пропуск,train
233837,Daire,177000.0,115.0,3+1,4,3,Eskişehir/Tepebaşı/Ömerağa,TRY,177000.0,False,False,False,False,False,True,False,False,False,Этаж выше этажности здания,оставить,оставить признаки как есть; этаж → пропуск,train
3905,Daire,176267.86,63.0,10+0,17,7,Ankara/Elmadağ/Hasanoğlan Havuzbaşı,USD,33511.0,False,False,False,False,False,True,False,False,False,Этаж выше этажности здания,оставить,оставить признаки как есть; этаж → пропуск,train
61191,Daire,175000.0,,1+1,2,1,Aydın/Didim/Akbük,TRY,175000.0,False,False,False,False,False,True,False,False,False,Этаж выше этажности здания,оставить,оставить признаки как есть; этаж → пропуск,train
61204,Daire,175000.0,,1+1,2,1,Aydın/Didim/Akbük,TRY,175000.0,False,False,False,False,False,True,False,False,False,Этаж выше этажности здания,оставить,оставить признаки как есть; этаж → пропуск,train
61247,Daire,175000.0,,1+1,2,1,Aydın/Didim/Akbük,TRY,175000.0,False,False,False,False,False,True,False,False,False,Этаж выше этажности здания,оставить,оставить признаки как есть; этаж → пропуск,train
61288,Daire,175000.0,,1+1,2,1,Aydın/Didim/Akbük,TRY,175000.0,False,False,False,False,False,True,False,False,False,Этаж выше этажности здания,оставить,оставить признаки как есть; этаж → пропуск,train
82362,Daire,175000.0,90.0,2+1,3,1,Antalya/Kepez/Emek,TRY,175000.0,False,False,False,False,False,True,False,False,False,Этаж выше этажности здания,оставить,оставить признаки как есть; этаж → пропуск,train
107795,Komple Bina,175000.0,,+,,3,Trabzon/Ortahisar/Fatih,TRY,175000.0,False,False,False,False,False,False,True,False,False,Комнаты не разобраны,оставить,оставить признаки как есть,train
194778,Daire,175000.0,,2+1,3,1,İstanbul/Beylikdüzü/Cumhuriyet,TRY,175000.0,False,False,False,False,False,True,False,False,False,Этаж выше этажности здания,оставить,оставить признаки как есть; этаж → пропуск,train
251222,Daire,175000.0,80.0,3+1,5,3,Erzurum/Yakutiye/Ömer Nasuhi Bilmen,TRY,175000.0,False,False,False,False,False,True,False,False,False,Этаж выше этажности здания,оставить,оставить признаки как есть; этаж → пропуск,train
299311,Daire,175000.0,,3+1,10,4,Kayseri/Kocasinan/Erkilet Osman Gazi,TRY,175000.0,False,False,False,False,False,True,False,False,False,Этаж выше этажности здания,оставить,оставить признаки как есть; этаж → пропуск,train
302251,Daire,175000.0,46.0,1+1,11,4,İstanbul/Esenyurt/Yeşilkent,TRY,175000.0,False,False,False,False,False,True,False,False,False,Этаж выше этажности здания,оставить,оставить признаки как есть; этаж → пропуск,test
303807,Daire,175000.0,,3+1,10,4,Kayseri/Kocasinan/Erkilet Osman Gazi,TRY,175000.0,False,False,False,False,False,True,False,False,False,Этаж выше этажности здания,оставить,оставить признаки как есть; этаж → пропуск,train
371099,Müstakil Ev,175000.0,1.0,4+1,,2,Sakarya/Karasu/Taşlıgeçit,TRY,175000.0,False,False,True,False,False,False,False,False,False,Площадь ниже 15 м²,оставить,площадь → пропуск,test
380350,Komple Bina,175000.0,,+,,,Aydın/Yenipazar/Yeni,TRY,175000.0,False,False,False,False,False,False,True,False,False,Комнаты не разобраны,оставить,оставить признаки как есть,test
383206,Daire,175000.0,,+,,,İzmir/Karşıyaka/Tuna,TRY,175000.0,False,False,False,False,False,False,True,False,False,Комнаты не разобраны,оставить,оставить признаки как есть,train
403232,Çiftlik Evi,175000.0,,+,,,Kayseri/İncesu/Sultansazı OSB,TRY,175000.0,False,False,False,False,False,False,True,False,False,Комнаты не разобраны,оставить,оставить признаки как есть,train
338529,Daire,174000.0,75.0,1+1,3,2,Balıkesir/Edremit/Akçay,TRY,174000.0,False,False,False,False,False,True,False,False,False,Этаж выше этажности здания,оставить,оставить признаки как есть; этаж → пропуск,train
231800,Daire,173000.0,,2+1,4,2,Bolu/Merkez/Sağlık,TRY,173000.0,False,False,False,False,False,True,False,False,False,Этаж выше этажности здания,оставить,оставить признаки как есть; этаж → пропуск,train
380367,Daire,173000.0,110.0,2+1,2,1,Adana/Sarıçam/Gültepe,TRY,173000.0,False,False,False,False,False,True,False,False,False,Этаж выше этажности здания,оставить,оставить признаки как есть; этаж → пропуск,train
256592,Daire,172000.0,,3+1,6,3,İzmir/Torbalı/Muratbey,TRY,172000.0,False,False,False,False,False,True,False,False,False,Этаж выше этажности здания,оставить,оставить признаки как есть; этаж → пропуск,train
229672,Daire,171000.0,112.0,2+1,4,2,Konya/Karatay/Hasandedemescit,TRY,171000.0,False,False,False,False,False,True,False,False,False,Этаж выше этажности здания,оставить,оставить признаки как есть; этаж → пропуск,train
6633,Daire,170000.0,110.0,3+1,3,2,Ankara/Altındağ/Beşikkaya,TRY,170000.0,False,False,False,False,False,True,False,False,False,Этаж выше этажности здания,оставить,оставить признаки как есть; этаж → пропуск,test
8055,Daire,170000.0,145.0,2+1,4,3,Mersin/Erdemli/Alata,TRY,170000.0,False,False,False,False,False,True,False,False,False,Этаж выше этажности здания,оставить,оставить признаки как есть; этаж → пропуск,validation
8103,Daire,170000.0,145.0,2+1,4,3,Mersin/Erdemli/Alata,TRY,170000.0,False,False,False,False,False,True,False,False,False,Этаж выше этажности здания,оставить,оставить признаки как есть; этаж → пропуск,validation
94960,Daire,170000.0,90.0,2+1,14,7,Mersin/Mezitli/Akdeniz,TRY,170000.0,False,False,False,False,False,True,False,False,False,Этаж выше этажности здания,оставить,оставить признаки как есть; этаж → пропуск,train
95310,Daire,170000.0,90.0,2+1,14,7,Mersin/Mezitli/Akdeniz,TRY,170000.0,False,False,False,False,False,True,False,False,False,Этаж выше этажности здания,оставить,оставить признаки как есть; этаж → пропуск,train
110999,Daire,170000.0,,+,,4,Sakarya/Hendek/Yeni,TRY,170000.0,False,False,False,False,False,False,True,False,False,Комнаты не разобраны,оставить,оставить признаки как есть,train
117039,Daire,170000.0,1.0,2+1,Kot 1,,Kocaeli/Başiskele/Barbaros,TRY,170000.0,False,False,True,False,False,False,False,False,False,Площадь ниже 15 м²,оставить,площадь → пропуск,train
188631,Daire,170000.0,100.0,2+1,3,1,İstanbul/Beylikdüzü/Beylikdüzü OSB,TRY,170000.0,False,False,False,False,False,True,False,False,False,Этаж выше этажности здания,оставить,оставить признаки как есть; этаж → пропуск,train
193468,Daire,170000.0,125.0,3+1,3,1,Ankara/Keçiören/Yayla,TRY,170000.0,False,False,False,False,False,True,False,False,False,Этаж выше этажности здания,оставить,оставить признаки как есть; этаж → пропуск,train
204209,Daire,170000.0,60.0,1+1,3,1,İstanbul/Beylikdüzü/Yakuplu,TRY,170000.0,False,False,False,False,False,True,False,False,False,Этаж выше этажности здания,оставить,оставить признаки как есть; этаж → пропуск,test
224420,Daire,170000.0,100.0,2+1,4,2,Tekirdağ/Malkara/Yeni,TRY,170000.0,False,False,False,False,False,True,False,False,False,Этаж выше этажности здания,оставить,оставить признаки как есть; этаж → пропуск,train
349315,Komple Bina,170000.0,200.0,+,,3,Samsun/Canik/Gaziosmanpaşa,TRY,170000.0,False,False,False,False,False,False,True,False,False,Комнаты не разобраны,оставить,оставить признаки как есть,test
381997,Müstakil Ev,170000.0,1.0,2+1,Müstakil,1,Aydın/Efeler/Pınardere,TRY,170000.0,False,False,True,False,False,False,False,False,False,Площадь ниже 15 м²,оставить,площадь → пропуск,train
394911,Daire,170000.0,,+,,,Manisa/Şehzadeler/Tunca,TRY,170000.0,False,False,False,False,False,False,True,False,False,Комнаты не разобраны,оставить,оставить признаки как есть,train
94493,Daire,169000.0,70.0,2+1,11,7,Adana/Çukurova/Yüzüncüyıl,TRY,169000.0,False,False,False,False,False,True,False,False,False,Этаж выше этажности здания,оставить,оставить признаки как есть; этаж → пропуск,train
95013,Daire,169000.0,70.0,2+1,11,7,Adana/Çukurova/Yüzüncüyıl,TRY,169000.0,False,False,False,False,False,True,False,False,False,Этаж выше этажности здания,оставить,оставить признаки как есть; этаж → пропуск,train
95186,Daire,169000.0,125.0,2+1,14,10,Trabzon/Ortahisar/Yenicuma,TRY,169000.0,False,False,False,False,False,True,False,False,False,Этаж выше этажности здания,оставить,оставить признаки как есть; этаж → пропуск,train
192056,Daire,169000.0,125.0,3+1,3,1,Ankara/Keçiören/Etlik,TRY,169000.0,False,False,False,False,False,True,False,False,False,Этаж выше этажности здания,оставить,оставить признаки как есть; этаж → пропуск,train
199327,Daire,169000.0,,3+1,3,2,Ankara/Keçiören/Kalaba,TRY,169000.0,False,False,False,False,False,True,False,False,False,Этаж выше этажности здания,оставить,оставить признаки как есть; этаж → пропуск,train
218215,Daire,169000.0,,3+1,3,2,Ankara/Keçiören/Kalaba,TRY,169000.0,False,False,False,False,False,True,False,False,False,Этаж выше этажности здания,оставить,оставить признаки как есть; этаж → пропуск,train
220191,Daire,169000.0,,5+1,4,3,Ankara/Etimesgut/Bağlıca,TRY,169000.0,False,False,False,False,False,True,False,False,False,Этаж выше этажности здания,оставить,оставить признаки как есть; этаж → пропуск,train
95824,Daire,168000.0,120.0,3+1,15,7,Adana/Sarıçam/Gültepe,TRY,168000.0,False,False,False,False,False,True,False,False,False,Этаж выше этажности здания,оставить,оставить признаки как есть; этаж → пропуск,train
94594,Daire,165500.0,100.0,2+1,13,10,Adana/Seyhan/2000 Evler,TRY,165500.0,False,False,False,False,False,True,False,False,False,Этаж выше этажности здания,оставить,оставить признаки как есть; этаж → пропуск,validation
3072,Daire,165000.0,,3+1,4,2,Balıkesir/Edremit/Akçay,TRY,165000.0,False,False,False,False,False,True,False,False,False,Этаж выше этажности здания,оставить,оставить признаки как есть; этаж → пропуск,test
104030,Daire,165000.0,13.0,3+1,Bahçe katı,3,Konya/Selçuklu/Sakarya,TRY,165000.0,False,False,True,False,False,False,False,False,False,Площадь ниже 15 м²,оставить,площадь → пропуск,validation
210544,Daire,165000.0,90.0,2+1,3,2,Adana/Seyhan/İsmetpaşa,TRY,165000.0,False,False,False,False,False,True,False,False,False,Этаж выше этажности здания,оставить,оставить признаки как есть; этаж → пропуск,train
214605,Daire,165000.0,115.0,3+1,3,2,Ankara/Keçiören/Ayvalı,TRY,165000.0,False,False,False,False,False,True,False,False,False,Этаж выше этажности здания,оставить,оставить признаки как есть; этаж → пропуск,train
236226,Daire,165000.0,110.0,2+1,4,2,Manisa/Turgutlu/Selvilitepe,TRY,165000.0,False,False,False,False,False,True,False,False,False,Этаж выше этажности здания,оставить,оставить признаки как есть; этаж → пропуск,validation
348651,Komple Bina,165000.0,,+,,3,Samsun/İlkadım/Selahiye,TRY,165000.0,False,False,False,False,False,False,True,False,False,Комнаты не разобраны,оставить,оставить признаки как есть,train
349635,Komple Bina,165000.0,,+,,3,Samsun/İlkadım/Selahiye,TRY,165000.0,False,False,False,False,False,False,True,False,False,Комнаты не разобраны,оставить,оставить признаки как есть,train
349845,Komple Bina,165000.0,,+,,1,Kütahya/Merkez/Evliya Çelebi,TRY,165000.0,False,False,False,False,False,False,True,False,False,Комнаты не разобраны,оставить,оставить признаки как есть,train
363823,Çiftlik Evi,165000.0,9415.0,1+1,,1,İstanbul/Bahçelievler/Fevzi Çakmak,TRY,165000.0,False,False,False,True,False,False,False,False,False,Площадь выше 3 000 м²,оставить,оставить признаки как есть,train
373106,Daire,165000.0,,2+1,3,1,Antalya/Kepez/Fevzi Çakmak,TRY,165000.0,False,False,False,False,False,True,False,False,False,Этаж выше этажности здания,оставить,оставить признаки как есть; этаж → пропуск,test
373960,Daire,165000.0,,2+1,3,1,Antalya/Kepez/Fevzi Çakmak,TRY,165000.0,False,False,False,False,False,True,False,False,False,Этаж выше этажности здания,оставить,оставить признаки как есть; этаж → пропуск,test
378284,Daire,165000.0,,+,,,İstanbul/Esenyurt/Ardıçlı,TRY,165000.0,False,False,False,False,False,False,True,False,False,Комнаты не разобраны,оставить,оставить признаки как есть,validation
378942,Villa,165000.0,,+,,,Aydın/Didim/Ak-Yeniköy,TRY,165000.0,False,False,False,False,False,False,True,False,False,Комнаты не разобраны,оставить,оставить признаки как есть,train
392682,Daire,165000.0,,+,,,İstanbul/Esenyurt/İncirtepe,TRY,165000.0,False,False,False,False,False,False,True,False,False,Комнаты не разобраны,оставить,оставить признаки как есть,train
30852,Daire,164000.0,125.0,3+1,9,6,Antalya/Kepez/Varsak Karşıyaka,TRY,164000.0,False,False,False,False,False,True,False,False,False,Этаж выше этажности здания,оставить,оставить признаки как есть; этаж → пропуск,test
348585,Komple Bina,163000.0,,+,,2,Bursa/Osmangazi/Bahar,TRY,163000.0,False,False,False,False,False,False,True,False,False,Комнаты не разобраны,оставить,оставить признаки как есть,train
349183,Komple Bina,163000.0,,+,,2,Bursa/Osmangazi/Bahar,TRY,163000.0,False,False,False,False,False,False,True,False,False,Комнаты не разобраны,оставить,оставить признаки как есть,train
250549,Daire,162000.0,85.0,2+1,5,3,Adana/Sarıçam/Gültepe,TRY,162000.0,False,False,False,False,False,True,False,False,False,Этаж выше этажности здания,оставить,оставить признаки как есть; этаж → пропуск,test
301172,Daire,162000.0,,1+0,14,4,İstanbul/Küçükçekmece/Atakent,TRY,162000.0,False,False,False,False,False,True,False,False,False,Этаж выше этажности здания,оставить,оставить признаки как есть; этаж → пропуск,test
182084,Daire,160000.0,,1+1,2,1,Balıkesir/Altıeylül/Gümüsçesme,TRY,160000.0,False,False,False,False,False,True,False,False,False,Этаж выше этажности здания,оставить,оставить признаки как есть; этаж → пропуск,train
188950,Daire,160000.0,80.0,3+1,3,2,İstanbul/Esenyurt/Balıkyolu,TRY,160000.0,False,False,False,False,False,True,False,False,False,Этаж выше этажности здания,оставить,оставить признаки как есть; этаж → пропуск,train
230369,Daire,160000.0,5.0,3+1,4,4,Bilecik/Bozüyük/Yeşilkent,TRY,160000.0,False,False,True,False,False,False,False,False,False,Площадь ниже 15 м²,оставить,площадь → пропуск,train
251242,Daire,160000.0,115.0,3+1,5,4,İstanbul/Sancaktepe/Safa,TRY,160000.0,False,False,False,False,False,True,False,False,False,Этаж выше этажности здания,оставить,оставить признаки как есть; этаж → пропуск,train
328866,Daire,160000.0,110.0,3+1,9,7,Kayseri/Melikgazi/İldem Cumhuriyet,TRY,160000.0,False,False,False,False,False,True,False,False,False,Этаж выше этажности здания,оставить,оставить признаки как есть; этаж → пропуск,train
349665,Komple Bina,160000.0,53.0,+,,3,Erzurum/Palandöken/Abdurrahman Gazi,TRY,160000.0,False,False,False,False,False,False,True,False,False,Комнаты не разобраны,оставить,оставить признаки как есть,train
381524,Daire,160000.0,85.0,+,,,Mersin/Silifke/Atakent,TRY,160000.0,False,False,False,False,False,False,True,False,False,Комнаты не разобраны,оставить,оставить признаки как есть,train
389550,Daire,160000.0,,+,,,İstanbul/Esenyurt/Süleymaniye,TRY,160000.0,False,False,False,False,False,False,True,False,False,Комнаты не разобраны,оставить,оставить признаки как есть,train
397026,Komple Bina,160000.0,165.0,+,,,Eskişehir/Tepebaşı/Yeşiltepe,TRY,160000.0,False,False,False,False,False,False,True,False,False,Комнаты не разобраны,оставить,оставить признаки как есть,test
3828,Daire,159000.0,,1+1,3,2,İzmir/Çiğli/Balatçık,TRY,159000.0,False,False,False,False,False,True,False,False,False,Этаж выше этажности здания,оставить,оставить признаки как есть; этаж → пропуск,test
235677,Daire,159000.0,,3+1,4,3,Ankara/Keçiören/Atapark,TRY,159000.0,False,False,False,False,False,True,False,False,False,Этаж выше этажности здания,оставить,оставить признаки как есть; этаж → пропуск,train
236852,Daire,159000.0,,3+1,4,3,Ankara/Keçiören/Atapark,TRY,159000.0,False,False,False,False,False,True,False,False,False,Этаж выше этажности здания,оставить,оставить признаки как есть; этаж → пропуск,train
237789,Daire,159000.0,,3+1,4,3,Ankara/Keçiören/Atapark,TRY,159000.0,False,False,False,False,False,True,False,False,False,Этаж выше этажности здания,оставить,оставить признаки как есть; этаж → пропуск,train
258825,Daire,159000.0,130.0,3+1,7,3,Ankara/Keçiören/Etlik,TRY,159000.0,False,False,False,False,False,True,False,False,False,Этаж выше этажности здания,оставить,оставить признаки как есть; этаж → пропуск,validation
370955,Daire,159000.0,90.0,2+1,10,2,Aydın/Kuşadası/Değirmendere,TRY,159000.0,False,False,False,False,False,True,False,False,False,Этаж выше этажности здания,оставить,оставить признаки как есть; этаж → пропуск,test
187311,Daire,158000.0,80.0,2+1,3,2,Afyonkarahisar/Merkez/Nazmi Saatçi,TRY,158000.0,False,False,False,False,False,True,False,False,False,Этаж выше этажности здания,оставить,оставить признаки как есть; этаж → пропуск,train
191727,Daire,158000.0,90.0,2+1,3,2,Düzce/Merkez/Fatih,TRY,158000.0,False,False,False,False,False,True,False,False,False,Этаж выше этажности здания,оставить,оставить признаки как есть; этаж → пропуск,train
191916,Daire,158000.0,80.0,2+1,3,2,Afyonkarahisar/Merkez/Nazmi Saatçi,TRY,158000.0,False,False,False,False,False,True,False,False,False,Этаж выше этажности здания,оставить,оставить признаки как есть; этаж → пропуск,train
198678,Daire,158000.0,80.0,2+1,3,2,Afyonkarahisar/Merkez/Nazmi Saatçi,TRY,158000.0,False,False,False,False,False,True,False,False,False,Этаж выше этажности здания,оставить,оставить признаки как есть; этаж → пропуск,train
212646,Daire,158000.0,80.0,2+1,3,2,Afyonkarahisar/Merkez/Nazmi Saatçi,TRY,158000.0,False,False,False,False,False,True,False,False,False,Этаж выше этажности здания,оставить,оставить признаки как есть; этаж → пропуск,train
306646,Daire,158000.0,58.0,1+1,12,2,İstanbul/Esenyurt/Cumhuriyet,TRY,158000.0,False,False,False,False,False,True,False,False,False,Этаж выше этажности здания,оставить,оставить признаки как есть; этаж → пропуск,validation
141741,Daire,157500.0,1.0,2+1,Yüksek Giriş,4,İstanbul/Sancaktepe/İnönü,TRY,157500.0,False,False,True,False,False,False,False,False,False,Площадь ниже 15 м²,оставить,площадь → пропуск,test
141944,Daire,157500.0,1.0,2+1,Yüksek Giriş,4,İstanbul/Sancaktepe/İnönü,TRY,157500.0,False,False,True,False,False,False,False,False,False,Площадь ниже 15 м²,оставить,площадь → пропуск,test
34369,Daire,157000.0,90.0,2+1,12,4,Adana/Sarıçam/Çarkıpare,TRY,157000.0,False,False,False,False,False,True,False,False,False,Этаж выше этажности здания,оставить,оставить признаки как есть; этаж → пропуск,validation
262146,Daire,157000.0,92.0,2+1,8,2,Kahramanmaraş/Onikişubat/Yunus Emre,TRY,157000.0,False,False,False,False,False,True,False,False,False,Этаж выше этажности здания,оставить,оставить признаки как есть; этаж → пропуск,train
182037,Daire,156000.0,120.0,3+1,2,1,Kayseri/Melikgazi/Hürriyet,TRY,156000.0,False,False,False,False,False,True,False,False,False,Этаж выше этажности здания,оставить,оставить признаки как есть; этаж → пропуск,train
353,Daire,155000.0,,2+1,4,1,Tekirdağ/Çorlu/Kemalettin,TRY,155000.0,False,False,False,False,False,True,False,False,False,Этаж выше этажности здания,оставить,оставить признаки как есть; этаж → пропуск,train
55541,Daire,155000.0,,2+1,3,2,Muğla/Dalaman/Bezkese,TRY,155000.0,False,False,False,False,False,True,False,False,False,Этаж выше этажности здания,оставить,оставить признаки как есть; этаж → пропуск,train
354512,Daire,155000.0,90.0,2+1,2,1,Aydın/Didim/Ak-Yeniköy,TRY,155000.0,False,False,False,False,False,True,False,False,False,Этаж выше этажности здания,оставить,оставить признаки как есть; этаж → пропуск,train
354597,Müstakil Ev,155000.0,1.0,2+1,Bahçe katı,1,Tekirdağ/Hayrabolu/Avluobası,TRY,155000.0,False,False,True,False,False,False,False,False,False,Площадь ниже 15 м²,оставить,площадь → пропуск,train
383120,Çiftlik Evi,155000.0,,+,,,Kayseri/İncesu/Sultansazı OSB,TRY,155000.0,False,False,False,False,False,False,True,False,False,Комнаты не разобраны,оставить,оставить признаки как есть,train
351686,Daire,154500.0,,2+1,4,3,Konya/Selçuklu/Mehmet Akif,TRY,154500.0,False,False,False,False,False,True,False,False,False,Этаж выше этажности здания,оставить,оставить признаки как есть; этаж → пропуск,train
255168,Daire,154000.0,115.0,3+1,6,5,İstanbul/Küçükçekmece/İnönü,TRY,154000.0,False,False,False,False,False,True,False,False,False,Этаж выше этажности здания,оставить,оставить признаки как есть; этаж → пропуск,test
201853,Daire,153000.0,114.0,2+1,3,1,Aydın/Nazilli/Aydoğdu,TRY,153000.0,False,False,False,False,False,True,False,False,False,Этаж выше этажности здания,оставить,оставить признаки как есть; этаж → пропуск,test
202327,Daire,153000.0,114.0,2+1,3,1,Aydın/Nazilli/Aydoğdu,TRY,153000.0,False,False,False,False,False,True,False,False,False,Этаж выше этажности здания,оставить,оставить признаки как есть; этаж → пропуск,test
2647,Daire,152000.0,,2+1,4,2,Antalya/Kepez/Habibler,TRY,152000.0,False,False,False,False,False,True,False,False,False,Этаж выше этажности здания,оставить,оставить признаки как есть; этаж → пропуск,train
77316,Daire,152000.0,120.0,3+1,7,6,Mersin/Akdeniz/Bahçe,TRY,152000.0,False,False,False,False,False,True,False,False,False,Этаж выше этажности здания,оставить,оставить признаки как есть; этаж → пропуск,test
78158,Daire,152000.0,75.0,2+1,3,2,Aydın/Didim/Cumhuriyet,TRY,152000.0,False,False,False,False,False,True,False,False,False,Этаж выше этажности здания,оставить,оставить признаки как есть; этаж → пропуск,train
211841,Daire,152000.0,110.0,2+1,3,1,İstanbul/Esenyurt/Bağlarçeşme,TRY,152000.0,False,False,False,False,False,True,False,False,False,Этаж выше этажности здания,оставить,оставить признаки как есть; этаж → пропуск,train
364273,Komple Bina,150044.0,23.0,+,,,Kahramanmaraş/Pazarcık/Ahmet Bozdağ,TRY,150044.0,False,False,False,False,False,False,True,False,False,Комнаты не разобраны,оставить,оставить признаки как есть,train
752,Komple Bina,150000.0,140.0,+,,4,Aydın/Didim/Çamlık,TRY,150000.0,False,False,False,False,False,False,True,False,False,Комнаты не разобраны,оставить,оставить признаки как есть,train
1272,Komple Bina,150000.0,50.0,+,,4,Aydın/Didim/Yeni,TRY,150000.0,False,False,False,False,False,False,True,False,False,Комнаты не разобраны,оставить,оставить признаки как есть,train
142519,Daire,150000.0,1.0,3+1,Yüksek Giriş,4,İstanbul/Sancaktepe/Atatürk,TRY,150000.0,False,False,True,False,False,False,False,False,False,Площадь ниже 15 м²,оставить,площадь → пропуск,train
142593,Daire,150000.0,1.0,3+1,Yüksek Giriş,4,İstanbul/Sancaktepe/Abdurrahmangazi,TRY,150000.0,False,False,True,False,False,False,False,False,False,Площадь ниже 15 м²,оставить,площадь → пропуск,train
143090,Daire,150000.0,1.0,3+1,Yüksek Giriş,4,İstanbul/Sancaktepe/Abdurrahmangazi,TRY,150000.0,False,False,True,False,False,False,False,False,False,Площадь ниже 15 м²,оставить,площадь → пропуск,train
143360,Daire,150000.0,1.0,3+1,Yüksek Giriş,4,İstanbul/Sancaktepe/Atatürk,TRY,150000.0,False,False,True,False,False,False,False,False,False,Площадь ниже 15 м²,оставить,площадь → пропуск,train
151897,Daire,150000.0,1.0,3+1,Yüksek Giriş,4,İstanbul/Sancaktepe/Atatürk,TRY,150000.0,False,False,True,False,False,False,False,False,False,Площадь ниже 15 м²,оставить,площадь → пропуск,train
153414,Daire,150000.0,1.0,3+1,Yüksek Giriş,4,İstanbul/Sancaktepe/Abdurrahmangazi,TRY,150000.0,False,False,True,False,False,False,False,False,False,Площадь ниже 15 м²,оставить,площадь → пропуск,train
153416,Daire,150000.0,1.0,3+1,Yüksek Giriş,4,İstanbul/Sancaktepe/Atatürk,TRY,150000.0,False,False,True,False,False,False,False,False,False,Площадь ниже 15 м²,оставить,площадь → пропуск,train
243417,Daire,150000.0,,2+1,5,2,Samsun/Canik/Belediye Evleri,TRY,150000.0,False,False,False,False,False,True,False,False,False,Этаж выше этажности здания,оставить,оставить признаки как есть; этаж → пропуск,train
245094,Daire,150000.0,,2+1,5,2,Samsun/Canik/Belediye Evleri,TRY,150000.0,False,False,False,False,False,True,False,False,False,Этаж выше этажности здания,оставить,оставить признаки как есть; этаж → пропуск,train
247595,Daire,150000.0,,2+1,5,2,Samsun/Canik/Belediye Evleri,TRY,150000.0,False,False,False,False,False,True,False,False,False,Этаж выше этажности здания,оставить,оставить признаки как есть; этаж → пропуск,train
294846,Daire,150000.0,82.0,1+1,15,8,İstanbul/Beylikdüzü/Cumhuriyet,TRY,150000.0,False,False,False,False,False,True,False,False,False,Этаж выше этажности здания,оставить,оставить признаки как есть; этаж → пропуск,test
341696,Daire,150000.0,45.0,1+1,4,1,Aydın/Efeler/Zafer,TRY,150000.0,False,False,False,False,False,True,False,False,False,Этаж выше этажности здания,оставить,оставить признаки как есть; этаж → пропуск,train
347211,Daire,150000.0,1.0,1+1,6,10-20 arası,Aydın/Nazilli/İsabeyli,TRY,150000.0,False,False,True,False,False,False,False,False,False,Площадь ниже 15 м²,оставить,площадь → пропуск,train
348843,Komple Bina,150000.0,,+,,2,Çanakkale/Ayvacık/Paşaköy Köyü,TRY,150000.0,False,False,False,False,False,False,True,False,False,Комнаты не разобраны,оставить,оставить признаки как есть,train
349359,Komple Bina,150000.0,144.0,+,,3,Samsun/Canik/Karşıyaka,TRY,150000.0,False,False,False,False,False,False,True,False,False,Комнаты не разобраны,оставить,оставить признаки как есть,train
378374,Daire,150000.0,,+,,,İstanbul/Bahçelievler/Hürriyet,TRY,150000.0,False,False,False,False,False,False,True,False,False,Комнаты не разобраны,оставить,оставить признаки как есть,validation
386851,Kooperatif,150000.0,45.0,1+1,5,4,Aydın/Kuşadası/Hacıfeyzullah,TRY,150000.0,False,False,False,False,False,True,False,False,False,Этаж выше этажности здания,оставить,оставить признаки как есть; этаж → пропуск,train
392286,Daire,150000.0,,+,,,Ankara/Mamak/Şirintepe,TRY,150000.0,False,False,False,False,False,False,True,False,False,Комнаты не разобраны,оставить,оставить признаки как есть,train
8067,Daire,149999.0,85.0,2+1,3,1,Eskişehir/Odunpazarı/Gökmeydan,TRY,149999.0,False,False,False,False,False,True,False,False,False,Этаж выше этажности здания,оставить,оставить признаки как есть; этаж → пропуск,validation
146284,Daire,149000.0,1.0,1+1,Yüksek Giriş,6,İstanbul/Çekmeköy/Aydınlar,TRY,149000.0,False,False,True,False,False,False,False,False,False,Площадь ниже 15 м²,оставить,площадь → пропуск,validation
147480,Daire,149000.0,1.0,1+1,Yüksek Giriş,6,İstanbul/Çekmeköy/Aydınlar,TRY,149000.0,False,False,True,False,False,False,False,False,False,Площадь ниже 15 м²,оставить,площадь → пропуск,validation
354897,Daire,149000.0,115.0,2+1,4,3,İzmir/Bergama/Fatih,TRY,149000.0,False,False,False,False,False,True,False,False,False,Этаж выше этажности здания,оставить,оставить признаки как есть; этаж → пропуск,validation
202288,Daire,147000.0,85.0,2+1,3,2,Tekirdağ/Çorlu/Nusratiye,TRY,147000.0,False,False,False,False,False,True,False,False,False,Этаж выше этажности здания,оставить,оставить признаки как есть; этаж → пропуск,test
215617,Daire,147000.0,85.0,2+1,3,2,Tekirdağ/Çorlu/Nusratiye,TRY,147000.0,False,False,False,False,False,True,False,False,False,Этаж выше этажности здания,оставить,оставить признаки как есть; этаж → пропуск,test
75639,Daire,145000.0,,+,Kot 4,4,Antalya/Kepez/Varsak Karşıyaka,TRY,145000.0,False,False,False,False,False,False,True,False,False,Комнаты не разобраны,оставить,оставить признаки как есть,train
109551,Rezidans,145000.0,72.0,1+1,9,6,İstanbul/Esenyurt/İncirtepe,TRY,145000.0,False,False,False,False,False,True,False,False,False,Этаж выше этажности здания,оставить,оставить признаки как есть; этаж → пропуск,train
111681,Komple Bina,145000.0,,+,,4,Kırklareli/Babaeski/Gazikemal,TRY,145000.0,False,False,False,False,False,False,True,False,False,Комнаты не разобраны,оставить,оставить признаки как есть,train
142963,Daire,145000.0,1.0,3+1,Yüksek Giriş,4,İstanbul/Sancaktepe/Kemal Türkler,TRY,145000.0,False,False,True,False,False,False,False,False,False,Площадь ниже 15 м²,оставить,площадь → пропуск,train
143333,Daire,145000.0,1.0,3+1,Yüksek Giriş,4,İstanbul/Sancaktepe/Kemal Türkler,TRY,145000.0,False,False,True,False,False,False,False,False,False,Площадь ниже 15 м²,оставить,площадь → пропуск,train
208056,Daire,145000.0,90.0,2+1,3,1,İstanbul/Esenyurt/Pınar,TRY,145000.0,False,False,False,False,False,True,False,False,False,Этаж выше этажности здания,оставить,оставить признаки как есть; этаж → пропуск,train
212197,Daire,145000.0,,2+1,3,2,Sakarya/Karasu/Aziziye,TRY,145000.0,False,False,False,False,False,True,False,False,False,Этаж выше этажности здания,оставить,оставить признаки как есть; этаж → пропуск,train
232374,Daire,145000.0,55.0,1+1,4,2,Balıkesir/Bandırma/Hacı Yusuf,TRY,145000.0,False,False,False,False,False,True,False,False,False,Этаж выше этажности здания,оставить,оставить признаки как есть; этаж → пропуск,validation
232906,Daire,145000.0,55.0,1+1,4,2,Balıkesir/Bandırma/Hacı Yusuf,TRY,145000.0,False,False,False,False,False,True,False,False,False,Этаж выше этажности здания,оставить,оставить признаки как есть; этаж → пропуск,validation
264823,Daire,145000.0,1.0,1+1,2,3,İstanbul/Sancaktepe/Yunus Emre,TRY,145000.0,False,False,True,False,False,False,False,False,False,Площадь ниже 15 м²,оставить,площадь → пропуск,train
265279,Daire,145000.0,1.0,1+1,2,3,İstanbul/Sancaktepe/Yunus Emre,TRY,145000.0,False,False,True,False,False,False,False,False,False,Площадь ниже 15 м²,оставить,площадь → пропуск,train
266096,Daire,145000.0,1.0,1+1,2,3,İstanbul/Sancaktepe/Yunus Emre,TRY,145000.0,False,False,True,False,False,False,False,False,False,Площадь ниже 15 м²,оставить,площадь → пропуск,train
319105,Daire,145000.0,11.0,2+1,4,8,Kocaeli/Körfez/Yavuz Sultan Selim,TRY,145000.0,False,False,True,False,False,False,False,False,False,Площадь ниже 15 м²,оставить,площадь → пропуск,train
348933,Komple Bina,145000.0,123.0,+,,2,Afyonkarahisar/Merkez/Yarenler,TRY,145000.0,False,False,False,False,False,False,True,False,False,Комнаты не разобраны,оставить,оставить признаки как есть,train
351397,Daire,145000.0,115.0,4+1,3,1,Tekirdağ/Muratlı/Muradiye,TRY,145000.0,False,False,False,False,False,True,False,False,False,Этаж выше этажности здания,оставить,оставить признаки как есть; этаж → пропуск,train
353209,Daire,145000.0,115.0,4+1,3,1,Tekirdağ/Muratlı/Muradiye,TRY,145000.0,False,False,False,False,False,True,False,False,False,Этаж выше этажности здания,оставить,оставить признаки как есть; этаж → пропуск,train
381362,Müstakil Ev,145000.0,,+,,,Muğla/Seydikemer/Kadıköy,TRY,145000.0,False,False,False,False,False,False,True,False,False,Комнаты не разобраны,оставить,оставить признаки как есть,train
325966,Daire,142000.0,150.0,3+1,11,4,Kayseri/Melikgazi/Cumhuriyet,TRY,142000.0,False,False,False,False,False,True,False,False,False,Этаж выше этажности здания,оставить,оставить признаки как есть; этаж → пропуск,test
326098,Daire,142000.0,150.0,3+1,11,4,Kayseri/Melikgazi/Cumhuriyet,TRY,142000.0,False,False,False,False,False,True,False,False,False,Этаж выше этажности здания,оставить,оставить признаки как есть; этаж → пропуск,test
328370,Daire,142000.0,150.0,3+1,11,4,Kayseri/Melikgazi/Cumhuriyet,TRY,142000.0,False,False,False,False,False,True,False,False,False,Этаж выше этажности здания,оставить,оставить признаки как есть; этаж → пропуск,test
328952,Daire,142000.0,150.0,3+1,11,4,Kayseri/Melikgazi/Cumhuriyet,TRY,142000.0,False,False,False,False,False,True,False,False,False,Этаж выше этажности здания,оставить,оставить признаки как есть; этаж → пропуск,test
240207,Daire,140000.0,,2+1,4,3,Balıkesir/Bandırma/Paşabayır,TRY,140000.0,False,False,False,False,False,True,False,False,False,Этаж выше этажности здания,оставить,оставить признаки как есть; этаж → пропуск,train
352209,Müstakil Ev,140000.0,3150.0,1+1,Müstakil,1,Malatya/Battalgazi/Hacı Abdi,TRY,140000.0,False,False,False,True,False,False,False,False,False,Площадь выше 3 000 м²,оставить,оставить признаки как есть,train
1450,Komple Bina,139000.0,99.0,+,,2,Bursa/Yıldırım/Davutkadı,TRY,139000.0,False,False,False,False,False,False,True,False,False,Комнаты не разобраны,оставить,оставить признаки как есть,validation
84806,Daire,139000.0,45.0,1+1,3,2,İzmir/Buca/Adatepe,TRY,139000.0,False,False,False,False,False,True,False,False,False,Этаж выше этажности здания,оставить,оставить признаки как есть; этаж → пропуск,validation
140083,Daire,139000.0,1.0,2+1,Yüksek Giriş,4,İstanbul/Sancaktepe/Mevlana,TRY,139000.0,False,False,True,False,False,False,False,False,False,Площадь ниже 15 м²,оставить,площадь → пропуск,train
152214,Daire,139000.0,1.0,2+1,Yüksek Giriş,4,İstanbul/Sancaktepe/Mevlana,TRY,139000.0,False,False,True,False,False,False,False,False,False,Площадь ниже 15 м²,оставить,площадь → пропуск,train
152858,Daire,139000.0,1.0,2+1,Yüksek Giriş,4,İstanbul/Sancaktepe/Mevlana,TRY,139000.0,False,False,True,False,False,False,False,False,False,Площадь ниже 15 м²,оставить,площадь → пропуск,train
244698,Daire,139000.0,,3+1,5,4,Ankara/Keçiören/Kafkas,TRY,139000.0,False,False,False,False,False,True,False,False,False,Этаж выше этажности здания,оставить,оставить признаки как есть; этаж → пропуск,train
96409,Komple Bina,137500.0,,+,,2,Tekirdağ/Çerkezköy/Veliköy,TRY,137500.0,False,False,False,False,False,False,True,False,False,Комнаты не разобраны,оставить,оставить признаки как есть,train
8600,Daire,135000.0,50.0,1+1,5,1,Denizli/Pamukkale/Bağbaşı,TRY,135000.0,False,False,False,False,False,True,False,False,False,Этаж выше этажности здания,оставить,оставить признаки как есть; этаж → пропуск,train
95041,Komple Bina,135000.0,,+,,2,Tekirdağ/Saray/Büyükyoncalı,TRY,135000.0,False,False,False,False,False,False,True,False,False,Комнаты не разобраны,оставить,оставить признаки как есть,train
108393,Daire,135000.0,82.0,1+1,9,3,İstanbul/Esenyurt/Yeşilkent,TRY,135000.0,False,False,False,False,False,True,False,False,False,Этаж выше этажности здания,оставить,оставить признаки как есть; этаж → пропуск,train
108811,Daire,135000.0,82.0,1+1,9,6,İstanbul/Esenyurt/Mehterçeşme,TRY,135000.0,False,False,False,False,False,True,False,False,False,Этаж выше этажности здания,оставить,оставить признаки как есть; этаж → пропуск,test
109781,Daire,135000.0,82.0,1+1,9,6,İstanbul/Esenyurt/Cumhuriyet,TRY,135000.0,False,False,False,False,False,True,False,False,False,Этаж выше этажности здания,оставить,оставить признаки как есть; этаж → пропуск,train
109881,Komple Bina,135000.0,,+,,2,Tekirdağ/Saray/Büyükyoncalı,TRY,135000.0,False,False,False,False,False,False,True,False,False,Комнаты не разобраны,оставить,оставить признаки как есть,train
112679,Daire,135000.0,8.0,1+1,9,3,İstanbul/Esenyurt/İnönü,TRY,135000.0,False,False,True,False,False,True,False,False,False,"Площадь ниже 15 м², Этаж выше этажности здания",оставить,площадь → пропуск; этаж → пропуск,validation
222681,Daire,135000.0,,1+1,4,2,Eskişehir/Tepebaşı/Eskibağlar,TRY,135000.0,False,False,False,False,False,True,False,False,False,Этаж выше этажности здания,оставить,оставить признаки как есть; этаж → пропуск,validation
252019,Daire,135000.0,85.0,2+1,5,3,İstanbul/Esenyurt/Mehterçeşme,TRY,135000.0,False,False,False,False,False,True,False,False,False,Этаж выше этажности здания,оставить,оставить признаки как есть; этаж → пропуск,train
371437,Daire,135000.0,1.0,3+1,8,10-20 arası,Tekirdağ/Çerkezköy/Kızılpınar,TRY,135000.0,False,False,True,False,False,False,False,False,False,Площадь ниже 15 м²,оставить,площадь → пропуск,validation
251264,Daire,134000.0,65.0,2+1,5,4,Aydın/Söke/Yenikent,TRY,134000.0,False,False,False,False,False,True,False,False,False,Этаж выше этажности здания,оставить,оставить признаки как есть; этаж → пропуск,test
182095,Daire,132000.0,45.0,1+1,2,1,Edirne/Merkez/Medrese Ali Bey,TRY,132000.0,False,False,False,False,False,True,False,False,False,Этаж выше этажности здания,оставить,оставить признаки как есть; этаж → пропуск,train
383658,Daire,132000.0,,+,,,Çanakkale/Ezine/Camikebir,TRY,132000.0,False,False,False,False,False,False,True,False,False,Комнаты не разобраны,оставить,оставить признаки как есть,validation
100412,Daire,130000.0,1.0,1+1,Bahçe katı,5,Burdur/Merkez/Bahçelievler,TRY,130000.0,False,False,True,False,False,False,False,False,False,Площадь ниже 15 м²,оставить,площадь → пропуск,train
100578,Daire,130000.0,1.0,1+1,Bahçe katı,5,Burdur/Merkez/Bahçelievler,TRY,130000.0,False,False,True,False,False,False,False,False,False,Площадь ниже 15 м²,оставить,площадь → пропуск,train
106661,Daire,130000.0,,+,,,İstanbul/Esenyurt/İnönü,TRY,130000.0,False,False,False,False,False,False,True,False,False,Комнаты не разобраны,оставить,оставить признаки как есть,train
108989,Komple Bina,130000.0,,+,,2,Kocaeli/Körfez/Kuzey,TRY,130000.0,False,False,False,False,False,False,True,False,False,Комнаты не разобраны,оставить,оставить признаки как есть,train
110242,Daire,130000.0,8.0,2+1,Bahçe katı,4,İstanbul/Beylikdüzü/Cumhuriyet,TRY,130000.0,False,False,True,False,False,False,False,False,False,Площадь ниже 15 м²,оставить,площадь → пропуск,train
112151,Komple Bina,130000.0,130.0,+,,2,Kocaeli/Körfez/Kuzey,TRY,130000.0,False,False,False,False,False,False,True,False,False,Комнаты не разобраны,оставить,оставить признаки как есть,train
230285,Daire,130000.0,105.0,3+1,4,2,Ankara/Sincan/Pınarbaşı,TRY,130000.0,False,False,False,False,False,True,False,False,False,Этаж выше этажности здания,оставить,оставить признаки как есть; этаж → пропуск,train
308976,Daire,130000.0,60.0,2+1,4,2,Edirne/Merkez/Barutluk,TRY,130000.0,False,False,False,False,False,True,False,False,False,Этаж выше этажности здания,оставить,оставить признаки как есть; этаж → пропуск,train
348581,Komple Bina,130000.0,,+,,3,Amasya/Merkez/Üçler,TRY,130000.0,False,False,False,False,False,False,True,False,False,Комнаты не разобраны,оставить,оставить признаки как есть,train
349679,Komple Bina,130000.0,110.0,+,,2,Konya/Akşehir/Meydan,TRY,130000.0,False,False,False,False,False,False,True,False,False,Комнаты не разобраны,оставить,оставить признаки как есть,test
349793,Komple Bina,130000.0,,+,,2,Aydın/Efeler/Osman Yozgatlı,TRY,130000.0,False,False,False,False,False,False,True,False,False,Комнаты не разобраны,оставить,оставить признаки как есть,test
349903,Komple Bina,130000.0,,+,,3,Amasya/Merkez/Üçler,TRY,130000.0,False,False,False,False,False,False,True,False,False,Комнаты не разобраны,оставить,оставить признаки как есть,train
349915,Komple Bina,130000.0,110.0,+,,2,Konya/Akşehir/Meydan,TRY,130000.0,False,False,False,False,False,False,True,False,False,Комнаты не разобраны,оставить,оставить признаки как есть,test
350155,Komple Bina,130000.0,,+,,2,Aydın/Efeler/Osman Yozgatlı,TRY,130000.0,False,False,False,False,False,False,True,False,False,Комнаты не разобраны,оставить,оставить признаки как есть,test
380796,Komple Bina,130000.0,160.0,+,,2,Ordu/Fatsa/Sakarya,TRY,130000.0,False,False,False,False,False,False,True,False,False,Комнаты не разобраны,оставить,оставить признаки как есть,validation
380956,Komple Bina,130000.0,160.0,+,,2,Ordu/Fatsa/Sakarya,TRY,130000.0,False,False,False,False,False,False,True,False,False,Комнаты не разобраны,оставить,оставить признаки как есть,validation
381484,Komple Bina,130000.0,160.0,+,,2,Ordu/Fatsa/Sakarya,TRY,130000.0,False,False,False,False,False,False,True,False,False,Комнаты не разобраны,оставить,оставить признаки как есть,validation
392221,Komple Bina,130000.0,160.0,+,,2,Ordu/Fatsa/Sakarya,TRY,130000.0,False,False,False,False,False,False,True,False,False,Комнаты не разобраны,оставить,оставить признаки как есть,validation
393955,Komple Bina,130000.0,160.0,+,,2,Ordu/Fatsa/Sakarya,TRY,130000.0,False,False,False,False,False,False,True,False,False,Комнаты не разобраны,оставить,оставить признаки как есть,validation
394963,Komple Bina,130000.0,,+,,,Muğla/Kavaklıdere/Menteşe,TRY,130000.0,False,False,False,False,False,False,True,False,False,Комнаты не разобраны,оставить,оставить признаки как есть,train
61257,Daire,129000.0,60.0,1+1,2,1,Aydın/Didim/Efeler,TRY,129000.0,False,False,False,False,False,True,False,False,False,Этаж выше этажности здания,оставить,оставить признаки как есть; этаж → пропуск,train
41452,Daire,128000.0,70.0,2+1,3,2,Antalya/Kepez/Teomanpaşa,TRY,128000.0,False,False,False,False,False,True,False,False,False,Этаж выше этажности здания,оставить,оставить признаки как есть; этаж → пропуск,train
153651,Daire,128000.0,1.0,2+1,Çatı Katı,3,Kocaeli/Başiskele/Körfez,TRY,128000.0,False,False,True,False,False,False,False,False,False,Площадь ниже 15 м²,оставить,площадь → пропуск,train
154258,Daire,128000.0,1.0,2+1,Çatı Katı,3,Kocaeli/Başiskele/Körfez,TRY,128000.0,False,False,True,False,False,False,False,False,False,Площадь ниже 15 м²,оставить,площадь → пропуск,train
387148,Daire,128000.0,,+,,,İstanbul/Beylikdüzü/Cumhuriyet,TRY,128000.0,False,False,False,False,False,False,True,False,False,Комнаты не разобраны,оставить,оставить признаки как есть,validation
347414,Daire,126500.0,,3+1,15,1,Kayseri/Melikgazi/Mimarsinanşirintepe,TRY,126500.0,False,False,False,False,False,True,False,False,False,Этаж выше этажности здания,оставить,оставить признаки как есть; этаж → пропуск,validation
349786,Daire,126500.0,100.0,2+1,5,1,Trabzon/Of/Sulaklı,TRY,126500.0,False,False,False,False,False,True,False,False,False,Этаж выше этажности здания,оставить,оставить признаки как есть; этаж → пропуск,train
7045,Daire,125000.0,1.0,2+1,Giriş Katı,3,Konya/Selçuklu/Ferhuniye,TRY,125000.0,False,False,True,False,False,False,False,False,False,Площадь ниже 15 м²,оставить,площадь → пропуск,test
7823,Daire,125000.0,1.0,2+1,Giriş Katı,3,Konya/Selçuklu/Ferhuniye,TRY,125000.0,False,False,True,False,False,False,False,False,False,Площадь ниже 15 м²,оставить,площадь → пропуск,test
14556,Daire,125000.0,1.0,2+1,Giriş Katı,3,Konya/Selçuklu/Ferhuniye,TRY,125000.0,False,False,True,False,False,False,False,False,False,Площадь ниже 15 м²,оставить,площадь → пропуск,test
52590,Daire,125000.0,50.0,1+1,4,3,Aydın/Kuşadası/Davutlar,TRY,125000.0,False,False,False,False,False,True,False,False,False,Этаж выше этажности здания,оставить,оставить признаки как есть; этаж → пропуск,train
136919,Daire,125000.0,10.0,3+1,Giriş Katı,2,Ankara/Keçiören/İncirli,TRY,125000.0,False,False,True,False,False,False,False,False,False,Площадь ниже 15 м²,оставить,площадь → пропуск,test
182072,Daire,125000.0,90.0,1+1,2,1,İstanbul/Esenyurt/Gökevler,TRY,125000.0,False,False,False,False,False,True,False,False,False,Этаж выше этажности здания,оставить,оставить признаки как есть; этаж → пропуск,train
254507,Daire,125000.0,100.0,2+1,6,2,İstanbul/Esenyurt/Örnek,TRY,125000.0,False,False,False,False,False,True,False,False,False,Этаж выше этажности здания,оставить,оставить признаки как есть; этаж → пропуск,train
255551,Daire,125000.0,100.0,2+1,6,2,İstanbul/Esenyurt/Örnek,TRY,125000.0,False,False,False,False,False,True,False,False,False,Этаж выше этажности здания,оставить,оставить признаки как есть; этаж → пропуск,train
255702,Daire,125000.0,100.0,2+1,6,2,İstanbul/Esenyurt/Örnek,TRY,125000.0,False,False,False,False,False,True,False,False,False,Этаж выше этажности здания,оставить,оставить признаки как есть; этаж → пропуск,train
309805,Daire,125000.0,109.0,4+1,5,4,Ankara/Altındağ/Baraj,TRY,125000.0,False,False,False,False,False,True,False,False,False,Этаж выше этажности здания,оставить,оставить признаки как есть; этаж → пропуск,train
320630,Daire,125000.0,109.0,4+1,5,4,Ankara/Altındağ/Baraj,TRY,125000.0,False,False,False,False,False,True,False,False,False,Этаж выше этажности здания,оставить,оставить признаки как есть; этаж → пропуск,train
324037,Daire,125000.0,109.0,4+1,5,4,Ankara/Altındağ/Baraj,TRY,125000.0,False,False,False,False,False,True,False,False,False,Этаж выше этажности здания,оставить,оставить признаки как есть; этаж → пропуск,train
355078,Daire,125000.0,11.0,3+1,5,6,Malatya/Battalgazi/Hacı Abdi,TRY,125000.0,False,False,True,False,False,False,False,False,False,Площадь ниже 15 м²,оставить,площадь → пропуск,train
380346,Komple Bina,125000.0,,+,,,Erzurum/Palandöken/Abdurrahman Gazi,TRY,125000.0,False,False,False,False,False,False,True,False,False,Комнаты не разобраны,оставить,оставить признаки как есть,train
388421,Daire,125000.0,3.0,3+1,4,4,Antalya/Kepez/Varsak Karşıyaka,TRY,125000.0,False,False,True,False,False,False,False,False,False,Площадь ниже 15 м²,оставить,площадь → пропуск,train
219704,Daire,123000.0,,1+1,4,2,Konya/Selçuklu/Kosova,TRY,123000.0,False,False,False,False,False,True,False,False,False,Этаж выше этажности здания,оставить,оставить признаки как есть; этаж → пропуск,train
220482,Daire,123000.0,,1+1,4,2,Konya/Selçuklu/Kosova,TRY,123000.0,False,False,False,False,False,True,False,False,False,Этаж выше этажности здания,оставить,оставить признаки как есть; этаж → пропуск,train
221031,Daire,123000.0,,1+1,4,2,Konya/Selçuklu/Kosova,TRY,123000.0,False,False,False,False,False,True,False,False,False,Этаж выше этажности здания,оставить,оставить признаки как есть; этаж → пропуск,train
238285,Daire,123000.0,,1+1,4,2,Konya/Selçuklu/Kosova,TRY,123000.0,False,False,False,False,False,True,False,False,False,Этаж выше этажности здания,оставить,оставить признаки как есть; этаж → пропуск,train
238401,Daire,123000.0,,1+1,4,2,Konya/Selçuklu/Kosova,TRY,123000.0,False,False,False,False,False,True,False,False,False,Этаж выше этажности здания,оставить,оставить признаки как есть; этаж → пропуск,train
391216,Daire,123000.0,,+,,,İzmir/Karşıyaka/Nergiz,TRY,123000.0,False,False,False,False,False,False,True,False,False,Комнаты не разобраны,оставить,оставить признаки как есть,train
369660,Rezidans,122222.0,71981.0,6+2,16,6,Ankara/Elmadağ/Hasanoğlan Fatih,TRY,122222.0,False,False,False,True,False,True,False,False,False,"Площадь выше 3 000 м², Этаж выше этажности здания",оставить,площадь → пропуск; этаж → пропуск,train
28194,Komple Bina,120000.0,,+,,4,Mersin/Yenişehir/Afetevler,TRY,120000.0,False,False,False,False,False,False,True,False,False,Комнаты не разобраны,оставить,оставить признаки как есть,validation
151454,Daire,120000.0,1.0,3+1,Yüksek Giriş,4,Kocaeli/Körfez/İlimtepe,TRY,120000.0,False,False,True,False,False,False,False,False,False,Площадь ниже 15 м²,оставить,площадь → пропуск,train
203047,Daire,120000.0,55.0,1+1,3,2,Eskişehir/Tepebaşı/Ertuğrulgazi,TRY,120000.0,False,False,False,False,False,True,False,False,False,Этаж выше этажности здания,оставить,оставить признаки как есть; этаж → пропуск,train
262016,Daire,120000.0,,2+1,8,5,Samsun/Atakum/Büyükoyumca,TRY,120000.0,False,False,False,False,False,True,False,False,False,Этаж выше этажности здания,оставить,оставить признаки как есть; этаж → пропуск,validation
335404,Daire,120000.0,,2+1,5,3,Afyonkarahisar/Merkez/Erenler,TRY,120000.0,False,False,False,False,False,True,False,False,False,Этаж выше этажности здания,оставить,оставить признаки как есть; этаж → пропуск,validation
232281,Daire,119000.0,,3+1,4,3,Ankara/Sincan/Plevne,TRY,119000.0,False,False,False,False,False,True,False,False,False,Этаж выше этажности здания,оставить,оставить признаки как есть; этаж → пропуск,train
221708,Daire,117000.0,,1+1,4,3,Denizli/Pamukkale/Topraklık,TRY,117000.0,False,False,False,False,False,True,False,False,False,Этаж выше этажности здания,оставить,оставить признаки как есть; этаж → пропуск,train
108655,Daire,115000.0,52.0,1+1,9,5,Aydın/Nazilli/Cumhuriyet,TRY,115000.0,False,False,False,False,False,True,False,False,False,Этаж выше этажности здания,оставить,оставить признаки как есть; этаж → пропуск,train
245042,Daire,115000.0,55.0,1+1,5,2,Balıkesir/Bandırma/Paşabayır,TRY,115000.0,False,False,False,False,False,True,False,False,False,Этаж выше этажности здания,оставить,оставить признаки как есть; этаж → пропуск,test
299985,Daire,115000.0,84.0,2+1,10,5,Ankara/Etimesgut/Yapracık,TRY,115000.0,False,False,False,False,False,True,False,False,False,Этаж выше этажности здания,оставить,оставить признаки как есть; этаж → пропуск,train
338682,Daire,115000.0,52.0,1+1,4,3,Bartın/Merkez/Kemer Köprü,TRY,115000.0,False,False,False,False,False,True,False,False,False,Этаж выше этажности здания,оставить,оставить признаки как есть; этаж → пропуск,train
381763,Yazlık,115000.0,55.0,1+1,3,2,Sakarya/Karasu/Aziziye,TRY,115000.0,False,False,False,False,False,True,False,False,False,Этаж выше этажности здания,оставить,оставить признаки как есть; этаж → пропуск,train
135520,Daire,113000.0,8.0,2+1,Giriş Katı,4,Tekirdağ/Kapaklı/Cumhuriyet,TRY,113000.0,False,False,True,False,False,False,False,False,False,Площадь ниже 15 м²,оставить,площадь → пропуск,train
253896,Daire,112000.0,,2+1,6,4,İstanbul/Beylikdüzü/Cumhuriyet,TRY,112000.0,False,False,False,False,False,True,False,False,False,Этаж выше этажности здания,оставить,оставить признаки как есть; этаж → пропуск,train
384154,Villa,111111.0,,+,,,Muğla/Bodrum/Gündoğan,TRY,111111.0,False,False,False,False,False,False,True,False,False,Комнаты не разобраны,оставить,оставить признаки как есть,test
694,Komple Bina,110000.0,150.0,+,,2,Kocaeli/Kartepe/Suadiye,TRY,110000.0,False,False,False,False,False,False,True,False,False,Комнаты не разобраны,оставить,оставить признаки как есть,test
1694,Komple Bina,110000.0,150.0,+,,2,Kocaeli/Kartepe/Suadiye,TRY,110000.0,False,False,False,False,False,False,True,False,False,Комнаты не разобраны,оставить,оставить признаки как есть,test
10991,Daire,110000.0,,1+1,7,5,Rize/Merkez/Tophane,TRY,110000.0,False,False,False,False,False,True,False,False,False,Этаж выше этажности здания,оставить,оставить признаки как есть; этаж → пропуск,test
110891,Komple Bina,110000.0,,+,,2,Bursa/Gemlik/Dr. Ziya Kaya,TRY,110000.0,False,False,False,False,False,False,True,False,False,Комнаты не разобраны,оставить,оставить признаки как есть,train
239588,Daire,110000.0,99.0,2+1,4,1,Sakarya/Serdivan/Kemalpaşa,TRY,110000.0,False,False,False,False,False,True,False,False,False,Этаж выше этажности здания,оставить,оставить признаки как есть; этаж → пропуск,validation
61217,Daire,109000.0,50.0,1+1,2,1,Aydın/Kuşadası/Davutlar,TRY,109000.0,False,False,False,False,False,True,False,False,False,Этаж выше этажности здания,оставить,оставить признаки как есть; этаж → пропуск,train
255954,Rezidans,108000.0,60.0,2+1,6,5,Gaziantep/Şehitkamil/Güvenevler,TRY,108000.0,False,False,False,False,False,True,False,False,False,Этаж выше этажности здания,оставить,оставить признаки как есть; этаж → пропуск,train
392226,Daire,107500.0,,+,,,İstanbul/Arnavutköy/Çilingir,TRY,107500.0,False,False,False,False,False,False,True,False,False,Комнаты не разобраны,оставить,оставить признаки как есть,test
222107,Daire,107000.0,,2+1,4,2,Tekirdağ/Çorlu/Kemalettin,TRY,107000.0,False,False,False,False,False,True,False,False,False,Этаж выше этажности здания,оставить,оставить признаки как есть; этаж → пропуск,train
248451,Daire,107000.0,,2+1,5,3,Nevşehir/Merkez/Cevher Dudayev,TRY,107000.0,False,False,False,False,False,True,False,False,False,Этаж выше этажности здания,оставить,оставить признаки как есть; этаж → пропуск,test
360329,Daire,107000.0,1.0,1+1,2,3,Aydın/Efeler/Zafer,TRY,107000.0,False,False,True,False,False,False,False,False,False,Площадь ниже 15 м²,оставить,площадь → пропуск,train
52826,Daire,105000.0,150.0,3+1,6,5,Antalya/Kepez/Şelale,TRY,105000.0,False,False,False,False,False,True,False,False,False,Этаж выше этажности здания,оставить,оставить признаки как есть; этаж → пропуск,train
97735,Prefabrik Ev,105000.0,,+,,2,Ankara/Çankaya/Kızılay,TRY,105000.0,False,False,False,False,False,False,True,False,False,Комнаты не разобраны,оставить,оставить признаки как есть,train
361747,Daire,105000.0,48.0,1+1,3,2,Denizli/Pamukkale/İncilipınar,TRY,105000.0,False,False,False,False,False,True,False,False,False,Этаж выше этажности здания,оставить,оставить признаки как есть; этаж → пропуск,train
94005,Prefabrik Ev,100000.0,100.0,+,,2,Kayseri/Melikgazi/Becen,TRY,100000.0,False,False,False,False,False,False,True,False,False,Комнаты не разобраны,оставить,оставить признаки как есть,test
95734,Daire,100000.0,1.0,1+0,15,8,İstanbul/Başakşehir/Başak,TRY,100000.0,False,False,True,False,False,True,False,False,False,"Площадь ниже 15 м², Этаж выше этажности здания",оставить,площадь → пропуск; этаж → пропуск,validation
109853,Köşk / Konak / Yalı,100000.0,4030.0,10+0,,4,İstanbul/Sarıyer/Rumeli Hisarı,TRY,100000.0,False,False,False,True,False,False,False,False,False,Площадь выше 3 000 м²,оставить,оставить признаки как есть,train
216178,Daire,100000.0,45.0,1+1,3,1,Kütahya/Merkez/Gaybiefendi,TRY,100000.0,False,False,False,False,False,True,False,False,False,Этаж выше этажности здания,оставить,оставить признаки как есть; этаж → пропуск,train
350295,Komple Bina,100000.0,,+,,1,Çanakkale/Ayvacık/Ahmetçe Köyü,TRY,100000.0,False,False,False,False,False,False,True,False,False,Комнаты не разобраны,оставить,оставить признаки как есть,validation
377634,Daire,100000.0,,+,,,Aydın/Efeler/Güzelhisar,TRY,100000.0,False,False,False,False,False,False,True,False,False,Комнаты не разобраны,оставить,оставить признаки как есть,train
381318,Daire,100000.0,,+,,,Adana/Çukurova/Toros,TRY,100000.0,False,False,False,False,False,False,True,False,False,Комнаты не разобраны,оставить,оставить признаки как есть,train
385934,Çiftlik Evi,100000.0,,+,,,Kayseri/İncesu/Bahçelievler,TRY,100000.0,False,False,False,False,False,False,True,False,False,Комнаты не разобраны,оставить,оставить признаки как есть,test
385952,Komple Bina,100000.0,,+,,,İstanbul/Silivri/Piri Mehmet Paşa,TRY,100000.0,False,False,False,False,False,False,True,False,False,Комнаты не разобраны,оставить,оставить признаки как есть,train
401391,Köşk / Konak / Yalı,100000.0,9000.0,3+1,,,İzmir/Çiğli/Balatçık,TRY,100000.0,False,False,False,True,False,False,False,False,False,Площадь выше 3 000 м²,оставить,оставить признаки как есть,train
155733,Daire,99000.0,1.0,1+1,1,3,Burdur/Merkez/Emek,TRY,99000.0,False,False,True,False,False,False,False,False,False,Площадь ниже 15 м²,оставить,площадь → пропуск,train
352984,Daire,99000.0,140000.0,3+1,2,10,Trabzon/Akçaabat/Nefsipulathane,TRY,99000.0,False,False,False,True,True,False,False,False,False,"Площадь выше 3 000 м², Площадь выше 100 000 м²",оставить,площадь → пропуск,train
17656,Daire,97722.0,452189.0,9+5,Komple,8,İstanbul/Güngören/Gençosman,TRY,97722.0,False,False,False,True,True,False,False,False,False,"Площадь выше 3 000 м², Площадь выше 100 000 м²",оставить,площадь → пропуск,train
350317,Komple Bina,95100.0,328.0,+,,3,Çorum/Oğuzlar/Ağaççamı Köyü,TRY,95100.0,False,False,False,False,False,False,True,False,False,Комнаты не разобраны,оставить,оставить признаки как есть,train
213335,Daire,95000.0,115.0,3+1,3,1,Düzce/Merkez/Güzelbahçe,TRY,95000.0,False,False,False,False,False,True,False,False,False,Этаж выше этажности здания,оставить,оставить признаки как есть; этаж → пропуск,train
246363,Daire,95000.0,,1+1,5,3,Amasya/Merzifon/Sofular,TRY,95000.0,False,False,False,False,False,True,False,False,False,Этаж выше этажности здания,оставить,оставить признаки как есть; этаж → пропуск,train
338910,Daire,94500.0,,2+1,12,4,Kayseri/Melikgazi/İldem Cumhuriyet,TRY,94500.0,False,False,False,False,False,True,False,False,False,Этаж выше этажности здания,оставить,оставить признаки как есть; этаж → пропуск,train
349523,Komple Bina,92000.0,109.0,+,,2,Kütahya/Merkez/Börekçiler,TRY,92000.0,False,False,False,False,False,False,True,False,False,Комнаты не разобраны,оставить,оставить признаки как есть,test
401782,Daire,92000.0,,+,,,Konya/Akşehir/Seyran,TRY,92000.0,False,False,False,False,False,False,True,False,False,Комнаты не разобраны,оставить,оставить признаки как есть,test
249098,Daire,91000.0,58.0,1+1,5,3,Aydın/Efeler/Ortaköy,TRY,91000.0,False,False,False,False,False,True,False,False,False,Этаж выше этажности здания,оставить,оставить признаки как есть; этаж → пропуск,train
17640,Çiftlik Evi,90000.0,3850.0,1+1,,1,Konya/Akşehir/Kozağaç,TRY,90000.0,False,False,False,True,False,False,False,False,False,Площадь выше 3 000 м²,оставить,оставить признаки как есть,train
134869,Daire,90000.0,1.0,3+1,Giriş Katı,4,Ankara/Altındağ/Beşikkaya,TRY,90000.0,False,False,True,False,False,False,False,False,False,Площадь ниже 15 м²,оставить,площадь → пропуск,train
239932,Daire,90000.0,115.0,3+1,4,1,Düzce/Merkez/Esentepe,TRY,90000.0,False,False,False,False,False,True,False,False,False,Этаж выше этажности здания,оставить,оставить признаки как есть; этаж → пропуск,test
348457,Komple Bina,90000.0,300.0,+,,1,İzmir/Karaburun/Hasseki,TRY,90000.0,False,False,False,False,False,False,True,False,False,Комнаты не разобраны,оставить,оставить признаки как есть,train
350389,Komple Bina,90000.0,300.0,+,,1,İzmir/Karaburun/Hasseki,TRY,90000.0,False,False,False,False,False,False,True,False,False,Комнаты не разобраны,оставить,оставить признаки как есть,train
97527,Prefabrik Ev,88000.0,110.0,+,,2,Ankara/Çankaya/Kültür,TRY,88000.0,False,False,False,False,False,False,True,False,False,Комнаты не разобраны,оставить,оставить признаки как есть,train
341722,Daire,88000.0,,2+1,5,1,Bursa/Yıldırım/Emirsultan,TRY,88000.0,False,False,False,False,False,True,False,False,False,Этаж выше этажности здания,оставить,оставить признаки как есть; этаж → пропуск,train
342991,Daire,88000.0,,2+1,5,1,Bursa/Yıldırım/Emirsultan,TRY,88000.0,False,False,False,False,False,True,False,False,False,Этаж выше этажности здания,оставить,оставить признаки как есть; этаж → пропуск,train
196043,Daire,81000.0,90.0,2+1,3,1,İstanbul/Avcılar/Cihangir,TRY,81000.0,False,False,False,False,False,True,False,False,False,Этаж выше этажности здания,оставить,оставить признаки как есть; этаж → пропуск,train
1138,Prefabrik Ev,80000.0,,+,,1,Çanakkale/Ayvacık/Ahmetçe Köyü,TRY,80000.0,False,False,False,False,False,False,True,False,False,Комнаты не разобраны,оставить,оставить признаки как есть,validation
182045,Daire,80000.0,,1+1,2,1,Sakarya/Karasu/Aziziye,TRY,80000.0,False,False,False,False,False,True,False,False,False,Этаж выше этажности здания,оставить,оставить признаки как есть; этаж → пропуск,train
298481,Daire,79000.0,98.0,3+1,9,7,Ankara/Etimesgut/Yukarıyurtçu,TRY,79000.0,False,False,False,False,False,True,False,False,False,Этаж выше этажности здания,оставить,оставить признаки как есть; этаж → пропуск,test
3031,Daire,78000.0,40.0,1+1,15,10,Adana/Sarıçam/Gültepe,TRY,78000.0,False,False,False,False,False,True,False,False,False,Этаж выше этажности здания,оставить,оставить признаки как есть; этаж → пропуск,train
190358,Daire,77000.0,75.0,2+1,3,1,Sakarya/Karasu/Yalı,TRY,77000.0,False,False,False,False,False,True,False,False,False,Этаж выше этажности здания,оставить,оставить признаки как есть; этаж → пропуск,train
191637,Daire,77000.0,75.0,2+1,3,1,Sakarya/Karasu/Yalı,TRY,77000.0,False,False,False,False,False,True,False,False,False,Этаж выше этажности здания,оставить,оставить признаки как есть; этаж → пропуск,train
401029,Daire,75000.0,8239.0,1+0,,,Düzce/Merkez/Karadere Hasanağa Köyü,TRY,75000.0,False,False,False,True,False,False,False,False,False,Площадь выше 3 000 м²,оставить,площадь → пропуск,train
306,Daire,74222.0,363679.0,8+3,Kot 2,3,İstanbul/Güngören/Mehmet Nesih Özmen,TRY,74222.0,False,False,False,True,True,False,False,False,False,"Площадь выше 3 000 м², Площадь выше 100 000 м²",оставить,площадь → пропуск,train
388446,Çiftlik Evi,73000.0,,+,,,Kayseri/İncesu/Vali İhsan Aras,TRY,73000.0,False,False,False,False,False,False,True,False,False,Комнаты не разобраны,оставить,оставить признаки как есть,train
91881,Villa,70000.0,1.0,3+1,,1,Kayseri/Kocasinan/Fatih,TRY,70000.0,False,False,True,False,False,False,False,False,False,Площадь ниже 15 м²,оставить,площадь → пропуск,train
182115,Yazlık,70000.0,,1+1,2,1,Sakarya/Karasu/Aziziye,TRY,70000.0,False,False,False,False,False,True,False,False,False,Этаж выше этажности здания,оставить,оставить признаки как есть; этаж → пропуск,train
363989,Prefabrik Ev,70000.0,,+,,1,Sakarya/Geyve/Çamlık,TRY,70000.0,False,False,False,False,False,False,True,False,False,Комнаты не разобраны,оставить,оставить признаки как есть,test
364133,Prefabrik Ev,70000.0,90.0,+,,,Kayseri/Kocasinan/Fevzi Çakmak,TRY,70000.0,False,False,False,False,False,False,True,False,False,Комнаты не разобраны,оставить,оставить признаки как есть,test
810,Komple Bina,69000.0,,+,,1,Çanakkale/Ayvacık/Paşaköy Köyü,TRY,69000.0,False,False,False,False,False,False,True,False,False,Комнаты не разобраны,оставить,оставить признаки как есть,train
349221,Komple Bina,65000.0,114.0,+,,2,Afyonkarahisar/Şuhut/Atlıhisar Köyü,TRY,65000.0,False,False,False,False,False,False,True,False,False,Комнаты не разобраны,оставить,оставить признаки как есть,train
387274,Müstakil Ev,65000.0,,+,,,Aydın/Didim/Ak-Yeniköy,TRY,65000.0,False,False,False,False,False,False,True,False,False,Комнаты не разобраны,оставить,оставить признаки как есть,train
342872,Daire,60000.0,95.0,2+1,2,1,Kars/Merkez/Cumhuriyet,TRY,60000.0,False,False,False,False,False,True,False,False,False,Этаж выше этажности здания,оставить,оставить признаки как есть; этаж → пропуск,train
342910,Daire,60000.0,90.0,2+1,2,1,Çanakkale/Merkez/Cevat Paşa,TRY,60000.0,False,False,False,False,False,True,False,False,False,Этаж выше этажности здания,оставить,оставить признаки как есть; этаж → пропуск,test
349817,Komple Bina,60000.0,,+,,2,Antalya/Elmalı/Göltarla,TRY,60000.0,False,False,False,False,False,False,True,False,False,Комнаты не разобраны,оставить,оставить признаки как есть,validation
388144,Daire,60000.0,10000.0,2+1,,,Mersin/Erdemli/Akdeniz,TRY,60000.0,False,False,False,True,False,False,False,False,False,Площадь выше 3 000 м²,оставить,площадь → пропуск,train
377888,Yazlık,59000.0,,+,,,Muğla/Milas/Çamköy,TRY,59000.0,False,False,False,False,False,False,True,False,False,Комнаты не разобраны,оставить,оставить признаки как есть,validation
367930,Daire,54622.0,197254.0,4+2,13,10,İstanbul/Sarıyer/Kısırkaya,TRY,54622.0,False,False,False,True,True,True,False,False,False,"Площадь выше 3 000 м², Площадь выше 100 000 м², Этаж выше этажности здания",оставить,площадь → пропуск; этаж → пропуск,validation
1468,Prefabrik Ev,52750.0,76.0,+,,1,İstanbul/Pendik/Kaynarca,TRY,52750.0,False,False,False,False,False,False,True,False,False,Комнаты не разобраны,оставить,оставить признаки как есть,train
342860,Daire,50000.0,95.0,2+1,2,1,Kayseri/Melikgazi/Cumhuriyet,TRY,50000.0,False,False,False,False,False,True,False,False,False,Этаж выше этажности здания,оставить,оставить признаки как есть; этаж → пропуск,train
342892,Daire,50000.0,90.0,2+1,2,1,Elazığ/Merkez/Çarşı,TRY,50000.0,False,False,False,False,False,True,False,False,False,Этаж выше этажности здания,оставить,оставить признаки как есть; этаж → пропуск,train
342956,Daire,50000.0,90.0,2+1,2,1,Karaman/Merkez/Atatürk,TRY,50000.0,False,False,False,False,False,True,False,False,False,Этаж выше этажности здания,оставить,оставить признаки как есть; этаж → пропуск,test
342981,Daire,50000.0,95.0,2+1,2,1,Amasya/Merkez/Beyazıtpaşa,TRY,50000.0,False,False,False,False,False,True,False,False,False,Этаж выше этажности здания,оставить,оставить признаки как есть; этаж → пропуск,train
368034,Daire,50000.0,,2+1,4,2,Manisa/Şehzadeler/1. Anafartalar,TRY,50000.0,False,False,False,False,False,True,False,False,False,Этаж выше этажности здания,оставить,оставить признаки как есть; этаж → пропуск,train
33066,Rezidans,48522.0,598805.0,5+3,20 ve üzeri,9,İstanbul/Güngören/Mehmet Nesih Özmen,TRY,48522.0,False,False,False,True,True,False,False,False,False,"Площадь выше 3 000 м², Площадь выше 100 000 м²",оставить,площадь → пропуск,train
348774,Daire,48000.0,55.0,1+1,3,2,Osmaniye/Merkez/Rahime Hatun,TRY,48000.0,False,False,False,False,False,True,False,False,False,Этаж выше этажности здания,оставить,оставить признаки как есть; этаж → пропуск,train
354394,Daire,48000.0,55.0,1+1,3,2,Osmaniye/Merkez/Rahime Hatun,TRY,48000.0,False,False,False,False,False,True,False,False,False,Этаж выше этажности здания,оставить,оставить признаки как есть; этаж → пропуск,train
329017,Daire,45922.0,688463.0,1+0,17,2,Ankara/Elmadağ/Kayadibi,TRY,45922.0,False,False,False,True,True,True,False,False,False,"Площадь выше 3 000 м², Площадь выше 100 000 м², Этаж выше этажности здания",оставить,площадь → пропуск; этаж → пропуск,train
380329,Daire,39000.0,85.0,2+1,2,1,Şanlıurfa/Hilvan/Bahçelievler,TRY,39000.0,False,False,False,False,False,True,False,False,False,Этаж выше этажности здания,оставить,оставить признаки как есть; этаж → пропуск,test
370479,Daire,35522.0,615139.0,6+3,11,2,İstanbul/Güngören/Akıncılar,TRY,35522.0,False,False,False,True,True,True,False,False,False,"Площадь выше 3 000 м², Площадь выше 100 000 м², Этаж выше этажности здания",оставить,площадь → пропуск; этаж → пропуск,train
1856,Prefabrik Ev,34000.0,,+,,1,Kayseri/Melikgazi/Anbar,TRY,34000.0,False,False,False,False,False,False,True,False,False,Комнаты не разобраны,оставить,оставить признаки как есть,train
363787,Prefabrik Ev,33000.0,,+,,1,Antalya/Kepez/Habibler,TRY,33000.0,False,False,False,False,False,False,True,False,False,Комнаты не разобраны,оставить,оставить признаки как есть,train
399445,Çiftlik Evi,25000.0,,+,,,Nevşehir/Ürgüp/Aksalur Salur,TRY,25000.0,False,False,False,False,False,False,True,False,False,Комнаты не разобраны,оставить,оставить признаки как есть,train
385644,Çiftlik Evi,23000.0,,+,,,Nevşehir/Ürgüp/Aksalur Salur,TRY,23000.0,False,False,False,False,False,False,True,False,False,Комнаты не разобраны,оставить,оставить признаки как есть,train
393699,Çiftlik Evi,23000.0,,+,,,Nevşehir/Ürgüp/Aksalur Salur,TRY,23000.0,False,False,False,False,False,False,True,False,False,Комнаты не разобраны,оставить,оставить признаки как есть,train
363935,Prefabrik Ev,22500.0,,+,,,Sakarya/Hendek/Kemaliye,TRY,22500.0,False,False,False,False,False,False,True,False,False,Комнаты не разобраны,оставить,оставить признаки как есть,train
363889,Prefabrik Ev,20000.0,,+,,1,Antalya/Kepez/Habibler,TRY,20000.0,False,False,False,False,False,False,True,False,False,Комнаты не разобраны,оставить,оставить признаки как есть,train
90755,Komple Bina,19000.0,,+,,7,İstanbul/Ümraniye/Çamlık,TRY,19000.0,False,False,False,False,False,False,True,False,False,Комнаты не разобраны,оставить,оставить признаки как есть,train
376986,Daire,19000.0,,+,,,İstanbul/Esenyurt/İncirtepe,TRY,19000.0,False,False,False,False,False,False,True,False,False,Комнаты не разобраны,оставить,оставить признаки как есть,train
373582,Daire,17000.0,11580.0,1+1,Kot 3,,Afyonkarahisar/İhsaniye/Yaylabağı Bld. (Esentepe),TRY,17000.0,False,False,False,True,False,False,False,False,False,Площадь выше 3 000 м²,оставить,площадь → пропуск,train
391495,Daire,17000.0,,+,,,Ankara/Keçiören/Ovacık,TRY,17000.0,False,False,False,False,False,False,True,False,False,Комнаты не разобраны,оставить,оставить признаки как есть,train
399459,Daire,17000.0,14000.0,1+0,,,Ankara/Akyurt/Atatürk,TRY,17000.0,False,False,False,True,False,False,False,False,False,Площадь выше 3 000 м²,оставить,площадь → пропуск,train
592,Prefabrik Ev,12500.0,,+,,1,Antalya/Kepez/Habibler,TRY,12500.0,False,False,False,False,False,False,True,False,False,Комнаты не разобраны,оставить,оставить признаки как есть,train
373442,Villa,11123.0,,6+1,5,4,İzmir/Bornova/Barbaros,TRY,11123.0,False,False,False,False,False,True,False,False,False,Этаж выше этажности здания,оставить,оставить признаки как есть; этаж → пропуск,train
1506,Komple Bina,10000.0,450.0,+,,3,Antalya/Muratpaşa/Çağlayan,TRY,10000.0,False,False,False,False,False,False,True,False,False,Комнаты не разобраны,оставить,оставить признаки как есть,train
386136,Prefabrik Ev,10000.0,14.0,1+1,,,Antalya/Serik/Yumaklar,TRY,10000.0,False,False,True,False,False,False,False,False,False,Площадь ниже 15 м²,оставить,площадь → пропуск,test
380924,Prefabrik Ev,9999.0,9.0,1+0,,,Antalya/Korkuteli/Uzunoluk,TRY,9999.0,False,False,True,False,False,False,False,False,False,Площадь ниже 15 м²,оставить,площадь → пропуск,train
402383,Prefabrik Ev,8250.0,14.0,1+0,,,Antalya/Kepez/Habibler,TRY,8250.0,False,False,True,False,False,False,False,False,False,Площадь ниже 15 м²,оставить,площадь → пропуск,train
385108,Prefabrik Ev,8000.0,14.0,1+1,,,Burdur/Merkez/Burç,TRY,8000.0,False,False,True,False,False,False,False,False,False,Площадь ниже 15 м²,оставить,площадь → пропуск,train
761,Müstakil Ev,7000.0,3.0,1+1,Bahçe katı,1,Kocaeli/Kandıra/Çarşı,TRY,7000.0,False,False,True,False,False,False,False,False,False,Площадь ниже 15 м²,оставить,площадь → пропуск,test
384912,Prefabrik Ev,5500.0,8.0,1+0,,,Antalya/Kemer/Kuzdere,TRY,5500.0,False,False,True,False,False,False,False,False,False,Площадь ниже 15 м²,оставить,площадь → пропуск,validation
390849,Köşk / Konak / Yalı,5250.0,,+,,,İstanbul/Kadıköy/Fenerbahçe,TRY,5250.0,False,False,False,False,False,False,True,False,False,Комнаты не разобраны,оставить,оставить признаки как есть,train
2486,Daire,2850.0,2.0,1+0,Müstakil,1,İstanbul/Kartal/Topselvi,TRY,2850.0,False,False,True,False,False,False,False,False,False,Площадь ниже 15 м²,оставить,площадь → пропуск,test
391469,Prefabrik Ev,2550.0,1.0,1+1,,,İstanbul/Çatalca/Kaleiçi,TRY,2550.0,False,False,True,False,False,False,False,False,False,Площадь ниже 15 м²,оставить,площадь → пропуск,validation
393228,Daire,1250.0,,+,,,Mersin/Erdemli/Alata,TRY,1250.0,False,False,False,False,False,False,True,False,False,Комнаты не разобраны,оставить,оставить признаки как есть,train
387546,Daire,1000.0,,+,,,Yozgat/Merkez/Medrese,TRY,1000.0,False,False,False,False,False,False,True,False,False,Комнаты не разобраны,оставить,оставить признаки как есть,train
